# Blender 5.2.0 LTS
# www.blender.org
mtllib iPhone_Assembly.mtl
o 1_TitaniumFrame
v -0.035020 -0.003900 0.073020
v -0.035020 -0.003120 0.073800
v -0.035800 -0.003120 0.073020
v -0.035020 -0.003841 0.073318
v -0.035020 -0.003672 0.073572
v -0.035318 -0.003841 0.073020
v -0.035326 -0.003769 0.073326
v -0.035310 -0.003632 0.073532
v -0.035470 -0.003570 0.073470
v -0.035318 -0.003120 0.073741
v -0.035572 -0.003120 0.073572
v -0.035020 -0.003418 0.073741
v -0.035326 -0.003426 0.073669
v -0.035532 -0.003410 0.073532
v -0.035741 -0.003418 0.073020
v -0.035572 -0.003672 0.073020
v -0.035741 -0.003120 0.073318
v -0.035669 -0.003426 0.073326
v -0.035532 -0.003632 0.073310
v -0.035020 0.003120 0.073800
v -0.035020 0.003900 0.073020
v -0.035800 0.003120 0.073020
v -0.035020 0.003418 0.073741
v -0.035020 0.003672 0.073572
v -0.035318 0.003120 0.073741
v -0.035326 0.003426 0.073669
v -0.035310 0.003632 0.073532
v -0.035470 0.003570 0.073470
v -0.035318 0.003841 0.073020
v -0.035572 0.003672 0.073020
v -0.035020 0.003841 0.073318
v -0.035326 0.003769 0.073326
v -0.035532 0.003632 0.073310
v -0.035741 0.003120 0.073318
v -0.035572 0.003120 0.073572
v -0.035741 0.003418 0.073020
v -0.035669 0.003426 0.073326
v -0.035532 0.003410 0.073532
v -0.035020 -0.003900 -0.073020
v -0.035800 -0.003120 -0.073020
v -0.035020 -0.003120 -0.073800
v -0.035318 -0.003841 -0.073020
v -0.035572 -0.003672 -0.073020
v -0.035020 -0.003841 -0.073318
v -0.035326 -0.003769 -0.073326
v -0.035532 -0.003632 -0.073310
v -0.035470 -0.003570 -0.073470
v -0.035741 -0.003120 -0.073318
v -0.035572 -0.003120 -0.073572
v -0.035741 -0.003418 -0.073020
v -0.035669 -0.003426 -0.073326
v -0.035532 -0.003410 -0.073532
v -0.035020 -0.003418 -0.073741
v -0.035020 -0.003672 -0.073572
v -0.035318 -0.003120 -0.073741
v -0.035326 -0.003426 -0.073669
v -0.035310 -0.003632 -0.073532
v -0.035020 0.003900 -0.073020
v -0.035020 0.003120 -0.073800
v -0.035800 0.003120 -0.073020
v -0.035020 0.003841 -0.073318
v -0.035020 0.003672 -0.073572
v -0.035318 0.003841 -0.073020
v -0.035326 0.003769 -0.073326
v -0.035310 0.003632 -0.073532
v -0.035470 0.003570 -0.073470
v -0.035318 0.003120 -0.073741
v -0.035572 0.003120 -0.073572
v -0.035020 0.003418 -0.073741
v -0.035326 0.003426 -0.073669
v -0.035532 0.003410 -0.073532
v -0.035741 0.003418 -0.073020
v -0.035572 0.003672 -0.073020
v -0.035741 0.003120 -0.073318
v -0.035669 0.003426 -0.073326
v -0.035532 0.003632 -0.073310
v 0.035020 -0.003900 0.073020
v 0.035800 -0.003120 0.073020
v 0.035020 -0.003120 0.073800
v 0.035318 -0.003841 0.073020
v 0.035572 -0.003672 0.073020
v 0.035020 -0.003841 0.073318
v 0.035326 -0.003769 0.073326
v 0.035532 -0.003632 0.073310
v 0.035470 -0.003570 0.073470
v 0.035741 -0.003120 0.073318
v 0.035572 -0.003120 0.073572
v 0.035741 -0.003418 0.073020
v 0.035669 -0.003426 0.073326
v 0.035532 -0.003410 0.073532
v 0.035020 -0.003418 0.073741
v 0.035020 -0.003672 0.073572
v 0.035318 -0.003120 0.073741
v 0.035326 -0.003426 0.073669
v 0.035310 -0.003632 0.073532
v 0.035020 0.003900 0.073020
v 0.035020 0.003120 0.073800
v 0.035800 0.003120 0.073020
v 0.035020 0.003841 0.073318
v 0.035020 0.003672 0.073572
v 0.035318 0.003841 0.073020
v 0.035326 0.003769 0.073326
v 0.035310 0.003632 0.073532
v 0.035470 0.003570 0.073470
v 0.035318 0.003120 0.073741
v 0.035572 0.003120 0.073572
v 0.035020 0.003418 0.073741
v 0.035326 0.003426 0.073669
v 0.035532 0.003410 0.073532
v 0.035741 0.003418 0.073020
v 0.035572 0.003672 0.073020
v 0.035741 0.003120 0.073318
v 0.035669 0.003426 0.073326
v 0.035532 0.003632 0.073310
v 0.035020 -0.003900 -0.073020
v 0.035020 -0.003120 -0.073800
v 0.035800 -0.003120 -0.073020
v 0.035020 -0.003841 -0.073318
v 0.035020 -0.003672 -0.073572
v 0.035318 -0.003841 -0.073020
v 0.035326 -0.003769 -0.073326
v 0.035310 -0.003632 -0.073532
v 0.035470 -0.003570 -0.073470
v 0.035318 -0.003120 -0.073741
v 0.035572 -0.003120 -0.073572
v 0.035020 -0.003418 -0.073741
v 0.035326 -0.003426 -0.073669
v 0.035532 -0.003410 -0.073532
v 0.035741 -0.003418 -0.073020
v 0.035572 -0.003672 -0.073020
v 0.035741 -0.003120 -0.073318
v 0.035669 -0.003426 -0.073326
v 0.035532 -0.003632 -0.073310
v 0.035020 0.003900 -0.073020
v 0.035800 0.003120 -0.073020
v 0.035020 0.003120 -0.073800
v 0.035318 0.003841 -0.073020
v 0.035572 0.003672 -0.073020
v 0.035020 0.003841 -0.073318
v 0.035326 0.003769 -0.073326
v 0.035532 0.003632 -0.073310
v 0.035470 0.003570 -0.073470
v 0.035741 0.003120 -0.073318
v 0.035572 0.003120 -0.073572
v 0.035741 0.003418 -0.073020
v 0.035669 0.003426 -0.073326
v 0.035532 0.003410 -0.073532
v 0.035020 0.003418 -0.073741
v 0.035020 0.003672 -0.073572
v 0.035318 0.003120 -0.073741
v 0.035326 0.003426 -0.073669
v 0.035310 0.003632 -0.073532
vn -0.2049 -0.9571 0.2049
vn -0.1818 -0.8152 0.5499
vn -0.5500 -0.8152 0.1818
vn -0.4931 -0.7167 0.4931
vn -0.2049 -0.2050 0.9571
vn -0.5500 -0.1819 0.8152
vn -0.1818 -0.5500 0.8152
vn -0.4931 -0.4931 0.7167
vn -0.9571 -0.2049 0.2049
vn -0.8152 -0.5499 0.1818
vn -0.8152 -0.1818 0.5500
vn -0.7167 -0.4931 0.4931
vn -0.2049 0.2050 0.9571
vn -0.1818 0.5499 0.8152
vn -0.5500 0.1818 0.8152
vn -0.4931 0.4931 0.7167
vn -0.2049 0.9571 0.2049
vn -0.5500 0.8152 0.1818
vn -0.1818 0.8152 0.5499
vn -0.4931 0.7167 0.4931
vn -0.9571 0.2049 0.2049
vn -0.8152 0.1818 0.5500
vn -0.8152 0.5499 0.1818
vn -0.7167 0.4931 0.4931
vn -0.2049 -0.9571 -0.2049
vn -0.5500 -0.8152 -0.1818
vn -0.1818 -0.8152 -0.5499
vn -0.4931 -0.7167 -0.4931
vn -0.9571 -0.2049 -0.2049
vn -0.8152 -0.1818 -0.5500
vn -0.8152 -0.5499 -0.1818
vn -0.7167 -0.4931 -0.4931
vn -0.2049 -0.2050 -0.9571
vn -0.1818 -0.5499 -0.8152
vn -0.5500 -0.1818 -0.8152
vn -0.4931 -0.4931 -0.7167
vn -0.2049 0.9571 -0.2049
vn -0.1818 0.8152 -0.5499
vn -0.5500 0.8152 -0.1818
vn -0.4931 0.7167 -0.4931
vn -0.2049 0.2050 -0.9571
vn -0.5500 0.1819 -0.8152
vn -0.1818 0.5500 -0.8152
vn -0.4931 0.4931 -0.7167
vn -0.9571 0.2049 -0.2049
vn -0.8152 0.5499 -0.1818
vn -0.8152 0.1818 -0.5500
vn -0.7167 0.4931 -0.4931
vn 0.2049 -0.9571 0.2049
vn 0.5500 -0.8152 0.1818
vn 0.1818 -0.8152 0.5499
vn 0.4931 -0.7167 0.4931
vn 0.9571 -0.2049 0.2049
vn 0.8152 -0.1818 0.5500
vn 0.8152 -0.5499 0.1818
vn 0.7167 -0.4931 0.4931
vn 0.2049 -0.2050 0.9571
vn 0.1818 -0.5499 0.8152
vn 0.5500 -0.1818 0.8152
vn 0.4931 -0.4931 0.7167
vn 0.2049 0.9571 0.2049
vn 0.1818 0.8152 0.5499
vn 0.5500 0.8152 0.1818
vn 0.4931 0.7167 0.4931
vn 0.2049 0.2050 0.9571
vn 0.5500 0.1819 0.8152
vn 0.1818 0.5500 0.8152
vn 0.4931 0.4931 0.7167
vn 0.9571 0.2049 0.2049
vn 0.8152 0.5499 0.1818
vn 0.8152 0.1818 0.5500
vn 0.7167 0.4931 0.4931
vn 0.2049 -0.9571 -0.2049
vn 0.1818 -0.8152 -0.5499
vn 0.5500 -0.8152 -0.1818
vn 0.4931 -0.7167 -0.4931
vn 0.2049 -0.2050 -0.9571
vn 0.5500 -0.1819 -0.8152
vn 0.1818 -0.5500 -0.8152
vn 0.4931 -0.4931 -0.7167
vn 0.9571 -0.2049 -0.2049
vn 0.8152 -0.5499 -0.1818
vn 0.8152 -0.1818 -0.5500
vn 0.7167 -0.4931 -0.4931
vn 0.2049 0.9571 -0.2049
vn 0.5500 0.8152 -0.1818
vn 0.1818 0.8152 -0.5499
vn 0.4931 0.7167 -0.4931
vn 0.9571 0.2049 -0.2049
vn 0.8152 0.1818 -0.5500
vn 0.8152 0.5499 -0.1818
vn 0.7167 0.4931 -0.4931
vn 0.2049 0.2050 -0.9571
vn 0.1818 0.5499 -0.8152
vn 0.5500 0.1818 -0.8152
vn 0.4931 0.4931 -0.7167
vn -0.1951 -0.9808 -0.0000
vn -0.5556 -0.8315 -0.0000
vn -0.8315 -0.5556 -0.0000
vn -0.9808 -0.1951 -0.0000
vn -0.1951 -0.0000 0.9808
vn -0.5556 -0.0000 0.8315
vn -0.8315 -0.0000 0.5556
vn -0.9808 -0.0000 0.1951
vn -0.1951 0.9808 -0.0000
vn -0.5556 0.8315 -0.0000
vn -0.8315 0.5556 -0.0000
vn -0.9808 0.1951 -0.0000
vn -0.1951 -0.0000 -0.9808
vn -0.5556 -0.0000 -0.8315
vn -0.8315 -0.0000 -0.5556
vn -0.9808 -0.0000 -0.1951
vn -0.0000 -0.9808 -0.1951
vn -0.0000 -0.8315 -0.5556
vn -0.0000 -0.5556 -0.8315
vn -0.0000 -0.1951 -0.9808
vn -0.0000 0.9808 -0.1951
vn -0.0000 0.8315 -0.5556
vn -0.0000 0.5556 -0.8315
vn -0.0000 0.1951 -0.9808
vn 0.9808 -0.0000 -0.1951
vn 0.8315 -0.0000 -0.5556
vn 0.5556 -0.0000 -0.8315
vn 0.1951 -0.0000 -0.9808
vn 0.1951 -0.9808 -0.0000
vn 0.5556 -0.8315 -0.0000
vn 0.8315 -0.5556 -0.0000
vn 0.9808 -0.1951 -0.0000
vn 0.1951 0.9808 -0.0000
vn 0.5556 0.8315 -0.0000
vn 0.8315 0.5556 -0.0000
vn 0.9808 0.1951 -0.0000
vn 0.1951 -0.0000 0.9808
vn 0.5556 -0.0000 0.8315
vn 0.8315 -0.0000 0.5556
vn 0.9808 -0.0000 0.1951
vn -0.0000 -0.9808 0.1951
vn -0.0000 -0.8315 0.5556
vn -0.0000 -0.5556 0.8315
vn -0.0000 -0.1951 0.9808
vn -0.0000 0.9808 0.1951
vn -0.0000 0.8315 0.5556
vn -0.0000 0.5556 0.8315
vn -0.0000 0.1951 0.9808
vn -0.0000 -1.0000 -0.0000
vn -1.0000 -0.0000 -0.0000
vn -0.0000 -0.0000 1.0000
vn -0.0000 1.0000 -0.0000
vn -0.0000 -0.0000 -1.0000
vn 1.0000 -0.0000 -0.0000
vt 0.127723 0.748679
vt 0.127723 0.749184
vt 0.126655 0.749197
vt 0.126681 0.748679
vt 0.127723 0.750000
vt 0.126709 0.750000
vt 0.125000 0.749171
vt 0.125000 0.748679
vt 0.126151 0.750000
vt 0.400000 0.997277
vt 0.400000 0.998319
vt 0.390193 0.998345
vt 0.390433 0.997276
vt 0.400000 1.000000
vt 0.390691 1.000000
vt 0.375000 0.998291
vt 0.375000 0.997277
vt 0.385566 1.000000
vt 0.400000 0.001321
vt 0.390433 0.001321
vt 0.390193 0.000803
vt 0.400000 0.000816
vt 0.375000 0.001321
vt 0.375000 0.000829
vt 0.390691 0.000000
vt 0.400000 0.000000
vt 0.375000 0.000558
vt 0.600000 0.997277
vt 0.609567 0.997277
vt 0.609807 0.998345
vt 0.600000 0.998319
vt 0.625000 0.997277
vt 0.625000 0.998291
vt 0.609309 1.000000
vt 0.600000 1.000000
vt 0.625000 0.998849
vt 0.872277 0.748679
vt 0.873319 0.748679
vt 0.873345 0.749197
vt 0.872277 0.749184
vt 0.875000 0.748679
vt 0.875000 0.749171
vt 0.873291 0.750000
vt 0.872277 0.750000
vt 0.875000 0.749442
vt 0.600000 0.001321
vt 0.600000 0.000816
vt 0.609807 0.000803
vt 0.609567 0.001321
vt 0.600000 0.000000
vt 0.609309 0.000000
vt 0.625000 0.000829
vt 0.625000 0.001321
vt 0.614434 0.000000
vt 0.127723 0.501321
vt 0.126681 0.501321
vt 0.126655 0.500803
vt 0.127723 0.500816
vt 0.125000 0.501321
vt 0.125000 0.500829
vt 0.126709 0.500000
vt 0.127723 0.500000
vt 0.125000 0.500558
vt 0.400000 0.248679
vt 0.400000 0.249184
vt 0.390193 0.249197
vt 0.390433 0.248679
vt 0.400000 0.250000
vt 0.390691 0.250000
vt 0.375000 0.249171
vt 0.375000 0.248679
vt 0.380283 0.250576
vt 0.400000 0.252723
vt 0.390433 0.252723
vt 0.390193 0.251655
vt 0.400000 0.251681
vt 0.375000 0.252723
vt 0.375000 0.251709
vt 0.872276 0.501321
vt 0.872277 0.500816
vt 0.873345 0.500803
vt 0.873319 0.501321
vt 0.872277 0.500000
vt 0.873291 0.500000
vt 0.875000 0.500829
vt 0.875000 0.501321
vt 0.873849 0.500000
vt 0.600000 0.252723
vt 0.600000 0.251681
vt 0.609807 0.251655
vt 0.609567 0.252723
vt 0.600000 0.250000
vt 0.609309 0.250000
vt 0.625000 0.251709
vt 0.625000 0.252723
vt 0.619717 0.249721
vt 0.600000 0.248679
vt 0.609567 0.248679
vt 0.609807 0.249197
vt 0.600000 0.249184
vt 0.625000 0.248679
vt 0.625000 0.249171
vt 0.372277 0.748679
vt 0.373319 0.748679
vt 0.373345 0.749197
vt 0.372277 0.749184
vt 0.375000 0.748679
vt 0.375000 0.749171
vt 0.374145 0.750855
vt 0.373638 0.751362
vt 0.378522 0.750198
vt 0.400000 0.748679
vt 0.400000 0.749184
vt 0.390193 0.749197
vt 0.390433 0.748679
vt 0.400000 0.750000
vt 0.390691 0.750000
vt 0.400000 0.752724
vt 0.390433 0.752723
vt 0.390193 0.751655
vt 0.400000 0.751681
vt 0.627723 0.748679
vt 0.627723 0.749184
vt 0.626655 0.749197
vt 0.626681 0.748679
vt 0.626362 0.751362
vt 0.625855 0.750855
vt 0.625000 0.749171
vt 0.625000 0.748679
vt 0.621862 0.749814
vt 0.600000 0.752724
vt 0.600000 0.751681
vt 0.609807 0.751655
vt 0.609567 0.752723
vt 0.600000 0.750000
vt 0.609309 0.750000
vt 0.600000 0.748679
vt 0.609567 0.748679
vt 0.609807 0.749197
vt 0.600000 0.749184
vt 0.372277 0.501321
vt 0.372277 0.500816
vt 0.373345 0.500803
vt 0.373319 0.501321
vt 0.373638 0.498638
vt 0.374145 0.499145
vt 0.375000 0.500829
vt 0.375000 0.501321
vt 0.378138 0.500186
vt 0.400000 0.497277
vt 0.400000 0.498319
vt 0.390193 0.498345
vt 0.390433 0.497277
vt 0.400000 0.500000
vt 0.390691 0.500000
vt 0.400000 0.501321
vt 0.390433 0.501321
vt 0.390193 0.500803
vt 0.400000 0.500816
vt 0.627723 0.501321
vt 0.626681 0.501321
vt 0.626655 0.500803
vt 0.627723 0.500816
vt 0.625000 0.501321
vt 0.625000 0.500829
vt 0.625855 0.499145
vt 0.626362 0.498638
vt 0.621478 0.499802
vt 0.600000 0.501321
vt 0.600000 0.500816
vt 0.609807 0.500803
vt 0.609567 0.501321
vt 0.600000 0.500000
vt 0.609309 0.500000
vt 0.600000 0.497277
vt 0.609567 0.497277
vt 0.609807 0.498345
vt 0.600000 0.498319
s 0
usemtl MatteBlackTitanium
f 1/1/1 4/2/1 7/3/1 6/4/1
f 4/2/2 5/5/2 8/6/2 7/3/2
f 6/4/3 7/3/3 19/7/3 16/8/3
f 7/3/4 8/6/4 9/9/4 19/7/4
f 2/10/5 10/11/5 13/12/5 12/13/5
f 10/11/6 11/14/6 14/15/6 13/12/6
f 12/13/7 13/12/7 8/16/7 5/17/7
f 13/12/8 14/15/8 9/18/8 8/16/8
f 3/19/9 15/20/9 18/21/9 17/22/9
f 15/20/10 16/23/10 19/24/10 18/21/10
f 17/22/11 18/21/11 14/25/11 11/26/11
f 18/21/12 19/24/12 9/27/12 14/25/12
f 20/28/13 23/29/13 26/30/13 25/31/13
f 23/29/14 24/32/14 27/33/14 26/30/14
f 25/31/15 26/30/15 38/34/15 35/35/15
f 26/30/16 27/33/16 28/36/16 38/34/16
f 21/37/17 29/38/17 32/39/17 31/40/17
f 29/38/18 30/41/18 33/42/18 32/39/18
f 31/40/19 32/39/19 27/43/19 24/44/19
f 32/39/20 33/42/20 28/45/20 27/43/20
f 22/46/21 34/47/21 37/48/21 36/49/21
f 34/47/22 35/50/22 38/51/22 37/48/22
f 36/49/23 37/48/23 33/52/23 30/53/23
f 37/48/24 38/51/24 28/54/24 33/52/24
f 39/55/25 42/56/25 45/57/25 44/58/25
f 42/56/26 43/59/26 46/60/26 45/57/26
f 44/58/27 45/57/27 57/61/27 54/62/27
f 45/57/28 46/60/28 47/63/28 57/61/28
f 40/64/29 48/65/29 51/66/29 50/67/29
f 48/65/30 49/68/30 52/69/30 51/66/30
f 50/67/31 51/66/31 46/70/31 43/71/31
f 51/66/32 52/69/32 47/72/32 46/70/32
f 41/73/33 53/74/33 56/75/33 55/76/33
f 53/74/34 54/77/34 57/78/34 56/75/34
f 55/76/35 56/75/35 52/69/35 49/68/35
f 56/75/36 57/78/36 47/72/36 52/69/36
f 58/79/37 61/80/37 64/81/37 63/82/37
f 61/80/38 62/83/38 65/84/38 64/81/38
f 63/82/39 64/81/39 76/85/39 73/86/39
f 64/81/40 65/84/40 66/87/40 76/85/40
f 59/88/41 67/89/41 70/90/41 69/91/41
f 67/89/42 68/92/42 71/93/42 70/90/42
f 69/91/43 70/90/43 65/94/43 62/95/43
f 70/90/44 71/93/44 66/96/44 65/94/44
f 60/97/45 72/98/45 75/99/45 74/100/45
f 72/98/46 73/101/46 76/102/46 75/99/46
f 74/100/47 75/99/47 71/93/47 68/92/47
f 75/99/48 76/102/48 66/96/48 71/93/48
f 77/103/49 80/104/49 83/105/49 82/106/49
f 80/104/50 81/107/50 84/108/50 83/105/50
f 82/106/51 83/105/51 95/109/51 92/110/51
f 83/105/52 84/108/52 85/111/52 95/109/52
f 78/112/53 86/113/53 89/114/53 88/115/53
f 86/113/54 87/116/54 90/117/54 89/114/54
f 88/115/55 89/114/55 84/108/55 81/107/55
f 89/114/56 90/117/56 85/111/56 84/108/56
f 79/118/57 91/119/57 94/120/57 93/121/57
f 91/119/58 92/110/58 95/109/58 94/120/58
f 93/121/59 94/120/59 90/117/59 87/116/59
f 94/120/60 95/109/60 85/111/60 90/117/60
f 96/122/61 99/123/61 102/124/61 101/125/61
f 99/123/62 100/126/62 103/127/62 102/124/62
f 101/125/63 102/124/63 114/128/63 111/129/63
f 102/124/64 103/127/64 104/130/64 114/128/64
f 97/131/65 105/132/65 108/133/65 107/134/65
f 105/132/66 106/135/66 109/136/66 108/133/66
f 107/134/67 108/133/67 103/127/67 100/126/67
f 108/133/68 109/136/68 104/130/68 103/127/68
f 98/137/69 110/138/69 113/139/69 112/140/69
f 110/138/70 111/129/70 114/128/70 113/139/70
f 112/140/71 113/139/71 109/136/71 106/135/71
f 113/139/72 114/128/72 104/130/72 109/136/72
f 115/141/73 118/142/73 121/143/73 120/144/73
f 118/142/74 119/145/74 122/146/74 121/143/74
f 120/144/75 121/143/75 133/147/75 130/148/75
f 121/143/76 122/146/76 123/149/76 133/147/76
f 116/150/77 124/151/77 127/152/77 126/153/77
f 124/151/78 125/154/78 128/155/78 127/152/78
f 126/153/79 127/152/79 122/146/79 119/145/79
f 127/152/80 128/155/80 123/149/80 122/146/80
f 117/156/81 129/157/81 132/158/81 131/159/81
f 129/157/82 130/148/82 133/147/82 132/158/82
f 131/159/83 132/158/83 128/155/83 125/154/83
f 132/158/84 133/147/84 123/149/84 128/155/84
f 134/160/85 137/161/85 140/162/85 139/163/85
f 137/161/86 138/164/86 141/165/86 140/162/86
f 139/163/87 140/162/87 152/166/87 149/167/87
f 140/162/88 141/165/88 142/168/88 152/166/88
f 135/169/89 143/170/89 146/171/89 145/172/89
f 143/170/90 144/173/90 147/174/90 146/171/90
f 145/172/91 146/171/91 141/165/91 138/164/91
f 146/171/92 147/174/92 142/168/92 141/165/92
f 136/175/93 148/176/93 151/177/93 150/178/93
f 148/176/94 149/167/94 152/166/94 151/177/94
f 150/178/95 151/177/95 147/174/95 144/173/95
f 151/177/96 152/166/96 142/168/96 147/174/96
f 39/55/97 1/1/97 6/4/97 42/56/97
f 42/56/98 6/4/98 16/8/98 43/59/98
f 43/71/99 16/23/99 15/20/99 50/67/99
f 50/67/100 15/20/100 3/19/100 40/64/100
f 2/10/101 20/28/101 25/31/101 10/11/101
f 10/11/102 25/31/102 35/35/102 11/14/102
f 11/26/103 35/50/103 34/47/103 17/22/103
f 17/22/104 34/47/104 22/46/104 3/19/104
f 21/37/105 58/79/105 63/82/105 29/38/105
f 29/38/106 63/82/106 73/86/106 30/41/106
f 30/53/107 73/101/107 72/98/107 36/49/107
f 36/49/108 72/98/108 60/97/108 22/46/108
f 59/88/109 41/73/109 55/76/109 67/89/109
f 67/89/110 55/76/110 49/68/110 68/92/110
f 68/92/111 49/68/111 48/65/111 74/100/111
f 74/100/112 48/65/112 40/64/112 60/97/112
f 115/141/113 39/55/113 44/58/113 118/142/113
f 118/142/114 44/58/114 54/62/114 119/145/114
f 119/145/115 54/77/115 53/74/115 126/153/115
f 126/153/116 53/74/116 41/73/116 116/150/116
f 58/79/117 134/160/117 139/163/117 61/80/117
f 61/80/118 139/163/118 149/167/118 62/83/118
f 62/95/119 149/167/119 148/176/119 69/91/119
f 69/91/120 148/176/120 136/175/120 59/88/120
f 135/169/121 117/156/121 131/159/121 143/170/121
f 143/170/122 131/159/122 125/154/122 144/173/122
f 144/173/123 125/154/123 124/151/123 150/178/123
f 150/178/124 124/151/124 116/150/124 136/175/124
f 77/103/125 115/141/125 120/144/125 80/104/125
f 80/104/126 120/144/126 130/148/126 81/107/126
f 81/107/127 130/148/127 129/157/127 88/115/127
f 88/115/128 129/157/128 117/156/128 78/112/128
f 134/160/129 96/122/129 101/125/129 137/161/129
f 137/161/130 101/125/130 111/129/130 138/164/130
f 138/164/131 111/129/131 110/138/131 145/172/131
f 145/172/132 110/138/132 98/137/132 135/169/132
f 97/131/133 79/118/133 93/121/133 105/132/133
f 105/132/134 93/121/134 87/116/134 106/135/134
f 106/135/135 87/116/135 86/113/135 112/140/135
f 112/140/136 86/113/136 78/112/136 98/137/136
f 1/1/137 77/103/137 82/106/137 4/2/137
f 4/2/138 82/106/138 92/110/138 5/5/138
f 5/17/139 92/110/139 91/119/139 12/13/139
f 12/13/140 91/119/140 79/118/140 2/10/140
f 96/122/141 21/37/141 31/40/141 99/123/141
f 99/123/142 31/40/142 24/44/142 100/126/142
f 100/126/143 24/32/143 23/29/143 107/134/143
f 107/134/144 23/29/144 20/28/144 97/131/144
f 39/55/145 115/141/145 77/103/145 1/1/145
f 3/19/146 22/46/146 60/97/146 40/64/146
f 79/118/147 97/131/147 20/28/147 2/10/147
f 134/160/148 58/79/148 21/37/148 96/122/148
f 41/73/149 59/88/149 136/175/149 116/150/149
f 117/156/150 135/169/150 98/137/150 78/112/150
o 2_FrontGlass
v -0.034750 0.004150 0.072750
v -0.034750 0.004200 0.072800
v -0.034800 0.004200 0.072750
v -0.034750 0.004154 0.072769
v -0.034750 0.004165 0.072785
v -0.034769 0.004154 0.072750
v -0.034770 0.004158 0.072770
v -0.034769 0.004167 0.072783
v -0.034779 0.004171 0.072779
v -0.034769 0.004200 0.072796
v -0.034785 0.004200 0.072785
v -0.034750 0.004181 0.072796
v -0.034770 0.004180 0.072792
v -0.034783 0.004181 0.072783
v -0.034796 0.004181 0.072750
v -0.034785 0.004165 0.072750
v -0.034796 0.004200 0.072769
v -0.034792 0.004180 0.072770
v -0.034783 0.004167 0.072769
v -0.034750 0.004600 0.072800
v -0.034750 0.004650 0.072750
v -0.034800 0.004600 0.072750
v -0.034750 0.004619 0.072796
v -0.034750 0.004635 0.072785
v -0.034769 0.004600 0.072796
v -0.034770 0.004620 0.072792
v -0.034769 0.004633 0.072783
v -0.034779 0.004629 0.072779
v -0.034769 0.004646 0.072750
v -0.034785 0.004635 0.072750
v -0.034750 0.004646 0.072769
v -0.034770 0.004642 0.072770
v -0.034783 0.004633 0.072769
v -0.034796 0.004600 0.072769
v -0.034785 0.004600 0.072785
v -0.034796 0.004619 0.072750
v -0.034792 0.004620 0.072770
v -0.034783 0.004619 0.072783
v -0.034750 0.004150 -0.072750
v -0.034800 0.004200 -0.072750
v -0.034750 0.004200 -0.072800
v -0.034769 0.004154 -0.072750
v -0.034785 0.004165 -0.072750
v -0.034750 0.004154 -0.072769
v -0.034770 0.004158 -0.072770
v -0.034783 0.004167 -0.072769
v -0.034779 0.004171 -0.072779
v -0.034796 0.004200 -0.072769
v -0.034785 0.004200 -0.072785
v -0.034796 0.004181 -0.072750
v -0.034792 0.004180 -0.072770
v -0.034783 0.004181 -0.072783
v -0.034750 0.004181 -0.072796
v -0.034750 0.004165 -0.072785
v -0.034769 0.004200 -0.072796
v -0.034770 0.004180 -0.072792
v -0.034769 0.004167 -0.072783
v -0.034750 0.004650 -0.072750
v -0.034750 0.004600 -0.072800
v -0.034800 0.004600 -0.072750
v -0.034750 0.004646 -0.072769
v -0.034750 0.004635 -0.072785
v -0.034769 0.004646 -0.072750
v -0.034770 0.004642 -0.072770
v -0.034769 0.004633 -0.072783
v -0.034779 0.004629 -0.072779
v -0.034769 0.004600 -0.072796
v -0.034785 0.004600 -0.072785
v -0.034750 0.004619 -0.072796
v -0.034770 0.004620 -0.072792
v -0.034783 0.004619 -0.072783
v -0.034796 0.004619 -0.072750
v -0.034785 0.004635 -0.072750
v -0.034796 0.004600 -0.072769
v -0.034792 0.004620 -0.072770
v -0.034783 0.004633 -0.072769
v 0.034750 0.004150 0.072750
v 0.034800 0.004200 0.072750
v 0.034750 0.004200 0.072800
v 0.034769 0.004154 0.072750
v 0.034785 0.004165 0.072750
v 0.034750 0.004154 0.072769
v 0.034770 0.004158 0.072770
v 0.034783 0.004167 0.072769
v 0.034779 0.004171 0.072779
v 0.034796 0.004200 0.072769
v 0.034785 0.004200 0.072785
v 0.034796 0.004181 0.072750
v 0.034792 0.004180 0.072770
v 0.034783 0.004181 0.072783
v 0.034750 0.004181 0.072796
v 0.034750 0.004165 0.072785
v 0.034769 0.004200 0.072796
v 0.034770 0.004180 0.072792
v 0.034769 0.004167 0.072783
v 0.034750 0.004650 0.072750
v 0.034750 0.004600 0.072800
v 0.034800 0.004600 0.072750
v 0.034750 0.004646 0.072769
v 0.034750 0.004635 0.072785
v 0.034769 0.004646 0.072750
v 0.034770 0.004642 0.072770
v 0.034769 0.004633 0.072783
v 0.034779 0.004629 0.072779
v 0.034769 0.004600 0.072796
v 0.034785 0.004600 0.072785
v 0.034750 0.004619 0.072796
v 0.034770 0.004620 0.072792
v 0.034783 0.004619 0.072783
v 0.034796 0.004619 0.072750
v 0.034785 0.004635 0.072750
v 0.034796 0.004600 0.072769
v 0.034792 0.004620 0.072770
v 0.034783 0.004633 0.072769
v 0.034750 0.004150 -0.072750
v 0.034750 0.004200 -0.072800
v 0.034800 0.004200 -0.072750
v 0.034750 0.004154 -0.072769
v 0.034750 0.004165 -0.072785
v 0.034769 0.004154 -0.072750
v 0.034770 0.004158 -0.072770
v 0.034769 0.004167 -0.072783
v 0.034779 0.004171 -0.072779
v 0.034769 0.004200 -0.072796
v 0.034785 0.004200 -0.072785
v 0.034750 0.004181 -0.072796
v 0.034770 0.004180 -0.072792
v 0.034783 0.004181 -0.072783
v 0.034796 0.004181 -0.072750
v 0.034785 0.004165 -0.072750
v 0.034796 0.004200 -0.072769
v 0.034792 0.004180 -0.072770
v 0.034783 0.004167 -0.072769
v 0.034750 0.004650 -0.072750
v 0.034800 0.004600 -0.072750
v 0.034750 0.004600 -0.072800
v 0.034769 0.004646 -0.072750
v 0.034785 0.004635 -0.072750
v 0.034750 0.004646 -0.072769
v 0.034770 0.004642 -0.072770
v 0.034783 0.004633 -0.072769
v 0.034779 0.004629 -0.072779
v 0.034796 0.004600 -0.072769
v 0.034785 0.004600 -0.072785
v 0.034796 0.004619 -0.072750
v 0.034792 0.004620 -0.072770
v 0.034783 0.004619 -0.072783
v 0.034750 0.004619 -0.072796
v 0.034750 0.004635 -0.072785
v 0.034769 0.004600 -0.072796
v 0.034770 0.004620 -0.072792
v 0.034769 0.004633 -0.072783
vn -0.2050 -0.9571 0.2050
vn -0.1817 -0.8152 0.5499
vn -0.5500 -0.8151 0.1820
vn -0.4930 -0.7170 0.4928
vn -0.2049 -0.2050 0.9571
vn -0.5500 -0.1815 0.8152
vn -0.1817 -0.5502 0.8150
vn -0.4932 -0.4929 0.7168
vn -0.9571 -0.2050 0.2048
vn -0.8152 -0.5499 0.1818
vn -0.8152 -0.1817 0.5500
vn -0.7166 -0.4931 0.4933
vn -0.2049 0.2050 0.9571
vn -0.1817 0.5501 0.8151
vn -0.5499 0.1814 0.8153
vn -0.4932 0.4929 0.7168
vn -0.2050 0.9571 0.2050
vn -0.5500 0.8151 0.1820
vn -0.1817 0.8152 0.5500
vn -0.4930 0.7170 0.4928
vn -0.9571 0.2050 0.2049
vn -0.8152 0.1818 0.5500
vn -0.8152 0.5499 0.1818
vn -0.7166 0.4931 0.4933
vn -0.2050 -0.9571 -0.2050
vn -0.5500 -0.8151 -0.1820
vn -0.1817 -0.8152 -0.5500
vn -0.4930 -0.7170 -0.4928
vn -0.9571 -0.2050 -0.2049
vn -0.8152 -0.1818 -0.5500
vn -0.8152 -0.5499 -0.1818
vn -0.7166 -0.4931 -0.4933
vn -0.2049 -0.2050 -0.9571
vn -0.1817 -0.5501 -0.8151
vn -0.5499 -0.1814 -0.8153
vn -0.4932 -0.4929 -0.7168
vn -0.2050 0.9571 -0.2050
vn -0.1817 0.8152 -0.5499
vn -0.5500 0.8151 -0.1820
vn -0.4930 0.7170 -0.4928
vn -0.2049 0.2050 -0.9571
vn -0.5500 0.1815 -0.8152
vn -0.1817 0.5502 -0.8150
vn -0.4932 0.4929 -0.7168
vn -0.9571 0.2050 -0.2048
vn -0.8152 0.5499 -0.1818
vn -0.8152 0.1817 -0.5500
vn -0.7166 0.4931 -0.4933
vn 0.2050 -0.9571 0.2050
vn 0.5500 -0.8151 0.1820
vn 0.1817 -0.8152 0.5500
vn 0.4930 -0.7170 0.4928
vn 0.9571 -0.2050 0.2049
vn 0.8152 -0.1818 0.5500
vn 0.8152 -0.5499 0.1818
vn 0.7166 -0.4931 0.4933
vn 0.2049 -0.2050 0.9571
vn 0.1817 -0.5501 0.8151
vn 0.5499 -0.1814 0.8153
vn 0.4932 -0.4929 0.7168
vn 0.2050 0.9571 0.2050
vn 0.1817 0.8152 0.5499
vn 0.5500 0.8151 0.1820
vn 0.4930 0.7170 0.4928
vn 0.2049 0.2050 0.9571
vn 0.5500 0.1815 0.8152
vn 0.1817 0.5502 0.8150
vn 0.4932 0.4929 0.7168
vn 0.9571 0.2050 0.2048
vn 0.8152 0.5499 0.1818
vn 0.8152 0.1817 0.5500
vn 0.7166 0.4931 0.4933
vn 0.2050 -0.9571 -0.2050
vn 0.1817 -0.8152 -0.5499
vn 0.5500 -0.8151 -0.1820
vn 0.4930 -0.7170 -0.4928
vn 0.2049 -0.2050 -0.9571
vn 0.5500 -0.1815 -0.8152
vn 0.1817 -0.5502 -0.8150
vn 0.4932 -0.4929 -0.7168
vn 0.9571 -0.2050 -0.2048
vn 0.8152 -0.5499 -0.1818
vn 0.8152 -0.1817 -0.5500
vn 0.7166 -0.4931 -0.4933
vn 0.2050 0.9571 -0.2050
vn 0.5500 0.8151 -0.1820
vn 0.1817 0.8152 -0.5500
vn 0.4930 0.7170 -0.4928
vn 0.9571 0.2050 -0.2049
vn 0.8152 0.1818 -0.5500
vn 0.8152 0.5499 -0.1818
vn 0.7166 0.4931 -0.4933
vn 0.2049 0.2050 -0.9571
vn 0.1817 0.5501 -0.8151
vn 0.5499 0.1814 -0.8153
vn 0.4932 0.4929 -0.7168
vn -0.1951 -0.9808 -0.0000
vn -0.5555 -0.8315 -0.0000
vn -0.8315 -0.5555 -0.0000
vn -0.9808 -0.1952 -0.0000
vn -0.1952 -0.0000 0.9808
vn -0.5556 -0.0000 0.8315
vn -0.8315 -0.0000 0.5555
vn -0.9807 -0.0000 0.1953
vn -0.1951 0.9808 -0.0000
vn -0.5555 0.8315 -0.0000
vn -0.8315 0.5555 -0.0000
vn -0.9808 0.1952 -0.0000
vn -0.1952 -0.0000 -0.9808
vn -0.5556 -0.0000 -0.8315
vn -0.8315 -0.0000 -0.5555
vn -0.9807 -0.0000 -0.1953
vn -0.0000 -0.9808 -0.1951
vn -0.0000 -0.8314 -0.5557
vn -0.0000 -0.5556 -0.8314
vn -0.0000 -0.1954 -0.9807
vn -0.0000 0.9808 -0.1951
vn -0.0000 0.8314 -0.5557
vn -0.0000 0.5556 -0.8314
vn -0.0000 0.1954 -0.9807
vn 0.9807 -0.0000 -0.1953
vn 0.8315 -0.0000 -0.5555
vn 0.5556 -0.0000 -0.8315
vn 0.1952 -0.0000 -0.9808
vn 0.1951 -0.9808 -0.0000
vn 0.5555 -0.8315 -0.0000
vn 0.8315 -0.5555 -0.0000
vn 0.9808 -0.1952 -0.0000
vn 0.1951 0.9808 -0.0000
vn 0.5555 0.8315 -0.0000
vn 0.8315 0.5555 -0.0000
vn 0.9808 0.1952 -0.0000
vn 0.1952 -0.0000 0.9808
vn 0.5556 -0.0000 0.8315
vn 0.8315 -0.0000 0.5555
vn 0.9807 -0.0000 0.1953
vn -0.0000 -0.9808 0.1951
vn -0.0000 -0.8314 0.5557
vn -0.0000 -0.5556 0.8314
vn -0.0000 -0.1954 0.9807
vn -0.0000 0.9808 0.1951
vn -0.0000 0.8314 0.5557
vn -0.0000 0.5556 0.8314
vn -0.0000 0.1954 0.9807
vn -0.0000 -1.0000 -0.0000
vn -1.0000 -0.0000 -0.0000
vn -0.0000 -0.0000 1.0000
vn -0.0000 1.0000 -0.0000
vn -0.0000 -0.0000 -1.0000
vn 1.0000 -0.0000 -0.0000
vt 0.125180 0.749914
vt 0.125180 0.749947
vt 0.125109 0.749948
vt 0.125111 0.749914
vt 0.125180 0.750000
vt 0.125113 0.750000
vt 0.125000 0.749946
vt 0.125000 0.749914
vt 0.125076 0.750000
vt 0.400000 0.999820
vt 0.400000 0.999889
vt 0.390193 0.999891
vt 0.390433 0.999820
vt 0.400000 1.000000
vt 0.390691 1.000000
vt 0.375000 0.999887
vt 0.375000 0.999820
vt 0.385566 1.000000
vt 0.400000 0.000086
vt 0.390433 0.000086
vt 0.390193 0.000052
vt 0.400000 0.000053
vt 0.375000 0.000086
vt 0.375000 0.000054
vt 0.390691 0.000000
vt 0.400000 0.000000
vt 0.375000 0.000036
vt 0.600000 0.999820
vt 0.609567 0.999820
vt 0.609807 0.999891
vt 0.600000 0.999889
vt 0.625000 0.999820
vt 0.625000 0.999887
vt 0.609309 1.000000
vt 0.600000 1.000000
vt 0.625000 0.999924
vt 0.874820 0.749914
vt 0.874889 0.749914
vt 0.874891 0.749948
vt 0.874820 0.749947
vt 0.875000 0.749914
vt 0.875000 0.749946
vt 0.874887 0.750000
vt 0.874820 0.750000
vt 0.875000 0.749964
vt 0.600000 0.000086
vt 0.600000 0.000053
vt 0.609807 0.000052
vt 0.609567 0.000086
vt 0.600000 0.000000
vt 0.609309 0.000000
vt 0.625000 0.000054
vt 0.625000 0.000086
vt 0.614434 0.000000
vt 0.125180 0.500086
vt 0.125111 0.500086
vt 0.125109 0.500052
vt 0.125180 0.500053
vt 0.125000 0.500086
vt 0.125000 0.500054
vt 0.125113 0.500000
vt 0.125180 0.500000
vt 0.125000 0.500036
vt 0.400000 0.249914
vt 0.400000 0.249947
vt 0.390193 0.249948
vt 0.390433 0.249914
vt 0.400000 0.250000
vt 0.390691 0.250000
vt 0.375000 0.249946
vt 0.375000 0.249914
vt 0.380283 0.250038
vt 0.400000 0.250180
vt 0.390433 0.250180
vt 0.390193 0.250109
vt 0.400000 0.250111
vt 0.375000 0.250180
vt 0.375000 0.250113
vt 0.874820 0.500086
vt 0.874820 0.500053
vt 0.874891 0.500052
vt 0.874889 0.500086
vt 0.874820 0.500000
vt 0.874887 0.500000
vt 0.875000 0.500054
vt 0.875000 0.500086
vt 0.874924 0.500000
vt 0.600000 0.250180
vt 0.600000 0.250111
vt 0.609807 0.250109
vt 0.609567 0.250180
vt 0.600000 0.250000
vt 0.609309 0.250000
vt 0.625000 0.250113
vt 0.625000 0.250180
vt 0.619717 0.249982
vt 0.600000 0.249914
vt 0.609567 0.249914
vt 0.609807 0.249948
vt 0.600000 0.249947
vt 0.625000 0.249914
vt 0.625000 0.249946
vt 0.374820 0.749914
vt 0.374889 0.749914
vt 0.374891 0.749948
vt 0.374820 0.749947
vt 0.375000 0.749914
vt 0.375000 0.749946
vt 0.374944 0.750056
vt 0.374910 0.750090
vt 0.378522 0.750013
vt 0.400000 0.749914
vt 0.400000 0.749947
vt 0.390193 0.749948
vt 0.390433 0.749914
vt 0.400000 0.750000
vt 0.390691 0.750000
vt 0.400000 0.750180
vt 0.390433 0.750180
vt 0.390193 0.750109
vt 0.400000 0.750111
vt 0.625180 0.749914
vt 0.625180 0.749947
vt 0.625109 0.749948
vt 0.625111 0.749914
vt 0.625090 0.750090
vt 0.625056 0.750056
vt 0.625000 0.749946
vt 0.625000 0.749914
vt 0.621503 0.749988
vt 0.600000 0.750180
vt 0.600000 0.750111
vt 0.609807 0.750109
vt 0.609567 0.750180
vt 0.600000 0.750000
vt 0.609309 0.750000
vt 0.600000 0.749914
vt 0.609567 0.749914
vt 0.609807 0.749948
vt 0.600000 0.749947
vt 0.374820 0.500086
vt 0.374820 0.500053
vt 0.374891 0.500052
vt 0.374889 0.500086
vt 0.374910 0.499910
vt 0.374944 0.499944
vt 0.375000 0.500054
vt 0.375000 0.500086
vt 0.378497 0.500012
vt 0.400000 0.499820
vt 0.400000 0.499889
vt 0.390193 0.499891
vt 0.390433 0.499820
vt 0.400000 0.500000
vt 0.390691 0.500000
vt 0.400000 0.500086
vt 0.390433 0.500086
vt 0.390193 0.500052
vt 0.400000 0.500053
vt 0.625180 0.500086
vt 0.625111 0.500086
vt 0.625109 0.500052
vt 0.625180 0.500053
vt 0.625000 0.500086
vt 0.625000 0.500054
vt 0.625056 0.499944
vt 0.625090 0.499910
vt 0.621478 0.499987
vt 0.600000 0.500086
vt 0.600000 0.500053
vt 0.609807 0.500052
vt 0.609567 0.500086
vt 0.600000 0.500000
vt 0.609309 0.500000
vt 0.600000 0.499820
vt 0.609567 0.499820
vt 0.609807 0.499891
vt 0.600000 0.499889
s 0
usemtl FrontGlass
f 153/179/151 156/180/151 159/181/151 158/182/151
f 156/180/152 157/183/152 160/184/152 159/181/152
f 158/182/153 159/181/153 171/185/153 168/186/153
f 159/181/154 160/184/154 161/187/154 171/185/154
f 154/188/155 162/189/155 165/190/155 164/191/155
f 162/189/156 163/192/156 166/193/156 165/190/156
f 164/191/157 165/190/157 160/194/157 157/195/157
f 165/190/158 166/193/158 161/196/158 160/194/158
f 155/197/159 167/198/159 170/199/159 169/200/159
f 167/198/160 168/201/160 171/202/160 170/199/160
f 169/200/161 170/199/161 166/203/161 163/204/161
f 170/199/162 171/202/162 161/205/162 166/203/162
f 172/206/163 175/207/163 178/208/163 177/209/163
f 175/207/164 176/210/164 179/211/164 178/208/164
f 177/209/165 178/208/165 190/212/165 187/213/165
f 178/208/166 179/211/166 180/214/166 190/212/166
f 173/215/167 181/216/167 184/217/167 183/218/167
f 181/216/168 182/219/168 185/220/168 184/217/168
f 183/218/169 184/217/169 179/221/169 176/222/169
f 184/217/170 185/220/170 180/223/170 179/221/170
f 174/224/171 186/225/171 189/226/171 188/227/171
f 186/225/172 187/228/172 190/229/172 189/226/172
f 188/227/173 189/226/173 185/230/173 182/231/173
f 189/226/174 190/229/174 180/232/174 185/230/174
f 191/233/175 194/234/175 197/235/175 196/236/175
f 194/234/176 195/237/176 198/238/176 197/235/176
f 196/236/177 197/235/177 209/239/177 206/240/177
f 197/235/178 198/238/178 199/241/178 209/239/178
f 192/242/179 200/243/179 203/244/179 202/245/179
f 200/243/180 201/246/180 204/247/180 203/244/180
f 202/245/181 203/244/181 198/248/181 195/249/181
f 203/244/182 204/247/182 199/250/182 198/248/182
f 193/251/183 205/252/183 208/253/183 207/254/183
f 205/252/184 206/255/184 209/256/184 208/253/184
f 207/254/185 208/253/185 204/247/185 201/246/185
f 208/253/186 209/256/186 199/250/186 204/247/186
f 210/257/187 213/258/187 216/259/187 215/260/187
f 213/258/188 214/261/188 217/262/188 216/259/188
f 215/260/189 216/259/189 228/263/189 225/264/189
f 216/259/190 217/262/190 218/265/190 228/263/190
f 211/266/191 219/267/191 222/268/191 221/269/191
f 219/267/192 220/270/192 223/271/192 222/268/192
f 221/269/193 222/268/193 217/272/193 214/273/193
f 222/268/194 223/271/194 218/274/194 217/272/194
f 212/275/195 224/276/195 227/277/195 226/278/195
f 224/276/196 225/279/196 228/280/196 227/277/196
f 226/278/197 227/277/197 223/271/197 220/270/197
f 227/277/198 228/280/198 218/274/198 223/271/198
f 229/281/199 232/282/199 235/283/199 234/284/199
f 232/282/200 233/285/200 236/286/200 235/283/200
f 234/284/201 235/283/201 247/287/201 244/288/201
f 235/283/202 236/286/202 237/289/202 247/287/202
f 230/290/203 238/291/203 241/292/203 240/293/203
f 238/291/204 239/294/204 242/295/204 241/292/204
f 240/293/205 241/292/205 236/286/205 233/285/205
f 241/292/206 242/295/206 237/289/206 236/286/206
f 231/296/207 243/297/207 246/298/207 245/299/207
f 243/297/208 244/288/208 247/287/208 246/298/208
f 245/299/209 246/298/209 242/295/209 239/294/209
f 246/298/210 247/287/210 237/289/210 242/295/210
f 248/300/211 251/301/211 254/302/211 253/303/211
f 251/301/212 252/304/212 255/305/212 254/302/212
f 253/303/213 254/302/213 266/306/213 263/307/213
f 254/302/214 255/305/214 256/308/214 266/306/214
f 249/309/215 257/310/215 260/311/215 259/312/215
f 257/310/216 258/313/216 261/314/216 260/311/216
f 259/312/217 260/311/217 255/305/217 252/304/217
f 260/311/218 261/314/218 256/308/218 255/305/218
f 250/315/219 262/316/219 265/317/219 264/318/219
f 262/316/220 263/307/220 266/306/220 265/317/220
f 264/318/221 265/317/221 261/314/221 258/313/221
f 265/317/222 266/306/222 256/308/222 261/314/222
f 267/319/223 270/320/223 273/321/223 272/322/223
f 270/320/224 271/323/224 274/324/224 273/321/224
f 272/322/225 273/321/225 285/325/225 282/326/225
f 273/321/226 274/324/226 275/327/226 285/325/226
f 268/328/227 276/329/227 279/330/227 278/331/227
f 276/329/228 277/332/228 280/333/228 279/330/228
f 278/331/229 279/330/229 274/324/229 271/323/229
f 279/330/230 280/333/230 275/327/230 274/324/230
f 269/334/231 281/335/231 284/336/231 283/337/231
f 281/335/232 282/326/232 285/325/232 284/336/232
f 283/337/233 284/336/233 280/333/233 277/332/233
f 284/336/234 285/325/234 275/327/234 280/333/234
f 286/338/235 289/339/235 292/340/235 291/341/235
f 289/339/236 290/342/236 293/343/236 292/340/236
f 291/341/237 292/340/237 304/344/237 301/345/237
f 292/340/238 293/343/238 294/346/238 304/344/238
f 287/347/239 295/348/239 298/349/239 297/350/239
f 295/348/240 296/351/240 299/352/240 298/349/240
f 297/350/241 298/349/241 293/343/241 290/342/241
f 298/349/242 299/352/242 294/346/242 293/343/242
f 288/353/243 300/354/243 303/355/243 302/356/243
f 300/354/244 301/345/244 304/344/244 303/355/244
f 302/356/245 303/355/245 299/352/245 296/351/245
f 303/355/246 304/344/246 294/346/246 299/352/246
f 191/233/247 153/179/247 158/182/247 194/234/247
f 194/234/248 158/182/248 168/186/248 195/237/248
f 195/249/249 168/201/249 167/198/249 202/245/249
f 202/245/250 167/198/250 155/197/250 192/242/250
f 154/188/251 172/206/251 177/209/251 162/189/251
f 162/189/252 177/209/252 187/213/252 163/192/252
f 163/204/253 187/228/253 186/225/253 169/200/253
f 169/200/254 186/225/254 174/224/254 155/197/254
f 173/215/255 210/257/255 215/260/255 181/216/255
f 181/216/256 215/260/256 225/264/256 182/219/256
f 182/231/257 225/279/257 224/276/257 188/227/257
f 188/227/258 224/276/258 212/275/258 174/224/258
f 211/266/259 193/251/259 207/254/259 219/267/259
f 219/267/260 207/254/260 201/246/260 220/270/260
f 220/270/261 201/246/261 200/243/261 226/278/261
f 226/278/262 200/243/262 192/242/262 212/275/262
f 267/319/263 191/233/263 196/236/263 270/320/263
f 270/320/264 196/236/264 206/240/264 271/323/264
f 271/323/265 206/255/265 205/252/265 278/331/265
f 278/331/266 205/252/266 193/251/266 268/328/266
f 210/257/267 286/338/267 291/341/267 213/258/267
f 213/258/268 291/341/268 301/345/268 214/261/268
f 214/273/269 301/345/269 300/354/269 221/269/269
f 221/269/270 300/354/270 288/353/270 211/266/270
f 287/347/271 269/334/271 283/337/271 295/348/271
f 295/348/272 283/337/272 277/332/272 296/351/272
f 296/351/273 277/332/273 276/329/273 302/356/273
f 302/356/274 276/329/274 268/328/274 288/353/274
f 229/281/275 267/319/275 272/322/275 232/282/275
f 232/282/276 272/322/276 282/326/276 233/285/276
f 233/285/277 282/326/277 281/335/277 240/293/277
f 240/293/278 281/335/278 269/334/278 230/290/278
f 286/338/279 248/300/279 253/303/279 289/339/279
f 289/339/280 253/303/280 263/307/280 290/342/280
f 290/342/281 263/307/281 262/316/281 297/350/281
f 297/350/282 262/316/282 250/315/282 287/347/282
f 249/309/283 231/296/283 245/299/283 257/310/283
f 257/310/284 245/299/284 239/294/284 258/313/284
f 258/313/285 239/294/285 238/291/285 264/318/285
f 264/318/286 238/291/286 230/290/286 250/315/286
f 153/179/287 229/281/287 234/284/287 156/180/287
f 156/180/288 234/284/288 244/288/288 157/183/288
f 157/195/289 244/288/289 243/297/289 164/191/289
f 164/191/290 243/297/290 231/296/290 154/188/290
f 248/300/291 173/215/291 183/218/291 251/301/291
f 251/301/292 183/218/292 176/222/292 252/304/292
f 252/304/293 176/210/293 175/207/293 259/312/293
f 259/312/294 175/207/294 172/206/294 249/309/294
f 191/233/295 267/319/295 229/281/295 153/179/295
f 155/197/296 174/224/296 212/275/296 192/242/296
f 231/296/297 249/309/297 172/206/297 154/188/297
f 286/338/298 210/257/298 173/215/298 248/300/298
f 193/251/299 211/266/299 288/353/299 268/328/299
f 269/334/300 287/347/300 250/315/300 230/290/300
o 4_DynamicIsland
v -0.009980 0.004400 -0.055820
v -0.009980 0.004420 -0.055800
v -0.010000 0.004420 -0.055820
v -0.009980 0.004402 -0.055812
v -0.009980 0.004406 -0.055806
v -0.009988 0.004402 -0.055820
v -0.009988 0.004403 -0.055812
v -0.009987 0.004407 -0.055807
v -0.009992 0.004408 -0.055808
v -0.009988 0.004420 -0.055802
v -0.009994 0.004420 -0.055806
v -0.009980 0.004412 -0.055802
v -0.009988 0.004412 -0.055803
v -0.009993 0.004413 -0.055807
v -0.009998 0.004412 -0.055820
v -0.009994 0.004406 -0.055820
v -0.009998 0.004420 -0.055812
v -0.009997 0.004412 -0.055812
v -0.009993 0.004407 -0.055813
v -0.009980 0.004580 -0.055800
v -0.009980 0.004600 -0.055820
v -0.010000 0.004580 -0.055820
v -0.009980 0.004588 -0.055802
v -0.009980 0.004594 -0.055806
v -0.009988 0.004580 -0.055802
v -0.009988 0.004588 -0.055803
v -0.009987 0.004593 -0.055807
v -0.009992 0.004592 -0.055808
v -0.009988 0.004598 -0.055820
v -0.009994 0.004594 -0.055820
v -0.009980 0.004598 -0.055812
v -0.009988 0.004597 -0.055812
v -0.009993 0.004593 -0.055813
v -0.009998 0.004580 -0.055812
v -0.009994 0.004580 -0.055806
v -0.009998 0.004588 -0.055820
v -0.009997 0.004588 -0.055812
v -0.009993 0.004587 -0.055807
v -0.009980 0.004400 -0.061780
v -0.010000 0.004420 -0.061780
v -0.009980 0.004420 -0.061800
v -0.009988 0.004402 -0.061780
v -0.009994 0.004406 -0.061780
v -0.009980 0.004402 -0.061788
v -0.009988 0.004403 -0.061788
v -0.009993 0.004407 -0.061787
v -0.009992 0.004408 -0.061792
v -0.009998 0.004420 -0.061788
v -0.009994 0.004420 -0.061794
v -0.009998 0.004412 -0.061780
v -0.009997 0.004412 -0.061788
v -0.009993 0.004413 -0.061793
v -0.009980 0.004412 -0.061798
v -0.009980 0.004406 -0.061794
v -0.009988 0.004420 -0.061798
v -0.009988 0.004412 -0.061797
v -0.009987 0.004407 -0.061793
v -0.009980 0.004600 -0.061780
v -0.009980 0.004580 -0.061800
v -0.010000 0.004580 -0.061780
v -0.009980 0.004598 -0.061788
v -0.009980 0.004594 -0.061794
v -0.009988 0.004598 -0.061780
v -0.009988 0.004597 -0.061788
v -0.009987 0.004593 -0.061793
v -0.009992 0.004592 -0.061792
v -0.009988 0.004580 -0.061798
v -0.009994 0.004580 -0.061794
v -0.009980 0.004588 -0.061798
v -0.009988 0.004588 -0.061797
v -0.009993 0.004587 -0.061793
v -0.009998 0.004588 -0.061780
v -0.009994 0.004594 -0.061780
v -0.009998 0.004580 -0.061788
v -0.009997 0.004588 -0.061788
v -0.009993 0.004593 -0.061787
v 0.009980 0.004400 -0.055820
v 0.010000 0.004420 -0.055820
v 0.009980 0.004420 -0.055800
v 0.009988 0.004402 -0.055820
v 0.009994 0.004406 -0.055820
v 0.009980 0.004402 -0.055812
v 0.009988 0.004403 -0.055812
v 0.009993 0.004407 -0.055813
v 0.009992 0.004408 -0.055808
v 0.009998 0.004420 -0.055812
v 0.009994 0.004420 -0.055806
v 0.009998 0.004412 -0.055820
v 0.009997 0.004412 -0.055812
v 0.009993 0.004413 -0.055807
v 0.009980 0.004412 -0.055802
v 0.009980 0.004406 -0.055806
v 0.009988 0.004420 -0.055802
v 0.009988 0.004412 -0.055803
v 0.009987 0.004407 -0.055807
v 0.009980 0.004600 -0.055820
v 0.009980 0.004580 -0.055800
v 0.010000 0.004580 -0.055820
v 0.009980 0.004598 -0.055812
v 0.009980 0.004594 -0.055806
v 0.009988 0.004598 -0.055820
v 0.009988 0.004597 -0.055812
v 0.009987 0.004593 -0.055807
v 0.009992 0.004592 -0.055808
v 0.009988 0.004580 -0.055802
v 0.009994 0.004580 -0.055806
v 0.009980 0.004588 -0.055802
v 0.009988 0.004588 -0.055803
v 0.009993 0.004587 -0.055807
v 0.009998 0.004588 -0.055820
v 0.009994 0.004594 -0.055820
v 0.009998 0.004580 -0.055812
v 0.009997 0.004588 -0.055812
v 0.009993 0.004593 -0.055813
v 0.009980 0.004400 -0.061780
v 0.009980 0.004420 -0.061800
v 0.010000 0.004420 -0.061780
v 0.009980 0.004402 -0.061788
v 0.009980 0.004406 -0.061794
v 0.009988 0.004402 -0.061780
v 0.009988 0.004403 -0.061788
v 0.009987 0.004407 -0.061793
v 0.009992 0.004408 -0.061792
v 0.009988 0.004420 -0.061798
v 0.009994 0.004420 -0.061794
v 0.009980 0.004412 -0.061798
v 0.009988 0.004412 -0.061797
v 0.009993 0.004413 -0.061793
v 0.009998 0.004412 -0.061780
v 0.009994 0.004406 -0.061780
v 0.009998 0.004420 -0.061788
v 0.009997 0.004412 -0.061788
v 0.009993 0.004407 -0.061787
v 0.009980 0.004600 -0.061780
v 0.010000 0.004580 -0.061780
v 0.009980 0.004580 -0.061800
v 0.009988 0.004598 -0.061780
v 0.009994 0.004594 -0.061780
v 0.009980 0.004598 -0.061788
v 0.009988 0.004597 -0.061788
v 0.009993 0.004593 -0.061787
v 0.009992 0.004592 -0.061792
v 0.009998 0.004580 -0.061788
v 0.009994 0.004580 -0.061794
v 0.009998 0.004588 -0.061780
v 0.009997 0.004588 -0.061788
v 0.009993 0.004587 -0.061793
v 0.009980 0.004588 -0.061798
v 0.009980 0.004594 -0.061794
v 0.009988 0.004580 -0.061798
v 0.009988 0.004588 -0.061797
v 0.009987 0.004593 -0.061793
vn -0.2049 -0.9571 0.2049
vn -0.1818 -0.8152 0.5500
vn -0.5500 -0.8152 0.1818
vn -0.4931 -0.7167 0.4931
vn -0.2049 -0.2049 0.9571
vn -0.5499 -0.1818 0.8152
vn -0.1818 -0.5500 0.8152
vn -0.4931 -0.4931 0.7167
vn -0.9571 -0.2050 0.2050
vn -0.8152 -0.5499 0.1820
vn -0.8152 -0.1818 0.5498
vn -0.7168 -0.4931 0.4930
vn -0.2049 0.2049 0.9571
vn -0.1818 0.5499 0.8152
vn -0.5500 0.1818 0.8151
vn -0.4931 0.4931 0.7167
vn -0.2049 0.9571 0.2049
vn -0.5500 0.8152 0.1818
vn -0.1818 0.8152 0.5500
vn -0.4931 0.7167 0.4931
vn -0.9571 0.2050 0.2050
vn -0.8152 0.1818 0.5499
vn -0.8152 0.5499 0.1820
vn -0.7168 0.4931 0.4930
vn -0.2049 -0.9571 -0.2049
vn -0.5500 -0.8152 -0.1818
vn -0.1818 -0.8152 -0.5500
vn -0.4931 -0.7167 -0.4931
vn -0.9571 -0.2050 -0.2050
vn -0.8152 -0.1818 -0.5499
vn -0.8152 -0.5499 -0.1820
vn -0.7168 -0.4931 -0.4930
vn -0.2049 -0.2049 -0.9571
vn -0.1818 -0.5499 -0.8152
vn -0.5500 -0.1818 -0.8151
vn -0.4931 -0.4931 -0.7167
vn -0.2049 0.9571 -0.2049
vn -0.1818 0.8152 -0.5500
vn -0.5500 0.8152 -0.1818
vn -0.4931 0.7167 -0.4931
vn -0.2049 0.2049 -0.9571
vn -0.5499 0.1818 -0.8152
vn -0.1818 0.5500 -0.8152
vn -0.4931 0.4931 -0.7167
vn -0.9571 0.2050 -0.2050
vn -0.8152 0.5499 -0.1820
vn -0.8152 0.1818 -0.5498
vn -0.7168 0.4931 -0.4930
vn 0.2049 -0.9571 0.2049
vn 0.5500 -0.8152 0.1818
vn 0.1818 -0.8152 0.5500
vn 0.4931 -0.7167 0.4931
vn 0.9571 -0.2050 0.2050
vn 0.8152 -0.1818 0.5499
vn 0.8152 -0.5499 0.1820
vn 0.7168 -0.4931 0.4930
vn 0.2049 -0.2049 0.9571
vn 0.1818 -0.5499 0.8152
vn 0.5500 -0.1818 0.8151
vn 0.4931 -0.4931 0.7167
vn 0.2049 0.9571 0.2049
vn 0.1818 0.8152 0.5500
vn 0.5500 0.8152 0.1818
vn 0.4931 0.7167 0.4931
vn 0.2049 0.2049 0.9571
vn 0.5499 0.1818 0.8152
vn 0.1818 0.5500 0.8152
vn 0.4931 0.4931 0.7167
vn 0.9571 0.2050 0.2050
vn 0.8152 0.5499 0.1820
vn 0.8152 0.1818 0.5498
vn 0.7168 0.4931 0.4930
vn 0.2049 -0.9571 -0.2049
vn 0.1818 -0.8152 -0.5500
vn 0.5500 -0.8152 -0.1818
vn 0.4931 -0.7167 -0.4931
vn 0.2049 -0.2049 -0.9571
vn 0.5499 -0.1818 -0.8152
vn 0.1818 -0.5500 -0.8152
vn 0.4931 -0.4931 -0.7167
vn 0.9571 -0.2050 -0.2050
vn 0.8152 -0.5499 -0.1820
vn 0.8152 -0.1818 -0.5498
vn 0.7168 -0.4931 -0.4930
vn 0.2049 0.9571 -0.2049
vn 0.5500 0.8152 -0.1818
vn 0.1818 0.8152 -0.5500
vn 0.4931 0.7167 -0.4931
vn 0.9571 0.2050 -0.2050
vn 0.8152 0.1818 -0.5499
vn 0.8152 0.5499 -0.1820
vn 0.7168 0.4931 -0.4930
vn 0.2049 0.2049 -0.9571
vn 0.1818 0.5499 -0.8152
vn 0.5500 0.1818 -0.8151
vn 0.4931 0.4931 -0.7167
vn -0.1951 -0.9808 -0.0000
vn -0.5556 -0.8315 -0.0000
vn -0.8315 -0.5556 -0.0000
vn -0.9808 -0.1951 -0.0000
vn -0.1951 -0.0000 0.9808
vn -0.5555 -0.0000 0.8315
vn -0.8315 -0.0000 0.5555
vn -0.9808 -0.0000 0.1951
vn -0.1951 0.9808 -0.0000
vn -0.5556 0.8315 -0.0000
vn -0.8315 0.5556 -0.0000
vn -0.9808 0.1951 -0.0000
vn -0.1951 -0.0000 -0.9808
vn -0.5555 -0.0000 -0.8315
vn -0.8315 -0.0000 -0.5555
vn -0.9808 -0.0000 -0.1951
vn -0.0000 -0.9808 -0.1951
vn -0.0000 -0.8315 -0.5556
vn -0.0000 -0.5556 -0.8315
vn -0.0000 -0.1951 -0.9808
vn -0.0000 0.9808 -0.1951
vn -0.0000 0.8315 -0.5556
vn -0.0000 0.5556 -0.8315
vn -0.0000 0.1951 -0.9808
vn 0.9808 -0.0000 -0.1951
vn 0.8315 -0.0000 -0.5555
vn 0.5555 -0.0000 -0.8315
vn 0.1951 -0.0000 -0.9808
vn 0.1951 -0.9808 -0.0000
vn 0.5556 -0.8315 -0.0000
vn 0.8315 -0.5556 -0.0000
vn 0.9808 -0.1951 -0.0000
vn 0.1951 0.9808 -0.0000
vn 0.5556 0.8315 -0.0000
vn 0.8315 0.5556 -0.0000
vn 0.9808 0.1951 -0.0000
vn 0.1951 -0.0000 0.9808
vn 0.5555 -0.0000 0.8315
vn 0.8315 -0.0000 0.5555
vn 0.9808 -0.0000 0.1951
vn -0.0000 -0.9808 0.1951
vn -0.0000 -0.8315 0.5556
vn -0.0000 -0.5556 0.8315
vn -0.0000 -0.1951 0.9808
vn -0.0000 0.9808 0.1951
vn -0.0000 0.8315 0.5556
vn -0.0000 0.5556 0.8315
vn -0.0000 0.1951 0.9808
vn -0.0000 -1.0000 -0.0000
vn -1.0000 -0.0000 -0.0000
vn -0.0000 -0.0000 1.0000
vn -0.0000 1.0000 -0.0000
vn -0.0000 -0.0000 -1.0000
vn 1.0000 -0.0000 -0.0000
vt 0.125250 0.749167
vt 0.125250 0.749486
vt 0.125152 0.749494
vt 0.125154 0.749167
vt 0.125250 0.750000
vt 0.125157 0.750000
vt 0.125000 0.749477
vt 0.125000 0.749167
vt 0.125106 0.750000
vt 0.400000 0.999750
vt 0.400000 0.999846
vt 0.390193 0.999848
vt 0.390433 0.999750
vt 0.400000 1.000000
vt 0.390691 1.000000
vt 0.375000 0.999843
vt 0.375000 0.999750
vt 0.385566 1.000000
vt 0.400000 0.000833
vt 0.390433 0.000833
vt 0.390193 0.000506
vt 0.400000 0.000514
vt 0.375000 0.000833
vt 0.375000 0.000523
vt 0.390691 0.000000
vt 0.400000 0.000000
vt 0.375000 0.000352
vt 0.600000 0.999750
vt 0.609567 0.999750
vt 0.609807 0.999848
vt 0.600000 0.999846
vt 0.625000 0.999750
vt 0.625000 0.999843
vt 0.609309 1.000000
vt 0.600000 1.000000
vt 0.625000 0.999894
vt 0.874750 0.749167
vt 0.874846 0.749167
vt 0.874848 0.749494
vt 0.874750 0.749486
vt 0.875000 0.749167
vt 0.875000 0.749477
vt 0.874843 0.750000
vt 0.874750 0.750000
vt 0.875000 0.749648
vt 0.600000 0.000833
vt 0.600000 0.000514
vt 0.609807 0.000506
vt 0.609567 0.000833
vt 0.600000 0.000000
vt 0.609309 0.000000
vt 0.625000 0.000523
vt 0.625000 0.000833
vt 0.614434 0.000000
vt 0.125250 0.500833
vt 0.125154 0.500833
vt 0.125152 0.500506
vt 0.125250 0.500514
vt 0.125000 0.500833
vt 0.125000 0.500523
vt 0.125157 0.500000
vt 0.125250 0.500000
vt 0.125000 0.500352
vt 0.400000 0.249167
vt 0.400000 0.249486
vt 0.390193 0.249494
vt 0.390433 0.249167
vt 0.400000 0.250000
vt 0.390691 0.250000
vt 0.375000 0.249477
vt 0.375000 0.249167
vt 0.380283 0.250053
vt 0.400000 0.250250
vt 0.390433 0.250250
vt 0.390193 0.250152
vt 0.400000 0.250154
vt 0.375000 0.250250
vt 0.375000 0.250157
vt 0.874750 0.500833
vt 0.874750 0.500514
vt 0.874848 0.500506
vt 0.874846 0.500833
vt 0.874750 0.500000
vt 0.874843 0.500000
vt 0.875000 0.500523
vt 0.875000 0.500833
vt 0.874894 0.500000
vt 0.600000 0.250250
vt 0.600000 0.250154
vt 0.609807 0.250152
vt 0.609567 0.250250
vt 0.600000 0.250000
vt 0.609309 0.250000
vt 0.625000 0.250157
vt 0.625000 0.250250
vt 0.619717 0.249824
vt 0.600000 0.249167
vt 0.609567 0.249167
vt 0.609807 0.249494
vt 0.600000 0.249486
vt 0.625000 0.249167
vt 0.625000 0.249477
vt 0.374750 0.749167
vt 0.374846 0.749167
vt 0.374848 0.749494
vt 0.374750 0.749486
vt 0.375000 0.749167
vt 0.375000 0.749477
vt 0.374922 0.750078
vt 0.374875 0.750125
vt 0.378522 0.749918
vt 0.400000 0.749167
vt 0.400000 0.749486
vt 0.390193 0.749494
vt 0.390433 0.749167
vt 0.400000 0.750000
vt 0.390691 0.750000
vt 0.400000 0.750250
vt 0.390433 0.750250
vt 0.390193 0.750152
vt 0.400000 0.750154
vt 0.625250 0.749167
vt 0.625250 0.749486
vt 0.625152 0.749494
vt 0.625154 0.749167
vt 0.625125 0.750125
vt 0.625078 0.750078
vt 0.625000 0.749477
vt 0.625000 0.749167
vt 0.621513 0.749883
vt 0.600000 0.750250
vt 0.600000 0.750154
vt 0.609807 0.750152
vt 0.609567 0.750250
vt 0.600000 0.750000
vt 0.609309 0.750000
vt 0.600000 0.749167
vt 0.609567 0.749167
vt 0.609807 0.749494
vt 0.600000 0.749486
vt 0.374750 0.500833
vt 0.374750 0.500514
vt 0.374848 0.500506
vt 0.374846 0.500833
vt 0.374875 0.499875
vt 0.374922 0.499922
vt 0.375000 0.500523
vt 0.375000 0.500833
vt 0.378487 0.500117
vt 0.400000 0.499750
vt 0.400000 0.499846
vt 0.390193 0.499848
vt 0.390433 0.499750
vt 0.400000 0.500000
vt 0.390691 0.500000
vt 0.400000 0.500833
vt 0.390433 0.500833
vt 0.390193 0.500506
vt 0.400000 0.500514
vt 0.625250 0.500833
vt 0.625154 0.500833
vt 0.625152 0.500506
vt 0.625250 0.500514
vt 0.625000 0.500833
vt 0.625000 0.500523
vt 0.625078 0.499922
vt 0.625125 0.499875
vt 0.621478 0.500082
vt 0.600000 0.500833
vt 0.600000 0.500514
vt 0.609807 0.500506
vt 0.609567 0.500833
vt 0.600000 0.500000
vt 0.609309 0.500000
vt 0.600000 0.499750
vt 0.609567 0.499750
vt 0.609807 0.499848
vt 0.600000 0.499846
s 0
usemtl MatteBlackTitanium
f 305/357/301 308/358/301 311/359/301 310/360/301
f 308/358/302 309/361/302 312/362/302 311/359/302
f 310/360/303 311/359/303 323/363/303 320/364/303
f 311/359/304 312/362/304 313/365/304 323/363/304
f 306/366/305 314/367/305 317/368/305 316/369/305
f 314/367/306 315/370/306 318/371/306 317/368/306
f 316/369/307 317/368/307 312/372/307 309/373/307
f 317/368/308 318/371/308 313/374/308 312/372/308
f 307/375/309 319/376/309 322/377/309 321/378/309
f 319/376/310 320/379/310 323/380/310 322/377/310
f 321/378/311 322/377/311 318/381/311 315/382/311
f 322/377/312 323/380/312 313/383/312 318/381/312
f 324/384/313 327/385/313 330/386/313 329/387/313
f 327/385/314 328/388/314 331/389/314 330/386/314
f 329/387/315 330/386/315 342/390/315 339/391/315
f 330/386/316 331/389/316 332/392/316 342/390/316
f 325/393/317 333/394/317 336/395/317 335/396/317
f 333/394/318 334/397/318 337/398/318 336/395/318
f 335/396/319 336/395/319 331/399/319 328/400/319
f 336/395/320 337/398/320 332/401/320 331/399/320
f 326/402/321 338/403/321 341/404/321 340/405/321
f 338/403/322 339/406/322 342/407/322 341/404/322
f 340/405/323 341/404/323 337/408/323 334/409/323
f 341/404/324 342/407/324 332/410/324 337/408/324
f 343/411/325 346/412/325 349/413/325 348/414/325
f 346/412/326 347/415/326 350/416/326 349/413/326
f 348/414/327 349/413/327 361/417/327 358/418/327
f 349/413/328 350/416/328 351/419/328 361/417/328
f 344/420/329 352/421/329 355/422/329 354/423/329
f 352/421/330 353/424/330 356/425/330 355/422/330
f 354/423/331 355/422/331 350/426/331 347/427/331
f 355/422/332 356/425/332 351/428/332 350/426/332
f 345/429/333 357/430/333 360/431/333 359/432/333
f 357/430/334 358/433/334 361/434/334 360/431/334
f 359/432/335 360/431/335 356/425/335 353/424/335
f 360/431/336 361/434/336 351/428/336 356/425/336
f 362/435/337 365/436/337 368/437/337 367/438/337
f 365/436/338 366/439/338 369/440/338 368/437/338
f 367/438/339 368/437/339 380/441/339 377/442/339
f 368/437/340 369/440/340 370/443/340 380/441/340
f 363/444/341 371/445/341 374/446/341 373/447/341
f 371/445/342 372/448/342 375/449/342 374/446/342
f 373/447/343 374/446/343 369/450/343 366/451/343
f 374/446/344 375/449/344 370/452/344 369/450/344
f 364/453/345 376/454/345 379/455/345 378/456/345
f 376/454/346 377/457/346 380/458/346 379/455/346
f 378/456/347 379/455/347 375/449/347 372/448/347
f 379/455/348 380/458/348 370/452/348 375/449/348
f 381/459/349 384/460/349 387/461/349 386/462/349
f 384/460/350 385/463/350 388/464/350 387/461/350
f 386/462/351 387/461/351 399/465/351 396/466/351
f 387/461/352 388/464/352 389/467/352 399/465/352
f 382/468/353 390/469/353 393/470/353 392/471/353
f 390/469/354 391/472/354 394/473/354 393/470/354
f 392/471/355 393/470/355 388/464/355 385/463/355
f 393/470/356 394/473/356 389/467/356 388/464/356
f 383/474/357 395/475/357 398/476/357 397/477/357
f 395/475/358 396/466/358 399/465/358 398/476/358
f 397/477/359 398/476/359 394/473/359 391/472/359
f 398/476/360 399/465/360 389/467/360 394/473/360
f 400/478/361 403/479/361 406/480/361 405/481/361
f 403/479/362 404/482/362 407/483/362 406/480/362
f 405/481/363 406/480/363 418/484/363 415/485/363
f 406/480/364 407/483/364 408/486/364 418/484/364
f 401/487/365 409/488/365 412/489/365 411/490/365
f 409/488/366 410/491/366 413/492/366 412/489/366
f 411/490/367 412/489/367 407/483/367 404/482/367
f 412/489/368 413/492/368 408/486/368 407/483/368
f 402/493/369 414/494/369 417/495/369 416/496/369
f 414/494/370 415/485/370 418/484/370 417/495/370
f 416/496/371 417/495/371 413/492/371 410/491/371
f 417/495/372 418/484/372 408/486/372 413/492/372
f 419/497/373 422/498/373 425/499/373 424/500/373
f 422/498/374 423/501/374 426/502/374 425/499/374
f 424/500/375 425/499/375 437/503/375 434/504/375
f 425/499/376 426/502/376 427/505/376 437/503/376
f 420/506/377 428/507/377 431/508/377 430/509/377
f 428/507/378 429/510/378 432/511/378 431/508/378
f 430/509/379 431/508/379 426/502/379 423/501/379
f 431/508/380 432/511/380 427/505/380 426/502/380
f 421/512/381 433/513/381 436/514/381 435/515/381
f 433/513/382 434/504/382 437/503/382 436/514/382
f 435/515/383 436/514/383 432/511/383 429/510/383
f 436/514/384 437/503/384 427/505/384 432/511/384
f 438/516/385 441/517/385 444/518/385 443/519/385
f 441/517/386 442/520/386 445/521/386 444/518/386
f 443/519/387 444/518/387 456/522/387 453/523/387
f 444/518/388 445/521/388 446/524/388 456/522/388
f 439/525/389 447/526/389 450/527/389 449/528/389
f 447/526/390 448/529/390 451/530/390 450/527/390
f 449/528/391 450/527/391 445/521/391 442/520/391
f 450/527/392 451/530/392 446/524/392 445/521/392
f 440/531/393 452/532/393 455/533/393 454/534/393
f 452/532/394 453/523/394 456/522/394 455/533/394
f 454/534/395 455/533/395 451/530/395 448/529/395
f 455/533/396 456/522/396 446/524/396 451/530/396
f 343/411/397 305/357/397 310/360/397 346/412/397
f 346/412/398 310/360/398 320/364/398 347/415/398
f 347/427/399 320/379/399 319/376/399 354/423/399
f 354/423/400 319/376/400 307/375/400 344/420/400
f 306/366/401 324/384/401 329/387/401 314/367/401
f 314/367/402 329/387/402 339/391/402 315/370/402
f 315/382/403 339/406/403 338/403/403 321/378/403
f 321/378/404 338/403/404 326/402/404 307/375/404
f 325/393/405 362/435/405 367/438/405 333/394/405
f 333/394/406 367/438/406 377/442/406 334/397/406
f 334/409/407 377/457/407 376/454/407 340/405/407
f 340/405/408 376/454/408 364/453/408 326/402/408
f 363/444/409 345/429/409 359/432/409 371/445/409
f 371/445/410 359/432/410 353/424/410 372/448/410
f 372/448/411 353/424/411 352/421/411 378/456/411
f 378/456/412 352/421/412 344/420/412 364/453/412
f 419/497/413 343/411/413 348/414/413 422/498/413
f 422/498/414 348/414/414 358/418/414 423/501/414
f 423/501/415 358/433/415 357/430/415 430/509/415
f 430/509/416 357/430/416 345/429/416 420/506/416
f 362/435/417 438/516/417 443/519/417 365/436/417
f 365/436/418 443/519/418 453/523/418 366/439/418
f 366/451/419 453/523/419 452/532/419 373/447/419
f 373/447/420 452/532/420 440/531/420 363/444/420
f 439/525/421 421/512/421 435/515/421 447/526/421
f 447/526/422 435/515/422 429/510/422 448/529/422
f 448/529/423 429/510/423 428/507/423 454/534/423
f 454/534/424 428/507/424 420/506/424 440/531/424
f 381/459/425 419/497/425 424/500/425 384/460/425
f 384/460/426 424/500/426 434/504/426 385/463/426
f 385/463/427 434/504/427 433/513/427 392/471/427
f 392/471/428 433/513/428 421/512/428 382/468/428
f 438/516/429 400/478/429 405/481/429 441/517/429
f 441/517/430 405/481/430 415/485/430 442/520/430
f 442/520/431 415/485/431 414/494/431 449/528/431
f 449/528/432 414/494/432 402/493/432 439/525/432
f 401/487/433 383/474/433 397/477/433 409/488/433
f 409/488/434 397/477/434 391/472/434 410/491/434
f 410/491/435 391/472/435 390/469/435 416/496/435
f 416/496/436 390/469/436 382/468/436 402/493/436
f 305/357/437 381/459/437 386/462/437 308/358/437
f 308/358/438 386/462/438 396/466/438 309/361/438
f 309/373/439 396/466/439 395/475/439 316/369/439
f 316/369/440 395/475/440 383/474/440 306/366/440
f 400/478/441 325/393/441 335/396/441 403/479/441
f 403/479/442 335/396/442 328/400/442 404/482/442
f 404/482/443 328/388/443 327/385/443 411/490/443
f 411/490/444 327/385/444 324/384/444 401/487/444
f 343/411/445 419/497/445 381/459/445 305/357/445
f 307/375/446 326/402/446 364/453/446 344/420/446
f 383/474/447 401/487/447 324/384/447 306/366/447
f 438/516/448 362/435/448 325/393/448 400/478/448
f 345/429/449 363/444/449 440/531/449 420/506/449
f 421/512/450 439/525/450 402/493/450 382/468/450
o 5_DisplayBezels
v -0.034790 0.004150 0.072790
v -0.034790 0.004160 0.072800
v -0.034800 0.004160 0.072790
v -0.034790 0.004151 0.072794
v -0.034790 0.004153 0.072797
v -0.034794 0.004151 0.072790
v -0.034794 0.004152 0.072794
v -0.034794 0.004153 0.072797
v -0.034796 0.004154 0.072796
v -0.034794 0.004160 0.072799
v -0.034797 0.004160 0.072797
v -0.034790 0.004156 0.072799
v -0.034794 0.004156 0.072798
v -0.034797 0.004156 0.072797
v -0.034799 0.004156 0.072790
v -0.034797 0.004153 0.072790
v -0.034799 0.004160 0.072794
v -0.034798 0.004156 0.072794
v -0.034797 0.004153 0.072794
v -0.034790 0.004240 0.072800
v -0.034790 0.004250 0.072790
v -0.034800 0.004240 0.072790
v -0.034790 0.004244 0.072799
v -0.034790 0.004247 0.072797
v -0.034794 0.004240 0.072799
v -0.034794 0.004244 0.072798
v -0.034794 0.004247 0.072797
v -0.034796 0.004246 0.072796
v -0.034794 0.004249 0.072790
v -0.034797 0.004247 0.072790
v -0.034790 0.004249 0.072794
v -0.034794 0.004248 0.072794
v -0.034797 0.004247 0.072794
v -0.034799 0.004240 0.072794
v -0.034797 0.004240 0.072797
v -0.034799 0.004244 0.072790
v -0.034798 0.004244 0.072794
v -0.034797 0.004244 0.072797
v -0.034790 0.004150 -0.072790
v -0.034800 0.004160 -0.072790
v -0.034790 0.004160 -0.072800
v -0.034794 0.004151 -0.072790
v -0.034797 0.004153 -0.072790
v -0.034790 0.004151 -0.072794
v -0.034794 0.004152 -0.072794
v -0.034797 0.004153 -0.072794
v -0.034796 0.004154 -0.072796
v -0.034799 0.004160 -0.072794
v -0.034797 0.004160 -0.072797
v -0.034799 0.004156 -0.072790
v -0.034798 0.004156 -0.072794
v -0.034797 0.004156 -0.072797
v -0.034790 0.004156 -0.072799
v -0.034790 0.004153 -0.072797
v -0.034794 0.004160 -0.072799
v -0.034794 0.004156 -0.072798
v -0.034794 0.004153 -0.072797
v -0.034790 0.004250 -0.072790
v -0.034790 0.004240 -0.072800
v -0.034800 0.004240 -0.072790
v -0.034790 0.004249 -0.072794
v -0.034790 0.004247 -0.072797
v -0.034794 0.004249 -0.072790
v -0.034794 0.004248 -0.072794
v -0.034794 0.004247 -0.072797
v -0.034796 0.004246 -0.072796
v -0.034794 0.004240 -0.072799
v -0.034797 0.004240 -0.072797
v -0.034790 0.004244 -0.072799
v -0.034794 0.004244 -0.072798
v -0.034797 0.004244 -0.072797
v -0.034799 0.004244 -0.072790
v -0.034797 0.004247 -0.072790
v -0.034799 0.004240 -0.072794
v -0.034798 0.004244 -0.072794
v -0.034797 0.004247 -0.072794
v 0.034790 0.004150 0.072790
v 0.034800 0.004160 0.072790
v 0.034790 0.004160 0.072800
v 0.034794 0.004151 0.072790
v 0.034797 0.004153 0.072790
v 0.034790 0.004151 0.072794
v 0.034794 0.004152 0.072794
v 0.034797 0.004153 0.072794
v 0.034796 0.004154 0.072796
v 0.034799 0.004160 0.072794
v 0.034797 0.004160 0.072797
v 0.034799 0.004156 0.072790
v 0.034798 0.004156 0.072794
v 0.034797 0.004156 0.072797
v 0.034790 0.004156 0.072799
v 0.034790 0.004153 0.072797
v 0.034794 0.004160 0.072799
v 0.034794 0.004156 0.072798
v 0.034794 0.004153 0.072797
v 0.034790 0.004250 0.072790
v 0.034790 0.004240 0.072800
v 0.034800 0.004240 0.072790
v 0.034790 0.004249 0.072794
v 0.034790 0.004247 0.072797
v 0.034794 0.004249 0.072790
v 0.034794 0.004248 0.072794
v 0.034794 0.004247 0.072797
v 0.034796 0.004246 0.072796
v 0.034794 0.004240 0.072799
v 0.034797 0.004240 0.072797
v 0.034790 0.004244 0.072799
v 0.034794 0.004244 0.072798
v 0.034797 0.004244 0.072797
v 0.034799 0.004244 0.072790
v 0.034797 0.004247 0.072790
v 0.034799 0.004240 0.072794
v 0.034798 0.004244 0.072794
v 0.034797 0.004247 0.072794
v 0.034790 0.004150 -0.072790
v 0.034790 0.004160 -0.072800
v 0.034800 0.004160 -0.072790
v 0.034790 0.004151 -0.072794
v 0.034790 0.004153 -0.072797
v 0.034794 0.004151 -0.072790
v 0.034794 0.004152 -0.072794
v 0.034794 0.004153 -0.072797
v 0.034796 0.004154 -0.072796
v 0.034794 0.004160 -0.072799
v 0.034797 0.004160 -0.072797
v 0.034790 0.004156 -0.072799
v 0.034794 0.004156 -0.072798
v 0.034797 0.004156 -0.072797
v 0.034799 0.004156 -0.072790
v 0.034797 0.004153 -0.072790
v 0.034799 0.004160 -0.072794
v 0.034798 0.004156 -0.072794
v 0.034797 0.004153 -0.072794
v 0.034790 0.004250 -0.072790
v 0.034800 0.004240 -0.072790
v 0.034790 0.004240 -0.072800
v 0.034794 0.004249 -0.072790
v 0.034797 0.004247 -0.072790
v 0.034790 0.004249 -0.072794
v 0.034794 0.004248 -0.072794
v 0.034797 0.004247 -0.072794
v 0.034796 0.004246 -0.072796
v 0.034799 0.004240 -0.072794
v 0.034797 0.004240 -0.072797
v 0.034799 0.004244 -0.072790
v 0.034798 0.004244 -0.072794
v 0.034797 0.004244 -0.072797
v 0.034790 0.004244 -0.072799
v 0.034790 0.004247 -0.072797
v 0.034794 0.004240 -0.072799
v 0.034794 0.004244 -0.072798
v 0.034794 0.004247 -0.072797
vn -0.2050 -0.9571 0.2049
vn -0.1824 -0.8150 0.5500
vn -0.5498 -0.8153 0.1815
vn -0.4927 -0.7171 0.4929
vn -0.2053 -0.2065 0.9567
vn -0.5503 -0.1806 0.8152
vn -0.1813 -0.5508 0.8147
vn -0.4934 -0.4924 0.7170
vn -0.9568 -0.2054 0.2058
vn -0.8155 -0.5492 0.1827
vn -0.8157 -0.1822 0.5491
vn -0.7171 -0.4945 0.4911
vn -0.2054 0.2064 0.9567
vn -0.1813 0.5506 0.8149
vn -0.5502 0.1806 0.8153
vn -0.4931 0.4930 0.7168
vn -0.2051 0.9570 0.2050
vn -0.5498 0.8153 0.1816
vn -0.1822 0.8153 0.5497
vn -0.4928 0.7169 0.4931
vn -0.9569 0.2054 0.2054
vn -0.8154 0.1826 0.5493
vn -0.8152 0.5496 0.1826
vn -0.7170 0.4945 0.4913
vn -0.2051 -0.9570 -0.2050
vn -0.5498 -0.8153 -0.1816
vn -0.1822 -0.8153 -0.5497
vn -0.4928 -0.7169 -0.4931
vn -0.9569 -0.2054 -0.2054
vn -0.8154 -0.1826 -0.5493
vn -0.8152 -0.5496 -0.1826
vn -0.7170 -0.4945 -0.4913
vn -0.2054 -0.2064 -0.9567
vn -0.1813 -0.5506 -0.8149
vn -0.5502 -0.1806 -0.8153
vn -0.4931 -0.4930 -0.7168
vn -0.2050 0.9571 -0.2049
vn -0.1824 0.8150 -0.5500
vn -0.5498 0.8153 -0.1815
vn -0.4927 0.7171 -0.4929
vn -0.2053 0.2065 -0.9567
vn -0.5503 0.1806 -0.8152
vn -0.1813 0.5508 -0.8147
vn -0.4934 0.4924 -0.7170
vn -0.9568 0.2054 -0.2058
vn -0.8155 0.5492 -0.1827
vn -0.8157 0.1822 -0.5491
vn -0.7171 0.4945 -0.4911
vn 0.2051 -0.9570 0.2050
vn 0.5498 -0.8153 0.1816
vn 0.1822 -0.8153 0.5497
vn 0.4928 -0.7169 0.4931
vn 0.9569 -0.2054 0.2054
vn 0.8154 -0.1826 0.5493
vn 0.8152 -0.5496 0.1826
vn 0.7170 -0.4945 0.4913
vn 0.2054 -0.2064 0.9567
vn 0.1813 -0.5506 0.8149
vn 0.5502 -0.1806 0.8153
vn 0.4931 -0.4930 0.7168
vn 0.2050 0.9571 0.2049
vn 0.1824 0.8150 0.5500
vn 0.5498 0.8153 0.1815
vn 0.4927 0.7171 0.4929
vn 0.2053 0.2065 0.9567
vn 0.5503 0.1806 0.8152
vn 0.1813 0.5508 0.8147
vn 0.4934 0.4924 0.7170
vn 0.9568 0.2054 0.2058
vn 0.8155 0.5492 0.1827
vn 0.8157 0.1822 0.5491
vn 0.7171 0.4945 0.4911
vn 0.2050 -0.9571 -0.2049
vn 0.1824 -0.8150 -0.5500
vn 0.5498 -0.8153 -0.1815
vn 0.4927 -0.7171 -0.4929
vn 0.2053 -0.2065 -0.9567
vn 0.5503 -0.1806 -0.8152
vn 0.1813 -0.5508 -0.8147
vn 0.4934 -0.4924 -0.7170
vn 0.9568 -0.2054 -0.2058
vn 0.8155 -0.5492 -0.1827
vn 0.8157 -0.1822 -0.5491
vn 0.7171 -0.4945 -0.4911
vn 0.2051 0.9570 -0.2050
vn 0.5498 0.8153 -0.1816
vn 0.1822 0.8153 -0.5497
vn 0.4928 0.7169 -0.4931
vn 0.9569 0.2054 -0.2054
vn 0.8154 0.1826 -0.5493
vn 0.8152 0.5496 -0.1826
vn 0.7170 0.4945 -0.4913
vn 0.2054 0.2064 -0.9567
vn 0.1813 0.5506 -0.8149
vn 0.5502 0.1806 -0.8153
vn 0.4931 0.4930 -0.7168
vn -0.1951 -0.9808 -0.0000
vn -0.5555 -0.8315 -0.0000
vn -0.8314 -0.5556 -0.0000
vn -0.9808 -0.1948 -0.0000
vn -0.1967 -0.0000 0.9805
vn -0.5555 -0.0000 0.8315
vn -0.8311 -0.0000 0.5561
vn -0.9809 -0.0000 0.1947
vn -0.1951 0.9808 -0.0000
vn -0.5555 0.8315 -0.0000
vn -0.8314 0.5556 -0.0000
vn -0.9808 0.1948 -0.0000
vn -0.1967 -0.0000 -0.9805
vn -0.5555 -0.0000 -0.8315
vn -0.8311 -0.0000 -0.5561
vn -0.9809 -0.0000 -0.1947
vn -0.0000 -0.9807 -0.1954
vn -0.0000 -0.8316 -0.5554
vn -0.0000 -0.5557 -0.8314
vn -0.0000 -0.1955 -0.9807
vn -0.0000 0.9807 -0.1954
vn -0.0000 0.8316 -0.5554
vn -0.0000 0.5557 -0.8314
vn -0.0000 0.1955 -0.9807
vn 0.9809 -0.0000 -0.1947
vn 0.8311 -0.0000 -0.5561
vn 0.5555 -0.0000 -0.8315
vn 0.1967 -0.0000 -0.9805
vn 0.1951 -0.9808 -0.0000
vn 0.5555 -0.8315 -0.0000
vn 0.8314 -0.5556 -0.0000
vn 0.9808 -0.1948 -0.0000
vn 0.1951 0.9808 -0.0000
vn 0.5555 0.8315 -0.0000
vn 0.8314 0.5556 -0.0000
vn 0.9808 0.1948 -0.0000
vn 0.1967 -0.0000 0.9805
vn 0.5555 -0.0000 0.8315
vn 0.8311 -0.0000 0.5561
vn 0.9809 -0.0000 0.1947
vn -0.0000 -0.9807 0.1954
vn -0.0000 -0.8316 0.5554
vn -0.0000 -0.5557 0.8314
vn -0.0000 -0.1955 0.9807
vn -0.0000 0.9807 0.1954
vn -0.0000 0.8316 0.5554
vn -0.0000 0.5557 0.8314
vn -0.0000 0.1955 0.9807
vn -0.0000 -1.0000 -0.0000
vn -1.0000 -0.0000 -0.0000
vn -0.0000 -0.0000 1.0000
vn -0.0000 1.0000 -0.0000
vn -0.0000 -0.0000 -1.0000
vn 1.0000 -0.0000 -0.0000
vt 0.125036 0.749983
vt 0.125036 0.749989
vt 0.125022 0.749990
vt 0.125022 0.749983
vt 0.125036 0.750000
vt 0.125023 0.750000
vt 0.125000 0.749989
vt 0.125000 0.749983
vt 0.125015 0.750000
vt 0.400000 0.999964
vt 0.400000 0.999978
vt 0.390193 0.999978
vt 0.390433 0.999964
vt 0.400000 1.000000
vt 0.390691 1.000000
vt 0.375000 0.999977
vt 0.375000 0.999964
vt 0.385566 1.000000
vt 0.400000 0.000017
vt 0.390433 0.000017
vt 0.390193 0.000010
vt 0.400000 0.000011
vt 0.375000 0.000017
vt 0.375000 0.000011
vt 0.390691 0.000000
vt 0.400000 0.000000
vt 0.375000 0.000007
vt 0.600000 0.999964
vt 0.609567 0.999964
vt 0.609807 0.999978
vt 0.600000 0.999978
vt 0.625000 0.999964
vt 0.625000 0.999977
vt 0.609309 1.000000
vt 0.600000 1.000000
vt 0.625000 0.999985
vt 0.874964 0.749983
vt 0.874978 0.749983
vt 0.874978 0.749990
vt 0.874964 0.749989
vt 0.875000 0.749983
vt 0.875000 0.749989
vt 0.874977 0.750000
vt 0.874964 0.750000
vt 0.875000 0.749993
vt 0.600000 0.000017
vt 0.600000 0.000011
vt 0.609807 0.000010
vt 0.609567 0.000017
vt 0.600000 0.000000
vt 0.609309 0.000000
vt 0.625000 0.000011
vt 0.625000 0.000017
vt 0.614434 0.000000
vt 0.125036 0.500017
vt 0.125022 0.500017
vt 0.125022 0.500010
vt 0.125036 0.500011
vt 0.125000 0.500017
vt 0.125000 0.500011
vt 0.125023 0.500000
vt 0.125036 0.500000
vt 0.125000 0.500007
vt 0.400000 0.249983
vt 0.400000 0.249989
vt 0.390193 0.249990
vt 0.390433 0.249983
vt 0.400000 0.250000
vt 0.390691 0.250000
vt 0.375000 0.249989
vt 0.375000 0.249983
vt 0.380283 0.250008
vt 0.400000 0.250036
vt 0.390433 0.250036
vt 0.390193 0.250022
vt 0.400000 0.250022
vt 0.375000 0.250036
vt 0.375000 0.250023
vt 0.874964 0.500017
vt 0.874964 0.500011
vt 0.874978 0.500010
vt 0.874978 0.500017
vt 0.874964 0.500000
vt 0.874977 0.500000
vt 0.875000 0.500011
vt 0.875000 0.500017
vt 0.874985 0.500000
vt 0.600000 0.250036
vt 0.600000 0.250022
vt 0.609807 0.250022
vt 0.609567 0.250036
vt 0.600000 0.250000
vt 0.609309 0.250000
vt 0.625000 0.250023
vt 0.625000 0.250036
vt 0.619717 0.249996
vt 0.600000 0.249983
vt 0.609567 0.249983
vt 0.609807 0.249990
vt 0.600000 0.249989
vt 0.625000 0.249983
vt 0.625000 0.249989
vt 0.374964 0.749983
vt 0.374978 0.749983
vt 0.374978 0.749990
vt 0.374964 0.749989
vt 0.375000 0.749983
vt 0.375000 0.749989
vt 0.374989 0.750011
vt 0.374982 0.750018
vt 0.378522 0.750003
vt 0.400000 0.749983
vt 0.400000 0.749989
vt 0.390193 0.749990
vt 0.390433 0.749983
vt 0.400000 0.750000
vt 0.390691 0.750000
vt 0.400000 0.750036
vt 0.390433 0.750036
vt 0.390193 0.750022
vt 0.400000 0.750022
vt 0.625036 0.749983
vt 0.625036 0.749989
vt 0.625022 0.749990
vt 0.625022 0.749983
vt 0.625018 0.750018
vt 0.625011 0.750011
vt 0.625000 0.749989
vt 0.625000 0.749983
vt 0.621483 0.749998
vt 0.600000 0.750036
vt 0.600000 0.750022
vt 0.609807 0.750022
vt 0.609567 0.750036
vt 0.600000 0.750000
vt 0.609309 0.750000
vt 0.600000 0.749983
vt 0.609567 0.749983
vt 0.609807 0.749990
vt 0.600000 0.749989
vt 0.374964 0.500017
vt 0.374964 0.500011
vt 0.374978 0.500010
vt 0.374978 0.500017
vt 0.374982 0.499982
vt 0.374989 0.499989
vt 0.375000 0.500011
vt 0.375000 0.500017
vt 0.378517 0.500002
vt 0.400000 0.499964
vt 0.400000 0.499978
vt 0.390193 0.499978
vt 0.390433 0.499964
vt 0.400000 0.500000
vt 0.390691 0.500000
vt 0.400000 0.500017
vt 0.390433 0.500017
vt 0.390193 0.500010
vt 0.400000 0.500011
vt 0.625036 0.500017
vt 0.625022 0.500017
vt 0.625022 0.500010
vt 0.625036 0.500011
vt 0.625000 0.500017
vt 0.625000 0.500011
vt 0.625011 0.499989
vt 0.625018 0.499982
vt 0.621478 0.499997
vt 0.600000 0.500017
vt 0.600000 0.500011
vt 0.609807 0.500010
vt 0.609567 0.500017
vt 0.600000 0.500000
vt 0.609309 0.500000
vt 0.600000 0.499964
vt 0.609567 0.499964
vt 0.609807 0.499978
vt 0.600000 0.499978
s 0
usemtl MatteBlackTitanium
f 457/535/451 460/536/451 463/537/451 462/538/451
f 460/536/452 461/539/452 464/540/452 463/537/452
f 462/538/453 463/537/453 475/541/453 472/542/453
f 463/537/454 464/540/454 465/543/454 475/541/454
f 458/544/455 466/545/455 469/546/455 468/547/455
f 466/545/456 467/548/456 470/549/456 469/546/456
f 468/547/457 469/546/457 464/550/457 461/551/457
f 469/546/458 470/549/458 465/552/458 464/550/458
f 459/553/459 471/554/459 474/555/459 473/556/459
f 471/554/460 472/557/460 475/558/460 474/555/460
f 473/556/461 474/555/461 470/559/461 467/560/461
f 474/555/462 475/558/462 465/561/462 470/559/462
f 476/562/463 479/563/463 482/564/463 481/565/463
f 479/563/464 480/566/464 483/567/464 482/564/464
f 481/565/465 482/564/465 494/568/465 491/569/465
f 482/564/466 483/567/466 484/570/466 494/568/466
f 477/571/467 485/572/467 488/573/467 487/574/467
f 485/572/468 486/575/468 489/576/468 488/573/468
f 487/574/469 488/573/469 483/577/469 480/578/469
f 488/573/470 489/576/470 484/579/470 483/577/470
f 478/580/471 490/581/471 493/582/471 492/583/471
f 490/581/472 491/584/472 494/585/472 493/582/472
f 492/583/473 493/582/473 489/586/473 486/587/473
f 493/582/474 494/585/474 484/588/474 489/586/474
f 495/589/475 498/590/475 501/591/475 500/592/475
f 498/590/476 499/593/476 502/594/476 501/591/476
f 500/592/477 501/591/477 513/595/477 510/596/477
f 501/591/478 502/594/478 503/597/478 513/595/478
f 496/598/479 504/599/479 507/600/479 506/601/479
f 504/599/480 505/602/480 508/603/480 507/600/480
f 506/601/481 507/600/481 502/604/481 499/605/481
f 507/600/482 508/603/482 503/606/482 502/604/482
f 497/607/483 509/608/483 512/609/483 511/610/483
f 509/608/484 510/611/484 513/612/484 512/609/484
f 511/610/485 512/609/485 508/603/485 505/602/485
f 512/609/486 513/612/486 503/606/486 508/603/486
f 514/613/487 517/614/487 520/615/487 519/616/487
f 517/614/488 518/617/488 521/618/488 520/615/488
f 519/616/489 520/615/489 532/619/489 529/620/489
f 520/615/490 521/618/490 522/621/490 532/619/490
f 515/622/491 523/623/491 526/624/491 525/625/491
f 523/623/492 524/626/492 527/627/492 526/624/492
f 525/625/493 526/624/493 521/628/493 518/629/493
f 526/624/494 527/627/494 522/630/494 521/628/494
f 516/631/495 528/632/495 531/633/495 530/634/495
f 528/632/496 529/635/496 532/636/496 531/633/496
f 530/634/497 531/633/497 527/627/497 524/626/497
f 531/633/498 532/636/498 522/630/498 527/627/498
f 533/637/499 536/638/499 539/639/499 538/640/499
f 536/638/500 537/641/500 540/642/500 539/639/500
f 538/640/501 539/639/501 551/643/501 548/644/501
f 539/639/502 540/642/502 541/645/502 551/643/502
f 534/646/503 542/647/503 545/648/503 544/649/503
f 542/647/504 543/650/504 546/651/504 545/648/504
f 544/649/505 545/648/505 540/642/505 537/641/505
f 545/648/506 546/651/506 541/645/506 540/642/506
f 535/652/507 547/653/507 550/654/507 549/655/507
f 547/653/508 548/644/508 551/643/508 550/654/508
f 549/655/509 550/654/509 546/651/509 543/650/509
f 550/654/510 551/643/510 541/645/510 546/651/510
f 552/656/511 555/657/511 558/658/511 557/659/511
f 555/657/512 556/660/512 559/661/512 558/658/512
f 557/659/513 558/658/513 570/662/513 567/663/513
f 558/658/514 559/661/514 560/664/514 570/662/514
f 553/665/515 561/666/515 564/667/515 563/668/515
f 561/666/516 562/669/516 565/670/516 564/667/516
f 563/668/517 564/667/517 559/661/517 556/660/517
f 564/667/518 565/670/518 560/664/518 559/661/518
f 554/671/519 566/672/519 569/673/519 568/674/519
f 566/672/520 567/663/520 570/662/520 569/673/520
f 568/674/521 569/673/521 565/670/521 562/669/521
f 569/673/522 570/662/522 560/664/522 565/670/522
f 571/675/523 574/676/523 577/677/523 576/678/523
f 574/676/524 575/679/524 578/680/524 577/677/524
f 576/678/525 577/677/525 589/681/525 586/682/525
f 577/677/526 578/680/526 579/683/526 589/681/526
f 572/684/527 580/685/527 583/686/527 582/687/527
f 580/685/528 581/688/528 584/689/528 583/686/528
f 582/687/529 583/686/529 578/680/529 575/679/529
f 583/686/530 584/689/530 579/683/530 578/680/530
f 573/690/531 585/691/531 588/692/531 587/693/531
f 585/691/532 586/682/532 589/681/532 588/692/532
f 587/693/533 588/692/533 584/689/533 581/688/533
f 588/692/534 589/681/534 579/683/534 584/689/534
f 590/694/535 593/695/535 596/696/535 595/697/535
f 593/695/536 594/698/536 597/699/536 596/696/536
f 595/697/537 596/696/537 608/700/537 605/701/537
f 596/696/538 597/699/538 598/702/538 608/700/538
f 591/703/539 599/704/539 602/705/539 601/706/539
f 599/704/540 600/707/540 603/708/540 602/705/540
f 601/706/541 602/705/541 597/699/541 594/698/541
f 602/705/542 603/708/542 598/702/542 597/699/542
f 592/709/543 604/710/543 607/711/543 606/712/543
f 604/710/544 605/701/544 608/700/544 607/711/544
f 606/712/545 607/711/545 603/708/545 600/707/545
f 607/711/546 608/700/546 598/702/546 603/708/546
f 495/589/547 457/535/547 462/538/547 498/590/547
f 498/590/548 462/538/548 472/542/548 499/593/548
f 499/605/549 472/557/549 471/554/549 506/601/549
f 506/601/550 471/554/550 459/553/550 496/598/550
f 458/544/551 476/562/551 481/565/551 466/545/551
f 466/545/552 481/565/552 491/569/552 467/548/552
f 467/560/553 491/584/553 490/581/553 473/556/553
f 473/556/554 490/581/554 478/580/554 459/553/554
f 477/571/555 514/613/555 519/616/555 485/572/555
f 485/572/556 519/616/556 529/620/556 486/575/556
f 486/587/557 529/635/557 528/632/557 492/583/557
f 492/583/558 528/632/558 516/631/558 478/580/558
f 515/622/559 497/607/559 511/610/559 523/623/559
f 523/623/560 511/610/560 505/602/560 524/626/560
f 524/626/561 505/602/561 504/599/561 530/634/561
f 530/634/562 504/599/562 496/598/562 516/631/562
f 571/675/563 495/589/563 500/592/563 574/676/563
f 574/676/564 500/592/564 510/596/564 575/679/564
f 575/679/565 510/611/565 509/608/565 582/687/565
f 582/687/566 509/608/566 497/607/566 572/684/566
f 514/613/567 590/694/567 595/697/567 517/614/567
f 517/614/568 595/697/568 605/701/568 518/617/568
f 518/629/569 605/701/569 604/710/569 525/625/569
f 525/625/570 604/710/570 592/709/570 515/622/570
f 591/703/571 573/690/571 587/693/571 599/704/571
f 599/704/572 587/693/572 581/688/572 600/707/572
f 600/707/573 581/688/573 580/685/573 606/712/573
f 606/712/574 580/685/574 572/684/574 592/709/574
f 533/637/575 571/675/575 576/678/575 536/638/575
f 536/638/576 576/678/576 586/682/576 537/641/576
f 537/641/577 586/682/577 585/691/577 544/649/577
f 544/649/578 585/691/578 573/690/578 534/646/578
f 590/694/579 552/656/579 557/659/579 593/695/579
f 593/695/580 557/659/580 567/663/580 594/698/580
f 594/698/581 567/663/581 566/672/581 601/706/581
f 601/706/582 566/672/582 554/671/582 591/703/582
f 553/665/583 535/652/583 549/655/583 561/666/583
f 561/666/584 549/655/584 543/650/584 562/669/584
f 562/669/585 543/650/585 542/647/585 568/674/585
f 568/674/586 542/647/586 534/646/586 554/671/586
f 457/535/587 533/637/587 538/640/587 460/536/587
f 460/536/588 538/640/588 548/644/588 461/539/588
f 461/551/589 548/644/589 547/653/589 468/547/589
f 468/547/590 547/653/590 535/652/590 458/544/590
f 552/656/591 477/571/591 487/574/591 555/657/591
f 555/657/592 487/574/592 480/578/592 556/660/592
f 556/660/593 480/566/593 479/563/593 563/668/593
f 563/668/594 479/563/594 476/562/594 553/665/594
f 495/589/595 571/675/595 533/637/595 457/535/595
f 459/553/596 478/580/596 516/631/596 496/598/596
f 535/652/597 553/665/597 476/562/597 458/544/597
f 590/694/598 514/613/598 477/571/598 552/656/598
f 497/607/599 515/622/599 592/709/599 572/684/599
f 573/690/600 591/703/600 554/671/600 534/646/600
o 6_RearGlass
v -0.034750 -0.004650 0.072750
v -0.034750 -0.004600 0.072800
v -0.034800 -0.004600 0.072750
v -0.034750 -0.004646 0.072769
v -0.034750 -0.004635 0.072785
v -0.034769 -0.004646 0.072750
v -0.034770 -0.004642 0.072770
v -0.034769 -0.004633 0.072783
v -0.034779 -0.004629 0.072779
v -0.034769 -0.004600 0.072796
v -0.034785 -0.004600 0.072785
v -0.034750 -0.004619 0.072796
v -0.034770 -0.004620 0.072792
v -0.034783 -0.004619 0.072783
v -0.034796 -0.004619 0.072750
v -0.034785 -0.004635 0.072750
v -0.034796 -0.004600 0.072769
v -0.034792 -0.004620 0.072770
v -0.034783 -0.004633 0.072769
v -0.034750 -0.004200 0.072800
v -0.034750 -0.004150 0.072750
v -0.034800 -0.004200 0.072750
v -0.034750 -0.004181 0.072796
v -0.034750 -0.004165 0.072785
v -0.034769 -0.004200 0.072796
v -0.034770 -0.004180 0.072792
v -0.034769 -0.004167 0.072783
v -0.034779 -0.004171 0.072779
v -0.034769 -0.004154 0.072750
v -0.034785 -0.004165 0.072750
v -0.034750 -0.004154 0.072769
v -0.034770 -0.004158 0.072770
v -0.034783 -0.004167 0.072769
v -0.034796 -0.004200 0.072769
v -0.034785 -0.004200 0.072785
v -0.034796 -0.004181 0.072750
v -0.034792 -0.004180 0.072770
v -0.034783 -0.004181 0.072783
v -0.034750 -0.004650 -0.072750
v -0.034800 -0.004600 -0.072750
v -0.034750 -0.004600 -0.072800
v -0.034769 -0.004646 -0.072750
v -0.034785 -0.004635 -0.072750
v -0.034750 -0.004646 -0.072769
v -0.034770 -0.004642 -0.072770
v -0.034783 -0.004633 -0.072769
v -0.034779 -0.004629 -0.072779
v -0.034796 -0.004600 -0.072769
v -0.034785 -0.004600 -0.072785
v -0.034796 -0.004619 -0.072750
v -0.034792 -0.004620 -0.072770
v -0.034783 -0.004619 -0.072783
v -0.034750 -0.004619 -0.072796
v -0.034750 -0.004635 -0.072785
v -0.034769 -0.004600 -0.072796
v -0.034770 -0.004620 -0.072792
v -0.034769 -0.004633 -0.072783
v -0.034750 -0.004150 -0.072750
v -0.034750 -0.004200 -0.072800
v -0.034800 -0.004200 -0.072750
v -0.034750 -0.004154 -0.072769
v -0.034750 -0.004165 -0.072785
v -0.034769 -0.004154 -0.072750
v -0.034770 -0.004158 -0.072770
v -0.034769 -0.004167 -0.072783
v -0.034779 -0.004171 -0.072779
v -0.034769 -0.004200 -0.072796
v -0.034785 -0.004200 -0.072785
v -0.034750 -0.004181 -0.072796
v -0.034770 -0.004180 -0.072792
v -0.034783 -0.004181 -0.072783
v -0.034796 -0.004181 -0.072750
v -0.034785 -0.004165 -0.072750
v -0.034796 -0.004200 -0.072769
v -0.034792 -0.004180 -0.072770
v -0.034783 -0.004167 -0.072769
v 0.034750 -0.004650 0.072750
v 0.034800 -0.004600 0.072750
v 0.034750 -0.004600 0.072800
v 0.034769 -0.004646 0.072750
v 0.034785 -0.004635 0.072750
v 0.034750 -0.004646 0.072769
v 0.034770 -0.004642 0.072770
v 0.034783 -0.004633 0.072769
v 0.034779 -0.004629 0.072779
v 0.034796 -0.004600 0.072769
v 0.034785 -0.004600 0.072785
v 0.034796 -0.004619 0.072750
v 0.034792 -0.004620 0.072770
v 0.034783 -0.004619 0.072783
v 0.034750 -0.004619 0.072796
v 0.034750 -0.004635 0.072785
v 0.034769 -0.004600 0.072796
v 0.034770 -0.004620 0.072792
v 0.034769 -0.004633 0.072783
v 0.034750 -0.004150 0.072750
v 0.034750 -0.004200 0.072800
v 0.034800 -0.004200 0.072750
v 0.034750 -0.004154 0.072769
v 0.034750 -0.004165 0.072785
v 0.034769 -0.004154 0.072750
v 0.034770 -0.004158 0.072770
v 0.034769 -0.004167 0.072783
v 0.034779 -0.004171 0.072779
v 0.034769 -0.004200 0.072796
v 0.034785 -0.004200 0.072785
v 0.034750 -0.004181 0.072796
v 0.034770 -0.004180 0.072792
v 0.034783 -0.004181 0.072783
v 0.034796 -0.004181 0.072750
v 0.034785 -0.004165 0.072750
v 0.034796 -0.004200 0.072769
v 0.034792 -0.004180 0.072770
v 0.034783 -0.004167 0.072769
v 0.034750 -0.004650 -0.072750
v 0.034750 -0.004600 -0.072800
v 0.034800 -0.004600 -0.072750
v 0.034750 -0.004646 -0.072769
v 0.034750 -0.004635 -0.072785
v 0.034769 -0.004646 -0.072750
v 0.034770 -0.004642 -0.072770
v 0.034769 -0.004633 -0.072783
v 0.034779 -0.004629 -0.072779
v 0.034769 -0.004600 -0.072796
v 0.034785 -0.004600 -0.072785
v 0.034750 -0.004619 -0.072796
v 0.034770 -0.004620 -0.072792
v 0.034783 -0.004619 -0.072783
v 0.034796 -0.004619 -0.072750
v 0.034785 -0.004635 -0.072750
v 0.034796 -0.004600 -0.072769
v 0.034792 -0.004620 -0.072770
v 0.034783 -0.004633 -0.072769
v 0.034750 -0.004150 -0.072750
v 0.034800 -0.004200 -0.072750
v 0.034750 -0.004200 -0.072800
v 0.034769 -0.004154 -0.072750
v 0.034785 -0.004165 -0.072750
v 0.034750 -0.004154 -0.072769
v 0.034770 -0.004158 -0.072770
v 0.034783 -0.004167 -0.072769
v 0.034779 -0.004171 -0.072779
v 0.034796 -0.004200 -0.072769
v 0.034785 -0.004200 -0.072785
v 0.034796 -0.004181 -0.072750
v 0.034792 -0.004180 -0.072770
v 0.034783 -0.004181 -0.072783
v 0.034750 -0.004181 -0.072796
v 0.034750 -0.004165 -0.072785
v 0.034769 -0.004200 -0.072796
v 0.034770 -0.004180 -0.072792
v 0.034769 -0.004167 -0.072783
vn -0.2050 -0.9571 0.2050
vn -0.1817 -0.8152 0.5499
vn -0.5500 -0.8151 0.1820
vn -0.4930 -0.7170 0.4928
vn -0.2049 -0.2050 0.9571
vn -0.5500 -0.1815 0.8152
vn -0.1817 -0.5502 0.8150
vn -0.4932 -0.4929 0.7168
vn -0.9571 -0.2050 0.2048
vn -0.8152 -0.5499 0.1818
vn -0.8152 -0.1817 0.5500
vn -0.7166 -0.4931 0.4933
vn -0.2049 0.2050 0.9571
vn -0.1817 0.5501 0.8151
vn -0.5499 0.1814 0.8153
vn -0.4932 0.4929 0.7168
vn -0.2050 0.9571 0.2050
vn -0.5500 0.8151 0.1820
vn -0.1817 0.8152 0.5500
vn -0.4930 0.7170 0.4928
vn -0.9571 0.2050 0.2049
vn -0.8152 0.1818 0.5500
vn -0.8152 0.5499 0.1818
vn -0.7166 0.4931 0.4933
vn -0.2050 -0.9571 -0.2050
vn -0.5500 -0.8151 -0.1820
vn -0.1817 -0.8152 -0.5500
vn -0.4930 -0.7170 -0.4928
vn -0.9571 -0.2050 -0.2049
vn -0.8152 -0.1818 -0.5500
vn -0.8152 -0.5499 -0.1818
vn -0.7166 -0.4931 -0.4933
vn -0.2049 -0.2050 -0.9571
vn -0.1817 -0.5501 -0.8151
vn -0.5499 -0.1814 -0.8153
vn -0.4932 -0.4929 -0.7168
vn -0.2050 0.9571 -0.2050
vn -0.1817 0.8152 -0.5499
vn -0.5500 0.8151 -0.1820
vn -0.4930 0.7170 -0.4928
vn -0.2049 0.2050 -0.9571
vn -0.5500 0.1815 -0.8152
vn -0.1817 0.5502 -0.8150
vn -0.4932 0.4929 -0.7168
vn -0.9571 0.2050 -0.2048
vn -0.8152 0.5499 -0.1818
vn -0.8152 0.1817 -0.5500
vn -0.7166 0.4931 -0.4933
vn 0.2050 -0.9571 0.2050
vn 0.5500 -0.8151 0.1820
vn 0.1817 -0.8152 0.5500
vn 0.4930 -0.7170 0.4928
vn 0.9571 -0.2050 0.2049
vn 0.8152 -0.1818 0.5500
vn 0.8152 -0.5499 0.1818
vn 0.7166 -0.4931 0.4933
vn 0.2049 -0.2050 0.9571
vn 0.1817 -0.5501 0.8151
vn 0.5499 -0.1814 0.8153
vn 0.4932 -0.4929 0.7168
vn 0.2050 0.9571 0.2050
vn 0.1817 0.8152 0.5499
vn 0.5500 0.8151 0.1820
vn 0.4930 0.7170 0.4928
vn 0.2049 0.2050 0.9571
vn 0.5500 0.1815 0.8152
vn 0.1817 0.5502 0.8150
vn 0.4932 0.4929 0.7168
vn 0.9571 0.2050 0.2048
vn 0.8152 0.5499 0.1818
vn 0.8152 0.1817 0.5500
vn 0.7166 0.4931 0.4933
vn 0.2050 -0.9571 -0.2050
vn 0.1817 -0.8152 -0.5499
vn 0.5500 -0.8151 -0.1820
vn 0.4930 -0.7170 -0.4928
vn 0.2049 -0.2050 -0.9571
vn 0.5500 -0.1815 -0.8152
vn 0.1817 -0.5502 -0.8150
vn 0.4932 -0.4929 -0.7168
vn 0.9571 -0.2050 -0.2048
vn 0.8152 -0.5499 -0.1818
vn 0.8152 -0.1817 -0.5500
vn 0.7166 -0.4931 -0.4933
vn 0.2050 0.9571 -0.2050
vn 0.5500 0.8151 -0.1820
vn 0.1817 0.8152 -0.5500
vn 0.4930 0.7170 -0.4928
vn 0.9571 0.2050 -0.2049
vn 0.8152 0.1818 -0.5500
vn 0.8152 0.5499 -0.1818
vn 0.7166 0.4931 -0.4933
vn 0.2049 0.2050 -0.9571
vn 0.1817 0.5501 -0.8151
vn 0.5499 0.1814 -0.8153
vn 0.4932 0.4929 -0.7168
vn -0.1951 -0.9808 -0.0000
vn -0.5555 -0.8315 -0.0000
vn -0.8315 -0.5555 -0.0000
vn -0.9808 -0.1952 -0.0000
vn -0.1952 -0.0000 0.9808
vn -0.5556 -0.0000 0.8315
vn -0.8315 -0.0000 0.5555
vn -0.9807 -0.0000 0.1953
vn -0.1951 0.9808 -0.0000
vn -0.5555 0.8315 -0.0000
vn -0.8315 0.5555 -0.0000
vn -0.9808 0.1952 -0.0000
vn -0.1952 -0.0000 -0.9808
vn -0.5556 -0.0000 -0.8315
vn -0.8315 -0.0000 -0.5555
vn -0.9807 -0.0000 -0.1953
vn -0.0000 -0.9808 -0.1951
vn -0.0000 -0.8314 -0.5557
vn -0.0000 -0.5556 -0.8314
vn -0.0000 -0.1954 -0.9807
vn -0.0000 0.9808 -0.1951
vn -0.0000 0.8314 -0.5557
vn -0.0000 0.5556 -0.8314
vn -0.0000 0.1954 -0.9807
vn 0.9807 -0.0000 -0.1953
vn 0.8315 -0.0000 -0.5555
vn 0.5556 -0.0000 -0.8315
vn 0.1952 -0.0000 -0.9808
vn 0.1951 -0.9808 -0.0000
vn 0.5555 -0.8315 -0.0000
vn 0.8315 -0.5555 -0.0000
vn 0.9808 -0.1952 -0.0000
vn 0.1951 0.9808 -0.0000
vn 0.5555 0.8315 -0.0000
vn 0.8315 0.5555 -0.0000
vn 0.9808 0.1952 -0.0000
vn 0.1952 -0.0000 0.9808
vn 0.5556 -0.0000 0.8315
vn 0.8315 -0.0000 0.5555
vn 0.9807 -0.0000 0.1953
vn -0.0000 -0.9808 0.1951
vn -0.0000 -0.8314 0.5557
vn -0.0000 -0.5556 0.8314
vn -0.0000 -0.1954 0.9807
vn -0.0000 0.9808 0.1951
vn -0.0000 0.8314 0.5557
vn -0.0000 0.5556 0.8314
vn -0.0000 0.1954 0.9807
vn -0.0000 -1.0000 -0.0000
vn -1.0000 -0.0000 -0.0000
vn -0.0000 -0.0000 1.0000
vn -0.0000 1.0000 -0.0000
vn -0.0000 -0.0000 -1.0000
vn 1.0000 -0.0000 -0.0000
vt 0.125180 0.749914
vt 0.125180 0.749947
vt 0.125109 0.749948
vt 0.125111 0.749914
vt 0.125180 0.750000
vt 0.125113 0.750000
vt 0.125000 0.749946
vt 0.125000 0.749914
vt 0.125076 0.750000
vt 0.400000 0.999820
vt 0.400000 0.999889
vt 0.390193 0.999891
vt 0.390433 0.999820
vt 0.400000 1.000000
vt 0.390691 1.000000
vt 0.375000 0.999887
vt 0.375000 0.999820
vt 0.385566 1.000000
vt 0.400000 0.000086
vt 0.390433 0.000086
vt 0.390193 0.000052
vt 0.400000 0.000053
vt 0.375000 0.000086
vt 0.375000 0.000054
vt 0.390691 0.000000
vt 0.400000 0.000000
vt 0.375000 0.000036
vt 0.600000 0.999820
vt 0.609567 0.999820
vt 0.609807 0.999891
vt 0.600000 0.999889
vt 0.625000 0.999820
vt 0.625000 0.999887
vt 0.609309 1.000000
vt 0.600000 1.000000
vt 0.625000 0.999924
vt 0.874820 0.749914
vt 0.874889 0.749914
vt 0.874891 0.749948
vt 0.874820 0.749947
vt 0.875000 0.749914
vt 0.875000 0.749946
vt 0.874887 0.750000
vt 0.874820 0.750000
vt 0.875000 0.749964
vt 0.600000 0.000086
vt 0.600000 0.000053
vt 0.609807 0.000052
vt 0.609567 0.000086
vt 0.600000 0.000000
vt 0.609309 0.000000
vt 0.625000 0.000054
vt 0.625000 0.000086
vt 0.614434 0.000000
vt 0.125180 0.500086
vt 0.125111 0.500086
vt 0.125109 0.500052
vt 0.125180 0.500053
vt 0.125000 0.500086
vt 0.125000 0.500054
vt 0.125113 0.500000
vt 0.125180 0.500000
vt 0.125000 0.500036
vt 0.400000 0.249914
vt 0.400000 0.249947
vt 0.390193 0.249948
vt 0.390433 0.249914
vt 0.400000 0.250000
vt 0.390691 0.250000
vt 0.375000 0.249946
vt 0.375000 0.249914
vt 0.380283 0.250038
vt 0.400000 0.250180
vt 0.390433 0.250180
vt 0.390193 0.250109
vt 0.400000 0.250111
vt 0.375000 0.250180
vt 0.375000 0.250113
vt 0.874820 0.500086
vt 0.874820 0.500053
vt 0.874891 0.500052
vt 0.874889 0.500086
vt 0.874820 0.500000
vt 0.874887 0.500000
vt 0.875000 0.500054
vt 0.875000 0.500086
vt 0.874924 0.500000
vt 0.600000 0.250180
vt 0.600000 0.250111
vt 0.609807 0.250109
vt 0.609567 0.250180
vt 0.600000 0.250000
vt 0.609309 0.250000
vt 0.625000 0.250113
vt 0.625000 0.250180
vt 0.619717 0.249982
vt 0.600000 0.249914
vt 0.609567 0.249914
vt 0.609807 0.249948
vt 0.600000 0.249947
vt 0.625000 0.249914
vt 0.625000 0.249946
vt 0.374820 0.749914
vt 0.374889 0.749914
vt 0.374891 0.749948
vt 0.374820 0.749947
vt 0.375000 0.749914
vt 0.375000 0.749946
vt 0.374944 0.750056
vt 0.374910 0.750090
vt 0.378522 0.750013
vt 0.400000 0.749914
vt 0.400000 0.749947
vt 0.390193 0.749948
vt 0.390433 0.749914
vt 0.400000 0.750000
vt 0.390691 0.750000
vt 0.400000 0.750180
vt 0.390433 0.750180
vt 0.390193 0.750109
vt 0.400000 0.750111
vt 0.625180 0.749914
vt 0.625180 0.749947
vt 0.625109 0.749948
vt 0.625111 0.749914
vt 0.625090 0.750090
vt 0.625056 0.750056
vt 0.625000 0.749946
vt 0.625000 0.749914
vt 0.621503 0.749988
vt 0.600000 0.750180
vt 0.600000 0.750111
vt 0.609807 0.750109
vt 0.609567 0.750180
vt 0.600000 0.750000
vt 0.609309 0.750000
vt 0.600000 0.749914
vt 0.609567 0.749914
vt 0.609807 0.749948
vt 0.600000 0.749947
vt 0.374820 0.500086
vt 0.374820 0.500053
vt 0.374891 0.500052
vt 0.374889 0.500086
vt 0.374910 0.499910
vt 0.374944 0.499944
vt 0.375000 0.500054
vt 0.375000 0.500086
vt 0.378497 0.500012
vt 0.400000 0.499820
vt 0.400000 0.499889
vt 0.390193 0.499891
vt 0.390433 0.499820
vt 0.400000 0.500000
vt 0.390691 0.500000
vt 0.400000 0.500086
vt 0.390433 0.500086
vt 0.390193 0.500052
vt 0.400000 0.500053
vt 0.625180 0.500086
vt 0.625111 0.500086
vt 0.625109 0.500052
vt 0.625180 0.500053
vt 0.625000 0.500086
vt 0.625000 0.500054
vt 0.625056 0.499944
vt 0.625090 0.499910
vt 0.621478 0.499987
vt 0.600000 0.500086
vt 0.600000 0.500053
vt 0.609807 0.500052
vt 0.609567 0.500086
vt 0.600000 0.500000
vt 0.609309 0.500000
vt 0.600000 0.499820
vt 0.609567 0.499820
vt 0.609807 0.499891
vt 0.600000 0.499889
s 0
usemtl RearGlass
f 609/713/601 612/714/601 615/715/601 614/716/601
f 612/714/602 613/717/602 616/718/602 615/715/602
f 614/716/603 615/715/603 627/719/603 624/720/603
f 615/715/604 616/718/604 617/721/604 627/719/604
f 610/722/605 618/723/605 621/724/605 620/725/605
f 618/723/606 619/726/606 622/727/606 621/724/606
f 620/725/607 621/724/607 616/728/607 613/729/607
f 621/724/608 622/727/608 617/730/608 616/728/608
f 611/731/609 623/732/609 626/733/609 625/734/609
f 623/732/610 624/735/610 627/736/610 626/733/610
f 625/734/611 626/733/611 622/737/611 619/738/611
f 626/733/612 627/736/612 617/739/612 622/737/612
f 628/740/613 631/741/613 634/742/613 633/743/613
f 631/741/614 632/744/614 635/745/614 634/742/614
f 633/743/615 634/742/615 646/746/615 643/747/615
f 634/742/616 635/745/616 636/748/616 646/746/616
f 629/749/617 637/750/617 640/751/617 639/752/617
f 637/750/618 638/753/618 641/754/618 640/751/618
f 639/752/619 640/751/619 635/755/619 632/756/619
f 640/751/620 641/754/620 636/757/620 635/755/620
f 630/758/621 642/759/621 645/760/621 644/761/621
f 642/759/622 643/762/622 646/763/622 645/760/622
f 644/761/623 645/760/623 641/764/623 638/765/623
f 645/760/624 646/763/624 636/766/624 641/764/624
f 647/767/625 650/768/625 653/769/625 652/770/625
f 650/768/626 651/771/626 654/772/626 653/769/626
f 652/770/627 653/769/627 665/773/627 662/774/627
f 653/769/628 654/772/628 655/775/628 665/773/628
f 648/776/629 656/777/629 659/778/629 658/779/629
f 656/777/630 657/780/630 660/781/630 659/778/630
f 658/779/631 659/778/631 654/782/631 651/783/631
f 659/778/632 660/781/632 655/784/632 654/782/632
f 649/785/633 661/786/633 664/787/633 663/788/633
f 661/786/634 662/789/634 665/790/634 664/787/634
f 663/788/635 664/787/635 660/781/635 657/780/635
f 664/787/636 665/790/636 655/784/636 660/781/636
f 666/791/637 669/792/637 672/793/637 671/794/637
f 669/792/638 670/795/638 673/796/638 672/793/638
f 671/794/639 672/793/639 684/797/639 681/798/639
f 672/793/640 673/796/640 674/799/640 684/797/640
f 667/800/641 675/801/641 678/802/641 677/803/641
f 675/801/642 676/804/642 679/805/642 678/802/642
f 677/803/643 678/802/643 673/806/643 670/807/643
f 678/802/644 679/805/644 674/808/644 673/806/644
f 668/809/645 680/810/645 683/811/645 682/812/645
f 680/810/646 681/813/646 684/814/646 683/811/646
f 682/812/647 683/811/647 679/805/647 676/804/647
f 683/811/648 684/814/648 674/808/648 679/805/648
f 685/815/649 688/816/649 691/817/649 690/818/649
f 688/816/650 689/819/650 692/820/650 691/817/650
f 690/818/651 691/817/651 703/821/651 700/822/651
f 691/817/652 692/820/652 693/823/652 703/821/652
f 686/824/653 694/825/653 697/826/653 696/827/653
f 694/825/654 695/828/654 698/829/654 697/826/654
f 696/827/655 697/826/655 692/820/655 689/819/655
f 697/826/656 698/829/656 693/823/656 692/820/656
f 687/830/657 699/831/657 702/832/657 701/833/657
f 699/831/658 700/822/658 703/821/658 702/832/658
f 701/833/659 702/832/659 698/829/659 695/828/659
f 702/832/660 703/821/660 693/823/660 698/829/660
f 704/834/661 707/835/661 710/836/661 709/837/661
f 707/835/662 708/838/662 711/839/662 710/836/662
f 709/837/663 710/836/663 722/840/663 719/841/663
f 710/836/664 711/839/664 712/842/664 722/840/664
f 705/843/665 713/844/665 716/845/665 715/846/665
f 713/844/666 714/847/666 717/848/666 716/845/666
f 715/846/667 716/845/667 711/839/667 708/838/667
f 716/845/668 717/848/668 712/842/668 711/839/668
f 706/849/669 718/850/669 721/851/669 720/852/669
f 718/850/670 719/841/670 722/840/670 721/851/670
f 720/852/671 721/851/671 717/848/671 714/847/671
f 721/851/672 722/840/672 712/842/672 717/848/672
f 723/853/673 726/854/673 729/855/673 728/856/673
f 726/854/674 727/857/674 730/858/674 729/855/674
f 728/856/675 729/855/675 741/859/675 738/860/675
f 729/855/676 730/858/676 731/861/676 741/859/676
f 724/862/677 732/863/677 735/864/677 734/865/677
f 732/863/678 733/866/678 736/867/678 735/864/678
f 734/865/679 735/864/679 730/858/679 727/857/679
f 735/864/680 736/867/680 731/861/680 730/858/680
f 725/868/681 737/869/681 740/870/681 739/871/681
f 737/869/682 738/860/682 741/859/682 740/870/682
f 739/871/683 740/870/683 736/867/683 733/866/683
f 740/870/684 741/859/684 731/861/684 736/867/684
f 742/872/685 745/873/685 748/874/685 747/875/685
f 745/873/686 746/876/686 749/877/686 748/874/686
f 747/875/687 748/874/687 760/878/687 757/879/687
f 748/874/688 749/877/688 750/880/688 760/878/688
f 743/881/689 751/882/689 754/883/689 753/884/689
f 751/882/690 752/885/690 755/886/690 754/883/690
f 753/884/691 754/883/691 749/877/691 746/876/691
f 754/883/692 755/886/692 750/880/692 749/877/692
f 744/887/693 756/888/693 759/889/693 758/890/693
f 756/888/694 757/879/694 760/878/694 759/889/694
f 758/890/695 759/889/695 755/886/695 752/885/695
f 759/889/696 760/878/696 750/880/696 755/886/696
f 647/767/697 609/713/697 614/716/697 650/768/697
f 650/768/698 614/716/698 624/720/698 651/771/698
f 651/783/699 624/735/699 623/732/699 658/779/699
f 658/779/700 623/732/700 611/731/700 648/776/700
f 610/722/701 628/740/701 633/743/701 618/723/701
f 618/723/702 633/743/702 643/747/702 619/726/702
f 619/738/703 643/762/703 642/759/703 625/734/703
f 625/734/704 642/759/704 630/758/704 611/731/704
f 629/749/705 666/791/705 671/794/705 637/750/705
f 637/750/706 671/794/706 681/798/706 638/753/706
f 638/765/707 681/813/707 680/810/707 644/761/707
f 644/761/708 680/810/708 668/809/708 630/758/708
f 667/800/709 649/785/709 663/788/709 675/801/709
f 675/801/710 663/788/710 657/780/710 676/804/710
f 676/804/711 657/780/711 656/777/711 682/812/711
f 682/812/712 656/777/712 648/776/712 668/809/712
f 723/853/713 647/767/713 652/770/713 726/854/713
f 726/854/714 652/770/714 662/774/714 727/857/714
f 727/857/715 662/789/715 661/786/715 734/865/715
f 734/865/716 661/786/716 649/785/716 724/862/716
f 666/791/717 742/872/717 747/875/717 669/792/717
f 669/792/718 747/875/718 757/879/718 670/795/718
f 670/807/719 757/879/719 756/888/719 677/803/719
f 677/803/720 756/888/720 744/887/720 667/800/720
f 743/881/721 725/868/721 739/871/721 751/882/721
f 751/882/722 739/871/722 733/866/722 752/885/722
f 752/885/723 733/866/723 732/863/723 758/890/723
f 758/890/724 732/863/724 724/862/724 744/887/724
f 685/815/725 723/853/725 728/856/725 688/816/725
f 688/816/726 728/856/726 738/860/726 689/819/726
f 689/819/727 738/860/727 737/869/727 696/827/727
f 696/827/728 737/869/728 725/868/728 686/824/728
f 742/872/729 704/834/729 709/837/729 745/873/729
f 745/873/730 709/837/730 719/841/730 746/876/730
f 746/876/731 719/841/731 718/850/731 753/884/731
f 753/884/732 718/850/732 706/849/732 743/881/732
f 705/843/733 687/830/733 701/833/733 713/844/733
f 713/844/734 701/833/734 695/828/734 714/847/734
f 714/847/735 695/828/735 694/825/735 720/852/735
f 720/852/736 694/825/736 686/824/736 706/849/736
f 609/713/737 685/815/737 690/818/737 612/714/737
f 612/714/738 690/818/738 700/822/738 613/717/738
f 613/729/739 700/822/739 699/831/739 620/725/739
f 620/725/740 699/831/740 687/830/740 610/722/740
f 704/834/741 629/749/741 639/752/741 707/835/741
f 707/835/742 639/752/742 632/756/742 708/838/742
f 708/838/743 632/744/743 631/741/743 715/846/743
f 715/846/744 631/741/744 628/740/744 705/843/744
f 647/767/745 723/853/745 685/815/745 609/713/745
f 611/731/746 630/758/746 668/809/746 648/776/746
f 687/830/747 705/843/747 628/740/747 610/722/747
f 742/872/748 666/791/748 629/749/748 704/834/748
f 649/785/749 667/800/749 744/887/749 724/862/749
f 725/868/750 743/881/750 706/849/750 686/824/750
o 15_SideButtons
v -0.037600 -0.001000 -0.015200
v -0.037600 -0.000800 -0.015000
v -0.037800 -0.000800 -0.015200
v -0.037600 -0.000985 -0.015123
v -0.037600 -0.000941 -0.015059
v -0.037677 -0.000985 -0.015200
v -0.037678 -0.000966 -0.015122
v -0.037674 -0.000931 -0.015069
v -0.037715 -0.000915 -0.015085
v -0.037677 -0.000800 -0.015015
v -0.037741 -0.000800 -0.015059
v -0.037600 -0.000877 -0.015015
v -0.037678 -0.000878 -0.015034
v -0.037731 -0.000874 -0.015069
v -0.037785 -0.000877 -0.015200
v -0.037741 -0.000941 -0.015200
v -0.037785 -0.000800 -0.015123
v -0.037766 -0.000878 -0.015122
v -0.037731 -0.000931 -0.015126
v -0.037600 0.000800 -0.015000
v -0.037600 0.001000 -0.015200
v -0.037800 0.000800 -0.015200
v -0.037600 0.000877 -0.015015
v -0.037600 0.000941 -0.015059
v -0.037677 0.000800 -0.015015
v -0.037678 0.000878 -0.015034
v -0.037674 0.000931 -0.015069
v -0.037715 0.000915 -0.015085
v -0.037677 0.000985 -0.015200
v -0.037741 0.000941 -0.015200
v -0.037600 0.000985 -0.015123
v -0.037678 0.000966 -0.015122
v -0.037731 0.000931 -0.015126
v -0.037785 0.000800 -0.015123
v -0.037741 0.000800 -0.015059
v -0.037785 0.000877 -0.015200
v -0.037766 0.000878 -0.015122
v -0.037731 0.000874 -0.015069
v -0.037600 -0.001000 -0.024800
v -0.037800 -0.000800 -0.024800
v -0.037600 -0.000800 -0.025000
v -0.037677 -0.000985 -0.024800
v -0.037741 -0.000941 -0.024800
v -0.037600 -0.000985 -0.024877
v -0.037678 -0.000966 -0.024878
v -0.037731 -0.000931 -0.024874
v -0.037715 -0.000915 -0.024915
v -0.037785 -0.000800 -0.024877
v -0.037741 -0.000800 -0.024941
v -0.037785 -0.000877 -0.024800
v -0.037766 -0.000878 -0.024878
v -0.037731 -0.000874 -0.024931
v -0.037600 -0.000877 -0.024985
v -0.037600 -0.000941 -0.024941
v -0.037677 -0.000800 -0.024985
v -0.037678 -0.000878 -0.024966
v -0.037674 -0.000931 -0.024931
v -0.037600 0.001000 -0.024800
v -0.037600 0.000800 -0.025000
v -0.037800 0.000800 -0.024800
v -0.037600 0.000985 -0.024877
v -0.037600 0.000941 -0.024941
v -0.037677 0.000985 -0.024800
v -0.037678 0.000966 -0.024878
v -0.037674 0.000931 -0.024931
v -0.037715 0.000915 -0.024915
v -0.037677 0.000800 -0.024985
v -0.037741 0.000800 -0.024941
v -0.037600 0.000877 -0.024985
v -0.037678 0.000878 -0.024966
v -0.037731 0.000874 -0.024931
v -0.037785 0.000877 -0.024800
v -0.037741 0.000941 -0.024800
v -0.037785 0.000800 -0.024877
v -0.037766 0.000878 -0.024878
v -0.037731 0.000931 -0.024874
v -0.036000 -0.001000 -0.015200
v -0.035800 -0.000800 -0.015200
v -0.036000 -0.000800 -0.015000
v -0.035923 -0.000985 -0.015200
v -0.035859 -0.000941 -0.015200
v -0.036000 -0.000985 -0.015123
v -0.035922 -0.000966 -0.015122
v -0.035869 -0.000931 -0.015126
v -0.035885 -0.000915 -0.015085
v -0.035815 -0.000800 -0.015123
v -0.035859 -0.000800 -0.015059
v -0.035815 -0.000877 -0.015200
v -0.035834 -0.000878 -0.015122
v -0.035869 -0.000874 -0.015069
v -0.036000 -0.000877 -0.015015
v -0.036000 -0.000941 -0.015059
v -0.035923 -0.000800 -0.015015
v -0.035922 -0.000878 -0.015034
v -0.035926 -0.000931 -0.015069
v -0.036000 0.001000 -0.015200
v -0.036000 0.000800 -0.015000
v -0.035800 0.000800 -0.015200
v -0.036000 0.000985 -0.015123
v -0.036000 0.000941 -0.015059
v -0.035923 0.000985 -0.015200
v -0.035922 0.000966 -0.015122
v -0.035926 0.000931 -0.015069
v -0.035885 0.000915 -0.015085
v -0.035923 0.000800 -0.015015
v -0.035859 0.000800 -0.015059
v -0.036000 0.000877 -0.015015
v -0.035922 0.000878 -0.015034
v -0.035869 0.000874 -0.015069
v -0.035815 0.000877 -0.015200
v -0.035859 0.000941 -0.015200
v -0.035815 0.000800 -0.015123
v -0.035834 0.000878 -0.015122
v -0.035869 0.000931 -0.015126
v -0.036000 -0.001000 -0.024800
v -0.036000 -0.000800 -0.025000
v -0.035800 -0.000800 -0.024800
v -0.036000 -0.000985 -0.024877
v -0.036000 -0.000941 -0.024941
v -0.035923 -0.000985 -0.024800
v -0.035922 -0.000966 -0.024878
v -0.035926 -0.000931 -0.024931
v -0.035885 -0.000915 -0.024915
v -0.035923 -0.000800 -0.024985
v -0.035859 -0.000800 -0.024941
v -0.036000 -0.000877 -0.024985
v -0.035922 -0.000878 -0.024966
v -0.035869 -0.000874 -0.024931
v -0.035815 -0.000877 -0.024800
v -0.035859 -0.000941 -0.024800
v -0.035815 -0.000800 -0.024877
v -0.035834 -0.000878 -0.024878
v -0.035869 -0.000931 -0.024874
v -0.036000 0.001000 -0.024800
v -0.035800 0.000800 -0.024800
v -0.036000 0.000800 -0.025000
v -0.035923 0.000985 -0.024800
v -0.035859 0.000941 -0.024800
v -0.036000 0.000985 -0.024877
v -0.035922 0.000966 -0.024878
v -0.035869 0.000931 -0.024874
v -0.035885 0.000915 -0.024915
v -0.035815 0.000800 -0.024877
v -0.035859 0.000800 -0.024941
v -0.035815 0.000877 -0.024800
v -0.035834 0.000878 -0.024878
v -0.035869 0.000874 -0.024931
v -0.036000 0.000877 -0.024985
v -0.036000 0.000941 -0.024941
v -0.035923 0.000800 -0.024985
v -0.035922 0.000878 -0.024966
v -0.035926 0.000931 -0.024931
vn -0.2049 -0.9571 0.2049
vn -0.1818 -0.8152 0.5500
vn -0.5500 -0.8152 0.1818
vn -0.4931 -0.7167 0.4931
vn -0.2049 -0.2049 0.9571
vn -0.5500 -0.1818 0.8152
vn -0.1818 -0.5500 0.8152
vn -0.4931 -0.4931 0.7167
vn -0.9571 -0.2049 0.2049
vn -0.8152 -0.5500 0.1818
vn -0.8152 -0.1818 0.5500
vn -0.7167 -0.4931 0.4931
vn -0.2049 0.2049 0.9571
vn -0.1818 0.5500 0.8152
vn -0.5500 0.1818 0.8152
vn -0.4931 0.4931 0.7167
vn -0.2049 0.9571 0.2049
vn -0.5500 0.8152 0.1818
vn -0.1818 0.8152 0.5500
vn -0.4931 0.7167 0.4931
vn -0.9571 0.2049 0.2049
vn -0.8152 0.1818 0.5500
vn -0.8152 0.5500 0.1818
vn -0.7167 0.4931 0.4931
vn -0.2049 -0.9571 -0.2049
vn -0.5500 -0.8152 -0.1818
vn -0.1818 -0.8152 -0.5500
vn -0.4931 -0.7167 -0.4931
vn -0.9571 -0.2049 -0.2049
vn -0.8152 -0.1818 -0.5500
vn -0.8152 -0.5500 -0.1818
vn -0.7167 -0.4931 -0.4931
vn -0.2049 -0.2049 -0.9571
vn -0.1818 -0.5500 -0.8152
vn -0.5500 -0.1818 -0.8152
vn -0.4931 -0.4931 -0.7167
vn -0.2049 0.9571 -0.2049
vn -0.1818 0.8152 -0.5500
vn -0.5500 0.8152 -0.1818
vn -0.4931 0.7167 -0.4931
vn -0.2049 0.2049 -0.9571
vn -0.5500 0.1818 -0.8152
vn -0.1818 0.5500 -0.8152
vn -0.4931 0.4931 -0.7167
vn -0.9571 0.2049 -0.2049
vn -0.8152 0.5500 -0.1818
vn -0.8152 0.1818 -0.5500
vn -0.7167 0.4931 -0.4931
vn 0.2049 -0.9571 0.2049
vn 0.5500 -0.8152 0.1818
vn 0.1818 -0.8152 0.5500
vn 0.4931 -0.7167 0.4931
vn 0.9571 -0.2049 0.2049
vn 0.8152 -0.1818 0.5500
vn 0.8152 -0.5500 0.1818
vn 0.7167 -0.4931 0.4931
vn 0.2049 -0.2049 0.9571
vn 0.1818 -0.5500 0.8152
vn 0.5500 -0.1818 0.8152
vn 0.4931 -0.4931 0.7167
vn 0.2049 0.9571 0.2049
vn 0.1818 0.8152 0.5500
vn 0.5500 0.8152 0.1818
vn 0.4931 0.7167 0.4931
vn 0.2049 0.2049 0.9571
vn 0.5500 0.1818 0.8152
vn 0.1818 0.5500 0.8152
vn 0.4931 0.4931 0.7167
vn 0.9571 0.2049 0.2049
vn 0.8152 0.5500 0.1818
vn 0.8152 0.1818 0.5500
vn 0.7167 0.4931 0.4931
vn 0.2049 -0.9571 -0.2049
vn 0.1818 -0.8152 -0.5500
vn 0.5500 -0.8152 -0.1818
vn 0.4931 -0.7167 -0.4931
vn 0.2049 -0.2049 -0.9571
vn 0.5500 -0.1818 -0.8152
vn 0.1818 -0.5500 -0.8152
vn 0.4931 -0.4931 -0.7167
vn 0.9571 -0.2049 -0.2049
vn 0.8152 -0.5500 -0.1818
vn 0.8152 -0.1818 -0.5500
vn 0.7167 -0.4931 -0.4931
vn 0.2049 0.9571 -0.2049
vn 0.5500 0.8152 -0.1818
vn 0.1818 0.8152 -0.5500
vn 0.4931 0.7167 -0.4931
vn 0.9571 0.2049 -0.2049
vn 0.8152 0.1818 -0.5500
vn 0.8152 0.5500 -0.1818
vn 0.7167 0.4931 -0.4931
vn 0.2049 0.2049 -0.9571
vn 0.1818 0.5500 -0.8152
vn 0.5500 0.1818 -0.8152
vn 0.4931 0.4931 -0.7167
vn -0.1951 -0.9808 -0.0000
vn -0.5556 -0.8315 -0.0000
vn -0.8315 -0.5556 -0.0000
vn -0.9808 -0.1951 -0.0000
vn -0.1951 -0.0000 0.9808
vn -0.5556 -0.0000 0.8315
vn -0.8315 -0.0000 0.5556
vn -0.9808 -0.0000 0.1951
vn -0.1951 0.9808 -0.0000
vn -0.5556 0.8315 -0.0000
vn -0.8315 0.5556 -0.0000
vn -0.9808 0.1951 -0.0000
vn -0.1951 -0.0000 -0.9808
vn -0.5556 -0.0000 -0.8315
vn -0.8315 -0.0000 -0.5556
vn -0.9808 -0.0000 -0.1951
vn -0.0000 -0.9808 -0.1951
vn -0.0000 -0.8315 -0.5556
vn -0.0000 -0.5556 -0.8315
vn -0.0000 -0.1951 -0.9808
vn -0.0000 0.9808 -0.1951
vn -0.0000 0.8315 -0.5556
vn -0.0000 0.5556 -0.8315
vn -0.0000 0.1951 -0.9808
vn 0.9808 -0.0000 -0.1951
vn 0.8315 -0.0000 -0.5556
vn 0.5556 -0.0000 -0.8315
vn 0.1951 -0.0000 -0.9808
vn 0.1951 -0.9808 -0.0000
vn 0.5556 -0.8315 -0.0000
vn 0.8315 -0.5556 -0.0000
vn 0.9808 -0.1951 -0.0000
vn 0.1951 0.9808 -0.0000
vn 0.5556 0.8315 -0.0000
vn 0.8315 0.5556 -0.0000
vn 0.9808 0.1951 -0.0000
vn 0.1951 -0.0000 0.9808
vn 0.5556 -0.0000 0.8315
vn 0.8315 -0.0000 0.5556
vn 0.9808 -0.0000 0.1951
vn -0.0000 -0.9808 0.1951
vn -0.0000 -0.8315 0.5556
vn -0.0000 -0.5556 0.8315
vn -0.0000 -0.1951 0.9808
vn -0.0000 0.9808 0.1951
vn -0.0000 0.8315 0.5556
vn -0.0000 0.5556 0.8315
vn -0.0000 0.1951 0.9808
vn -0.0000 -1.0000 -0.0000
vn -1.0000 -0.0000 -0.0000
vn -0.0000 -0.0000 1.0000
vn -0.0000 1.0000 -0.0000
vn -0.0000 -0.0000 -1.0000
vn 1.0000 -0.0000 -0.0000
vt 0.150000 0.745000
vt 0.150000 0.746913
vt 0.140193 0.746961
vt 0.140433 0.745000
vt 0.150000 0.750000
vt 0.140691 0.750000
vt 0.125000 0.746862
vt 0.125000 0.745000
vt 0.135566 0.750000
vt 0.400000 0.975000
vt 0.400000 0.984567
vt 0.390193 0.984807
vt 0.390433 0.975000
vt 0.400000 1.000000
vt 0.390691 1.000000
vt 0.375000 0.984309
vt 0.375000 0.975000
vt 0.385566 1.000000
vt 0.400000 0.005000
vt 0.390433 0.005000
vt 0.390193 0.003039
vt 0.400000 0.003087
vt 0.375000 0.005000
vt 0.375000 0.003138
vt 0.390691 0.000000
vt 0.400000 0.000000
vt 0.375000 0.002113
vt 0.600000 0.975000
vt 0.609567 0.975000
vt 0.609807 0.984807
vt 0.600000 0.984567
vt 0.625000 0.975000
vt 0.625000 0.984309
vt 0.609309 1.000000
vt 0.600000 1.000000
vt 0.625000 0.989434
vt 0.850000 0.745000
vt 0.859567 0.745000
vt 0.859807 0.746961
vt 0.850000 0.746913
vt 0.875000 0.745000
vt 0.875000 0.746862
vt 0.859309 0.750000
vt 0.850000 0.750000
vt 0.875000 0.747887
vt 0.600000 0.005000
vt 0.600000 0.003087
vt 0.609807 0.003039
vt 0.609567 0.005000
vt 0.600000 0.000000
vt 0.609309 0.000000
vt 0.625000 0.003138
vt 0.625000 0.005000
vt 0.614434 0.000000
vt 0.150000 0.505000
vt 0.140433 0.505000
vt 0.140193 0.503039
vt 0.150000 0.503087
vt 0.125000 0.505000
vt 0.125000 0.503138
vt 0.140691 0.500000
vt 0.150000 0.500000
vt 0.125000 0.502113
vt 0.400000 0.245000
vt 0.400000 0.246913
vt 0.390193 0.246961
vt 0.390433 0.245000
vt 0.400000 0.250000
vt 0.390691 0.250000
vt 0.375000 0.246862
vt 0.375000 0.245000
vt 0.380283 0.255283
vt 0.400000 0.275000
vt 0.390433 0.275000
vt 0.390193 0.265193
vt 0.400000 0.265433
vt 0.375000 0.275000
vt 0.375000 0.265691
vt 0.850000 0.505000
vt 0.850000 0.503087
vt 0.859807 0.503039
vt 0.859567 0.505000
vt 0.850000 0.500000
vt 0.859309 0.500000
vt 0.875000 0.503138
vt 0.875000 0.505000
vt 0.864434 0.500000
vt 0.600000 0.275000
vt 0.600000 0.265433
vt 0.609807 0.265193
vt 0.609567 0.275000
vt 0.600000 0.250000
vt 0.609309 0.250000
vt 0.625000 0.265691
vt 0.625000 0.275000
vt 0.619717 0.248943
vt 0.600000 0.245000
vt 0.609567 0.245000
vt 0.609807 0.246961
vt 0.600000 0.246913
vt 0.625000 0.245000
vt 0.625000 0.246862
vt 0.350000 0.745000
vt 0.359567 0.745000
vt 0.359807 0.746961
vt 0.350000 0.746913
vt 0.375000 0.745000
vt 0.375000 0.746862
vt 0.367155 0.757845
vt 0.362500 0.762500
vt 0.378522 0.752818
vt 0.400000 0.745000
vt 0.400000 0.746913
vt 0.390193 0.746961
vt 0.390433 0.745000
vt 0.400000 0.750000
vt 0.390691 0.750000
vt 0.400000 0.775000
vt 0.390433 0.775000
vt 0.390193 0.765193
vt 0.400000 0.765433
vt 0.650000 0.745000
vt 0.650000 0.746913
vt 0.640193 0.746961
vt 0.640433 0.745000
vt 0.637500 0.762500
vt 0.632845 0.757845
vt 0.625000 0.746862
vt 0.625000 0.745000
vt 0.625000 0.749296
vt 0.600000 0.775000
vt 0.600000 0.765433
vt 0.609807 0.765193
vt 0.609567 0.775000
vt 0.600000 0.750000
vt 0.609309 0.750000
vt 0.600000 0.745000
vt 0.609567 0.745000
vt 0.609807 0.746961
vt 0.600000 0.746913
vt 0.350000 0.505000
vt 0.350000 0.503087
vt 0.359807 0.503039
vt 0.359567 0.505000
vt 0.362500 0.487500
vt 0.367155 0.492155
vt 0.375000 0.503138
vt 0.375000 0.505000
vt 0.375000 0.500704
vt 0.400000 0.475000
vt 0.400000 0.484567
vt 0.390193 0.484807
vt 0.390433 0.475000
vt 0.400000 0.500000
vt 0.390691 0.500000
vt 0.400000 0.505000
vt 0.390433 0.505000
vt 0.390193 0.503039
vt 0.400000 0.503087
vt 0.650000 0.505000
vt 0.640433 0.505000
vt 0.640193 0.503039
vt 0.650000 0.503087
vt 0.625000 0.505000
vt 0.625000 0.503138
vt 0.632845 0.492155
vt 0.637500 0.487500
vt 0.621478 0.497182
vt 0.600000 0.505000
vt 0.600000 0.503087
vt 0.609807 0.503039
vt 0.609567 0.505000
vt 0.600000 0.500000
vt 0.609309 0.500000
vt 0.600000 0.475000
vt 0.609567 0.475000
vt 0.609807 0.484807
vt 0.600000 0.484567
s 0
usemtl MatteBlackTitanium
f 761/891/751 764/892/751 767/893/751 766/894/751
f 764/892/752 765/895/752 768/896/752 767/893/752
f 766/894/753 767/893/753 779/897/753 776/898/753
f 767/893/754 768/896/754 769/899/754 779/897/754
f 762/900/755 770/901/755 773/902/755 772/903/755
f 770/901/756 771/904/756 774/905/756 773/902/756
f 772/903/757 773/902/757 768/906/757 765/907/757
f 773/902/758 774/905/758 769/908/758 768/906/758
f 763/909/759 775/910/759 778/911/759 777/912/759
f 775/910/760 776/913/760 779/914/760 778/911/760
f 777/912/761 778/911/761 774/915/761 771/916/761
f 778/911/762 779/914/762 769/917/762 774/915/762
f 780/918/763 783/919/763 786/920/763 785/921/763
f 783/919/764 784/922/764 787/923/764 786/920/764
f 785/921/765 786/920/765 798/924/765 795/925/765
f 786/920/766 787/923/766 788/926/766 798/924/766
f 781/927/767 789/928/767 792/929/767 791/930/767
f 789/928/768 790/931/768 793/932/768 792/929/768
f 791/930/769 792/929/769 787/933/769 784/934/769
f 792/929/770 793/932/770 788/935/770 787/933/770
f 782/936/771 794/937/771 797/938/771 796/939/771
f 794/937/772 795/940/772 798/941/772 797/938/772
f 796/939/773 797/938/773 793/942/773 790/943/773
f 797/938/774 798/941/774 788/944/774 793/942/774
f 799/945/775 802/946/775 805/947/775 804/948/775
f 802/946/776 803/949/776 806/950/776 805/947/776
f 804/948/777 805/947/777 817/951/777 814/952/777
f 805/947/778 806/950/778 807/953/778 817/951/778
f 800/954/779 808/955/779 811/956/779 810/957/779
f 808/955/780 809/958/780 812/959/780 811/956/780
f 810/957/781 811/956/781 806/960/781 803/961/781
f 811/956/782 812/959/782 807/962/782 806/960/782
f 801/963/783 813/964/783 816/965/783 815/966/783
f 813/964/784 814/967/784 817/968/784 816/965/784
f 815/966/785 816/965/785 812/959/785 809/958/785
f 816/965/786 817/968/786 807/962/786 812/959/786
f 818/969/787 821/970/787 824/971/787 823/972/787
f 821/970/788 822/973/788 825/974/788 824/971/788
f 823/972/789 824/971/789 836/975/789 833/976/789
f 824/971/790 825/974/790 826/977/790 836/975/790
f 819/978/791 827/979/791 830/980/791 829/981/791
f 827/979/792 828/982/792 831/983/792 830/980/792
f 829/981/793 830/980/793 825/984/793 822/985/793
f 830/980/794 831/983/794 826/986/794 825/984/794
f 820/987/795 832/988/795 835/989/795 834/990/795
f 832/988/796 833/991/796 836/992/796 835/989/796
f 834/990/797 835/989/797 831/983/797 828/982/797
f 835/989/798 836/992/798 826/986/798 831/983/798
f 837/993/799 840/994/799 843/995/799 842/996/799
f 840/994/800 841/997/800 844/998/800 843/995/800
f 842/996/801 843/995/801 855/999/801 852/1000/801
f 843/995/802 844/998/802 845/1001/802 855/999/802
f 838/1002/803 846/1003/803 849/1004/803 848/1005/803
f 846/1003/804 847/1006/804 850/1007/804 849/1004/804
f 848/1005/805 849/1004/805 844/998/805 841/997/805
f 849/1004/806 850/1007/806 845/1001/806 844/998/806
f 839/1008/807 851/1009/807 854/1010/807 853/1011/807
f 851/1009/808 852/1000/808 855/999/808 854/1010/808
f 853/1011/809 854/1010/809 850/1007/809 847/1006/809
f 854/1010/810 855/999/810 845/1001/810 850/1007/810
f 856/1012/811 859/1013/811 862/1014/811 861/1015/811
f 859/1013/812 860/1016/812 863/1017/812 862/1014/812
f 861/1015/813 862/1014/813 874/1018/813 871/1019/813
f 862/1014/814 863/1017/814 864/1020/814 874/1018/814
f 857/1021/815 865/1022/815 868/1023/815 867/1024/815
f 865/1022/816 866/1025/816 869/1026/816 868/1023/816
f 867/1024/817 868/1023/817 863/1017/817 860/1016/817
f 868/1023/818 869/1026/818 864/1020/818 863/1017/818
f 858/1027/819 870/1028/819 873/1029/819 872/1030/819
f 870/1028/820 871/1019/820 874/1018/820 873/1029/820
f 872/1030/821 873/1029/821 869/1026/821 866/1025/821
f 873/1029/822 874/1018/822 864/1020/822 869/1026/822
f 875/1031/823 878/1032/823 881/1033/823 880/1034/823
f 878/1032/824 879/1035/824 882/1036/824 881/1033/824
f 880/1034/825 881/1033/825 893/1037/825 890/1038/825
f 881/1033/826 882/1036/826 883/1039/826 893/1037/826
f 876/1040/827 884/1041/827 887/1042/827 886/1043/827
f 884/1041/828 885/1044/828 888/1045/828 887/1042/828
f 886/1043/829 887/1042/829 882/1036/829 879/1035/829
f 887/1042/830 888/1045/830 883/1039/830 882/1036/830
f 877/1046/831 889/1047/831 892/1048/831 891/1049/831
f 889/1047/832 890/1038/832 893/1037/832 892/1048/832
f 891/1049/833 892/1048/833 888/1045/833 885/1044/833
f 892/1048/834 893/1037/834 883/1039/834 888/1045/834
f 894/1050/835 897/1051/835 900/1052/835 899/1053/835
f 897/1051/836 898/1054/836 901/1055/836 900/1052/836
f 899/1053/837 900/1052/837 912/1056/837 909/1057/837
f 900/1052/838 901/1055/838 902/1058/838 912/1056/838
f 895/1059/839 903/1060/839 906/1061/839 905/1062/839
f 903/1060/840 904/1063/840 907/1064/840 906/1061/840
f 905/1062/841 906/1061/841 901/1055/841 898/1054/841
f 906/1061/842 907/1064/842 902/1058/842 901/1055/842
f 896/1065/843 908/1066/843 911/1067/843 910/1068/843
f 908/1066/844 909/1057/844 912/1056/844 911/1067/844
f 910/1068/845 911/1067/845 907/1064/845 904/1063/845
f 911/1067/846 912/1056/846 902/1058/846 907/1064/846
f 799/945/847 761/891/847 766/894/847 802/946/847
f 802/946/848 766/894/848 776/898/848 803/949/848
f 803/961/849 776/913/849 775/910/849 810/957/849
f 810/957/850 775/910/850 763/909/850 800/954/850
f 762/900/851 780/918/851 785/921/851 770/901/851
f 770/901/852 785/921/852 795/925/852 771/904/852
f 771/916/853 795/940/853 794/937/853 777/912/853
f 777/912/854 794/937/854 782/936/854 763/909/854
f 781/927/855 818/969/855 823/972/855 789/928/855
f 789/928/856 823/972/856 833/976/856 790/931/856
f 790/943/857 833/991/857 832/988/857 796/939/857
f 796/939/858 832/988/858 820/987/858 782/936/858
f 819/978/859 801/963/859 815/966/859 827/979/859
f 827/979/860 815/966/860 809/958/860 828/982/860
f 828/982/861 809/958/861 808/955/861 834/990/861
f 834/990/862 808/955/862 800/954/862 820/987/862
f 875/1031/863 799/945/863 804/948/863 878/1032/863
f 878/1032/864 804/948/864 814/952/864 879/1035/864
f 879/1035/865 814/967/865 813/964/865 886/1043/865
f 886/1043/866 813/964/866 801/963/866 876/1040/866
f 818/969/867 894/1050/867 899/1053/867 821/970/867
f 821/970/868 899/1053/868 909/1057/868 822/973/868
f 822/985/869 909/1057/869 908/1066/869 829/981/869
f 829/981/870 908/1066/870 896/1065/870 819/978/870
f 895/1059/871 877/1046/871 891/1049/871 903/1060/871
f 903/1060/872 891/1049/872 885/1044/872 904/1063/872
f 904/1063/873 885/1044/873 884/1041/873 910/1068/873
f 910/1068/874 884/1041/874 876/1040/874 896/1065/874
f 837/993/875 875/1031/875 880/1034/875 840/994/875
f 840/994/876 880/1034/876 890/1038/876 841/997/876
f 841/997/877 890/1038/877 889/1047/877 848/1005/877
f 848/1005/878 889/1047/878 877/1046/878 838/1002/878
f 894/1050/879 856/1012/879 861/1015/879 897/1051/879
f 897/1051/880 861/1015/880 871/1019/880 898/1054/880
f 898/1054/881 871/1019/881 870/1028/881 905/1062/881
f 905/1062/882 870/1028/882 858/1027/882 895/1059/882
f 857/1021/883 839/1008/883 853/1011/883 865/1022/883
f 865/1022/884 853/1011/884 847/1006/884 866/1025/884
f 866/1025/885 847/1006/885 846/1003/885 872/1030/885
f 872/1030/886 846/1003/886 838/1002/886 858/1027/886
f 761/891/887 837/993/887 842/996/887 764/892/887
f 764/892/888 842/996/888 852/1000/888 765/895/888
f 765/907/889 852/1000/889 851/1009/889 772/903/889
f 772/903/890 851/1009/890 839/1008/890 762/900/890
f 856/1012/891 781/927/891 791/930/891 859/1013/891
f 859/1013/892 791/930/892 784/934/892 860/1016/892
f 860/1016/893 784/922/893 783/919/893 867/1024/893
f 867/1024/894 783/919/894 780/918/894 857/1021/894
f 799/945/895 875/1031/895 837/993/895 761/891/895
f 763/909/896 782/936/896 820/987/896 800/954/896
f 839/1008/897 857/1021/897 780/918/897 762/900/897
f 894/1050/898 818/969/898 781/927/898 856/1012/898
f 801/963/899 819/978/899 896/1065/899 876/1040/899
f 877/1046/900 895/1059/900 858/1027/900 838/1002/900
o 16_ActionButton
v -0.037600 -0.001000 -0.036200
v -0.037600 -0.000800 -0.036000
v -0.037800 -0.000800 -0.036200
v -0.037600 -0.000985 -0.036123
v -0.037600 -0.000941 -0.036059
v -0.037677 -0.000985 -0.036200
v -0.037678 -0.000966 -0.036122
v -0.037674 -0.000931 -0.036069
v -0.037715 -0.000915 -0.036085
v -0.037677 -0.000800 -0.036015
v -0.037741 -0.000800 -0.036059
v -0.037600 -0.000877 -0.036015
v -0.037678 -0.000878 -0.036034
v -0.037731 -0.000874 -0.036069
v -0.037785 -0.000877 -0.036200
v -0.037741 -0.000941 -0.036200
v -0.037785 -0.000800 -0.036123
v -0.037766 -0.000878 -0.036122
v -0.037731 -0.000931 -0.036126
v -0.037600 0.000800 -0.036000
v -0.037600 0.001000 -0.036200
v -0.037800 0.000800 -0.036200
v -0.037600 0.000877 -0.036015
v -0.037600 0.000941 -0.036059
v -0.037677 0.000800 -0.036015
v -0.037678 0.000878 -0.036034
v -0.037674 0.000931 -0.036069
v -0.037715 0.000915 -0.036085
v -0.037677 0.000985 -0.036200
v -0.037741 0.000941 -0.036200
v -0.037600 0.000985 -0.036123
v -0.037678 0.000966 -0.036122
v -0.037731 0.000931 -0.036126
v -0.037785 0.000800 -0.036123
v -0.037741 0.000800 -0.036059
v -0.037785 0.000877 -0.036200
v -0.037766 0.000878 -0.036122
v -0.037731 0.000874 -0.036069
v -0.037600 -0.001000 -0.043800
v -0.037800 -0.000800 -0.043800
v -0.037600 -0.000800 -0.044000
v -0.037677 -0.000985 -0.043800
v -0.037741 -0.000941 -0.043800
v -0.037600 -0.000985 -0.043877
v -0.037678 -0.000966 -0.043878
v -0.037731 -0.000931 -0.043874
v -0.037715 -0.000915 -0.043915
v -0.037785 -0.000800 -0.043877
v -0.037741 -0.000800 -0.043941
v -0.037785 -0.000877 -0.043800
v -0.037766 -0.000878 -0.043878
v -0.037731 -0.000874 -0.043931
v -0.037600 -0.000877 -0.043985
v -0.037600 -0.000941 -0.043941
v -0.037677 -0.000800 -0.043985
v -0.037678 -0.000878 -0.043966
v -0.037674 -0.000931 -0.043931
v -0.037600 0.001000 -0.043800
v -0.037600 0.000800 -0.044000
v -0.037800 0.000800 -0.043800
v -0.037600 0.000985 -0.043877
v -0.037600 0.000941 -0.043941
v -0.037677 0.000985 -0.043800
v -0.037678 0.000966 -0.043878
v -0.037674 0.000931 -0.043931
v -0.037715 0.000915 -0.043915
v -0.037677 0.000800 -0.043985
v -0.037741 0.000800 -0.043941
v -0.037600 0.000877 -0.043985
v -0.037678 0.000878 -0.043966
v -0.037731 0.000874 -0.043931
v -0.037785 0.000877 -0.043800
v -0.037741 0.000941 -0.043800
v -0.037785 0.000800 -0.043877
v -0.037766 0.000878 -0.043878
v -0.037731 0.000931 -0.043874
v -0.036000 -0.001000 -0.036200
v -0.035800 -0.000800 -0.036200
v -0.036000 -0.000800 -0.036000
v -0.035923 -0.000985 -0.036200
v -0.035859 -0.000941 -0.036200
v -0.036000 -0.000985 -0.036123
v -0.035922 -0.000966 -0.036122
v -0.035869 -0.000931 -0.036126
v -0.035885 -0.000915 -0.036085
v -0.035815 -0.000800 -0.036123
v -0.035859 -0.000800 -0.036059
v -0.035815 -0.000877 -0.036200
v -0.035834 -0.000878 -0.036122
v -0.035869 -0.000874 -0.036069
v -0.036000 -0.000877 -0.036015
v -0.036000 -0.000941 -0.036059
v -0.035923 -0.000800 -0.036015
v -0.035922 -0.000878 -0.036034
v -0.035926 -0.000931 -0.036069
v -0.036000 0.001000 -0.036200
v -0.036000 0.000800 -0.036000
v -0.035800 0.000800 -0.036200
v -0.036000 0.000985 -0.036123
v -0.036000 0.000941 -0.036059
v -0.035923 0.000985 -0.036200
v -0.035922 0.000966 -0.036122
v -0.035926 0.000931 -0.036069
v -0.035885 0.000915 -0.036085
v -0.035923 0.000800 -0.036015
v -0.035859 0.000800 -0.036059
v -0.036000 0.000877 -0.036015
v -0.035922 0.000878 -0.036034
v -0.035869 0.000874 -0.036069
v -0.035815 0.000877 -0.036200
v -0.035859 0.000941 -0.036200
v -0.035815 0.000800 -0.036123
v -0.035834 0.000878 -0.036122
v -0.035869 0.000931 -0.036126
v -0.036000 -0.001000 -0.043800
v -0.036000 -0.000800 -0.044000
v -0.035800 -0.000800 -0.043800
v -0.036000 -0.000985 -0.043877
v -0.036000 -0.000941 -0.043941
v -0.035923 -0.000985 -0.043800
v -0.035922 -0.000966 -0.043878
v -0.035926 -0.000931 -0.043931
v -0.035885 -0.000915 -0.043915
v -0.035923 -0.000800 -0.043985
v -0.035859 -0.000800 -0.043941
v -0.036000 -0.000877 -0.043985
v -0.035922 -0.000878 -0.043966
v -0.035869 -0.000874 -0.043931
v -0.035815 -0.000877 -0.043800
v -0.035859 -0.000941 -0.043800
v -0.035815 -0.000800 -0.043877
v -0.035834 -0.000878 -0.043878
v -0.035869 -0.000931 -0.043874
v -0.036000 0.001000 -0.043800
v -0.035800 0.000800 -0.043800
v -0.036000 0.000800 -0.044000
v -0.035923 0.000985 -0.043800
v -0.035859 0.000941 -0.043800
v -0.036000 0.000985 -0.043877
v -0.035922 0.000966 -0.043878
v -0.035869 0.000931 -0.043874
v -0.035885 0.000915 -0.043915
v -0.035815 0.000800 -0.043877
v -0.035859 0.000800 -0.043941
v -0.035815 0.000877 -0.043800
v -0.035834 0.000878 -0.043878
v -0.035869 0.000874 -0.043931
v -0.036000 0.000877 -0.043985
v -0.036000 0.000941 -0.043941
v -0.035923 0.000800 -0.043985
v -0.035922 0.000878 -0.043966
v -0.035926 0.000931 -0.043931
vn -0.2049 -0.9571 0.2049
vn -0.1818 -0.8152 0.5500
vn -0.5500 -0.8152 0.1818
vn -0.4931 -0.7167 0.4931
vn -0.2049 -0.2049 0.9571
vn -0.5500 -0.1818 0.8152
vn -0.1818 -0.5500 0.8152
vn -0.4931 -0.4931 0.7167
vn -0.9571 -0.2049 0.2049
vn -0.8152 -0.5500 0.1818
vn -0.8152 -0.1818 0.5500
vn -0.7167 -0.4931 0.4931
vn -0.2049 0.2049 0.9571
vn -0.1818 0.5500 0.8152
vn -0.5500 0.1818 0.8152
vn -0.4931 0.4931 0.7167
vn -0.2049 0.9571 0.2049
vn -0.5500 0.8152 0.1818
vn -0.1818 0.8152 0.5500
vn -0.4931 0.7167 0.4931
vn -0.9571 0.2049 0.2049
vn -0.8152 0.1818 0.5500
vn -0.8152 0.5500 0.1818
vn -0.7167 0.4931 0.4931
vn -0.2049 -0.9571 -0.2049
vn -0.5500 -0.8152 -0.1818
vn -0.1818 -0.8152 -0.5500
vn -0.4931 -0.7167 -0.4931
vn -0.9571 -0.2049 -0.2049
vn -0.8152 -0.1818 -0.5500
vn -0.8152 -0.5500 -0.1818
vn -0.7167 -0.4931 -0.4931
vn -0.2049 -0.2049 -0.9571
vn -0.1818 -0.5500 -0.8152
vn -0.5500 -0.1818 -0.8152
vn -0.4931 -0.4931 -0.7167
vn -0.2049 0.9571 -0.2049
vn -0.1818 0.8152 -0.5500
vn -0.5500 0.8152 -0.1818
vn -0.4931 0.7167 -0.4931
vn -0.2049 0.2049 -0.9571
vn -0.5500 0.1818 -0.8152
vn -0.1818 0.5500 -0.8152
vn -0.4931 0.4931 -0.7167
vn -0.9571 0.2049 -0.2049
vn -0.8152 0.5500 -0.1818
vn -0.8152 0.1818 -0.5500
vn -0.7167 0.4931 -0.4931
vn 0.2049 -0.9571 0.2049
vn 0.5500 -0.8152 0.1818
vn 0.1818 -0.8152 0.5500
vn 0.4931 -0.7167 0.4931
vn 0.9571 -0.2049 0.2049
vn 0.8152 -0.1818 0.5500
vn 0.8152 -0.5500 0.1818
vn 0.7167 -0.4931 0.4931
vn 0.2049 -0.2049 0.9571
vn 0.1818 -0.5500 0.8152
vn 0.5500 -0.1818 0.8152
vn 0.4931 -0.4931 0.7167
vn 0.2049 0.9571 0.2049
vn 0.1818 0.8152 0.5500
vn 0.5500 0.8152 0.1818
vn 0.4931 0.7167 0.4931
vn 0.2049 0.2049 0.9571
vn 0.5500 0.1818 0.8152
vn 0.1818 0.5500 0.8152
vn 0.4931 0.4931 0.7167
vn 0.9571 0.2049 0.2049
vn 0.8152 0.5500 0.1818
vn 0.8152 0.1818 0.5500
vn 0.7167 0.4931 0.4931
vn 0.2049 -0.9571 -0.2049
vn 0.1818 -0.8152 -0.5500
vn 0.5500 -0.8152 -0.1818
vn 0.4931 -0.7167 -0.4931
vn 0.2049 -0.2049 -0.9571
vn 0.5500 -0.1818 -0.8152
vn 0.1818 -0.5500 -0.8152
vn 0.4931 -0.4931 -0.7167
vn 0.9571 -0.2049 -0.2049
vn 0.8152 -0.5500 -0.1818
vn 0.8152 -0.1818 -0.5500
vn 0.7167 -0.4931 -0.4931
vn 0.2049 0.9571 -0.2049
vn 0.5500 0.8152 -0.1818
vn 0.1818 0.8152 -0.5500
vn 0.4931 0.7167 -0.4931
vn 0.9571 0.2049 -0.2049
vn 0.8152 0.1818 -0.5500
vn 0.8152 0.5500 -0.1818
vn 0.7167 0.4931 -0.4931
vn 0.2049 0.2049 -0.9571
vn 0.1818 0.5500 -0.8152
vn 0.5500 0.1818 -0.8152
vn 0.4931 0.4931 -0.7167
vn -0.1951 -0.9808 -0.0000
vn -0.5556 -0.8315 -0.0000
vn -0.8315 -0.5556 -0.0000
vn -0.9808 -0.1951 -0.0000
vn -0.1951 -0.0000 0.9808
vn -0.5556 -0.0000 0.8315
vn -0.8315 -0.0000 0.5556
vn -0.9808 -0.0000 0.1951
vn -0.1951 0.9808 -0.0000
vn -0.5556 0.8315 -0.0000
vn -0.8315 0.5556 -0.0000
vn -0.9808 0.1951 -0.0000
vn -0.1951 -0.0000 -0.9808
vn -0.5556 -0.0000 -0.8315
vn -0.8315 -0.0000 -0.5556
vn -0.9808 -0.0000 -0.1951
vn -0.0000 -0.9808 -0.1951
vn -0.0000 -0.8315 -0.5556
vn -0.0000 -0.5556 -0.8315
vn -0.0000 -0.1951 -0.9808
vn -0.0000 0.9808 -0.1951
vn -0.0000 0.8315 -0.5556
vn -0.0000 0.5556 -0.8315
vn -0.0000 0.1951 -0.9808
vn 0.9808 -0.0000 -0.1951
vn 0.8315 -0.0000 -0.5556
vn 0.5556 -0.0000 -0.8315
vn 0.1951 -0.0000 -0.9808
vn 0.1951 -0.9808 -0.0000
vn 0.5556 -0.8315 -0.0000
vn 0.8315 -0.5556 -0.0000
vn 0.9808 -0.1951 -0.0000
vn 0.1951 0.9808 -0.0000
vn 0.5556 0.8315 -0.0000
vn 0.8315 0.5556 -0.0000
vn 0.9808 0.1951 -0.0000
vn 0.1951 -0.0000 0.9808
vn 0.5556 -0.0000 0.8315
vn 0.8315 -0.0000 0.5556
vn 0.9808 -0.0000 0.1951
vn -0.0000 -0.9808 0.1951
vn -0.0000 -0.8315 0.5556
vn -0.0000 -0.5556 0.8315
vn -0.0000 -0.1951 0.9808
vn -0.0000 0.9808 0.1951
vn -0.0000 0.8315 0.5556
vn -0.0000 0.5556 0.8315
vn -0.0000 0.1951 0.9808
vn -0.0000 -1.0000 -0.0000
vn -1.0000 -0.0000 -0.0000
vn -0.0000 -0.0000 1.0000
vn -0.0000 1.0000 -0.0000
vn -0.0000 -0.0000 -1.0000
vn 1.0000 -0.0000 -0.0000
vt 0.150000 0.743750
vt 0.150000 0.746142
vt 0.140193 0.746202
vt 0.140433 0.743750
vt 0.150000 0.750000
vt 0.140691 0.750000
vt 0.125000 0.746077
vt 0.125000 0.743750
vt 0.135566 0.750000
vt 0.400000 0.975000
vt 0.400000 0.984567
vt 0.390193 0.984807
vt 0.390433 0.975000
vt 0.400000 1.000000
vt 0.390691 1.000000
vt 0.375000 0.984309
vt 0.375000 0.975000
vt 0.385566 1.000000
vt 0.400000 0.006250
vt 0.390433 0.006250
vt 0.390193 0.003798
vt 0.400000 0.003858
vt 0.375000 0.006250
vt 0.375000 0.003923
vt 0.390691 0.000000
vt 0.400000 0.000000
vt 0.375000 0.002642
vt 0.600000 0.975000
vt 0.609567 0.975000
vt 0.609807 0.984807
vt 0.600000 0.984567
vt 0.625000 0.975000
vt 0.625000 0.984309
vt 0.609309 1.000000
vt 0.600000 1.000000
vt 0.625000 0.989434
vt 0.850000 0.743750
vt 0.859567 0.743750
vt 0.859807 0.746202
vt 0.850000 0.746142
vt 0.875000 0.743750
vt 0.875000 0.746077
vt 0.859309 0.750000
vt 0.850000 0.750000
vt 0.875000 0.747358
vt 0.600000 0.006250
vt 0.600000 0.003858
vt 0.609807 0.003798
vt 0.609567 0.006250
vt 0.600000 0.000000
vt 0.609309 0.000000
vt 0.625000 0.003923
vt 0.625000 0.006250
vt 0.614434 0.000000
vt 0.150000 0.506250
vt 0.140433 0.506250
vt 0.140193 0.503798
vt 0.150000 0.503858
vt 0.125000 0.506250
vt 0.125000 0.503923
vt 0.140691 0.500000
vt 0.150000 0.500000
vt 0.125000 0.502642
vt 0.400000 0.243750
vt 0.400000 0.246142
vt 0.390193 0.246202
vt 0.390433 0.243750
vt 0.400000 0.250000
vt 0.390691 0.250000
vt 0.375000 0.246077
vt 0.375000 0.243750
vt 0.380283 0.255283
vt 0.400000 0.275000
vt 0.390433 0.275000
vt 0.390193 0.265193
vt 0.400000 0.265433
vt 0.375000 0.275000
vt 0.375000 0.265691
vt 0.850000 0.506250
vt 0.850000 0.503858
vt 0.859807 0.503798
vt 0.859567 0.506250
vt 0.850000 0.500000
vt 0.859309 0.500000
vt 0.875000 0.503923
vt 0.875000 0.506250
vt 0.864434 0.500000
vt 0.600000 0.275000
vt 0.600000 0.265433
vt 0.609807 0.265193
vt 0.609567 0.275000
vt 0.600000 0.250000
vt 0.609309 0.250000
vt 0.625000 0.265691
vt 0.625000 0.275000
vt 0.619717 0.248679
vt 0.600000 0.243750
vt 0.609567 0.243750
vt 0.609807 0.246202
vt 0.600000 0.246142
vt 0.625000 0.243750
vt 0.625000 0.246077
vt 0.350000 0.743750
vt 0.359567 0.743750
vt 0.359807 0.746202
vt 0.350000 0.746142
vt 0.375000 0.743750
vt 0.375000 0.746077
vt 0.367155 0.757845
vt 0.362500 0.762500
vt 0.378522 0.752642
vt 0.400000 0.743750
vt 0.400000 0.746142
vt 0.390193 0.746202
vt 0.390433 0.743750
vt 0.400000 0.750000
vt 0.390691 0.750000
vt 0.400000 0.775000
vt 0.390433 0.775000
vt 0.390193 0.765193
vt 0.400000 0.765433
vt 0.650000 0.743750
vt 0.650000 0.746142
vt 0.640193 0.746202
vt 0.640433 0.743750
vt 0.637500 0.762500
vt 0.632845 0.757845
vt 0.625000 0.746077
vt 0.625000 0.743750
vt 0.625000 0.749119
vt 0.600000 0.775000
vt 0.600000 0.765433
vt 0.609807 0.765193
vt 0.609567 0.775000
vt 0.600000 0.750000
vt 0.609309 0.750000
vt 0.600000 0.743750
vt 0.609567 0.743750
vt 0.609807 0.746202
vt 0.600000 0.746142
vt 0.350000 0.506250
vt 0.350000 0.503858
vt 0.359807 0.503798
vt 0.359567 0.506250
vt 0.362500 0.487500
vt 0.367155 0.492155
vt 0.375000 0.503923
vt 0.375000 0.506250
vt 0.375000 0.500881
vt 0.400000 0.475000
vt 0.400000 0.484567
vt 0.390193 0.484807
vt 0.390433 0.475000
vt 0.400000 0.500000
vt 0.390691 0.500000
vt 0.400000 0.506250
vt 0.390433 0.506250
vt 0.390193 0.503798
vt 0.400000 0.503858
vt 0.650000 0.506250
vt 0.640433 0.506250
vt 0.640193 0.503798
vt 0.650000 0.503858
vt 0.625000 0.506250
vt 0.625000 0.503923
vt 0.632845 0.492155
vt 0.637500 0.487500
vt 0.621478 0.497358
vt 0.600000 0.506250
vt 0.600000 0.503858
vt 0.609807 0.503798
vt 0.609567 0.506250
vt 0.600000 0.500000
vt 0.609309 0.500000
vt 0.600000 0.475000
vt 0.609567 0.475000
vt 0.609807 0.484807
vt 0.600000 0.484567
s 0
usemtl MatteBlackTitanium
f 913/1069/901 916/1070/901 919/1071/901 918/1072/901
f 916/1070/902 917/1073/902 920/1074/902 919/1071/902
f 918/1072/903 919/1071/903 931/1075/903 928/1076/903
f 919/1071/904 920/1074/904 921/1077/904 931/1075/904
f 914/1078/905 922/1079/905 925/1080/905 924/1081/905
f 922/1079/906 923/1082/906 926/1083/906 925/1080/906
f 924/1081/907 925/1080/907 920/1084/907 917/1085/907
f 925/1080/908 926/1083/908 921/1086/908 920/1084/908
f 915/1087/909 927/1088/909 930/1089/909 929/1090/909
f 927/1088/910 928/1091/910 931/1092/910 930/1089/910
f 929/1090/911 930/1089/911 926/1093/911 923/1094/911
f 930/1089/912 931/1092/912 921/1095/912 926/1093/912
f 932/1096/913 935/1097/913 938/1098/913 937/1099/913
f 935/1097/914 936/1100/914 939/1101/914 938/1098/914
f 937/1099/915 938/1098/915 950/1102/915 947/1103/915
f 938/1098/916 939/1101/916 940/1104/916 950/1102/916
f 933/1105/917 941/1106/917 944/1107/917 943/1108/917
f 941/1106/918 942/1109/918 945/1110/918 944/1107/918
f 943/1108/919 944/1107/919 939/1111/919 936/1112/919
f 944/1107/920 945/1110/920 940/1113/920 939/1111/920
f 934/1114/921 946/1115/921 949/1116/921 948/1117/921
f 946/1115/922 947/1118/922 950/1119/922 949/1116/922
f 948/1117/923 949/1116/923 945/1120/923 942/1121/923
f 949/1116/924 950/1119/924 940/1122/924 945/1120/924
f 951/1123/925 954/1124/925 957/1125/925 956/1126/925
f 954/1124/926 955/1127/926 958/1128/926 957/1125/926
f 956/1126/927 957/1125/927 969/1129/927 966/1130/927
f 957/1125/928 958/1128/928 959/1131/928 969/1129/928
f 952/1132/929 960/1133/929 963/1134/929 962/1135/929
f 960/1133/930 961/1136/930 964/1137/930 963/1134/930
f 962/1135/931 963/1134/931 958/1138/931 955/1139/931
f 963/1134/932 964/1137/932 959/1140/932 958/1138/932
f 953/1141/933 965/1142/933 968/1143/933 967/1144/933
f 965/1142/934 966/1145/934 969/1146/934 968/1143/934
f 967/1144/935 968/1143/935 964/1137/935 961/1136/935
f 968/1143/936 969/1146/936 959/1140/936 964/1137/936
f 970/1147/937 973/1148/937 976/1149/937 975/1150/937
f 973/1148/938 974/1151/938 977/1152/938 976/1149/938
f 975/1150/939 976/1149/939 988/1153/939 985/1154/939
f 976/1149/940 977/1152/940 978/1155/940 988/1153/940
f 971/1156/941 979/1157/941 982/1158/941 981/1159/941
f 979/1157/942 980/1160/942 983/1161/942 982/1158/942
f 981/1159/943 982/1158/943 977/1162/943 974/1163/943
f 982/1158/944 983/1161/944 978/1164/944 977/1162/944
f 972/1165/945 984/1166/945 987/1167/945 986/1168/945
f 984/1166/946 985/1169/946 988/1170/946 987/1167/946
f 986/1168/947 987/1167/947 983/1161/947 980/1160/947
f 987/1167/948 988/1170/948 978/1164/948 983/1161/948
f 989/1171/949 992/1172/949 995/1173/949 994/1174/949
f 992/1172/950 993/1175/950 996/1176/950 995/1173/950
f 994/1174/951 995/1173/951 1007/1177/951 1004/1178/951
f 995/1173/952 996/1176/952 997/1179/952 1007/1177/952
f 990/1180/953 998/1181/953 1001/1182/953 1000/1183/953
f 998/1181/954 999/1184/954 1002/1185/954 1001/1182/954
f 1000/1183/955 1001/1182/955 996/1176/955 993/1175/955
f 1001/1182/956 1002/1185/956 997/1179/956 996/1176/956
f 991/1186/957 1003/1187/957 1006/1188/957 1005/1189/957
f 1003/1187/958 1004/1178/958 1007/1177/958 1006/1188/958
f 1005/1189/959 1006/1188/959 1002/1185/959 999/1184/959
f 1006/1188/960 1007/1177/960 997/1179/960 1002/1185/960
f 1008/1190/961 1011/1191/961 1014/1192/961 1013/1193/961
f 1011/1191/962 1012/1194/962 1015/1195/962 1014/1192/962
f 1013/1193/963 1014/1192/963 1026/1196/963 1023/1197/963
f 1014/1192/964 1015/1195/964 1016/1198/964 1026/1196/964
f 1009/1199/965 1017/1200/965 1020/1201/965 1019/1202/965
f 1017/1200/966 1018/1203/966 1021/1204/966 1020/1201/966
f 1019/1202/967 1020/1201/967 1015/1195/967 1012/1194/967
f 1020/1201/968 1021/1204/968 1016/1198/968 1015/1195/968
f 1010/1205/969 1022/1206/969 1025/1207/969 1024/1208/969
f 1022/1206/970 1023/1197/970 1026/1196/970 1025/1207/970
f 1024/1208/971 1025/1207/971 1021/1204/971 1018/1203/971
f 1025/1207/972 1026/1196/972 1016/1198/972 1021/1204/972
f 1027/1209/973 1030/1210/973 1033/1211/973 1032/1212/973
f 1030/1210/974 1031/1213/974 1034/1214/974 1033/1211/974
f 1032/1212/975 1033/1211/975 1045/1215/975 1042/1216/975
f 1033/1211/976 1034/1214/976 1035/1217/976 1045/1215/976
f 1028/1218/977 1036/1219/977 1039/1220/977 1038/1221/977
f 1036/1219/978 1037/1222/978 1040/1223/978 1039/1220/978
f 1038/1221/979 1039/1220/979 1034/1214/979 1031/1213/979
f 1039/1220/980 1040/1223/980 1035/1217/980 1034/1214/980
f 1029/1224/981 1041/1225/981 1044/1226/981 1043/1227/981
f 1041/1225/982 1042/1216/982 1045/1215/982 1044/1226/982
f 1043/1227/983 1044/1226/983 1040/1223/983 1037/1222/983
f 1044/1226/984 1045/1215/984 1035/1217/984 1040/1223/984
f 1046/1228/985 1049/1229/985 1052/1230/985 1051/1231/985
f 1049/1229/986 1050/1232/986 1053/1233/986 1052/1230/986
f 1051/1231/987 1052/1230/987 1064/1234/987 1061/1235/987
f 1052/1230/988 1053/1233/988 1054/1236/988 1064/1234/988
f 1047/1237/989 1055/1238/989 1058/1239/989 1057/1240/989
f 1055/1238/990 1056/1241/990 1059/1242/990 1058/1239/990
f 1057/1240/991 1058/1239/991 1053/1233/991 1050/1232/991
f 1058/1239/992 1059/1242/992 1054/1236/992 1053/1233/992
f 1048/1243/993 1060/1244/993 1063/1245/993 1062/1246/993
f 1060/1244/994 1061/1235/994 1064/1234/994 1063/1245/994
f 1062/1246/995 1063/1245/995 1059/1242/995 1056/1241/995
f 1063/1245/996 1064/1234/996 1054/1236/996 1059/1242/996
f 951/1123/997 913/1069/997 918/1072/997 954/1124/997
f 954/1124/998 918/1072/998 928/1076/998 955/1127/998
f 955/1139/999 928/1091/999 927/1088/999 962/1135/999
f 962/1135/1000 927/1088/1000 915/1087/1000 952/1132/1000
f 914/1078/1001 932/1096/1001 937/1099/1001 922/1079/1001
f 922/1079/1002 937/1099/1002 947/1103/1002 923/1082/1002
f 923/1094/1003 947/1118/1003 946/1115/1003 929/1090/1003
f 929/1090/1004 946/1115/1004 934/1114/1004 915/1087/1004
f 933/1105/1005 970/1147/1005 975/1150/1005 941/1106/1005
f 941/1106/1006 975/1150/1006 985/1154/1006 942/1109/1006
f 942/1121/1007 985/1169/1007 984/1166/1007 948/1117/1007
f 948/1117/1008 984/1166/1008 972/1165/1008 934/1114/1008
f 971/1156/1009 953/1141/1009 967/1144/1009 979/1157/1009
f 979/1157/1010 967/1144/1010 961/1136/1010 980/1160/1010
f 980/1160/1011 961/1136/1011 960/1133/1011 986/1168/1011
f 986/1168/1012 960/1133/1012 952/1132/1012 972/1165/1012
f 1027/1209/1013 951/1123/1013 956/1126/1013 1030/1210/1013
f 1030/1210/1014 956/1126/1014 966/1130/1014 1031/1213/1014
f 1031/1213/1015 966/1145/1015 965/1142/1015 1038/1221/1015
f 1038/1221/1016 965/1142/1016 953/1141/1016 1028/1218/1016
f 970/1147/1017 1046/1228/1017 1051/1231/1017 973/1148/1017
f 973/1148/1018 1051/1231/1018 1061/1235/1018 974/1151/1018
f 974/1163/1019 1061/1235/1019 1060/1244/1019 981/1159/1019
f 981/1159/1020 1060/1244/1020 1048/1243/1020 971/1156/1020
f 1047/1237/1021 1029/1224/1021 1043/1227/1021 1055/1238/1021
f 1055/1238/1022 1043/1227/1022 1037/1222/1022 1056/1241/1022
f 1056/1241/1023 1037/1222/1023 1036/1219/1023 1062/1246/1023
f 1062/1246/1024 1036/1219/1024 1028/1218/1024 1048/1243/1024
f 989/1171/1025 1027/1209/1025 1032/1212/1025 992/1172/1025
f 992/1172/1026 1032/1212/1026 1042/1216/1026 993/1175/1026
f 993/1175/1027 1042/1216/1027 1041/1225/1027 1000/1183/1027
f 1000/1183/1028 1041/1225/1028 1029/1224/1028 990/1180/1028
f 1046/1228/1029 1008/1190/1029 1013/1193/1029 1049/1229/1029
f 1049/1229/1030 1013/1193/1030 1023/1197/1030 1050/1232/1030
f 1050/1232/1031 1023/1197/1031 1022/1206/1031 1057/1240/1031
f 1057/1240/1032 1022/1206/1032 1010/1205/1032 1047/1237/1032
f 1009/1199/1033 991/1186/1033 1005/1189/1033 1017/1200/1033
f 1017/1200/1034 1005/1189/1034 999/1184/1034 1018/1203/1034
f 1018/1203/1035 999/1184/1035 998/1181/1035 1024/1208/1035
f 1024/1208/1036 998/1181/1036 990/1180/1036 1010/1205/1036
f 913/1069/1037 989/1171/1037 994/1174/1037 916/1070/1037
f 916/1070/1038 994/1174/1038 1004/1178/1038 917/1073/1038
f 917/1085/1039 1004/1178/1039 1003/1187/1039 924/1081/1039
f 924/1081/1040 1003/1187/1040 991/1186/1040 914/1078/1040
f 1008/1190/1041 933/1105/1041 943/1108/1041 1011/1191/1041
f 1011/1191/1042 943/1108/1042 936/1112/1042 1012/1194/1042
f 1012/1194/1043 936/1100/1043 935/1097/1043 1019/1202/1043
f 1019/1202/1044 935/1097/1044 932/1096/1044 1009/1199/1044
f 951/1123/1045 1027/1209/1045 989/1171/1045 913/1069/1045
f 915/1087/1046 934/1114/1046 972/1165/1046 952/1132/1046
f 991/1186/1047 1009/1199/1047 932/1096/1047 914/1078/1047
f 1046/1228/1048 970/1147/1048 933/1105/1048 1008/1190/1048
f 953/1141/1049 971/1156/1049 1048/1243/1049 1028/1218/1049
f 1029/1224/1050 1047/1237/1050 1010/1205/1050 990/1180/1050
o 17_PowerButton
v 0.036000 -0.001000 -0.022700
v 0.036000 -0.000800 -0.022500
v 0.035800 -0.000800 -0.022700
v 0.036000 -0.000985 -0.022623
v 0.036000 -0.000941 -0.022559
v 0.035923 -0.000985 -0.022700
v 0.035922 -0.000966 -0.022622
v 0.035926 -0.000931 -0.022569
v 0.035885 -0.000915 -0.022585
v 0.035923 -0.000800 -0.022515
v 0.035859 -0.000800 -0.022559
v 0.036000 -0.000877 -0.022515
v 0.035922 -0.000878 -0.022534
v 0.035869 -0.000874 -0.022569
v 0.035815 -0.000877 -0.022700
v 0.035859 -0.000941 -0.022700
v 0.035815 -0.000800 -0.022623
v 0.035834 -0.000878 -0.022622
v 0.035869 -0.000931 -0.022626
v 0.036000 0.000800 -0.022500
v 0.036000 0.001000 -0.022700
v 0.035800 0.000800 -0.022700
v 0.036000 0.000877 -0.022515
v 0.036000 0.000941 -0.022559
v 0.035923 0.000800 -0.022515
v 0.035922 0.000878 -0.022534
v 0.035926 0.000931 -0.022569
v 0.035885 0.000915 -0.022585
v 0.035923 0.000985 -0.022700
v 0.035859 0.000941 -0.022700
v 0.036000 0.000985 -0.022623
v 0.035922 0.000966 -0.022622
v 0.035869 0.000931 -0.022626
v 0.035815 0.000800 -0.022623
v 0.035859 0.000800 -0.022559
v 0.035815 0.000877 -0.022700
v 0.035834 0.000878 -0.022622
v 0.035869 0.000874 -0.022569
v 0.036000 -0.001000 -0.037300
v 0.035800 -0.000800 -0.037300
v 0.036000 -0.000800 -0.037500
v 0.035923 -0.000985 -0.037300
v 0.035859 -0.000941 -0.037300
v 0.036000 -0.000985 -0.037377
v 0.035922 -0.000966 -0.037378
v 0.035869 -0.000931 -0.037374
v 0.035885 -0.000915 -0.037415
v 0.035815 -0.000800 -0.037377
v 0.035859 -0.000800 -0.037441
v 0.035815 -0.000877 -0.037300
v 0.035834 -0.000878 -0.037378
v 0.035869 -0.000874 -0.037431
v 0.036000 -0.000877 -0.037485
v 0.036000 -0.000941 -0.037441
v 0.035923 -0.000800 -0.037485
v 0.035922 -0.000878 -0.037466
v 0.035926 -0.000931 -0.037431
v 0.036000 0.001000 -0.037300
v 0.036000 0.000800 -0.037500
v 0.035800 0.000800 -0.037300
v 0.036000 0.000985 -0.037377
v 0.036000 0.000941 -0.037441
v 0.035923 0.000985 -0.037300
v 0.035922 0.000966 -0.037378
v 0.035926 0.000931 -0.037431
v 0.035885 0.000915 -0.037415
v 0.035923 0.000800 -0.037485
v 0.035859 0.000800 -0.037441
v 0.036000 0.000877 -0.037485
v 0.035922 0.000878 -0.037466
v 0.035869 0.000874 -0.037431
v 0.035815 0.000877 -0.037300
v 0.035859 0.000941 -0.037300
v 0.035815 0.000800 -0.037377
v 0.035834 0.000878 -0.037378
v 0.035869 0.000931 -0.037374
v 0.037600 -0.001000 -0.022700
v 0.037800 -0.000800 -0.022700
v 0.037600 -0.000800 -0.022500
v 0.037677 -0.000985 -0.022700
v 0.037741 -0.000941 -0.022700
v 0.037600 -0.000985 -0.022623
v 0.037678 -0.000966 -0.022622
v 0.037731 -0.000931 -0.022626
v 0.037715 -0.000915 -0.022585
v 0.037785 -0.000800 -0.022623
v 0.037741 -0.000800 -0.022559
v 0.037785 -0.000877 -0.022700
v 0.037766 -0.000878 -0.022622
v 0.037731 -0.000874 -0.022569
v 0.037600 -0.000877 -0.022515
v 0.037600 -0.000941 -0.022559
v 0.037677 -0.000800 -0.022515
v 0.037678 -0.000878 -0.022534
v 0.037674 -0.000931 -0.022569
v 0.037600 0.001000 -0.022700
v 0.037600 0.000800 -0.022500
v 0.037800 0.000800 -0.022700
v 0.037600 0.000985 -0.022623
v 0.037600 0.000941 -0.022559
v 0.037677 0.000985 -0.022700
v 0.037678 0.000966 -0.022622
v 0.037674 0.000931 -0.022569
v 0.037715 0.000915 -0.022585
v 0.037677 0.000800 -0.022515
v 0.037741 0.000800 -0.022559
v 0.037600 0.000877 -0.022515
v 0.037678 0.000878 -0.022534
v 0.037731 0.000874 -0.022569
v 0.037785 0.000877 -0.022700
v 0.037741 0.000941 -0.022700
v 0.037785 0.000800 -0.022623
v 0.037766 0.000878 -0.022622
v 0.037731 0.000931 -0.022626
v 0.037600 -0.001000 -0.037300
v 0.037600 -0.000800 -0.037500
v 0.037800 -0.000800 -0.037300
v 0.037600 -0.000985 -0.037377
v 0.037600 -0.000941 -0.037441
v 0.037677 -0.000985 -0.037300
v 0.037678 -0.000966 -0.037378
v 0.037674 -0.000931 -0.037431
v 0.037715 -0.000915 -0.037415
v 0.037677 -0.000800 -0.037485
v 0.037741 -0.000800 -0.037441
v 0.037600 -0.000877 -0.037485
v 0.037678 -0.000878 -0.037466
v 0.037731 -0.000874 -0.037431
v 0.037785 -0.000877 -0.037300
v 0.037741 -0.000941 -0.037300
v 0.037785 -0.000800 -0.037377
v 0.037766 -0.000878 -0.037378
v 0.037731 -0.000931 -0.037374
v 0.037600 0.001000 -0.037300
v 0.037800 0.000800 -0.037300
v 0.037600 0.000800 -0.037500
v 0.037677 0.000985 -0.037300
v 0.037741 0.000941 -0.037300
v 0.037600 0.000985 -0.037377
v 0.037678 0.000966 -0.037378
v 0.037731 0.000931 -0.037374
v 0.037715 0.000915 -0.037415
v 0.037785 0.000800 -0.037377
v 0.037741 0.000800 -0.037441
v 0.037785 0.000877 -0.037300
v 0.037766 0.000878 -0.037378
v 0.037731 0.000874 -0.037431
v 0.037600 0.000877 -0.037485
v 0.037600 0.000941 -0.037441
v 0.037677 0.000800 -0.037485
v 0.037678 0.000878 -0.037466
v 0.037674 0.000931 -0.037431
vn -0.2049 -0.9571 0.2049
vn -0.1818 -0.8152 0.5500
vn -0.5500 -0.8152 0.1818
vn -0.4931 -0.7167 0.4931
vn -0.2049 -0.2049 0.9571
vn -0.5500 -0.1818 0.8152
vn -0.1818 -0.5500 0.8152
vn -0.4931 -0.4931 0.7167
vn -0.9571 -0.2049 0.2049
vn -0.8152 -0.5500 0.1818
vn -0.8152 -0.1818 0.5500
vn -0.7167 -0.4931 0.4931
vn -0.2049 0.2049 0.9571
vn -0.1818 0.5500 0.8152
vn -0.5500 0.1818 0.8152
vn -0.4931 0.4931 0.7167
vn -0.2049 0.9571 0.2049
vn -0.5500 0.8152 0.1818
vn -0.1818 0.8152 0.5499
vn -0.4931 0.7167 0.4931
vn -0.9571 0.2049 0.2049
vn -0.8152 0.1818 0.5500
vn -0.8152 0.5500 0.1818
vn -0.7167 0.4931 0.4931
vn -0.2049 -0.9571 -0.2049
vn -0.5500 -0.8152 -0.1818
vn -0.1818 -0.8152 -0.5499
vn -0.4931 -0.7167 -0.4931
vn -0.9571 -0.2049 -0.2049
vn -0.8152 -0.1818 -0.5500
vn -0.8152 -0.5500 -0.1818
vn -0.7167 -0.4931 -0.4931
vn -0.2049 -0.2049 -0.9571
vn -0.1818 -0.5500 -0.8152
vn -0.5500 -0.1818 -0.8152
vn -0.4931 -0.4931 -0.7167
vn -0.2049 0.9571 -0.2049
vn -0.1818 0.8152 -0.5500
vn -0.5500 0.8152 -0.1818
vn -0.4931 0.7167 -0.4931
vn -0.2049 0.2049 -0.9571
vn -0.5500 0.1818 -0.8152
vn -0.1818 0.5500 -0.8152
vn -0.4931 0.4931 -0.7167
vn -0.9571 0.2049 -0.2049
vn -0.8152 0.5500 -0.1818
vn -0.8152 0.1818 -0.5500
vn -0.7167 0.4931 -0.4931
vn 0.2049 -0.9571 0.2049
vn 0.5500 -0.8152 0.1818
vn 0.1818 -0.8152 0.5499
vn 0.4931 -0.7167 0.4931
vn 0.9571 -0.2049 0.2049
vn 0.8152 -0.1818 0.5500
vn 0.8152 -0.5500 0.1818
vn 0.7167 -0.4931 0.4931
vn 0.2049 -0.2049 0.9571
vn 0.1818 -0.5500 0.8152
vn 0.5500 -0.1818 0.8152
vn 0.4931 -0.4931 0.7167
vn 0.2049 0.9571 0.2049
vn 0.1818 0.8152 0.5500
vn 0.5500 0.8152 0.1818
vn 0.4931 0.7167 0.4931
vn 0.2049 0.2049 0.9571
vn 0.5500 0.1818 0.8152
vn 0.1818 0.5500 0.8152
vn 0.4931 0.4931 0.7167
vn 0.9571 0.2049 0.2049
vn 0.8152 0.5500 0.1818
vn 0.8152 0.1818 0.5500
vn 0.7167 0.4931 0.4931
vn 0.2049 -0.9571 -0.2049
vn 0.1818 -0.8152 -0.5500
vn 0.5500 -0.8152 -0.1818
vn 0.4931 -0.7167 -0.4931
vn 0.2049 -0.2049 -0.9571
vn 0.5500 -0.1818 -0.8152
vn 0.1818 -0.5500 -0.8152
vn 0.4931 -0.4931 -0.7167
vn 0.9571 -0.2049 -0.2049
vn 0.8152 -0.5500 -0.1818
vn 0.8152 -0.1818 -0.5500
vn 0.7167 -0.4931 -0.4931
vn 0.2049 0.9571 -0.2049
vn 0.5500 0.8152 -0.1818
vn 0.1818 0.8152 -0.5499
vn 0.4931 0.7167 -0.4931
vn 0.9571 0.2049 -0.2049
vn 0.8152 0.1818 -0.5500
vn 0.8152 0.5500 -0.1818
vn 0.7167 0.4931 -0.4931
vn 0.2049 0.2049 -0.9571
vn 0.1818 0.5500 -0.8152
vn 0.5500 0.1818 -0.8152
vn 0.4931 0.4931 -0.7167
vn -0.1951 -0.9808 -0.0000
vn -0.5556 -0.8315 -0.0000
vn -0.8315 -0.5556 -0.0000
vn -0.9808 -0.1951 -0.0000
vn -0.1951 -0.0000 0.9808
vn -0.5556 -0.0000 0.8315
vn -0.8315 -0.0000 0.5556
vn -0.9808 -0.0000 0.1951
vn -0.1951 0.9808 -0.0000
vn -0.5556 0.8315 -0.0000
vn -0.8315 0.5556 -0.0000
vn -0.9808 0.1951 -0.0000
vn -0.1951 -0.0000 -0.9808
vn -0.5556 -0.0000 -0.8315
vn -0.8315 -0.0000 -0.5556
vn -0.9808 -0.0000 -0.1951
vn -0.0000 -0.9808 -0.1951
vn -0.0000 -0.8315 -0.5556
vn -0.0000 -0.5556 -0.8315
vn -0.0000 -0.1951 -0.9808
vn -0.0000 0.9808 -0.1951
vn -0.0000 0.8315 -0.5556
vn -0.0000 0.5556 -0.8315
vn -0.0000 0.1951 -0.9808
vn 0.9808 -0.0000 -0.1951
vn 0.8315 -0.0000 -0.5556
vn 0.5556 -0.0000 -0.8315
vn 0.1951 -0.0000 -0.9808
vn 0.1951 -0.9808 -0.0000
vn 0.5556 -0.8315 -0.0000
vn 0.8315 -0.5556 -0.0000
vn 0.9808 -0.1951 -0.0000
vn 0.1951 0.9808 -0.0000
vn 0.5556 0.8315 -0.0000
vn 0.8315 0.5556 -0.0000
vn 0.9808 0.1951 -0.0000
vn 0.1951 -0.0000 0.9808
vn 0.5556 -0.0000 0.8315
vn 0.8315 -0.0000 0.5556
vn 0.9808 -0.0000 0.1951
vn -0.0000 -0.9808 0.1951
vn -0.0000 -0.8315 0.5556
vn -0.0000 -0.5556 0.8315
vn -0.0000 -0.1951 0.9808
vn -0.0000 0.9808 0.1951
vn -0.0000 0.8315 0.5556
vn -0.0000 0.5556 0.8315
vn -0.0000 0.1951 0.9808
vn -0.0000 -1.0000 -0.0000
vn -1.0000 -0.0000 -0.0000
vn -0.0000 -0.0000 1.0000
vn -0.0000 1.0000 -0.0000
vn -0.0000 -0.0000 -1.0000
vn 1.0000 -0.0000 -0.0000
vt 0.150000 0.746667
vt 0.150000 0.747942
vt 0.140193 0.747974
vt 0.140433 0.746667
vt 0.150000 0.750000
vt 0.140691 0.750000
vt 0.125000 0.747908
vt 0.125000 0.746667
vt 0.135566 0.750000
vt 0.400000 0.975000
vt 0.400000 0.984567
vt 0.390193 0.984807
vt 0.390433 0.975000
vt 0.400000 1.000000
vt 0.390691 1.000000
vt 0.375000 0.984309
vt 0.375000 0.975000
vt 0.385566 1.000000
vt 0.400000 0.003333
vt 0.390433 0.003333
vt 0.390193 0.002026
vt 0.400000 0.002058
vt 0.375000 0.003333
vt 0.375000 0.002092
vt 0.390691 0.000000
vt 0.400000 0.000000
vt 0.375000 0.001409
vt 0.600000 0.975000
vt 0.609567 0.975000
vt 0.609807 0.984807
vt 0.600000 0.984567
vt 0.625000 0.975000
vt 0.625000 0.984309
vt 0.609309 1.000000
vt 0.600000 1.000000
vt 0.625000 0.989434
vt 0.850000 0.746667
vt 0.859567 0.746667
vt 0.859807 0.747974
vt 0.850000 0.747942
vt 0.875000 0.746667
vt 0.875000 0.747908
vt 0.859309 0.750000
vt 0.850000 0.750000
vt 0.875000 0.748591
vt 0.600000 0.003333
vt 0.600000 0.002058
vt 0.609807 0.002026
vt 0.609567 0.003333
vt 0.600000 0.000000
vt 0.609309 0.000000
vt 0.625000 0.002092
vt 0.625000 0.003333
vt 0.614434 0.000000
vt 0.150000 0.503333
vt 0.140433 0.503333
vt 0.140193 0.502026
vt 0.150000 0.502058
vt 0.125000 0.503333
vt 0.125000 0.502092
vt 0.140691 0.500000
vt 0.150000 0.500000
vt 0.125000 0.501409
vt 0.400000 0.246667
vt 0.400000 0.247942
vt 0.390193 0.247974
vt 0.390433 0.246667
vt 0.400000 0.250000
vt 0.390691 0.250000
vt 0.375000 0.247908
vt 0.375000 0.246667
vt 0.380283 0.255283
vt 0.400000 0.275000
vt 0.390433 0.275000
vt 0.390193 0.265193
vt 0.400000 0.265433
vt 0.375000 0.275000
vt 0.375000 0.265691
vt 0.850000 0.503333
vt 0.850000 0.502058
vt 0.859807 0.502026
vt 0.859567 0.503333
vt 0.850000 0.500000
vt 0.859309 0.500000
vt 0.875000 0.502092
vt 0.875000 0.503333
vt 0.864434 0.500000
vt 0.600000 0.275000
vt 0.600000 0.265433
vt 0.609807 0.265193
vt 0.609567 0.275000
vt 0.600000 0.250000
vt 0.609309 0.250000
vt 0.625000 0.265691
vt 0.625000 0.275000
vt 0.619717 0.249296
vt 0.600000 0.246667
vt 0.609567 0.246667
vt 0.609807 0.247974
vt 0.600000 0.247942
vt 0.625000 0.246667
vt 0.625000 0.247908
vt 0.350000 0.746667
vt 0.359567 0.746667
vt 0.359807 0.747974
vt 0.350000 0.747942
vt 0.375000 0.746667
vt 0.375000 0.747908
vt 0.367155 0.757845
vt 0.362500 0.762500
vt 0.378522 0.753052
vt 0.400000 0.746667
vt 0.400000 0.747942
vt 0.390193 0.747974
vt 0.390433 0.746667
vt 0.400000 0.750000
vt 0.390691 0.750000
vt 0.400000 0.775000
vt 0.390433 0.775000
vt 0.390193 0.765193
vt 0.400000 0.765433
vt 0.650000 0.746667
vt 0.650000 0.747942
vt 0.640193 0.747974
vt 0.640433 0.746667
vt 0.637500 0.762500
vt 0.632845 0.757845
vt 0.625000 0.747908
vt 0.625000 0.746667
vt 0.625000 0.749530
vt 0.600000 0.775000
vt 0.600000 0.765433
vt 0.609807 0.765193
vt 0.609567 0.775000
vt 0.600000 0.750000
vt 0.609309 0.750000
vt 0.600000 0.746667
vt 0.609567 0.746667
vt 0.609807 0.747974
vt 0.600000 0.747942
vt 0.350000 0.503333
vt 0.350000 0.502058
vt 0.359807 0.502026
vt 0.359567 0.503333
vt 0.362500 0.487500
vt 0.367155 0.492155
vt 0.375000 0.502092
vt 0.375000 0.503333
vt 0.375000 0.500470
vt 0.400000 0.475000
vt 0.400000 0.484567
vt 0.390193 0.484807
vt 0.390433 0.475000
vt 0.400000 0.500000
vt 0.390691 0.500000
vt 0.400000 0.503333
vt 0.390433 0.503333
vt 0.390193 0.502026
vt 0.400000 0.502058
vt 0.650000 0.503333
vt 0.640433 0.503333
vt 0.640193 0.502026
vt 0.650000 0.502058
vt 0.625000 0.503333
vt 0.625000 0.502092
vt 0.632845 0.492155
vt 0.637500 0.487500
vt 0.621478 0.496948
vt 0.600000 0.503333
vt 0.600000 0.502058
vt 0.609807 0.502026
vt 0.609567 0.503333
vt 0.600000 0.500000
vt 0.609309 0.500000
vt 0.600000 0.475000
vt 0.609567 0.475000
vt 0.609807 0.484807
vt 0.600000 0.484567
s 0
usemtl MatteBlackTitanium
f 1065/1247/1051 1068/1248/1051 1071/1249/1051 1070/1250/1051
f 1068/1248/1052 1069/1251/1052 1072/1252/1052 1071/1249/1052
f 1070/1250/1053 1071/1249/1053 1083/1253/1053 1080/1254/1053
f 1071/1249/1054 1072/1252/1054 1073/1255/1054 1083/1253/1054
f 1066/1256/1055 1074/1257/1055 1077/1258/1055 1076/1259/1055
f 1074/1257/1056 1075/1260/1056 1078/1261/1056 1077/1258/1056
f 1076/1259/1057 1077/1258/1057 1072/1262/1057 1069/1263/1057
f 1077/1258/1058 1078/1261/1058 1073/1264/1058 1072/1262/1058
f 1067/1265/1059 1079/1266/1059 1082/1267/1059 1081/1268/1059
f 1079/1266/1060 1080/1269/1060 1083/1270/1060 1082/1267/1060
f 1081/1268/1061 1082/1267/1061 1078/1271/1061 1075/1272/1061
f 1082/1267/1062 1083/1270/1062 1073/1273/1062 1078/1271/1062
f 1084/1274/1063 1087/1275/1063 1090/1276/1063 1089/1277/1063
f 1087/1275/1064 1088/1278/1064 1091/1279/1064 1090/1276/1064
f 1089/1277/1065 1090/1276/1065 1102/1280/1065 1099/1281/1065
f 1090/1276/1066 1091/1279/1066 1092/1282/1066 1102/1280/1066
f 1085/1283/1067 1093/1284/1067 1096/1285/1067 1095/1286/1067
f 1093/1284/1068 1094/1287/1068 1097/1288/1068 1096/1285/1068
f 1095/1286/1069 1096/1285/1069 1091/1289/1069 1088/1290/1069
f 1096/1285/1070 1097/1288/1070 1092/1291/1070 1091/1289/1070
f 1086/1292/1071 1098/1293/1071 1101/1294/1071 1100/1295/1071
f 1098/1293/1072 1099/1296/1072 1102/1297/1072 1101/1294/1072
f 1100/1295/1073 1101/1294/1073 1097/1298/1073 1094/1299/1073
f 1101/1294/1074 1102/1297/1074 1092/1300/1074 1097/1298/1074
f 1103/1301/1075 1106/1302/1075 1109/1303/1075 1108/1304/1075
f 1106/1302/1076 1107/1305/1076 1110/1306/1076 1109/1303/1076
f 1108/1304/1077 1109/1303/1077 1121/1307/1077 1118/1308/1077
f 1109/1303/1078 1110/1306/1078 1111/1309/1078 1121/1307/1078
f 1104/1310/1079 1112/1311/1079 1115/1312/1079 1114/1313/1079
f 1112/1311/1080 1113/1314/1080 1116/1315/1080 1115/1312/1080
f 1114/1313/1081 1115/1312/1081 1110/1316/1081 1107/1317/1081
f 1115/1312/1082 1116/1315/1082 1111/1318/1082 1110/1316/1082
f 1105/1319/1083 1117/1320/1083 1120/1321/1083 1119/1322/1083
f 1117/1320/1084 1118/1323/1084 1121/1324/1084 1120/1321/1084
f 1119/1322/1085 1120/1321/1085 1116/1315/1085 1113/1314/1085
f 1120/1321/1086 1121/1324/1086 1111/1318/1086 1116/1315/1086
f 1122/1325/1087 1125/1326/1087 1128/1327/1087 1127/1328/1087
f 1125/1326/1088 1126/1329/1088 1129/1330/1088 1128/1327/1088
f 1127/1328/1089 1128/1327/1089 1140/1331/1089 1137/1332/1089
f 1128/1327/1090 1129/1330/1090 1130/1333/1090 1140/1331/1090
f 1123/1334/1091 1131/1335/1091 1134/1336/1091 1133/1337/1091
f 1131/1335/1092 1132/1338/1092 1135/1339/1092 1134/1336/1092
f 1133/1337/1093 1134/1336/1093 1129/1340/1093 1126/1341/1093
f 1134/1336/1094 1135/1339/1094 1130/1342/1094 1129/1340/1094
f 1124/1343/1095 1136/1344/1095 1139/1345/1095 1138/1346/1095
f 1136/1344/1096 1137/1347/1096 1140/1348/1096 1139/1345/1096
f 1138/1346/1097 1139/1345/1097 1135/1339/1097 1132/1338/1097
f 1139/1345/1098 1140/1348/1098 1130/1342/1098 1135/1339/1098
f 1141/1349/1099 1144/1350/1099 1147/1351/1099 1146/1352/1099
f 1144/1350/1100 1145/1353/1100 1148/1354/1100 1147/1351/1100
f 1146/1352/1101 1147/1351/1101 1159/1355/1101 1156/1356/1101
f 1147/1351/1102 1148/1354/1102 1149/1357/1102 1159/1355/1102
f 1142/1358/1103 1150/1359/1103 1153/1360/1103 1152/1361/1103
f 1150/1359/1104 1151/1362/1104 1154/1363/1104 1153/1360/1104
f 1152/1361/1105 1153/1360/1105 1148/1354/1105 1145/1353/1105
f 1153/1360/1106 1154/1363/1106 1149/1357/1106 1148/1354/1106
f 1143/1364/1107 1155/1365/1107 1158/1366/1107 1157/1367/1107
f 1155/1365/1108 1156/1356/1108 1159/1355/1108 1158/1366/1108
f 1157/1367/1109 1158/1366/1109 1154/1363/1109 1151/1362/1109
f 1158/1366/1110 1159/1355/1110 1149/1357/1110 1154/1363/1110
f 1160/1368/1111 1163/1369/1111 1166/1370/1111 1165/1371/1111
f 1163/1369/1112 1164/1372/1112 1167/1373/1112 1166/1370/1112
f 1165/1371/1113 1166/1370/1113 1178/1374/1113 1175/1375/1113
f 1166/1370/1114 1167/1373/1114 1168/1376/1114 1178/1374/1114
f 1161/1377/1115 1169/1378/1115 1172/1379/1115 1171/1380/1115
f 1169/1378/1116 1170/1381/1116 1173/1382/1116 1172/1379/1116
f 1171/1380/1117 1172/1379/1117 1167/1373/1117 1164/1372/1117
f 1172/1379/1118 1173/1382/1118 1168/1376/1118 1167/1373/1118
f 1162/1383/1119 1174/1384/1119 1177/1385/1119 1176/1386/1119
f 1174/1384/1120 1175/1375/1120 1178/1374/1120 1177/1385/1120
f 1176/1386/1121 1177/1385/1121 1173/1382/1121 1170/1381/1121
f 1177/1385/1122 1178/1374/1122 1168/1376/1122 1173/1382/1122
f 1179/1387/1123 1182/1388/1123 1185/1389/1123 1184/1390/1123
f 1182/1388/1124 1183/1391/1124 1186/1392/1124 1185/1389/1124
f 1184/1390/1125 1185/1389/1125 1197/1393/1125 1194/1394/1125
f 1185/1389/1126 1186/1392/1126 1187/1395/1126 1197/1393/1126
f 1180/1396/1127 1188/1397/1127 1191/1398/1127 1190/1399/1127
f 1188/1397/1128 1189/1400/1128 1192/1401/1128 1191/1398/1128
f 1190/1399/1129 1191/1398/1129 1186/1392/1129 1183/1391/1129
f 1191/1398/1130 1192/1401/1130 1187/1395/1130 1186/1392/1130
f 1181/1402/1131 1193/1403/1131 1196/1404/1131 1195/1405/1131
f 1193/1403/1132 1194/1394/1132 1197/1393/1132 1196/1404/1132
f 1195/1405/1133 1196/1404/1133 1192/1401/1133 1189/1400/1133
f 1196/1404/1134 1197/1393/1134 1187/1395/1134 1192/1401/1134
f 1198/1406/1135 1201/1407/1135 1204/1408/1135 1203/1409/1135
f 1201/1407/1136 1202/1410/1136 1205/1411/1136 1204/1408/1136
f 1203/1409/1137 1204/1408/1137 1216/1412/1137 1213/1413/1137
f 1204/1408/1138 1205/1411/1138 1206/1414/1138 1216/1412/1138
f 1199/1415/1139 1207/1416/1139 1210/1417/1139 1209/1418/1139
f 1207/1416/1140 1208/1419/1140 1211/1420/1140 1210/1417/1140
f 1209/1418/1141 1210/1417/1141 1205/1411/1141 1202/1410/1141
f 1210/1417/1142 1211/1420/1142 1206/1414/1142 1205/1411/1142
f 1200/1421/1143 1212/1422/1143 1215/1423/1143 1214/1424/1143
f 1212/1422/1144 1213/1413/1144 1216/1412/1144 1215/1423/1144
f 1214/1424/1145 1215/1423/1145 1211/1420/1145 1208/1419/1145
f 1215/1423/1146 1216/1412/1146 1206/1414/1146 1211/1420/1146
f 1103/1301/1147 1065/1247/1147 1070/1250/1147 1106/1302/1147
f 1106/1302/1148 1070/1250/1148 1080/1254/1148 1107/1305/1148
f 1107/1317/1149 1080/1269/1149 1079/1266/1149 1114/1313/1149
f 1114/1313/1150 1079/1266/1150 1067/1265/1150 1104/1310/1150
f 1066/1256/1151 1084/1274/1151 1089/1277/1151 1074/1257/1151
f 1074/1257/1152 1089/1277/1152 1099/1281/1152 1075/1260/1152
f 1075/1272/1153 1099/1296/1153 1098/1293/1153 1081/1268/1153
f 1081/1268/1154 1098/1293/1154 1086/1292/1154 1067/1265/1154
f 1085/1283/1155 1122/1325/1155 1127/1328/1155 1093/1284/1155
f 1093/1284/1156 1127/1328/1156 1137/1332/1156 1094/1287/1156
f 1094/1299/1157 1137/1347/1157 1136/1344/1157 1100/1295/1157
f 1100/1295/1158 1136/1344/1158 1124/1343/1158 1086/1292/1158
f 1123/1334/1159 1105/1319/1159 1119/1322/1159 1131/1335/1159
f 1131/1335/1160 1119/1322/1160 1113/1314/1160 1132/1338/1160
f 1132/1338/1161 1113/1314/1161 1112/1311/1161 1138/1346/1161
f 1138/1346/1162 1112/1311/1162 1104/1310/1162 1124/1343/1162
f 1179/1387/1163 1103/1301/1163 1108/1304/1163 1182/1388/1163
f 1182/1388/1164 1108/1304/1164 1118/1308/1164 1183/1391/1164
f 1183/1391/1165 1118/1323/1165 1117/1320/1165 1190/1399/1165
f 1190/1399/1166 1117/1320/1166 1105/1319/1166 1180/1396/1166
f 1122/1325/1167 1198/1406/1167 1203/1409/1167 1125/1326/1167
f 1125/1326/1168 1203/1409/1168 1213/1413/1168 1126/1329/1168
f 1126/1341/1169 1213/1413/1169 1212/1422/1169 1133/1337/1169
f 1133/1337/1170 1212/1422/1170 1200/1421/1170 1123/1334/1170
f 1199/1415/1171 1181/1402/1171 1195/1405/1171 1207/1416/1171
f 1207/1416/1172 1195/1405/1172 1189/1400/1172 1208/1419/1172
f 1208/1419/1173 1189/1400/1173 1188/1397/1173 1214/1424/1173
f 1214/1424/1174 1188/1397/1174 1180/1396/1174 1200/1421/1174
f 1141/1349/1175 1179/1387/1175 1184/1390/1175 1144/1350/1175
f 1144/1350/1176 1184/1390/1176 1194/1394/1176 1145/1353/1176
f 1145/1353/1177 1194/1394/1177 1193/1403/1177 1152/1361/1177
f 1152/1361/1178 1193/1403/1178 1181/1402/1178 1142/1358/1178
f 1198/1406/1179 1160/1368/1179 1165/1371/1179 1201/1407/1179
f 1201/1407/1180 1165/1371/1180 1175/1375/1180 1202/1410/1180
f 1202/1410/1181 1175/1375/1181 1174/1384/1181 1209/1418/1181
f 1209/1418/1182 1174/1384/1182 1162/1383/1182 1199/1415/1182
f 1161/1377/1183 1143/1364/1183 1157/1367/1183 1169/1378/1183
f 1169/1378/1184 1157/1367/1184 1151/1362/1184 1170/1381/1184
f 1170/1381/1185 1151/1362/1185 1150/1359/1185 1176/1386/1185
f 1176/1386/1186 1150/1359/1186 1142/1358/1186 1162/1383/1186
f 1065/1247/1187 1141/1349/1187 1146/1352/1187 1068/1248/1187
f 1068/1248/1188 1146/1352/1188 1156/1356/1188 1069/1251/1188
f 1069/1263/1189 1156/1356/1189 1155/1365/1189 1076/1259/1189
f 1076/1259/1190 1155/1365/1190 1143/1364/1190 1066/1256/1190
f 1160/1368/1191 1085/1283/1191 1095/1286/1191 1163/1369/1191
f 1163/1369/1192 1095/1286/1192 1088/1290/1192 1164/1372/1192
f 1164/1372/1193 1088/1278/1193 1087/1275/1193 1171/1380/1193
f 1171/1380/1194 1087/1275/1194 1084/1274/1194 1161/1377/1194
f 1103/1301/1195 1179/1387/1195 1141/1349/1195 1065/1247/1195
f 1067/1265/1196 1086/1292/1196 1124/1343/1196 1104/1310/1196
f 1143/1364/1197 1161/1377/1197 1084/1274/1197 1066/1256/1197
f 1198/1406/1198 1122/1325/1198 1085/1283/1198 1160/1368/1198
f 1105/1319/1199 1123/1334/1199 1200/1421/1199 1180/1396/1199
f 1181/1402/1200 1199/1415/1200 1162/1383/1200 1142/1358/1200
o 18_SIMTray
v -0.036700 -0.001000 0.027400
v -0.036700 -0.000900 0.027500
v -0.036800 -0.000900 0.027400
v -0.036700 -0.000992 0.027438
v -0.036700 -0.000971 0.027471
v -0.036738 -0.000992 0.027400
v -0.036739 -0.000983 0.027439
v -0.036737 -0.000966 0.027466
v -0.036758 -0.000958 0.027458
v -0.036738 -0.000900 0.027492
v -0.036771 -0.000900 0.027471
v -0.036700 -0.000938 0.027492
v -0.036739 -0.000939 0.027483
v -0.036766 -0.000937 0.027466
v -0.036792 -0.000938 0.027400
v -0.036771 -0.000971 0.027400
v -0.036792 -0.000900 0.027438
v -0.036783 -0.000939 0.027439
v -0.036766 -0.000966 0.027437
v -0.036700 0.000900 0.027500
v -0.036700 0.001000 0.027400
v -0.036800 0.000900 0.027400
v -0.036700 0.000938 0.027492
v -0.036700 0.000971 0.027471
v -0.036738 0.000900 0.027492
v -0.036739 0.000939 0.027483
v -0.036737 0.000966 0.027466
v -0.036758 0.000958 0.027458
v -0.036738 0.000992 0.027400
v -0.036771 0.000971 0.027400
v -0.036700 0.000992 0.027438
v -0.036739 0.000983 0.027439
v -0.036766 0.000966 0.027437
v -0.036792 0.000900 0.027438
v -0.036771 0.000900 0.027471
v -0.036792 0.000938 0.027400
v -0.036783 0.000939 0.027439
v -0.036766 0.000937 0.027466
v -0.036700 -0.001000 0.012600
v -0.036800 -0.000900 0.012600
v -0.036700 -0.000900 0.012500
v -0.036738 -0.000992 0.012600
v -0.036771 -0.000971 0.012600
v -0.036700 -0.000992 0.012562
v -0.036739 -0.000983 0.012561
v -0.036766 -0.000966 0.012563
v -0.036758 -0.000958 0.012542
v -0.036792 -0.000900 0.012562
v -0.036771 -0.000900 0.012529
v -0.036792 -0.000938 0.012600
v -0.036783 -0.000939 0.012561
v -0.036766 -0.000937 0.012534
v -0.036700 -0.000938 0.012508
v -0.036700 -0.000971 0.012529
v -0.036738 -0.000900 0.012508
v -0.036739 -0.000939 0.012517
v -0.036737 -0.000966 0.012534
v -0.036700 0.001000 0.012600
v -0.036700 0.000900 0.012500
v -0.036800 0.000900 0.012600
v -0.036700 0.000992 0.012562
v -0.036700 0.000971 0.012529
v -0.036738 0.000992 0.012600
v -0.036739 0.000983 0.012561
v -0.036737 0.000966 0.012534
v -0.036758 0.000958 0.012542
v -0.036738 0.000900 0.012508
v -0.036771 0.000900 0.012529
v -0.036700 0.000938 0.012508
v -0.036739 0.000939 0.012517
v -0.036766 0.000937 0.012534
v -0.036792 0.000938 0.012600
v -0.036771 0.000971 0.012600
v -0.036792 0.000900 0.012562
v -0.036783 0.000939 0.012561
v -0.036766 0.000966 0.012563
v -0.035900 -0.001000 0.027400
v -0.035800 -0.000900 0.027400
v -0.035900 -0.000900 0.027500
v -0.035862 -0.000992 0.027400
v -0.035829 -0.000971 0.027400
v -0.035900 -0.000992 0.027438
v -0.035861 -0.000983 0.027439
v -0.035834 -0.000966 0.027437
v -0.035842 -0.000958 0.027458
v -0.035808 -0.000900 0.027438
v -0.035829 -0.000900 0.027471
v -0.035808 -0.000938 0.027400
v -0.035817 -0.000939 0.027439
v -0.035834 -0.000937 0.027466
v -0.035900 -0.000938 0.027492
v -0.035900 -0.000971 0.027471
v -0.035862 -0.000900 0.027492
v -0.035861 -0.000939 0.027483
v -0.035863 -0.000966 0.027466
v -0.035900 0.001000 0.027400
v -0.035900 0.000900 0.027500
v -0.035800 0.000900 0.027400
v -0.035900 0.000992 0.027438
v -0.035900 0.000971 0.027471
v -0.035862 0.000992 0.027400
v -0.035861 0.000983 0.027439
v -0.035863 0.000966 0.027466
v -0.035842 0.000958 0.027458
v -0.035862 0.000900 0.027492
v -0.035829 0.000900 0.027471
v -0.035900 0.000938 0.027492
v -0.035861 0.000939 0.027483
v -0.035834 0.000937 0.027466
v -0.035808 0.000938 0.027400
v -0.035829 0.000971 0.027400
v -0.035808 0.000900 0.027438
v -0.035817 0.000939 0.027439
v -0.035834 0.000966 0.027437
v -0.035900 -0.001000 0.012600
v -0.035900 -0.000900 0.012500
v -0.035800 -0.000900 0.012600
v -0.035900 -0.000992 0.012562
v -0.035900 -0.000971 0.012529
v -0.035862 -0.000992 0.012600
v -0.035861 -0.000983 0.012561
v -0.035863 -0.000966 0.012534
v -0.035842 -0.000958 0.012542
v -0.035862 -0.000900 0.012508
v -0.035829 -0.000900 0.012529
v -0.035900 -0.000938 0.012508
v -0.035861 -0.000939 0.012517
v -0.035834 -0.000937 0.012534
v -0.035808 -0.000938 0.012600
v -0.035829 -0.000971 0.012600
v -0.035808 -0.000900 0.012562
v -0.035817 -0.000939 0.012561
v -0.035834 -0.000966 0.012563
v -0.035900 0.001000 0.012600
v -0.035800 0.000900 0.012600
v -0.035900 0.000900 0.012500
v -0.035862 0.000992 0.012600
v -0.035829 0.000971 0.012600
v -0.035900 0.000992 0.012562
v -0.035861 0.000983 0.012561
v -0.035834 0.000966 0.012563
v -0.035842 0.000958 0.012542
v -0.035808 0.000900 0.012562
v -0.035829 0.000900 0.012529
v -0.035808 0.000938 0.012600
v -0.035817 0.000939 0.012561
v -0.035834 0.000937 0.012534
v -0.035900 0.000938 0.012508
v -0.035900 0.000971 0.012529
v -0.035862 0.000900 0.012508
v -0.035861 0.000939 0.012517
v -0.035863 0.000966 0.012534
vn -0.2049 -0.9571 0.2049
vn -0.1818 -0.8152 0.5500
vn -0.5500 -0.8152 0.1818
vn -0.4931 -0.7167 0.4931
vn -0.2049 -0.2049 0.9571
vn -0.5500 -0.1818 0.8152
vn -0.1818 -0.5500 0.8152
vn -0.4931 -0.4931 0.7167
vn -0.9571 -0.2049 0.2049
vn -0.8152 -0.5500 0.1818
vn -0.8152 -0.1818 0.5500
vn -0.7167 -0.4931 0.4931
vn -0.2049 0.2049 0.9571
vn -0.1818 0.5500 0.8152
vn -0.5500 0.1818 0.8152
vn -0.4931 0.4931 0.7167
vn -0.2049 0.9571 0.2049
vn -0.5500 0.8152 0.1818
vn -0.1818 0.8152 0.5500
vn -0.4931 0.7167 0.4931
vn -0.9571 0.2049 0.2049
vn -0.8152 0.1818 0.5500
vn -0.8152 0.5500 0.1818
vn -0.7167 0.4931 0.4931
vn -0.2049 -0.9571 -0.2049
vn -0.5500 -0.8152 -0.1818
vn -0.1818 -0.8152 -0.5500
vn -0.4931 -0.7167 -0.4931
vn -0.9571 -0.2049 -0.2049
vn -0.8152 -0.1818 -0.5500
vn -0.8152 -0.5500 -0.1818
vn -0.7167 -0.4931 -0.4931
vn -0.2049 -0.2049 -0.9571
vn -0.1818 -0.5500 -0.8152
vn -0.5500 -0.1818 -0.8152
vn -0.4931 -0.4931 -0.7167
vn -0.2049 0.9571 -0.2049
vn -0.1818 0.8152 -0.5500
vn -0.5500 0.8152 -0.1818
vn -0.4931 0.7167 -0.4931
vn -0.2049 0.2049 -0.9571
vn -0.5500 0.1818 -0.8152
vn -0.1818 0.5500 -0.8152
vn -0.4931 0.4931 -0.7167
vn -0.9571 0.2049 -0.2049
vn -0.8152 0.5500 -0.1818
vn -0.8152 0.1818 -0.5500
vn -0.7167 0.4931 -0.4931
vn 0.2049 -0.9571 0.2049
vn 0.5500 -0.8152 0.1818
vn 0.1818 -0.8152 0.5500
vn 0.4931 -0.7167 0.4931
vn 0.9571 -0.2049 0.2049
vn 0.8152 -0.1818 0.5500
vn 0.8152 -0.5500 0.1818
vn 0.7167 -0.4931 0.4931
vn 0.2049 -0.2049 0.9571
vn 0.1818 -0.5500 0.8152
vn 0.5500 -0.1818 0.8152
vn 0.4931 -0.4931 0.7167
vn 0.2049 0.9571 0.2049
vn 0.1818 0.8152 0.5500
vn 0.5500 0.8152 0.1818
vn 0.4931 0.7167 0.4931
vn 0.2049 0.2049 0.9571
vn 0.5500 0.1818 0.8152
vn 0.1818 0.5500 0.8152
vn 0.4931 0.4931 0.7167
vn 0.9571 0.2049 0.2049
vn 0.8152 0.5500 0.1818
vn 0.8152 0.1818 0.5500
vn 0.7167 0.4931 0.4931
vn 0.2049 -0.9571 -0.2049
vn 0.1818 -0.8152 -0.5500
vn 0.5500 -0.8152 -0.1818
vn 0.4931 -0.7167 -0.4931
vn 0.2049 -0.2049 -0.9571
vn 0.5500 -0.1818 -0.8152
vn 0.1818 -0.5500 -0.8152
vn 0.4931 -0.4931 -0.7167
vn 0.9571 -0.2049 -0.2049
vn 0.8152 -0.5500 -0.1818
vn 0.8152 -0.1818 -0.5500
vn 0.7167 -0.4931 -0.4931
vn 0.2049 0.9571 -0.2049
vn 0.5500 0.8152 -0.1818
vn 0.1818 0.8152 -0.5500
vn 0.4931 0.7167 -0.4931
vn 0.9571 0.2049 -0.2049
vn 0.8152 0.1818 -0.5500
vn 0.8152 0.5500 -0.1818
vn 0.7167 0.4931 -0.4931
vn 0.2049 0.2049 -0.9571
vn 0.1818 0.5500 -0.8152
vn 0.5500 0.1818 -0.8152
vn 0.4931 0.4931 -0.7167
vn -0.1951 -0.9808 -0.0000
vn -0.5556 -0.8315 -0.0000
vn -0.8315 -0.5556 -0.0000
vn -0.9808 -0.1951 -0.0000
vn -0.1951 -0.0000 0.9808
vn -0.5556 -0.0000 0.8315
vn -0.8315 -0.0000 0.5556
vn -0.9808 -0.0000 0.1951
vn -0.1951 0.9808 -0.0000
vn -0.5556 0.8315 -0.0000
vn -0.8315 0.5556 -0.0000
vn -0.9808 0.1951 -0.0000
vn -0.1951 -0.0000 -0.9808
vn -0.5556 -0.0000 -0.8315
vn -0.8315 -0.0000 -0.5556
vn -0.9808 -0.0000 -0.1951
vn -0.0000 -0.9808 -0.1951
vn -0.0000 -0.8315 -0.5556
vn -0.0000 -0.5556 -0.8315
vn -0.0000 -0.1951 -0.9808
vn -0.0000 0.9808 -0.1951
vn -0.0000 0.8315 -0.5556
vn -0.0000 0.5556 -0.8315
vn -0.0000 0.1951 -0.9808
vn 0.9808 -0.0000 -0.1951
vn 0.8315 -0.0000 -0.5556
vn 0.5556 -0.0000 -0.8315
vn 0.1951 -0.0000 -0.9808
vn 0.1951 -0.9808 -0.0000
vn 0.5556 -0.8315 -0.0000
vn 0.8315 -0.5556 -0.0000
vn 0.9808 -0.1951 -0.0000
vn 0.1951 0.9808 -0.0000
vn 0.5556 0.8315 -0.0000
vn 0.8315 0.5556 -0.0000
vn 0.9808 0.1951 -0.0000
vn 0.1951 -0.0000 0.9808
vn 0.5556 -0.0000 0.8315
vn 0.8315 -0.0000 0.5556
vn 0.9808 -0.0000 0.1951
vn -0.0000 -0.9808 0.1951
vn -0.0000 -0.8315 0.5556
vn -0.0000 -0.5556 0.8315
vn -0.0000 -0.1951 0.9808
vn -0.0000 0.9808 0.1951
vn -0.0000 0.8315 0.5556
vn -0.0000 0.5556 0.8315
vn -0.0000 0.1951 0.9808
vn -0.0000 -1.0000 -0.0000
vn -1.0000 -0.0000 -0.0000
vn -0.0000 -0.0000 1.0000
vn -0.0000 1.0000 -0.0000
vn -0.0000 -0.0000 -1.0000
vn 1.0000 -0.0000 -0.0000
vt 0.150000 0.748333
vt 0.150000 0.748971
vt 0.140193 0.748987
vt 0.140433 0.748333
vt 0.150000 0.750000
vt 0.140691 0.750000
vt 0.125000 0.748954
vt 0.125000 0.748333
vt 0.135566 0.750000
vt 0.387500 0.975000
vt 0.387500 0.984567
vt 0.382597 0.984807
vt 0.382716 0.975000
vt 0.387500 1.000000
vt 0.382845 1.000000
vt 0.375000 0.984309
vt 0.375000 0.975000
vt 0.380283 1.000000
vt 0.387500 0.001667
vt 0.382717 0.001667
vt 0.382597 0.001013
vt 0.387500 0.001029
vt 0.375000 0.001667
vt 0.375000 0.001046
vt 0.382845 0.000000
vt 0.387500 0.000000
vt 0.375000 0.000704
vt 0.612500 0.975000
vt 0.617284 0.975000
vt 0.617403 0.984807
vt 0.612500 0.984567
vt 0.625000 0.975000
vt 0.625000 0.984309
vt 0.617155 1.000000
vt 0.612500 1.000000
vt 0.625000 0.989434
vt 0.850000 0.748333
vt 0.859567 0.748333
vt 0.859807 0.748987
vt 0.850000 0.748971
vt 0.875000 0.748333
vt 0.875000 0.748954
vt 0.859309 0.750000
vt 0.850000 0.750000
vt 0.875000 0.749296
vt 0.612500 0.001667
vt 0.612500 0.001029
vt 0.617403 0.001013
vt 0.617284 0.001667
vt 0.612500 0.000000
vt 0.617155 0.000000
vt 0.625000 0.001046
vt 0.625000 0.001667
vt 0.619717 0.000000
vt 0.150000 0.501667
vt 0.140433 0.501667
vt 0.140193 0.501013
vt 0.150000 0.501029
vt 0.125000 0.501667
vt 0.125000 0.501046
vt 0.140691 0.500000
vt 0.150000 0.500000
vt 0.125000 0.500704
vt 0.387500 0.248333
vt 0.387500 0.248971
vt 0.382597 0.248987
vt 0.382716 0.248333
vt 0.387500 0.250000
vt 0.382845 0.250000
vt 0.375000 0.248954
vt 0.375000 0.248333
vt 0.377642 0.255283
vt 0.387500 0.275000
vt 0.382716 0.275000
vt 0.382597 0.265193
vt 0.387500 0.265433
vt 0.375000 0.275000
vt 0.375000 0.265691
vt 0.850000 0.501667
vt 0.850000 0.501029
vt 0.859807 0.501013
vt 0.859567 0.501667
vt 0.850000 0.500000
vt 0.859309 0.500000
vt 0.875000 0.501046
vt 0.875000 0.501667
vt 0.864434 0.500000
vt 0.612500 0.275000
vt 0.612500 0.265433
vt 0.617403 0.265193
vt 0.617284 0.275000
vt 0.612500 0.250000
vt 0.617155 0.250000
vt 0.625000 0.265691
vt 0.625000 0.275000
vt 0.622358 0.249648
vt 0.612500 0.248333
vt 0.617284 0.248333
vt 0.617403 0.248987
vt 0.612500 0.248971
vt 0.625000 0.248333
vt 0.625000 0.248954
vt 0.350000 0.748333
vt 0.359567 0.748333
vt 0.359807 0.748987
vt 0.350000 0.748971
vt 0.375000 0.748333
vt 0.375000 0.748954
vt 0.367155 0.757845
vt 0.362500 0.762500
vt 0.376761 0.753287
vt 0.387500 0.748333
vt 0.387500 0.748971
vt 0.382597 0.748987
vt 0.382716 0.748333
vt 0.387500 0.750000
vt 0.382845 0.750000
vt 0.387500 0.775000
vt 0.382716 0.775000
vt 0.382597 0.765193
vt 0.387500 0.765433
vt 0.650000 0.748333
vt 0.650000 0.748971
vt 0.640193 0.748987
vt 0.640433 0.748333
vt 0.637500 0.762500
vt 0.632845 0.757845
vt 0.625000 0.748954
vt 0.625000 0.748333
vt 0.626761 0.749765
vt 0.612500 0.775000
vt 0.612500 0.765433
vt 0.617403 0.765193
vt 0.617284 0.775000
vt 0.612500 0.750000
vt 0.617155 0.750000
vt 0.612500 0.748333
vt 0.617284 0.748333
vt 0.617403 0.748987
vt 0.612500 0.748971
vt 0.350000 0.501667
vt 0.350000 0.501029
vt 0.359807 0.501013
vt 0.359567 0.501667
vt 0.362500 0.487500
vt 0.367155 0.492155
vt 0.375000 0.501046
vt 0.375000 0.501667
vt 0.373239 0.500235
vt 0.387500 0.475000
vt 0.387500 0.484567
vt 0.382597 0.484807
vt 0.382716 0.475000
vt 0.387500 0.500000
vt 0.382845 0.500000
vt 0.387500 0.501667
vt 0.382717 0.501667
vt 0.382597 0.501013
vt 0.387500 0.501029
vt 0.650000 0.501667
vt 0.640433 0.501667
vt 0.640193 0.501013
vt 0.650000 0.501029
vt 0.625000 0.501667
vt 0.625000 0.501046
vt 0.632845 0.492155
vt 0.637500 0.487500
vt 0.623239 0.496713
vt 0.612500 0.501667
vt 0.612500 0.501029
vt 0.617403 0.501013
vt 0.617284 0.501667
vt 0.612500 0.500000
vt 0.617155 0.500000
vt 0.612500 0.475000
vt 0.617284 0.475000
vt 0.617403 0.484807
vt 0.612500 0.484567
s 0
usemtl MatteBlackTitanium
f 1217/1425/1201 1220/1426/1201 1223/1427/1201 1222/1428/1201
f 1220/1426/1202 1221/1429/1202 1224/1430/1202 1223/1427/1202
f 1222/1428/1203 1223/1427/1203 1235/1431/1203 1232/1432/1203
f 1223/1427/1204 1224/1430/1204 1225/1433/1204 1235/1431/1204
f 1218/1434/1205 1226/1435/1205 1229/1436/1205 1228/1437/1205
f 1226/1435/1206 1227/1438/1206 1230/1439/1206 1229/1436/1206
f 1228/1437/1207 1229/1436/1207 1224/1440/1207 1221/1441/1207
f 1229/1436/1208 1230/1439/1208 1225/1442/1208 1224/1440/1208
f 1219/1443/1209 1231/1444/1209 1234/1445/1209 1233/1446/1209
f 1231/1444/1210 1232/1447/1210 1235/1448/1210 1234/1445/1210
f 1233/1446/1211 1234/1445/1211 1230/1449/1211 1227/1450/1211
f 1234/1445/1212 1235/1448/1212 1225/1451/1212 1230/1449/1212
f 1236/1452/1213 1239/1453/1213 1242/1454/1213 1241/1455/1213
f 1239/1453/1214 1240/1456/1214 1243/1457/1214 1242/1454/1214
f 1241/1455/1215 1242/1454/1215 1254/1458/1215 1251/1459/1215
f 1242/1454/1216 1243/1457/1216 1244/1460/1216 1254/1458/1216
f 1237/1461/1217 1245/1462/1217 1248/1463/1217 1247/1464/1217
f 1245/1462/1218 1246/1465/1218 1249/1466/1218 1248/1463/1218
f 1247/1464/1219 1248/1463/1219 1243/1467/1219 1240/1468/1219
f 1248/1463/1220 1249/1466/1220 1244/1469/1220 1243/1467/1220
f 1238/1470/1221 1250/1471/1221 1253/1472/1221 1252/1473/1221
f 1250/1471/1222 1251/1474/1222 1254/1475/1222 1253/1472/1222
f 1252/1473/1223 1253/1472/1223 1249/1476/1223 1246/1477/1223
f 1253/1472/1224 1254/1475/1224 1244/1478/1224 1249/1476/1224
f 1255/1479/1225 1258/1480/1225 1261/1481/1225 1260/1482/1225
f 1258/1480/1226 1259/1483/1226 1262/1484/1226 1261/1481/1226
f 1260/1482/1227 1261/1481/1227 1273/1485/1227 1270/1486/1227
f 1261/1481/1228 1262/1484/1228 1263/1487/1228 1273/1485/1228
f 1256/1488/1229 1264/1489/1229 1267/1490/1229 1266/1491/1229
f 1264/1489/1230 1265/1492/1230 1268/1493/1230 1267/1490/1230
f 1266/1491/1231 1267/1490/1231 1262/1494/1231 1259/1495/1231
f 1267/1490/1232 1268/1493/1232 1263/1496/1232 1262/1494/1232
f 1257/1497/1233 1269/1498/1233 1272/1499/1233 1271/1500/1233
f 1269/1498/1234 1270/1501/1234 1273/1502/1234 1272/1499/1234
f 1271/1500/1235 1272/1499/1235 1268/1493/1235 1265/1492/1235
f 1272/1499/1236 1273/1502/1236 1263/1496/1236 1268/1493/1236
f 1274/1503/1237 1277/1504/1237 1280/1505/1237 1279/1506/1237
f 1277/1504/1238 1278/1507/1238 1281/1508/1238 1280/1505/1238
f 1279/1506/1239 1280/1505/1239 1292/1509/1239 1289/1510/1239
f 1280/1505/1240 1281/1508/1240 1282/1511/1240 1292/1509/1240
f 1275/1512/1241 1283/1513/1241 1286/1514/1241 1285/1515/1241
f 1283/1513/1242 1284/1516/1242 1287/1517/1242 1286/1514/1242
f 1285/1515/1243 1286/1514/1243 1281/1518/1243 1278/1519/1243
f 1286/1514/1244 1287/1517/1244 1282/1520/1244 1281/1518/1244
f 1276/1521/1245 1288/1522/1245 1291/1523/1245 1290/1524/1245
f 1288/1522/1246 1289/1525/1246 1292/1526/1246 1291/1523/1246
f 1290/1524/1247 1291/1523/1247 1287/1517/1247 1284/1516/1247
f 1291/1523/1248 1292/1526/1248 1282/1520/1248 1287/1517/1248
f 1293/1527/1249 1296/1528/1249 1299/1529/1249 1298/1530/1249
f 1296/1528/1250 1297/1531/1250 1300/1532/1250 1299/1529/1250
f 1298/1530/1251 1299/1529/1251 1311/1533/1251 1308/1534/1251
f 1299/1529/1252 1300/1532/1252 1301/1535/1252 1311/1533/1252
f 1294/1536/1253 1302/1537/1253 1305/1538/1253 1304/1539/1253
f 1302/1537/1254 1303/1540/1254 1306/1541/1254 1305/1538/1254
f 1304/1539/1255 1305/1538/1255 1300/1532/1255 1297/1531/1255
f 1305/1538/1256 1306/1541/1256 1301/1535/1256 1300/1532/1256
f 1295/1542/1257 1307/1543/1257 1310/1544/1257 1309/1545/1257
f 1307/1543/1258 1308/1534/1258 1311/1533/1258 1310/1544/1258
f 1309/1545/1259 1310/1544/1259 1306/1541/1259 1303/1540/1259
f 1310/1544/1260 1311/1533/1260 1301/1535/1260 1306/1541/1260
f 1312/1546/1261 1315/1547/1261 1318/1548/1261 1317/1549/1261
f 1315/1547/1262 1316/1550/1262 1319/1551/1262 1318/1548/1262
f 1317/1549/1263 1318/1548/1263 1330/1552/1263 1327/1553/1263
f 1318/1548/1264 1319/1551/1264 1320/1554/1264 1330/1552/1264
f 1313/1555/1265 1321/1556/1265 1324/1557/1265 1323/1558/1265
f 1321/1556/1266 1322/1559/1266 1325/1560/1266 1324/1557/1266
f 1323/1558/1267 1324/1557/1267 1319/1551/1267 1316/1550/1267
f 1324/1557/1268 1325/1560/1268 1320/1554/1268 1319/1551/1268
f 1314/1561/1269 1326/1562/1269 1329/1563/1269 1328/1564/1269
f 1326/1562/1270 1327/1553/1270 1330/1552/1270 1329/1563/1270
f 1328/1564/1271 1329/1563/1271 1325/1560/1271 1322/1559/1271
f 1329/1563/1272 1330/1552/1272 1320/1554/1272 1325/1560/1272
f 1331/1565/1273 1334/1566/1273 1337/1567/1273 1336/1568/1273
f 1334/1566/1274 1335/1569/1274 1338/1570/1274 1337/1567/1274
f 1336/1568/1275 1337/1567/1275 1349/1571/1275 1346/1572/1275
f 1337/1567/1276 1338/1570/1276 1339/1573/1276 1349/1571/1276
f 1332/1574/1277 1340/1575/1277 1343/1576/1277 1342/1577/1277
f 1340/1575/1278 1341/1578/1278 1344/1579/1278 1343/1576/1278
f 1342/1577/1279 1343/1576/1279 1338/1570/1279 1335/1569/1279
f 1343/1576/1280 1344/1579/1280 1339/1573/1280 1338/1570/1280
f 1333/1580/1281 1345/1581/1281 1348/1582/1281 1347/1583/1281
f 1345/1581/1282 1346/1572/1282 1349/1571/1282 1348/1582/1282
f 1347/1583/1283 1348/1582/1283 1344/1579/1283 1341/1578/1283
f 1348/1582/1284 1349/1571/1284 1339/1573/1284 1344/1579/1284
f 1350/1584/1285 1353/1585/1285 1356/1586/1285 1355/1587/1285
f 1353/1585/1286 1354/1588/1286 1357/1589/1286 1356/1586/1286
f 1355/1587/1287 1356/1586/1287 1368/1590/1287 1365/1591/1287
f 1356/1586/1288 1357/1589/1288 1358/1592/1288 1368/1590/1288
f 1351/1593/1289 1359/1594/1289 1362/1595/1289 1361/1596/1289
f 1359/1594/1290 1360/1597/1290 1363/1598/1290 1362/1595/1290
f 1361/1596/1291 1362/1595/1291 1357/1589/1291 1354/1588/1291
f 1362/1595/1292 1363/1598/1292 1358/1592/1292 1357/1589/1292
f 1352/1599/1293 1364/1600/1293 1367/1601/1293 1366/1602/1293
f 1364/1600/1294 1365/1591/1294 1368/1590/1294 1367/1601/1294
f 1366/1602/1295 1367/1601/1295 1363/1598/1295 1360/1597/1295
f 1367/1601/1296 1368/1590/1296 1358/1592/1296 1363/1598/1296
f 1255/1479/1297 1217/1425/1297 1222/1428/1297 1258/1480/1297
f 1258/1480/1298 1222/1428/1298 1232/1432/1298 1259/1483/1298
f 1259/1495/1299 1232/1447/1299 1231/1444/1299 1266/1491/1299
f 1266/1491/1300 1231/1444/1300 1219/1443/1300 1256/1488/1300
f 1218/1434/1301 1236/1452/1301 1241/1455/1301 1226/1435/1301
f 1226/1435/1302 1241/1455/1302 1251/1459/1302 1227/1438/1302
f 1227/1450/1303 1251/1474/1303 1250/1471/1303 1233/1446/1303
f 1233/1446/1304 1250/1471/1304 1238/1470/1304 1219/1443/1304
f 1237/1461/1305 1274/1503/1305 1279/1506/1305 1245/1462/1305
f 1245/1462/1306 1279/1506/1306 1289/1510/1306 1246/1465/1306
f 1246/1477/1307 1289/1525/1307 1288/1522/1307 1252/1473/1307
f 1252/1473/1308 1288/1522/1308 1276/1521/1308 1238/1470/1308
f 1275/1512/1309 1257/1497/1309 1271/1500/1309 1283/1513/1309
f 1283/1513/1310 1271/1500/1310 1265/1492/1310 1284/1516/1310
f 1284/1516/1311 1265/1492/1311 1264/1489/1311 1290/1524/1311
f 1290/1524/1312 1264/1489/1312 1256/1488/1312 1276/1521/1312
f 1331/1565/1313 1255/1479/1313 1260/1482/1313 1334/1566/1313
f 1334/1566/1314 1260/1482/1314 1270/1486/1314 1335/1569/1314
f 1335/1569/1315 1270/1501/1315 1269/1498/1315 1342/1577/1315
f 1342/1577/1316 1269/1498/1316 1257/1497/1316 1332/1574/1316
f 1274/1503/1317 1350/1584/1317 1355/1587/1317 1277/1504/1317
f 1277/1504/1318 1355/1587/1318 1365/1591/1318 1278/1507/1318
f 1278/1519/1319 1365/1591/1319 1364/1600/1319 1285/1515/1319
f 1285/1515/1320 1364/1600/1320 1352/1599/1320 1275/1512/1320
f 1351/1593/1321 1333/1580/1321 1347/1583/1321 1359/1594/1321
f 1359/1594/1322 1347/1583/1322 1341/1578/1322 1360/1597/1322
f 1360/1597/1323 1341/1578/1323 1340/1575/1323 1366/1602/1323
f 1366/1602/1324 1340/1575/1324 1332/1574/1324 1352/1599/1324
f 1293/1527/1325 1331/1565/1325 1336/1568/1325 1296/1528/1325
f 1296/1528/1326 1336/1568/1326 1346/1572/1326 1297/1531/1326
f 1297/1531/1327 1346/1572/1327 1345/1581/1327 1304/1539/1327
f 1304/1539/1328 1345/1581/1328 1333/1580/1328 1294/1536/1328
f 1350/1584/1329 1312/1546/1329 1317/1549/1329 1353/1585/1329
f 1353/1585/1330 1317/1549/1330 1327/1553/1330 1354/1588/1330
f 1354/1588/1331 1327/1553/1331 1326/1562/1331 1361/1596/1331
f 1361/1596/1332 1326/1562/1332 1314/1561/1332 1351/1593/1332
f 1313/1555/1333 1295/1542/1333 1309/1545/1333 1321/1556/1333
f 1321/1556/1334 1309/1545/1334 1303/1540/1334 1322/1559/1334
f 1322/1559/1335 1303/1540/1335 1302/1537/1335 1328/1564/1335
f 1328/1564/1336 1302/1537/1336 1294/1536/1336 1314/1561/1336
f 1217/1425/1337 1293/1527/1337 1298/1530/1337 1220/1426/1337
f 1220/1426/1338 1298/1530/1338 1308/1534/1338 1221/1429/1338
f 1221/1441/1339 1308/1534/1339 1307/1543/1339 1228/1437/1339
f 1228/1437/1340 1307/1543/1340 1295/1542/1340 1218/1434/1340
f 1312/1546/1341 1237/1461/1341 1247/1464/1341 1315/1547/1341
f 1315/1547/1342 1247/1464/1342 1240/1468/1342 1316/1550/1342
f 1316/1550/1343 1240/1456/1343 1239/1453/1343 1323/1558/1343
f 1323/1558/1344 1239/1453/1344 1236/1452/1344 1313/1555/1344
f 1255/1479/1345 1331/1565/1345 1293/1527/1345 1217/1425/1345
f 1219/1443/1346 1238/1470/1346 1276/1521/1346 1256/1488/1346
f 1295/1542/1347 1313/1555/1347 1236/1452/1347 1218/1434/1347
f 1350/1584/1348 1274/1503/1348 1237/1461/1348 1312/1546/1348
f 1257/1497/1349 1275/1512/1349 1352/1599/1349 1332/1574/1349
f 1333/1580/1350 1351/1593/1350 1314/1561/1350 1294/1536/1350
o 19_USBCPort
v -0.004700 -0.001500 0.076000
v -0.004700 -0.001200 0.076300
v -0.005000 -0.001200 0.076000
v -0.004700 -0.001477 0.076115
v -0.004700 -0.001412 0.076212
v -0.004815 -0.001477 0.076000
v -0.004818 -0.001450 0.076118
v -0.004812 -0.001397 0.076197
v -0.004873 -0.001373 0.076173
v -0.004815 -0.001200 0.076277
v -0.004912 -0.001200 0.076212
v -0.004700 -0.001315 0.076277
v -0.004818 -0.001318 0.076250
v -0.004897 -0.001312 0.076197
v -0.004977 -0.001315 0.076000
v -0.004912 -0.001412 0.076000
v -0.004977 -0.001200 0.076115
v -0.004950 -0.001318 0.076118
v -0.004897 -0.001397 0.076112
v -0.004700 0.001200 0.076300
v -0.004700 0.001500 0.076000
v -0.005000 0.001200 0.076000
v -0.004700 0.001315 0.076277
v -0.004700 0.001412 0.076212
v -0.004815 0.001200 0.076277
v -0.004818 0.001318 0.076250
v -0.004812 0.001397 0.076197
v -0.004873 0.001373 0.076173
v -0.004815 0.001477 0.076000
v -0.004912 0.001412 0.076000
v -0.004700 0.001477 0.076115
v -0.004818 0.001450 0.076118
v -0.004897 0.001397 0.076112
v -0.004977 0.001200 0.076115
v -0.004912 0.001200 0.076212
v -0.004977 0.001315 0.076000
v -0.004950 0.001318 0.076118
v -0.004897 0.001312 0.076197
v -0.004700 -0.001500 0.073600
v -0.005000 -0.001200 0.073600
v -0.004700 -0.001200 0.073300
v -0.004815 -0.001477 0.073600
v -0.004912 -0.001412 0.073600
v -0.004700 -0.001477 0.073485
v -0.004818 -0.001450 0.073482
v -0.004897 -0.001397 0.073488
v -0.004873 -0.001373 0.073427
v -0.004977 -0.001200 0.073485
v -0.004912 -0.001200 0.073388
v -0.004977 -0.001315 0.073600
v -0.004950 -0.001318 0.073482
v -0.004897 -0.001312 0.073403
v -0.004700 -0.001315 0.073323
v -0.004700 -0.001412 0.073388
v -0.004815 -0.001200 0.073323
v -0.004818 -0.001318 0.073350
v -0.004812 -0.001397 0.073403
v -0.004700 0.001500 0.073600
v -0.004700 0.001200 0.073300
v -0.005000 0.001200 0.073600
v -0.004700 0.001477 0.073485
v -0.004700 0.001412 0.073388
v -0.004815 0.001477 0.073600
v -0.004818 0.001450 0.073482
v -0.004812 0.001397 0.073403
v -0.004873 0.001373 0.073427
v -0.004815 0.001200 0.073323
v -0.004912 0.001200 0.073388
v -0.004700 0.001315 0.073323
v -0.004818 0.001318 0.073350
v -0.004897 0.001312 0.073403
v -0.004977 0.001315 0.073600
v -0.004912 0.001412 0.073600
v -0.004977 0.001200 0.073485
v -0.004950 0.001318 0.073482
v -0.004897 0.001397 0.073488
v 0.004700 -0.001500 0.076000
v 0.005000 -0.001200 0.076000
v 0.004700 -0.001200 0.076300
v 0.004815 -0.001477 0.076000
v 0.004912 -0.001412 0.076000
v 0.004700 -0.001477 0.076115
v 0.004818 -0.001450 0.076118
v 0.004897 -0.001397 0.076112
v 0.004873 -0.001373 0.076173
v 0.004977 -0.001200 0.076115
v 0.004912 -0.001200 0.076212
v 0.004977 -0.001315 0.076000
v 0.004950 -0.001318 0.076118
v 0.004897 -0.001312 0.076197
v 0.004700 -0.001315 0.076277
v 0.004700 -0.001412 0.076212
v 0.004815 -0.001200 0.076277
v 0.004818 -0.001318 0.076250
v 0.004812 -0.001397 0.076197
v 0.004700 0.001500 0.076000
v 0.004700 0.001200 0.076300
v 0.005000 0.001200 0.076000
v 0.004700 0.001477 0.076115
v 0.004700 0.001412 0.076212
v 0.004815 0.001477 0.076000
v 0.004818 0.001450 0.076118
v 0.004812 0.001397 0.076197
v 0.004873 0.001373 0.076173
v 0.004815 0.001200 0.076277
v 0.004912 0.001200 0.076212
v 0.004700 0.001315 0.076277
v 0.004818 0.001318 0.076250
v 0.004897 0.001312 0.076197
v 0.004977 0.001315 0.076000
v 0.004912 0.001412 0.076000
v 0.004977 0.001200 0.076115
v 0.004950 0.001318 0.076118
v 0.004897 0.001397 0.076112
v 0.004700 -0.001500 0.073600
v 0.004700 -0.001200 0.073300
v 0.005000 -0.001200 0.073600
v 0.004700 -0.001477 0.073485
v 0.004700 -0.001412 0.073388
v 0.004815 -0.001477 0.073600
v 0.004818 -0.001450 0.073482
v 0.004812 -0.001397 0.073403
v 0.004873 -0.001373 0.073427
v 0.004815 -0.001200 0.073323
v 0.004912 -0.001200 0.073388
v 0.004700 -0.001315 0.073323
v 0.004818 -0.001318 0.073350
v 0.004897 -0.001312 0.073403
v 0.004977 -0.001315 0.073600
v 0.004912 -0.001412 0.073600
v 0.004977 -0.001200 0.073485
v 0.004950 -0.001318 0.073482
v 0.004897 -0.001397 0.073488
v 0.004700 0.001500 0.073600
v 0.005000 0.001200 0.073600
v 0.004700 0.001200 0.073300
v 0.004815 0.001477 0.073600
v 0.004912 0.001412 0.073600
v 0.004700 0.001477 0.073485
v 0.004818 0.001450 0.073482
v 0.004897 0.001397 0.073488
v 0.004873 0.001373 0.073427
v 0.004977 0.001200 0.073485
v 0.004912 0.001200 0.073388
v 0.004977 0.001315 0.073600
v 0.004950 0.001318 0.073482
v 0.004897 0.001312 0.073403
v 0.004700 0.001315 0.073323
v 0.004700 0.001412 0.073388
v 0.004815 0.001200 0.073323
v 0.004818 0.001318 0.073350
v 0.004812 0.001397 0.073403
vn -0.2049 -0.9571 0.2049
vn -0.1818 -0.8152 0.5500
vn -0.5500 -0.8152 0.1818
vn -0.4931 -0.7167 0.4931
vn -0.2049 -0.2049 0.9571
vn -0.5500 -0.1818 0.8152
vn -0.1818 -0.5500 0.8152
vn -0.4931 -0.4931 0.7167
vn -0.9571 -0.2049 0.2049
vn -0.8152 -0.5500 0.1818
vn -0.8152 -0.1818 0.5500
vn -0.7167 -0.4931 0.4931
vn -0.2049 0.2049 0.9571
vn -0.1818 0.5500 0.8152
vn -0.5500 0.1818 0.8152
vn -0.4931 0.4931 0.7167
vn -0.2049 0.9571 0.2049
vn -0.5500 0.8152 0.1818
vn -0.1818 0.8152 0.5500
vn -0.4931 0.7167 0.4931
vn -0.9571 0.2049 0.2049
vn -0.8152 0.1818 0.5500
vn -0.8152 0.5500 0.1818
vn -0.7167 0.4931 0.4931
vn -0.2049 -0.9571 -0.2049
vn -0.5500 -0.8152 -0.1818
vn -0.1818 -0.8152 -0.5500
vn -0.4931 -0.7167 -0.4931
vn -0.9571 -0.2049 -0.2049
vn -0.8152 -0.1818 -0.5500
vn -0.8152 -0.5500 -0.1818
vn -0.7167 -0.4931 -0.4931
vn -0.2049 -0.2049 -0.9571
vn -0.1818 -0.5500 -0.8152
vn -0.5500 -0.1818 -0.8152
vn -0.4931 -0.4931 -0.7167
vn -0.2049 0.9571 -0.2049
vn -0.1818 0.8152 -0.5500
vn -0.5500 0.8152 -0.1818
vn -0.4931 0.7167 -0.4931
vn -0.2049 0.2049 -0.9571
vn -0.5500 0.1818 -0.8152
vn -0.1818 0.5500 -0.8152
vn -0.4931 0.4931 -0.7167
vn -0.9571 0.2049 -0.2049
vn -0.8152 0.5500 -0.1818
vn -0.8152 0.1818 -0.5500
vn -0.7167 0.4931 -0.4931
vn 0.2049 -0.9571 0.2049
vn 0.5500 -0.8152 0.1818
vn 0.1818 -0.8152 0.5500
vn 0.4931 -0.7167 0.4931
vn 0.9571 -0.2049 0.2049
vn 0.8152 -0.1818 0.5500
vn 0.8152 -0.5500 0.1818
vn 0.7167 -0.4931 0.4931
vn 0.2049 -0.2049 0.9571
vn 0.1818 -0.5500 0.8152
vn 0.5500 -0.1818 0.8152
vn 0.4931 -0.4931 0.7167
vn 0.2049 0.9571 0.2049
vn 0.1818 0.8152 0.5500
vn 0.5500 0.8152 0.1818
vn 0.4931 0.7167 0.4931
vn 0.2049 0.2049 0.9571
vn 0.5500 0.1818 0.8152
vn 0.1818 0.5500 0.8152
vn 0.4931 0.4931 0.7167
vn 0.9571 0.2049 0.2049
vn 0.8152 0.5500 0.1818
vn 0.8152 0.1818 0.5500
vn 0.7167 0.4931 0.4931
vn 0.2049 -0.9571 -0.2049
vn 0.1818 -0.8152 -0.5500
vn 0.5500 -0.8152 -0.1818
vn 0.4931 -0.7167 -0.4931
vn 0.2049 -0.2049 -0.9571
vn 0.5500 -0.1818 -0.8152
vn 0.1818 -0.5500 -0.8152
vn 0.4931 -0.4931 -0.7167
vn 0.9571 -0.2049 -0.2049
vn 0.8152 -0.5500 -0.1818
vn 0.8152 -0.1818 -0.5500
vn 0.7167 -0.4931 -0.4931
vn 0.2049 0.9571 -0.2049
vn 0.5500 0.8152 -0.1818
vn 0.1818 0.8152 -0.5500
vn 0.4931 0.7167 -0.4931
vn 0.9571 0.2049 -0.2049
vn 0.8152 0.1818 -0.5500
vn 0.8152 0.5500 -0.1818
vn 0.7167 0.4931 -0.4931
vn 0.2049 0.2049 -0.9571
vn 0.1818 0.5500 -0.8152
vn 0.5500 0.1818 -0.8152
vn 0.4931 0.4931 -0.7167
vn -0.1951 -0.9808 -0.0000
vn -0.5556 -0.8315 -0.0000
vn -0.8315 -0.5556 -0.0000
vn -0.9808 -0.1951 -0.0000
vn -0.1951 -0.0000 0.9808
vn -0.5556 -0.0000 0.8315
vn -0.8315 -0.0000 0.5556
vn -0.9808 -0.0000 0.1951
vn -0.1951 0.9808 -0.0000
vn -0.5556 0.8315 -0.0000
vn -0.8315 0.5556 -0.0000
vn -0.9808 0.1951 -0.0000
vn -0.1951 -0.0000 -0.9808
vn -0.5556 -0.0000 -0.8315
vn -0.8315 -0.0000 -0.5556
vn -0.9808 -0.0000 -0.1951
vn -0.0000 -0.9808 -0.1951
vn -0.0000 -0.8315 -0.5556
vn -0.0000 -0.5556 -0.8315
vn -0.0000 -0.1951 -0.9808
vn -0.0000 0.9808 -0.1951
vn -0.0000 0.8315 -0.5556
vn -0.0000 0.5556 -0.8315
vn -0.0000 0.1951 -0.9808
vn 0.9808 -0.0000 -0.1951
vn 0.8315 -0.0000 -0.5556
vn 0.5556 -0.0000 -0.8315
vn 0.1951 -0.0000 -0.9808
vn 0.1951 -0.9808 -0.0000
vn 0.5556 -0.8315 -0.0000
vn 0.8315 -0.5556 -0.0000
vn 0.9808 -0.1951 -0.0000
vn 0.1951 0.9808 -0.0000
vn 0.5556 0.8315 -0.0000
vn 0.8315 0.5556 -0.0000
vn 0.9808 0.1951 -0.0000
vn 0.1951 -0.0000 0.9808
vn 0.5556 -0.0000 0.8315
vn 0.8315 -0.0000 0.5556
vn 0.9808 -0.0000 0.1951
vn -0.0000 -0.9808 0.1951
vn -0.0000 -0.8315 0.5556
vn -0.0000 -0.5556 0.8315
vn -0.0000 -0.1951 0.9808
vn -0.0000 0.9808 0.1951
vn -0.0000 0.8315 0.5556
vn -0.0000 0.5556 0.8315
vn -0.0000 0.1951 0.9808
vn -0.0000 -1.0000 -0.0000
vn -1.0000 -0.0000 -0.0000
vn -0.0000 -0.0000 1.0000
vn -0.0000 1.0000 -0.0000
vn -0.0000 -0.0000 -1.0000
vn 1.0000 -0.0000 -0.0000
vt 0.132500 0.725000
vt 0.132500 0.734567
vt 0.129558 0.734807
vt 0.129630 0.725000
vt 0.132500 0.750000
vt 0.129707 0.750000
vt 0.125000 0.734309
vt 0.125000 0.725000
vt 0.128170 0.750000
vt 0.400000 0.992500
vt 0.400000 0.995370
vt 0.390193 0.995442
vt 0.390433 0.992500
vt 0.400000 1.000000
vt 0.390691 1.000000
vt 0.375000 0.995293
vt 0.375000 0.992500
vt 0.385566 1.000000
vt 0.400000 0.025000
vt 0.390433 0.025000
vt 0.390193 0.015193
vt 0.400000 0.015433
vt 0.375000 0.025000
vt 0.375000 0.015691
vt 0.390691 0.000000
vt 0.400000 0.000000
vt 0.375000 0.010566
vt 0.600000 0.992500
vt 0.609567 0.992500
vt 0.609807 0.995442
vt 0.600000 0.995370
vt 0.625000 0.992500
vt 0.625000 0.995293
vt 0.609309 1.000000
vt 0.600000 1.000000
vt 0.625000 0.996830
vt 0.867500 0.725000
vt 0.870370 0.725000
vt 0.870442 0.734807
vt 0.867500 0.734567
vt 0.875000 0.725000
vt 0.875000 0.734309
vt 0.870293 0.750000
vt 0.867500 0.750000
vt 0.875000 0.739434
vt 0.600000 0.025000
vt 0.600000 0.015433
vt 0.609807 0.015193
vt 0.609567 0.025000
vt 0.600000 0.000000
vt 0.609309 0.000000
vt 0.625000 0.015691
vt 0.625000 0.025000
vt 0.614434 0.000000
vt 0.132500 0.525000
vt 0.129630 0.525000
vt 0.129558 0.515193
vt 0.132500 0.515433
vt 0.125000 0.525000
vt 0.125000 0.515691
vt 0.129707 0.500000
vt 0.132500 0.500000
vt 0.125000 0.510566
vt 0.400000 0.225000
vt 0.400000 0.234567
vt 0.390193 0.234807
vt 0.390433 0.225000
vt 0.400000 0.250000
vt 0.390691 0.250000
vt 0.375000 0.234309
vt 0.375000 0.225000
vt 0.380283 0.251585
vt 0.400000 0.257500
vt 0.390433 0.257500
vt 0.390193 0.254558
vt 0.400000 0.254630
vt 0.375000 0.257500
vt 0.375000 0.254707
vt 0.867500 0.525000
vt 0.867500 0.515433
vt 0.870442 0.515193
vt 0.870370 0.525000
vt 0.867500 0.500000
vt 0.870293 0.500000
vt 0.875000 0.515691
vt 0.875000 0.525000
vt 0.871830 0.500000
vt 0.600000 0.257500
vt 0.600000 0.254630
vt 0.609807 0.254558
vt 0.609567 0.257500
vt 0.600000 0.250000
vt 0.609309 0.250000
vt 0.625000 0.254707
vt 0.625000 0.257500
vt 0.619717 0.244717
vt 0.600000 0.225000
vt 0.609567 0.225000
vt 0.609807 0.234807
vt 0.600000 0.234567
vt 0.625000 0.225000
vt 0.625000 0.234309
vt 0.367500 0.725000
vt 0.370370 0.725000
vt 0.370442 0.734807
vt 0.367500 0.734567
vt 0.375000 0.725000
vt 0.375000 0.734309
vt 0.372646 0.752354
vt 0.371250 0.753750
vt 0.378522 0.747535
vt 0.400000 0.725000
vt 0.400000 0.734567
vt 0.390193 0.734807
vt 0.390433 0.725000
vt 0.400000 0.750000
vt 0.390691 0.750000
vt 0.400000 0.757500
vt 0.390433 0.757500
vt 0.390193 0.754558
vt 0.400000 0.754630
vt 0.632500 0.725000
vt 0.632500 0.734567
vt 0.629558 0.734807
vt 0.629630 0.725000
vt 0.628750 0.753750
vt 0.627354 0.752354
vt 0.625000 0.734309
vt 0.625000 0.725000
vt 0.622535 0.746478
vt 0.600000 0.757500
vt 0.600000 0.754630
vt 0.609807 0.754558
vt 0.609567 0.757500
vt 0.600000 0.750000
vt 0.609309 0.750000
vt 0.600000 0.725000
vt 0.609567 0.725000
vt 0.609807 0.734807
vt 0.600000 0.734567
vt 0.367500 0.525000
vt 0.367500 0.515433
vt 0.370442 0.515193
vt 0.370370 0.525000
vt 0.371250 0.496250
vt 0.372646 0.497646
vt 0.375000 0.515691
vt 0.375000 0.525000
vt 0.377465 0.503522
vt 0.400000 0.492500
vt 0.400000 0.495370
vt 0.390193 0.495442
vt 0.390433 0.492500
vt 0.400000 0.500000
vt 0.390691 0.500000
vt 0.400000 0.525000
vt 0.390433 0.525000
vt 0.390193 0.515193
vt 0.400000 0.515433
vt 0.632500 0.525000
vt 0.629630 0.525000
vt 0.629558 0.515193
vt 0.632500 0.515433
vt 0.625000 0.525000
vt 0.625000 0.515691
vt 0.627354 0.497646
vt 0.628750 0.496250
vt 0.621478 0.502465
vt 0.600000 0.525000
vt 0.600000 0.515433
vt 0.609807 0.515193
vt 0.609567 0.525000
vt 0.600000 0.500000
vt 0.609309 0.500000
vt 0.600000 0.492500
vt 0.609567 0.492500
vt 0.609807 0.495442
vt 0.600000 0.495370
s 0
usemtl Steel
f 1369/1603/1351 1372/1604/1351 1375/1605/1351 1374/1606/1351
f 1372/1604/1352 1373/1607/1352 1376/1608/1352 1375/1605/1352
f 1374/1606/1353 1375/1605/1353 1387/1609/1353 1384/1610/1353
f 1375/1605/1354 1376/1608/1354 1377/1611/1354 1387/1609/1354
f 1370/1612/1355 1378/1613/1355 1381/1614/1355 1380/1615/1355
f 1378/1613/1356 1379/1616/1356 1382/1617/1356 1381/1614/1356
f 1380/1615/1357 1381/1614/1357 1376/1618/1357 1373/1619/1357
f 1381/1614/1358 1382/1617/1358 1377/1620/1358 1376/1618/1358
f 1371/1621/1359 1383/1622/1359 1386/1623/1359 1385/1624/1359
f 1383/1622/1360 1384/1625/1360 1387/1626/1360 1386/1623/1360
f 1385/1624/1361 1386/1623/1361 1382/1627/1361 1379/1628/1361
f 1386/1623/1362 1387/1626/1362 1377/1629/1362 1382/1627/1362
f 1388/1630/1363 1391/1631/1363 1394/1632/1363 1393/1633/1363
f 1391/1631/1364 1392/1634/1364 1395/1635/1364 1394/1632/1364
f 1393/1633/1365 1394/1632/1365 1406/1636/1365 1403/1637/1365
f 1394/1632/1366 1395/1635/1366 1396/1638/1366 1406/1636/1366
f 1389/1639/1367 1397/1640/1367 1400/1641/1367 1399/1642/1367
f 1397/1640/1368 1398/1643/1368 1401/1644/1368 1400/1641/1368
f 1399/1642/1369 1400/1641/1369 1395/1645/1369 1392/1646/1369
f 1400/1641/1370 1401/1644/1370 1396/1647/1370 1395/1645/1370
f 1390/1648/1371 1402/1649/1371 1405/1650/1371 1404/1651/1371
f 1402/1649/1372 1403/1652/1372 1406/1653/1372 1405/1650/1372
f 1404/1651/1373 1405/1650/1373 1401/1654/1373 1398/1655/1373
f 1405/1650/1374 1406/1653/1374 1396/1656/1374 1401/1654/1374
f 1407/1657/1375 1410/1658/1375 1413/1659/1375 1412/1660/1375
f 1410/1658/1376 1411/1661/1376 1414/1662/1376 1413/1659/1376
f 1412/1660/1377 1413/1659/1377 1425/1663/1377 1422/1664/1377
f 1413/1659/1378 1414/1662/1378 1415/1665/1378 1425/1663/1378
f 1408/1666/1379 1416/1667/1379 1419/1668/1379 1418/1669/1379
f 1416/1667/1380 1417/1670/1380 1420/1671/1380 1419/1668/1380
f 1418/1669/1381 1419/1668/1381 1414/1672/1381 1411/1673/1381
f 1419/1668/1382 1420/1671/1382 1415/1674/1382 1414/1672/1382
f 1409/1675/1383 1421/1676/1383 1424/1677/1383 1423/1678/1383
f 1421/1676/1384 1422/1679/1384 1425/1680/1384 1424/1677/1384
f 1423/1678/1385 1424/1677/1385 1420/1671/1385 1417/1670/1385
f 1424/1677/1386 1425/1680/1386 1415/1674/1386 1420/1671/1386
f 1426/1681/1387 1429/1682/1387 1432/1683/1387 1431/1684/1387
f 1429/1682/1388 1430/1685/1388 1433/1686/1388 1432/1683/1388
f 1431/1684/1389 1432/1683/1389 1444/1687/1389 1441/1688/1389
f 1432/1683/1390 1433/1686/1390 1434/1689/1390 1444/1687/1390
f 1427/1690/1391 1435/1691/1391 1438/1692/1391 1437/1693/1391
f 1435/1691/1392 1436/1694/1392 1439/1695/1392 1438/1692/1392
f 1437/1693/1393 1438/1692/1393 1433/1696/1393 1430/1697/1393
f 1438/1692/1394 1439/1695/1394 1434/1698/1394 1433/1696/1394
f 1428/1699/1395 1440/1700/1395 1443/1701/1395 1442/1702/1395
f 1440/1700/1396 1441/1703/1396 1444/1704/1396 1443/1701/1396
f 1442/1702/1397 1443/1701/1397 1439/1695/1397 1436/1694/1397
f 1443/1701/1398 1444/1704/1398 1434/1698/1398 1439/1695/1398
f 1445/1705/1399 1448/1706/1399 1451/1707/1399 1450/1708/1399
f 1448/1706/1400 1449/1709/1400 1452/1710/1400 1451/1707/1400
f 1450/1708/1401 1451/1707/1401 1463/1711/1401 1460/1712/1401
f 1451/1707/1402 1452/1710/1402 1453/1713/1402 1463/1711/1402
f 1446/1714/1403 1454/1715/1403 1457/1716/1403 1456/1717/1403
f 1454/1715/1404 1455/1718/1404 1458/1719/1404 1457/1716/1404
f 1456/1717/1405 1457/1716/1405 1452/1710/1405 1449/1709/1405
f 1457/1716/1406 1458/1719/1406 1453/1713/1406 1452/1710/1406
f 1447/1720/1407 1459/1721/1407 1462/1722/1407 1461/1723/1407
f 1459/1721/1408 1460/1712/1408 1463/1711/1408 1462/1722/1408
f 1461/1723/1409 1462/1722/1409 1458/1719/1409 1455/1718/1409
f 1462/1722/1410 1463/1711/1410 1453/1713/1410 1458/1719/1410
f 1464/1724/1411 1467/1725/1411 1470/1726/1411 1469/1727/1411
f 1467/1725/1412 1468/1728/1412 1471/1729/1412 1470/1726/1412
f 1469/1727/1413 1470/1726/1413 1482/1730/1413 1479/1731/1413
f 1470/1726/1414 1471/1729/1414 1472/1732/1414 1482/1730/1414
f 1465/1733/1415 1473/1734/1415 1476/1735/1415 1475/1736/1415
f 1473/1734/1416 1474/1737/1416 1477/1738/1416 1476/1735/1416
f 1475/1736/1417 1476/1735/1417 1471/1729/1417 1468/1728/1417
f 1476/1735/1418 1477/1738/1418 1472/1732/1418 1471/1729/1418
f 1466/1739/1419 1478/1740/1419 1481/1741/1419 1480/1742/1419
f 1478/1740/1420 1479/1731/1420 1482/1730/1420 1481/1741/1420
f 1480/1742/1421 1481/1741/1421 1477/1738/1421 1474/1737/1421
f 1481/1741/1422 1482/1730/1422 1472/1732/1422 1477/1738/1422
f 1483/1743/1423 1486/1744/1423 1489/1745/1423 1488/1746/1423
f 1486/1744/1424 1487/1747/1424 1490/1748/1424 1489/1745/1424
f 1488/1746/1425 1489/1745/1425 1501/1749/1425 1498/1750/1425
f 1489/1745/1426 1490/1748/1426 1491/1751/1426 1501/1749/1426
f 1484/1752/1427 1492/1753/1427 1495/1754/1427 1494/1755/1427
f 1492/1753/1428 1493/1756/1428 1496/1757/1428 1495/1754/1428
f 1494/1755/1429 1495/1754/1429 1490/1748/1429 1487/1747/1429
f 1495/1754/1430 1496/1757/1430 1491/1751/1430 1490/1748/1430
f 1485/1758/1431 1497/1759/1431 1500/1760/1431 1499/1761/1431
f 1497/1759/1432 1498/1750/1432 1501/1749/1432 1500/1760/1432
f 1499/1761/1433 1500/1760/1433 1496/1757/1433 1493/1756/1433
f 1500/1760/1434 1501/1749/1434 1491/1751/1434 1496/1757/1434
f 1502/1762/1435 1505/1763/1435 1508/1764/1435 1507/1765/1435
f 1505/1763/1436 1506/1766/1436 1509/1767/1436 1508/1764/1436
f 1507/1765/1437 1508/1764/1437 1520/1768/1437 1517/1769/1437
f 1508/1764/1438 1509/1767/1438 1510/1770/1438 1520/1768/1438
f 1503/1771/1439 1511/1772/1439 1514/1773/1439 1513/1774/1439
f 1511/1772/1440 1512/1775/1440 1515/1776/1440 1514/1773/1440
f 1513/1774/1441 1514/1773/1441 1509/1767/1441 1506/1766/1441
f 1514/1773/1442 1515/1776/1442 1510/1770/1442 1509/1767/1442
f 1504/1777/1443 1516/1778/1443 1519/1779/1443 1518/1780/1443
f 1516/1778/1444 1517/1769/1444 1520/1768/1444 1519/1779/1444
f 1518/1780/1445 1519/1779/1445 1515/1776/1445 1512/1775/1445
f 1519/1779/1446 1520/1768/1446 1510/1770/1446 1515/1776/1446
f 1407/1657/1447 1369/1603/1447 1374/1606/1447 1410/1658/1447
f 1410/1658/1448 1374/1606/1448 1384/1610/1448 1411/1661/1448
f 1411/1673/1449 1384/1625/1449 1383/1622/1449 1418/1669/1449
f 1418/1669/1450 1383/1622/1450 1371/1621/1450 1408/1666/1450
f 1370/1612/1451 1388/1630/1451 1393/1633/1451 1378/1613/1451
f 1378/1613/1452 1393/1633/1452 1403/1637/1452 1379/1616/1452
f 1379/1628/1453 1403/1652/1453 1402/1649/1453 1385/1624/1453
f 1385/1624/1454 1402/1649/1454 1390/1648/1454 1371/1621/1454
f 1389/1639/1455 1426/1681/1455 1431/1684/1455 1397/1640/1455
f 1397/1640/1456 1431/1684/1456 1441/1688/1456 1398/1643/1456
f 1398/1655/1457 1441/1703/1457 1440/1700/1457 1404/1651/1457
f 1404/1651/1458 1440/1700/1458 1428/1699/1458 1390/1648/1458
f 1427/1690/1459 1409/1675/1459 1423/1678/1459 1435/1691/1459
f 1435/1691/1460 1423/1678/1460 1417/1670/1460 1436/1694/1460
f 1436/1694/1461 1417/1670/1461 1416/1667/1461 1442/1702/1461
f 1442/1702/1462 1416/1667/1462 1408/1666/1462 1428/1699/1462
f 1483/1743/1463 1407/1657/1463 1412/1660/1463 1486/1744/1463
f 1486/1744/1464 1412/1660/1464 1422/1664/1464 1487/1747/1464
f 1487/1747/1465 1422/1679/1465 1421/1676/1465 1494/1755/1465
f 1494/1755/1466 1421/1676/1466 1409/1675/1466 1484/1752/1466
f 1426/1681/1467 1502/1762/1467 1507/1765/1467 1429/1682/1467
f 1429/1682/1468 1507/1765/1468 1517/1769/1468 1430/1685/1468
f 1430/1697/1469 1517/1769/1469 1516/1778/1469 1437/1693/1469
f 1437/1693/1470 1516/1778/1470 1504/1777/1470 1427/1690/1470
f 1503/1771/1471 1485/1758/1471 1499/1761/1471 1511/1772/1471
f 1511/1772/1472 1499/1761/1472 1493/1756/1472 1512/1775/1472
f 1512/1775/1473 1493/1756/1473 1492/1753/1473 1518/1780/1473
f 1518/1780/1474 1492/1753/1474 1484/1752/1474 1504/1777/1474
f 1445/1705/1475 1483/1743/1475 1488/1746/1475 1448/1706/1475
f 1448/1706/1476 1488/1746/1476 1498/1750/1476 1449/1709/1476
f 1449/1709/1477 1498/1750/1477 1497/1759/1477 1456/1717/1477
f 1456/1717/1478 1497/1759/1478 1485/1758/1478 1446/1714/1478
f 1502/1762/1479 1464/1724/1479 1469/1727/1479 1505/1763/1479
f 1505/1763/1480 1469/1727/1480 1479/1731/1480 1506/1766/1480
f 1506/1766/1481 1479/1731/1481 1478/1740/1481 1513/1774/1481
f 1513/1774/1482 1478/1740/1482 1466/1739/1482 1503/1771/1482
f 1465/1733/1483 1447/1720/1483 1461/1723/1483 1473/1734/1483
f 1473/1734/1484 1461/1723/1484 1455/1718/1484 1474/1737/1484
f 1474/1737/1485 1455/1718/1485 1454/1715/1485 1480/1742/1485
f 1480/1742/1486 1454/1715/1486 1446/1714/1486 1466/1739/1486
f 1369/1603/1487 1445/1705/1487 1450/1708/1487 1372/1604/1487
f 1372/1604/1488 1450/1708/1488 1460/1712/1488 1373/1607/1488
f 1373/1619/1489 1460/1712/1489 1459/1721/1489 1380/1615/1489
f 1380/1615/1490 1459/1721/1490 1447/1720/1490 1370/1612/1490
f 1464/1724/1491 1389/1639/1491 1399/1642/1491 1467/1725/1491
f 1467/1725/1492 1399/1642/1492 1392/1646/1492 1468/1728/1492
f 1468/1728/1493 1392/1634/1493 1391/1631/1493 1475/1736/1493
f 1475/1736/1494 1391/1631/1494 1388/1630/1494 1465/1733/1494
f 1407/1657/1495 1483/1743/1495 1445/1705/1495 1369/1603/1495
f 1371/1621/1496 1390/1648/1496 1428/1699/1496 1408/1666/1496
f 1447/1720/1497 1465/1733/1497 1388/1630/1497 1370/1612/1497
f 1502/1762/1498 1426/1681/1498 1389/1639/1498 1464/1724/1498
f 1409/1675/1499 1427/1690/1499 1504/1777/1499 1484/1752/1499
f 1485/1758/1500 1503/1771/1500 1466/1739/1500 1446/1714/1500
o 20_SpeakerGrills
v 0.005200 -0.001000 0.075600
v 0.005200 -0.000800 0.075800
v 0.005000 -0.000800 0.075600
v 0.005200 -0.000985 0.075677
v 0.005200 -0.000941 0.075741
v 0.005123 -0.000985 0.075600
v 0.005122 -0.000966 0.075678
v 0.005126 -0.000931 0.075731
v 0.005085 -0.000915 0.075715
v 0.005123 -0.000800 0.075785
v 0.005059 -0.000800 0.075741
v 0.005200 -0.000877 0.075785
v 0.005122 -0.000878 0.075766
v 0.005069 -0.000874 0.075731
v 0.005015 -0.000877 0.075600
v 0.005059 -0.000941 0.075600
v 0.005015 -0.000800 0.075677
v 0.005034 -0.000878 0.075678
v 0.005069 -0.000931 0.075674
v 0.005200 0.000800 0.075800
v 0.005200 0.001000 0.075600
v 0.005000 0.000800 0.075600
v 0.005200 0.000877 0.075785
v 0.005200 0.000941 0.075741
v 0.005123 0.000800 0.075785
v 0.005122 0.000878 0.075766
v 0.005126 0.000931 0.075731
v 0.005085 0.000915 0.075715
v 0.005123 0.000985 0.075600
v 0.005059 0.000941 0.075600
v 0.005200 0.000985 0.075677
v 0.005122 0.000966 0.075678
v 0.005069 0.000931 0.075674
v 0.005015 0.000800 0.075677
v 0.005059 0.000800 0.075741
v 0.005015 0.000877 0.075600
v 0.005034 0.000878 0.075678
v 0.005069 0.000874 0.075731
v 0.005200 -0.001000 0.074000
v 0.005000 -0.000800 0.074000
v 0.005200 -0.000800 0.073800
v 0.005123 -0.000985 0.074000
v 0.005059 -0.000941 0.074000
v 0.005200 -0.000985 0.073923
v 0.005122 -0.000966 0.073922
v 0.005069 -0.000931 0.073926
v 0.005085 -0.000915 0.073885
v 0.005015 -0.000800 0.073923
v 0.005059 -0.000800 0.073859
v 0.005015 -0.000877 0.074000
v 0.005034 -0.000878 0.073922
v 0.005069 -0.000874 0.073869
v 0.005200 -0.000877 0.073815
v 0.005200 -0.000941 0.073859
v 0.005123 -0.000800 0.073815
v 0.005122 -0.000878 0.073834
v 0.005126 -0.000931 0.073869
v 0.005200 0.001000 0.074000
v 0.005200 0.000800 0.073800
v 0.005000 0.000800 0.074000
v 0.005200 0.000985 0.073923
v 0.005200 0.000941 0.073859
v 0.005123 0.000985 0.074000
v 0.005122 0.000966 0.073922
v 0.005126 0.000931 0.073869
v 0.005085 0.000915 0.073885
v 0.005123 0.000800 0.073815
v 0.005059 0.000800 0.073859
v 0.005200 0.000877 0.073815
v 0.005122 0.000878 0.073834
v 0.005069 0.000874 0.073869
v 0.005015 0.000877 0.074000
v 0.005059 0.000941 0.074000
v 0.005015 0.000800 0.073923
v 0.005034 0.000878 0.073922
v 0.005069 0.000931 0.073926
v 0.024800 -0.001000 0.075600
v 0.025000 -0.000800 0.075600
v 0.024800 -0.000800 0.075800
v 0.024877 -0.000985 0.075600
v 0.024941 -0.000941 0.075600
v 0.024800 -0.000985 0.075677
v 0.024878 -0.000966 0.075678
v 0.024931 -0.000931 0.075674
v 0.024915 -0.000915 0.075715
v 0.024985 -0.000800 0.075677
v 0.024941 -0.000800 0.075741
v 0.024985 -0.000877 0.075600
v 0.024966 -0.000878 0.075678
v 0.024931 -0.000874 0.075731
v 0.024800 -0.000877 0.075785
v 0.024800 -0.000941 0.075741
v 0.024877 -0.000800 0.075785
v 0.024878 -0.000878 0.075766
v 0.024874 -0.000931 0.075731
v 0.024800 0.001000 0.075600
v 0.024800 0.000800 0.075800
v 0.025000 0.000800 0.075600
v 0.024800 0.000985 0.075677
v 0.024800 0.000941 0.075741
v 0.024877 0.000985 0.075600
v 0.024878 0.000966 0.075678
v 0.024874 0.000931 0.075731
v 0.024915 0.000915 0.075715
v 0.024877 0.000800 0.075785
v 0.024941 0.000800 0.075741
v 0.024800 0.000877 0.075785
v 0.024878 0.000878 0.075766
v 0.024931 0.000874 0.075731
v 0.024985 0.000877 0.075600
v 0.024941 0.000941 0.075600
v 0.024985 0.000800 0.075677
v 0.024966 0.000878 0.075678
v 0.024931 0.000931 0.075674
v 0.024800 -0.001000 0.074000
v 0.024800 -0.000800 0.073800
v 0.025000 -0.000800 0.074000
v 0.024800 -0.000985 0.073923
v 0.024800 -0.000941 0.073859
v 0.024877 -0.000985 0.074000
v 0.024878 -0.000966 0.073922
v 0.024874 -0.000931 0.073869
v 0.024915 -0.000915 0.073885
v 0.024877 -0.000800 0.073815
v 0.024941 -0.000800 0.073859
v 0.024800 -0.000877 0.073815
v 0.024878 -0.000878 0.073834
v 0.024931 -0.000874 0.073869
v 0.024985 -0.000877 0.074000
v 0.024941 -0.000941 0.074000
v 0.024985 -0.000800 0.073923
v 0.024966 -0.000878 0.073922
v 0.024931 -0.000931 0.073926
v 0.024800 0.001000 0.074000
v 0.025000 0.000800 0.074000
v 0.024800 0.000800 0.073800
v 0.024877 0.000985 0.074000
v 0.024941 0.000941 0.074000
v 0.024800 0.000985 0.073923
v 0.024878 0.000966 0.073922
v 0.024931 0.000931 0.073926
v 0.024915 0.000915 0.073885
v 0.024985 0.000800 0.073923
v 0.024941 0.000800 0.073859
v 0.024985 0.000877 0.074000
v 0.024966 0.000878 0.073922
v 0.024931 0.000874 0.073869
v 0.024800 0.000877 0.073815
v 0.024800 0.000941 0.073859
v 0.024877 0.000800 0.073815
v 0.024878 0.000878 0.073834
v 0.024874 0.000931 0.073869
vn -0.2049 -0.9571 0.2049
vn -0.1818 -0.8152 0.5500
vn -0.5500 -0.8152 0.1818
vn -0.4931 -0.7167 0.4931
vn -0.2049 -0.2049 0.9571
vn -0.5499 -0.1818 0.8152
vn -0.1818 -0.5499 0.8152
vn -0.4931 -0.4931 0.7167
vn -0.9571 -0.2049 0.2049
vn -0.8152 -0.5500 0.1818
vn -0.8152 -0.1818 0.5499
vn -0.7167 -0.4931 0.4931
vn -0.2049 0.2049 0.9571
vn -0.1818 0.5499 0.8152
vn -0.5499 0.1818 0.8152
vn -0.4931 0.4931 0.7167
vn -0.2049 0.9571 0.2049
vn -0.5500 0.8152 0.1818
vn -0.1818 0.8152 0.5500
vn -0.4931 0.7167 0.4931
vn -0.9571 0.2049 0.2049
vn -0.8152 0.1818 0.5499
vn -0.8152 0.5500 0.1818
vn -0.7167 0.4931 0.4931
vn -0.2049 -0.9571 -0.2049
vn -0.5500 -0.8152 -0.1818
vn -0.1818 -0.8152 -0.5500
vn -0.4931 -0.7167 -0.4931
vn -0.9571 -0.2049 -0.2049
vn -0.8152 -0.1818 -0.5499
vn -0.8152 -0.5500 -0.1818
vn -0.7167 -0.4931 -0.4931
vn -0.2049 -0.2049 -0.9571
vn -0.1818 -0.5499 -0.8152
vn -0.5499 -0.1818 -0.8152
vn -0.4931 -0.4931 -0.7167
vn -0.2049 0.9571 -0.2049
vn -0.1818 0.8152 -0.5500
vn -0.5500 0.8152 -0.1818
vn -0.4931 0.7167 -0.4931
vn -0.2049 0.2049 -0.9571
vn -0.5499 0.1818 -0.8152
vn -0.1818 0.5499 -0.8152
vn -0.4931 0.4931 -0.7167
vn -0.9571 0.2049 -0.2049
vn -0.8152 0.5500 -0.1818
vn -0.8152 0.1818 -0.5499
vn -0.7167 0.4931 -0.4931
vn 0.2049 -0.9571 0.2049
vn 0.5500 -0.8152 0.1818
vn 0.1818 -0.8152 0.5500
vn 0.4931 -0.7167 0.4931
vn 0.9571 -0.2049 0.2049
vn 0.8152 -0.1818 0.5499
vn 0.8152 -0.5500 0.1818
vn 0.7167 -0.4931 0.4931
vn 0.2049 -0.2049 0.9571
vn 0.1818 -0.5499 0.8152
vn 0.5499 -0.1818 0.8152
vn 0.4931 -0.4931 0.7167
vn 0.2049 0.9571 0.2049
vn 0.1818 0.8152 0.5500
vn 0.5500 0.8152 0.1818
vn 0.4931 0.7167 0.4931
vn 0.2049 0.2049 0.9571
vn 0.5499 0.1818 0.8152
vn 0.1818 0.5499 0.8152
vn 0.4931 0.4931 0.7167
vn 0.9571 0.2049 0.2049
vn 0.8152 0.5500 0.1818
vn 0.8152 0.1818 0.5499
vn 0.7167 0.4931 0.4931
vn 0.2049 -0.9571 -0.2049
vn 0.1818 -0.8152 -0.5500
vn 0.5500 -0.8152 -0.1818
vn 0.4931 -0.7167 -0.4931
vn 0.2049 -0.2049 -0.9571
vn 0.5499 -0.1818 -0.8152
vn 0.1818 -0.5499 -0.8152
vn 0.4931 -0.4931 -0.7167
vn 0.9571 -0.2049 -0.2049
vn 0.8152 -0.5500 -0.1818
vn 0.8152 -0.1818 -0.5499
vn 0.7167 -0.4931 -0.4931
vn 0.2049 0.9571 -0.2049
vn 0.5500 0.8152 -0.1818
vn 0.1818 0.8152 -0.5500
vn 0.4931 0.7167 -0.4931
vn 0.9571 0.2049 -0.2049
vn 0.8152 0.1818 -0.5499
vn 0.8152 0.5500 -0.1818
vn 0.7167 0.4931 -0.4931
vn 0.2049 0.2049 -0.9571
vn 0.1818 0.5499 -0.8152
vn 0.5499 0.1818 -0.8152
vn 0.4931 0.4931 -0.7167
vn -0.1951 -0.9808 -0.0000
vn -0.5556 -0.8315 -0.0000
vn -0.8315 -0.5556 -0.0000
vn -0.9808 -0.1951 -0.0000
vn -0.1951 -0.0000 0.9808
vn -0.5556 -0.0000 0.8315
vn -0.8315 -0.0000 0.5556
vn -0.9808 -0.0000 0.1951
vn -0.1951 0.9808 -0.0000
vn -0.5556 0.8315 -0.0000
vn -0.8315 0.5556 -0.0000
vn -0.9808 0.1951 -0.0000
vn -0.1951 -0.0000 -0.9808
vn -0.5556 -0.0000 -0.8315
vn -0.8315 -0.0000 -0.5556
vn -0.9808 -0.0000 -0.1951
vn -0.0000 -0.9808 -0.1951
vn -0.0000 -0.8315 -0.5556
vn -0.0000 -0.5556 -0.8315
vn -0.0000 -0.1951 -0.9808
vn -0.0000 0.9808 -0.1951
vn -0.0000 0.8315 -0.5556
vn -0.0000 0.5556 -0.8315
vn -0.0000 0.1951 -0.9808
vn 0.9808 -0.0000 -0.1951
vn 0.8315 -0.0000 -0.5556
vn 0.5556 -0.0000 -0.8315
vn 0.1951 -0.0000 -0.9808
vn 0.1951 -0.9808 -0.0000
vn 0.5556 -0.8315 -0.0000
vn 0.8315 -0.5556 -0.0000
vn 0.9808 -0.1951 -0.0000
vn 0.1951 0.9808 -0.0000
vn 0.5556 0.8315 -0.0000
vn 0.8315 0.5556 -0.0000
vn 0.9808 0.1951 -0.0000
vn 0.1951 -0.0000 0.9808
vn 0.5556 -0.0000 0.8315
vn 0.8315 -0.0000 0.5556
vn 0.9808 -0.0000 0.1951
vn -0.0000 -0.9808 0.1951
vn -0.0000 -0.8315 0.5556
vn -0.0000 -0.5556 0.8315
vn -0.0000 -0.1951 0.9808
vn -0.0000 0.9808 0.1951
vn -0.0000 0.8315 0.5556
vn -0.0000 0.5556 0.8315
vn -0.0000 0.1951 0.9808
vn -0.0000 -1.0000 -0.0000
vn -1.0000 -0.0000 -0.0000
vn -0.0000 -0.0000 1.0000
vn -0.0000 1.0000 -0.0000
vn -0.0000 -0.0000 -1.0000
vn 1.0000 -0.0000 -0.0000
vt 0.127500 0.725000
vt 0.127500 0.734567
vt 0.126519 0.734807
vt 0.126543 0.725000
vt 0.127500 0.750000
vt 0.126569 0.750000
vt 0.125000 0.734309
vt 0.125000 0.725000
vt 0.126057 0.750000
vt 0.400000 0.997500
vt 0.400000 0.998457
vt 0.390193 0.998481
vt 0.390433 0.997500
vt 0.400000 1.000000
vt 0.390691 1.000000
vt 0.375000 0.998431
vt 0.375000 0.997500
vt 0.385566 1.000000
vt 0.400000 0.025000
vt 0.390433 0.025000
vt 0.390193 0.015193
vt 0.400000 0.015433
vt 0.375000 0.025000
vt 0.375000 0.015691
vt 0.390691 0.000000
vt 0.400000 0.000000
vt 0.375000 0.010566
vt 0.600000 0.997500
vt 0.609567 0.997500
vt 0.609807 0.998481
vt 0.600000 0.998457
vt 0.625000 0.997500
vt 0.625000 0.998431
vt 0.609309 1.000000
vt 0.600000 1.000000
vt 0.625000 0.998943
vt 0.872500 0.725000
vt 0.873457 0.725000
vt 0.873481 0.734807
vt 0.872500 0.734567
vt 0.875000 0.725000
vt 0.875000 0.734309
vt 0.873431 0.750000
vt 0.872500 0.750000
vt 0.875000 0.739434
vt 0.600000 0.025000
vt 0.600000 0.015433
vt 0.609807 0.015193
vt 0.609567 0.025000
vt 0.600000 0.000000
vt 0.609309 0.000000
vt 0.625000 0.015691
vt 0.625000 0.025000
vt 0.614434 0.000000
vt 0.127500 0.525000
vt 0.126543 0.525000
vt 0.126519 0.515193
vt 0.127500 0.515433
vt 0.125000 0.525000
vt 0.125000 0.515691
vt 0.126569 0.500000
vt 0.127500 0.500000
vt 0.125000 0.510566
vt 0.400000 0.225000
vt 0.400000 0.234567
vt 0.390193 0.234807
vt 0.390433 0.225000
vt 0.400000 0.250000
vt 0.390691 0.250000
vt 0.375000 0.234309
vt 0.375000 0.225000
vt 0.380283 0.250528
vt 0.400000 0.252500
vt 0.390433 0.252500
vt 0.390193 0.251519
vt 0.400000 0.251543
vt 0.375000 0.252500
vt 0.375000 0.251569
vt 0.872500 0.525000
vt 0.872500 0.515433
vt 0.873481 0.515193
vt 0.873457 0.525000
vt 0.872500 0.500000
vt 0.873431 0.500000
vt 0.875000 0.515691
vt 0.875000 0.525000
vt 0.873943 0.500000
vt 0.600000 0.252500
vt 0.600000 0.251543
vt 0.609807 0.251519
vt 0.609567 0.252500
vt 0.600000 0.250000
vt 0.609309 0.250000
vt 0.625000 0.251569
vt 0.625000 0.252500
vt 0.619717 0.244717
vt 0.600000 0.225000
vt 0.609567 0.225000
vt 0.609807 0.234807
vt 0.600000 0.234567
vt 0.625000 0.225000
vt 0.625000 0.234309
vt 0.372500 0.725000
vt 0.373457 0.725000
vt 0.373481 0.734807
vt 0.372500 0.734567
vt 0.375000 0.725000
vt 0.375000 0.734309
vt 0.374215 0.750785
vt 0.373750 0.751250
vt 0.378522 0.746830
vt 0.400000 0.725000
vt 0.400000 0.734567
vt 0.390193 0.734807
vt 0.390433 0.725000
vt 0.400000 0.750000
vt 0.390691 0.750000
vt 0.400000 0.752500
vt 0.390433 0.752500
vt 0.390193 0.751519
vt 0.400000 0.751543
vt 0.627500 0.725000
vt 0.627500 0.734567
vt 0.626519 0.734807
vt 0.626543 0.725000
vt 0.626250 0.751250
vt 0.625785 0.750785
vt 0.625000 0.734309
vt 0.625000 0.725000
vt 0.621830 0.746478
vt 0.600000 0.752500
vt 0.600000 0.751543
vt 0.609807 0.751519
vt 0.609567 0.752500
vt 0.600000 0.750000
vt 0.609309 0.750000
vt 0.600000 0.725000
vt 0.609567 0.725000
vt 0.609807 0.734807
vt 0.600000 0.734567
vt 0.372500 0.525000
vt 0.372500 0.515433
vt 0.373481 0.515193
vt 0.373457 0.525000
vt 0.373750 0.498750
vt 0.374215 0.499215
vt 0.375000 0.515691
vt 0.375000 0.525000
vt 0.378170 0.503522
vt 0.400000 0.497500
vt 0.400000 0.498457
vt 0.390193 0.498481
vt 0.390433 0.497500
vt 0.400000 0.500000
vt 0.390691 0.500000
vt 0.400000 0.525000
vt 0.390433 0.525000
vt 0.390193 0.515193
vt 0.400000 0.515433
vt 0.627500 0.525000
vt 0.626543 0.525000
vt 0.626519 0.515193
vt 0.627500 0.515433
vt 0.625000 0.525000
vt 0.625000 0.515691
vt 0.625785 0.499215
vt 0.626250 0.498750
vt 0.621478 0.503170
vt 0.600000 0.525000
vt 0.600000 0.515433
vt 0.609807 0.515193
vt 0.609567 0.525000
vt 0.600000 0.500000
vt 0.609309 0.500000
vt 0.600000 0.497500
vt 0.609567 0.497500
vt 0.609807 0.498481
vt 0.600000 0.498457
s 0
usemtl MatteBlackTitanium
f 1521/1781/1501 1524/1782/1501 1527/1783/1501 1526/1784/1501
f 1524/1782/1502 1525/1785/1502 1528/1786/1502 1527/1783/1502
f 1526/1784/1503 1527/1783/1503 1539/1787/1503 1536/1788/1503
f 1527/1783/1504 1528/1786/1504 1529/1789/1504 1539/1787/1504
f 1522/1790/1505 1530/1791/1505 1533/1792/1505 1532/1793/1505
f 1530/1791/1506 1531/1794/1506 1534/1795/1506 1533/1792/1506
f 1532/1793/1507 1533/1792/1507 1528/1796/1507 1525/1797/1507
f 1533/1792/1508 1534/1795/1508 1529/1798/1508 1528/1796/1508
f 1523/1799/1509 1535/1800/1509 1538/1801/1509 1537/1802/1509
f 1535/1800/1510 1536/1803/1510 1539/1804/1510 1538/1801/1510
f 1537/1802/1511 1538/1801/1511 1534/1805/1511 1531/1806/1511
f 1538/1801/1512 1539/1804/1512 1529/1807/1512 1534/1805/1512
f 1540/1808/1513 1543/1809/1513 1546/1810/1513 1545/1811/1513
f 1543/1809/1514 1544/1812/1514 1547/1813/1514 1546/1810/1514
f 1545/1811/1515 1546/1810/1515 1558/1814/1515 1555/1815/1515
f 1546/1810/1516 1547/1813/1516 1548/1816/1516 1558/1814/1516
f 1541/1817/1517 1549/1818/1517 1552/1819/1517 1551/1820/1517
f 1549/1818/1518 1550/1821/1518 1553/1822/1518 1552/1819/1518
f 1551/1820/1519 1552/1819/1519 1547/1823/1519 1544/1824/1519
f 1552/1819/1520 1553/1822/1520 1548/1825/1520 1547/1823/1520
f 1542/1826/1521 1554/1827/1521 1557/1828/1521 1556/1829/1521
f 1554/1827/1522 1555/1830/1522 1558/1831/1522 1557/1828/1522
f 1556/1829/1523 1557/1828/1523 1553/1832/1523 1550/1833/1523
f 1557/1828/1524 1558/1831/1524 1548/1834/1524 1553/1832/1524
f 1559/1835/1525 1562/1836/1525 1565/1837/1525 1564/1838/1525
f 1562/1836/1526 1563/1839/1526 1566/1840/1526 1565/1837/1526
f 1564/1838/1527 1565/1837/1527 1577/1841/1527 1574/1842/1527
f 1565/1837/1528 1566/1840/1528 1567/1843/1528 1577/1841/1528
f 1560/1844/1529 1568/1845/1529 1571/1846/1529 1570/1847/1529
f 1568/1845/1530 1569/1848/1530 1572/1849/1530 1571/1846/1530
f 1570/1847/1531 1571/1846/1531 1566/1850/1531 1563/1851/1531
f 1571/1846/1532 1572/1849/1532 1567/1852/1532 1566/1850/1532
f 1561/1853/1533 1573/1854/1533 1576/1855/1533 1575/1856/1533
f 1573/1854/1534 1574/1857/1534 1577/1858/1534 1576/1855/1534
f 1575/1856/1535 1576/1855/1535 1572/1849/1535 1569/1848/1535
f 1576/1855/1536 1577/1858/1536 1567/1852/1536 1572/1849/1536
f 1578/1859/1537 1581/1860/1537 1584/1861/1537 1583/1862/1537
f 1581/1860/1538 1582/1863/1538 1585/1864/1538 1584/1861/1538
f 1583/1862/1539 1584/1861/1539 1596/1865/1539 1593/1866/1539
f 1584/1861/1540 1585/1864/1540 1586/1867/1540 1596/1865/1540
f 1579/1868/1541 1587/1869/1541 1590/1870/1541 1589/1871/1541
f 1587/1869/1542 1588/1872/1542 1591/1873/1542 1590/1870/1542
f 1589/1871/1543 1590/1870/1543 1585/1874/1543 1582/1875/1543
f 1590/1870/1544 1591/1873/1544 1586/1876/1544 1585/1874/1544
f 1580/1877/1545 1592/1878/1545 1595/1879/1545 1594/1880/1545
f 1592/1878/1546 1593/1881/1546 1596/1882/1546 1595/1879/1546
f 1594/1880/1547 1595/1879/1547 1591/1873/1547 1588/1872/1547
f 1595/1879/1548 1596/1882/1548 1586/1876/1548 1591/1873/1548
f 1597/1883/1549 1600/1884/1549 1603/1885/1549 1602/1886/1549
f 1600/1884/1550 1601/1887/1550 1604/1888/1550 1603/1885/1550
f 1602/1886/1551 1603/1885/1551 1615/1889/1551 1612/1890/1551
f 1603/1885/1552 1604/1888/1552 1605/1891/1552 1615/1889/1552
f 1598/1892/1553 1606/1893/1553 1609/1894/1553 1608/1895/1553
f 1606/1893/1554 1607/1896/1554 1610/1897/1554 1609/1894/1554
f 1608/1895/1555 1609/1894/1555 1604/1888/1555 1601/1887/1555
f 1609/1894/1556 1610/1897/1556 1605/1891/1556 1604/1888/1556
f 1599/1898/1557 1611/1899/1557 1614/1900/1557 1613/1901/1557
f 1611/1899/1558 1612/1890/1558 1615/1889/1558 1614/1900/1558
f 1613/1901/1559 1614/1900/1559 1610/1897/1559 1607/1896/1559
f 1614/1900/1560 1615/1889/1560 1605/1891/1560 1610/1897/1560
f 1616/1902/1561 1619/1903/1561 1622/1904/1561 1621/1905/1561
f 1619/1903/1562 1620/1906/1562 1623/1907/1562 1622/1904/1562
f 1621/1905/1563 1622/1904/1563 1634/1908/1563 1631/1909/1563
f 1622/1904/1564 1623/1907/1564 1624/1910/1564 1634/1908/1564
f 1617/1911/1565 1625/1912/1565 1628/1913/1565 1627/1914/1565
f 1625/1912/1566 1626/1915/1566 1629/1916/1566 1628/1913/1566
f 1627/1914/1567 1628/1913/1567 1623/1907/1567 1620/1906/1567
f 1628/1913/1568 1629/1916/1568 1624/1910/1568 1623/1907/1568
f 1618/1917/1569 1630/1918/1569 1633/1919/1569 1632/1920/1569
f 1630/1918/1570 1631/1909/1570 1634/1908/1570 1633/1919/1570
f 1632/1920/1571 1633/1919/1571 1629/1916/1571 1626/1915/1571
f 1633/1919/1572 1634/1908/1572 1624/1910/1572 1629/1916/1572
f 1635/1921/1573 1638/1922/1573 1641/1923/1573 1640/1924/1573
f 1638/1922/1574 1639/1925/1574 1642/1926/1574 1641/1923/1574
f 1640/1924/1575 1641/1923/1575 1653/1927/1575 1650/1928/1575
f 1641/1923/1576 1642/1926/1576 1643/1929/1576 1653/1927/1576
f 1636/1930/1577 1644/1931/1577 1647/1932/1577 1646/1933/1577
f 1644/1931/1578 1645/1934/1578 1648/1935/1578 1647/1932/1578
f 1646/1933/1579 1647/1932/1579 1642/1926/1579 1639/1925/1579
f 1647/1932/1580 1648/1935/1580 1643/1929/1580 1642/1926/1580
f 1637/1936/1581 1649/1937/1581 1652/1938/1581 1651/1939/1581
f 1649/1937/1582 1650/1928/1582 1653/1927/1582 1652/1938/1582
f 1651/1939/1583 1652/1938/1583 1648/1935/1583 1645/1934/1583
f 1652/1938/1584 1653/1927/1584 1643/1929/1584 1648/1935/1584
f 1654/1940/1585 1657/1941/1585 1660/1942/1585 1659/1943/1585
f 1657/1941/1586 1658/1944/1586 1661/1945/1586 1660/1942/1586
f 1659/1943/1587 1660/1942/1587 1672/1946/1587 1669/1947/1587
f 1660/1942/1588 1661/1945/1588 1662/1948/1588 1672/1946/1588
f 1655/1949/1589 1663/1950/1589 1666/1951/1589 1665/1952/1589
f 1663/1950/1590 1664/1953/1590 1667/1954/1590 1666/1951/1590
f 1665/1952/1591 1666/1951/1591 1661/1945/1591 1658/1944/1591
f 1666/1951/1592 1667/1954/1592 1662/1948/1592 1661/1945/1592
f 1656/1955/1593 1668/1956/1593 1671/1957/1593 1670/1958/1593
f 1668/1956/1594 1669/1947/1594 1672/1946/1594 1671/1957/1594
f 1670/1958/1595 1671/1957/1595 1667/1954/1595 1664/1953/1595
f 1671/1957/1596 1672/1946/1596 1662/1948/1596 1667/1954/1596
f 1559/1835/1597 1521/1781/1597 1526/1784/1597 1562/1836/1597
f 1562/1836/1598 1526/1784/1598 1536/1788/1598 1563/1839/1598
f 1563/1851/1599 1536/1803/1599 1535/1800/1599 1570/1847/1599
f 1570/1847/1600 1535/1800/1600 1523/1799/1600 1560/1844/1600
f 1522/1790/1601 1540/1808/1601 1545/1811/1601 1530/1791/1601
f 1530/1791/1602 1545/1811/1602 1555/1815/1602 1531/1794/1602
f 1531/1806/1603 1555/1830/1603 1554/1827/1603 1537/1802/1603
f 1537/1802/1604 1554/1827/1604 1542/1826/1604 1523/1799/1604
f 1541/1817/1605 1578/1859/1605 1583/1862/1605 1549/1818/1605
f 1549/1818/1606 1583/1862/1606 1593/1866/1606 1550/1821/1606
f 1550/1833/1607 1593/1881/1607 1592/1878/1607 1556/1829/1607
f 1556/1829/1608 1592/1878/1608 1580/1877/1608 1542/1826/1608
f 1579/1868/1609 1561/1853/1609 1575/1856/1609 1587/1869/1609
f 1587/1869/1610 1575/1856/1610 1569/1848/1610 1588/1872/1610
f 1588/1872/1611 1569/1848/1611 1568/1845/1611 1594/1880/1611
f 1594/1880/1612 1568/1845/1612 1560/1844/1612 1580/1877/1612
f 1635/1921/1613 1559/1835/1613 1564/1838/1613 1638/1922/1613
f 1638/1922/1614 1564/1838/1614 1574/1842/1614 1639/1925/1614
f 1639/1925/1615 1574/1857/1615 1573/1854/1615 1646/1933/1615
f 1646/1933/1616 1573/1854/1616 1561/1853/1616 1636/1930/1616
f 1578/1859/1617 1654/1940/1617 1659/1943/1617 1581/1860/1617
f 1581/1860/1618 1659/1943/1618 1669/1947/1618 1582/1863/1618
f 1582/1875/1619 1669/1947/1619 1668/1956/1619 1589/1871/1619
f 1589/1871/1620 1668/1956/1620 1656/1955/1620 1579/1868/1620
f 1655/1949/1621 1637/1936/1621 1651/1939/1621 1663/1950/1621
f 1663/1950/1622 1651/1939/1622 1645/1934/1622 1664/1953/1622
f 1664/1953/1623 1645/1934/1623 1644/1931/1623 1670/1958/1623
f 1670/1958/1624 1644/1931/1624 1636/1930/1624 1656/1955/1624
f 1597/1883/1625 1635/1921/1625 1640/1924/1625 1600/1884/1625
f 1600/1884/1626 1640/1924/1626 1650/1928/1626 1601/1887/1626
f 1601/1887/1627 1650/1928/1627 1649/1937/1627 1608/1895/1627
f 1608/1895/1628 1649/1937/1628 1637/1936/1628 1598/1892/1628
f 1654/1940/1629 1616/1902/1629 1621/1905/1629 1657/1941/1629
f 1657/1941/1630 1621/1905/1630 1631/1909/1630 1658/1944/1630
f 1658/1944/1631 1631/1909/1631 1630/1918/1631 1665/1952/1631
f 1665/1952/1632 1630/1918/1632 1618/1917/1632 1655/1949/1632
f 1617/1911/1633 1599/1898/1633 1613/1901/1633 1625/1912/1633
f 1625/1912/1634 1613/1901/1634 1607/1896/1634 1626/1915/1634
f 1626/1915/1635 1607/1896/1635 1606/1893/1635 1632/1920/1635
f 1632/1920/1636 1606/1893/1636 1598/1892/1636 1618/1917/1636
f 1521/1781/1637 1597/1883/1637 1602/1886/1637 1524/1782/1637
f 1524/1782/1638 1602/1886/1638 1612/1890/1638 1525/1785/1638
f 1525/1797/1639 1612/1890/1639 1611/1899/1639 1532/1793/1639
f 1532/1793/1640 1611/1899/1640 1599/1898/1640 1522/1790/1640
f 1616/1902/1641 1541/1817/1641 1551/1820/1641 1619/1903/1641
f 1619/1903/1642 1551/1820/1642 1544/1824/1642 1620/1906/1642
f 1620/1906/1643 1544/1812/1643 1543/1809/1643 1627/1914/1643
f 1627/1914/1644 1543/1809/1644 1540/1808/1644 1617/1911/1644
f 1559/1835/1645 1635/1921/1645 1597/1883/1645 1521/1781/1645
f 1523/1799/1646 1542/1826/1646 1580/1877/1646 1560/1844/1646
f 1599/1898/1647 1617/1911/1647 1540/1808/1647 1522/1790/1647
f 1654/1940/1648 1578/1859/1648 1541/1817/1648 1616/1902/1648
f 1561/1853/1649 1579/1868/1649 1656/1955/1649 1636/1930/1649
f 1637/1936/1650 1655/1949/1650 1618/1917/1650 1598/1892/1650
o 22_AntennaBands
v -0.036800 -0.004900 -0.052800
v -0.036800 0.004900 -0.052800
v -0.036800 -0.004900 -0.054800
v -0.036800 0.004900 -0.054800
v 0.036800 -0.004900 -0.052800
v 0.036800 0.004900 -0.052800
v 0.036800 -0.004900 -0.054800
v 0.036800 0.004900 -0.054800
vn -1.0000 -0.0000 -0.0000
vn -0.0000 -0.0000 -1.0000
vn 1.0000 -0.0000 -0.0000
vn -0.0000 -0.0000 1.0000
vn -0.0000 -1.0000 -0.0000
vn -0.0000 1.0000 -0.0000
vt 0.375000 0.000000
vt 0.625000 0.000000
vt 0.625000 0.250000
vt 0.375000 0.250000
vt 0.625000 0.500000
vt 0.375000 0.500000
vt 0.625000 0.750000
vt 0.375000 0.750000
vt 0.625000 1.000000
vt 0.375000 1.000000
vt 0.125000 0.500000
vt 0.125000 0.750000
vt 0.875000 0.500000
vt 0.875000 0.750000
s 0
usemtl Plastic
f 1673/1959/1651 1674/1960/1651 1676/1961/1651 1675/1962/1651
f 1675/1962/1652 1676/1961/1652 1680/1963/1652 1679/1964/1652
f 1679/1964/1653 1680/1963/1653 1678/1965/1653 1677/1966/1653
f 1677/1966/1654 1678/1965/1654 1674/1967/1654 1673/1968/1654
f 1675/1969/1655 1679/1964/1655 1677/1966/1655 1673/1970/1655
f 1680/1963/1656 1676/1971/1656 1674/1972/1656 1678/1965/1656
o 40_FinalAssembly
v -0.000050 -0.000050 0.000050
v -0.000050 -0.000050 0.000050
v -0.000050 -0.000050 0.000050
v -0.000050 -0.000050 0.000050
v -0.000050 -0.000050 0.000050
v -0.000050 -0.000050 0.000050
v -0.000050 -0.000050 0.000050
v -0.000050 -0.000050 0.000050
v -0.000050 -0.000050 0.000050
v -0.000050 -0.000050 0.000050
v -0.000050 -0.000050 0.000050
v -0.000050 -0.000050 0.000050
v -0.000050 -0.000050 0.000050
v -0.000050 -0.000050 0.000050
v -0.000050 -0.000050 0.000050
v -0.000050 -0.000050 0.000050
v -0.000050 -0.000050 0.000050
v -0.000050 -0.000050 0.000050
v -0.000050 -0.000050 0.000050
v -0.000050 0.000050 0.000050
v -0.000050 0.000050 0.000050
v -0.000050 0.000050 0.000050
v -0.000050 0.000050 0.000050
v -0.000050 0.000050 0.000050
v -0.000050 0.000050 0.000050
v -0.000050 0.000050 0.000050
v -0.000050 0.000050 0.000050
v -0.000050 0.000050 0.000050
v -0.000050 0.000050 0.000050
v -0.000050 0.000050 0.000050
v -0.000050 0.000050 0.000050
v -0.000050 0.000050 0.000050
v -0.000050 0.000050 0.000050
v -0.000050 0.000050 0.000050
v -0.000050 0.000050 0.000050
v -0.000050 0.000050 0.000050
v -0.000050 0.000050 0.000050
v -0.000050 0.000050 0.000050
v -0.000050 -0.000050 -0.000050
v -0.000050 -0.000050 -0.000050
v -0.000050 -0.000050 -0.000050
v -0.000050 -0.000050 -0.000050
v -0.000050 -0.000050 -0.000050
v -0.000050 -0.000050 -0.000050
v -0.000050 -0.000050 -0.000050
v -0.000050 -0.000050 -0.000050
v -0.000050 -0.000050 -0.000050
v -0.000050 -0.000050 -0.000050
v -0.000050 -0.000050 -0.000050
v -0.000050 -0.000050 -0.000050
v -0.000050 -0.000050 -0.000050
v -0.000050 -0.000050 -0.000050
v -0.000050 -0.000050 -0.000050
v -0.000050 -0.000050 -0.000050
v -0.000050 -0.000050 -0.000050
v -0.000050 -0.000050 -0.000050
v -0.000050 -0.000050 -0.000050
v -0.000050 0.000050 -0.000050
v -0.000050 0.000050 -0.000050
v -0.000050 0.000050 -0.000050
v -0.000050 0.000050 -0.000050
v -0.000050 0.000050 -0.000050
v -0.000050 0.000050 -0.000050
v -0.000050 0.000050 -0.000050
v -0.000050 0.000050 -0.000050
v -0.000050 0.000050 -0.000050
v -0.000050 0.000050 -0.000050
v -0.000050 0.000050 -0.000050
v -0.000050 0.000050 -0.000050
v -0.000050 0.000050 -0.000050
v -0.000050 0.000050 -0.000050
v -0.000050 0.000050 -0.000050
v -0.000050 0.000050 -0.000050
v -0.000050 0.000050 -0.000050
v -0.000050 0.000050 -0.000050
v -0.000050 0.000050 -0.000050
v 0.000050 -0.000050 0.000050
v 0.000050 -0.000050 0.000050
v 0.000050 -0.000050 0.000050
v 0.000050 -0.000050 0.000050
v 0.000050 -0.000050 0.000050
v 0.000050 -0.000050 0.000050
v 0.000050 -0.000050 0.000050
v 0.000050 -0.000050 0.000050
v 0.000050 -0.000050 0.000050
v 0.000050 -0.000050 0.000050
v 0.000050 -0.000050 0.000050
v 0.000050 -0.000050 0.000050
v 0.000050 -0.000050 0.000050
v 0.000050 -0.000050 0.000050
v 0.000050 -0.000050 0.000050
v 0.000050 -0.000050 0.000050
v 0.000050 -0.000050 0.000050
v 0.000050 -0.000050 0.000050
v 0.000050 -0.000050 0.000050
v 0.000050 0.000050 0.000050
v 0.000050 0.000050 0.000050
v 0.000050 0.000050 0.000050
v 0.000050 0.000050 0.000050
v 0.000050 0.000050 0.000050
v 0.000050 0.000050 0.000050
v 0.000050 0.000050 0.000050
v 0.000050 0.000050 0.000050
v 0.000050 0.000050 0.000050
v 0.000050 0.000050 0.000050
v 0.000050 0.000050 0.000050
v 0.000050 0.000050 0.000050
v 0.000050 0.000050 0.000050
v 0.000050 0.000050 0.000050
v 0.000050 0.000050 0.000050
v 0.000050 0.000050 0.000050
v 0.000050 0.000050 0.000050
v 0.000050 0.000050 0.000050
v 0.000050 0.000050 0.000050
v 0.000050 -0.000050 -0.000050
v 0.000050 -0.000050 -0.000050
v 0.000050 -0.000050 -0.000050
v 0.000050 -0.000050 -0.000050
v 0.000050 -0.000050 -0.000050
v 0.000050 -0.000050 -0.000050
v 0.000050 -0.000050 -0.000050
v 0.000050 -0.000050 -0.000050
v 0.000050 -0.000050 -0.000050
v 0.000050 -0.000050 -0.000050
v 0.000050 -0.000050 -0.000050
v 0.000050 -0.000050 -0.000050
v 0.000050 -0.000050 -0.000050
v 0.000050 -0.000050 -0.000050
v 0.000050 -0.000050 -0.000050
v 0.000050 -0.000050 -0.000050
v 0.000050 -0.000050 -0.000050
v 0.000050 -0.000050 -0.000050
v 0.000050 -0.000050 -0.000050
v 0.000050 0.000050 -0.000050
v 0.000050 0.000050 -0.000050
v 0.000050 0.000050 -0.000050
v 0.000050 0.000050 -0.000050
v 0.000050 0.000050 -0.000050
v 0.000050 0.000050 -0.000050
v 0.000050 0.000050 -0.000050
v 0.000050 0.000050 -0.000050
v 0.000050 0.000050 -0.000050
v 0.000050 0.000050 -0.000050
v 0.000050 0.000050 -0.000050
v 0.000050 0.000050 -0.000050
v 0.000050 0.000050 -0.000050
v 0.000050 0.000050 -0.000050
v 0.000050 0.000050 -0.000050
v 0.000050 0.000050 -0.000050
v 0.000050 0.000050 -0.000050
v 0.000050 0.000050 -0.000050
v 0.000050 0.000050 -0.000050
vn -0.2027 -0.9580 0.2027
vn -0.1811 -0.8170 0.5474
vn -0.5531 -0.8131 0.1816
vn -0.4734 -0.7329 0.4886
vn -0.2027 -0.2027 0.9580
vn -0.5474 -0.1811 0.8170
vn -0.1816 -0.5531 0.8131
vn -0.4886 -0.4734 0.7329
vn -0.9580 -0.2027 0.2027
vn -0.8170 -0.5474 0.1811
vn -0.8131 -0.1816 0.5531
vn -0.7329 -0.4886 0.4734
vn -0.2035 0.1964 0.9592
vn -0.1813 0.5494 0.8156
vn -0.5483 0.1814 0.8163
vn -0.4886 0.4734 0.7329
vn -0.1964 0.9592 0.2035
vn -0.5494 0.8156 0.1813
vn -0.1814 0.8163 0.5483
vn -0.4734 0.7329 0.4886
vn -0.9592 0.2035 0.1964
vn -0.8156 0.1813 0.5494
vn -0.8163 0.5483 0.1814
vn -0.7329 0.4886 0.4734
vn -0.1964 -0.9592 -0.2035
vn -0.5494 -0.8156 -0.1813
vn -0.1814 -0.8163 -0.5483
vn -0.4734 -0.7329 -0.4886
vn -0.9592 -0.2035 -0.1964
vn -0.8156 -0.1813 -0.5494
vn -0.8163 -0.5483 -0.1814
vn -0.7329 -0.4886 -0.4734
vn -0.2035 -0.1964 -0.9592
vn -0.1813 -0.5494 -0.8156
vn -0.5483 -0.1814 -0.8163
vn -0.4886 -0.4734 -0.7329
vn -0.2027 0.9580 -0.2027
vn -0.1811 0.8170 -0.5474
vn -0.5531 0.8131 -0.1816
vn -0.4734 0.7329 -0.4886
vn -0.2027 0.2027 -0.9580
vn -0.5474 0.1811 -0.8170
vn -0.1816 0.5531 -0.8131
vn -0.4886 0.4734 -0.7329
vn -0.9580 0.2027 -0.2027
vn -0.8170 0.5474 -0.1811
vn -0.8131 0.1816 -0.5531
vn -0.7329 0.4886 -0.4734
vn 0.1964 -0.9592 0.2035
vn 0.5494 -0.8156 0.1813
vn 0.1814 -0.8163 0.5483
vn 0.4734 -0.7329 0.4886
vn 0.9592 -0.2035 0.1964
vn 0.8156 -0.1813 0.5494
vn 0.8163 -0.5483 0.1814
vn 0.7329 -0.4886 0.4734
vn 0.2035 -0.1964 0.9592
vn 0.1813 -0.5494 0.8156
vn 0.5483 -0.1814 0.8163
vn 0.4886 -0.4734 0.7329
vn 0.2027 0.9580 0.2027
vn 0.1811 0.8170 0.5474
vn 0.5531 0.8131 0.1816
vn 0.4734 0.7329 0.4886
vn 0.2027 0.2027 0.9580
vn 0.5474 0.1811 0.8170
vn 0.1816 0.5531 0.8131
vn 0.4886 0.4734 0.7329
vn 0.9580 0.2027 0.2027
vn 0.8170 0.5474 0.1811
vn 0.8131 0.1816 0.5531
vn 0.7329 0.4886 0.4734
vn 0.2027 -0.9580 -0.2027
vn 0.1811 -0.8170 -0.5474
vn 0.5531 -0.8131 -0.1816
vn 0.4734 -0.7329 -0.4886
vn 0.2027 -0.2027 -0.9580
vn 0.5474 -0.1811 -0.8170
vn 0.1816 -0.5531 -0.8131
vn 0.4886 -0.4734 -0.7329
vn 0.9580 -0.2027 -0.2027
vn 0.8170 -0.5474 -0.1811
vn 0.8131 -0.1816 -0.5531
vn 0.7329 -0.4886 -0.4734
vn 0.1964 0.9592 -0.2035
vn 0.5494 0.8156 -0.1813
vn 0.1814 0.8163 -0.5483
vn 0.4734 0.7329 -0.4886
vn 0.9592 0.2035 -0.1964
vn 0.8156 0.1813 -0.5494
vn 0.8163 0.5483 -0.1814
vn 0.7329 0.4886 -0.4734
vn 0.2035 0.1964 -0.9592
vn 0.1813 0.5494 -0.8156
vn 0.5483 0.1814 -0.8163
vn 0.4886 0.4734 -0.7329
vn -0.1976 -0.9803 -0.0000
vn -0.5512 -0.8344 -0.0000
vn -0.8344 -0.5512 -0.0000
vn -0.9803 -0.1976 -0.0000
vn -0.1976 -0.0000 0.9803
vn -0.5512 -0.0000 0.8344
vn -0.8344 -0.0000 0.5512
vn -0.9803 -0.0000 0.1976
vn -0.1976 0.9803 -0.0000
vn -0.5512 0.8344 -0.0000
vn -0.8344 0.5512 -0.0000
vn -0.9803 0.1976 -0.0000
vn -0.1976 -0.0000 -0.9803
vn -0.5512 -0.0000 -0.8344
vn -0.8344 -0.0000 -0.5512
vn -0.9803 -0.0000 -0.1976
vn -0.0000 -0.9803 -0.1976
vn -0.0000 -0.8344 -0.5512
vn -0.0000 -0.5512 -0.8344
vn -0.0000 -0.1976 -0.9803
vn -0.0000 0.9803 -0.1976
vn -0.0000 0.8344 -0.5512
vn -0.0000 0.5512 -0.8344
vn -0.0000 0.1976 -0.9803
vn 0.9803 -0.0000 -0.1976
vn 0.8344 -0.0000 -0.5512
vn 0.5512 -0.0000 -0.8344
vn 0.1976 -0.0000 -0.9803
vn 0.1976 -0.9803 -0.0000
vn 0.5512 -0.8344 -0.0000
vn 0.8344 -0.5512 -0.0000
vn 0.9803 -0.1976 -0.0000
vn 0.1976 0.9803 -0.0000
vn 0.5512 0.8344 -0.0000
vn 0.8344 0.5512 -0.0000
vn 0.9803 0.1976 -0.0000
vn 0.1976 -0.0000 0.9803
vn 0.5512 -0.0000 0.8344
vn 0.8344 -0.0000 0.5512
vn 0.9803 -0.0000 0.1976
vn -0.0000 -0.9803 0.1976
vn -0.0000 -0.8344 0.5512
vn -0.0000 -0.5512 0.8344
vn -0.0000 -0.1976 0.9803
vn -0.0000 0.9803 0.1976
vn -0.0000 0.8344 0.5512
vn -0.0000 0.5512 0.8344
vn -0.0000 0.1976 0.9803
vn -0.0000 -1.0000 -0.0000
vn -1.0000 -0.0000 -0.0000
vn -0.0000 -0.0000 1.0000
vn -0.0000 1.0000 -0.0000
vn -0.0000 -0.0000 -1.0000
vn 1.0000 -0.0000 -0.0000
vt 0.125002 0.749997
vt 0.125003 0.749998
vt 0.125002 0.749999
vt 0.125002 0.749997
vt 0.125003 0.750000
vt 0.125002 0.750000
vt 0.125000 0.749998
vt 0.125000 0.749997
vt 0.125001 0.750000
vt 0.375002 0.999997
vt 0.375002 0.999998
vt 0.375002 0.999999
vt 0.375002 0.999997
vt 0.375003 1.000000
vt 0.375002 1.000000
vt 0.375000 0.999998
vt 0.375000 0.999997
vt 0.375001 1.000000
vt 0.375002 0.000003
vt 0.375002 0.000003
vt 0.375002 0.000002
vt 0.375002 0.000002
vt 0.375000 0.000003
vt 0.375000 0.000002
vt 0.375002 0.000000
vt 0.375003 0.000000
vt 0.375000 0.000001
vt 0.624997 0.999997
vt 0.624999 0.999997
vt 0.624998 0.999998
vt 0.624997 0.999998
vt 0.625000 0.999997
vt 0.625000 0.999998
vt 0.624998 1.000000
vt 0.624997 1.000000
vt 0.625000 0.999999
vt 0.874997 0.749997
vt 0.874998 0.749997
vt 0.874998 0.749998
vt 0.874997 0.749998
vt 0.875000 0.749997
vt 0.875000 0.749998
vt 0.874998 0.750000
vt 0.874997 0.750000
vt 0.875000 0.749999
vt 0.624997 0.000003
vt 0.624997 0.000002
vt 0.624999 0.000002
vt 0.624998 0.000003
vt 0.624997 0.000000
vt 0.624998 0.000000
vt 0.625000 0.000002
vt 0.625000 0.000003
vt 0.624999 0.000000
vt 0.125002 0.500002
vt 0.125002 0.500003
vt 0.125002 0.500002
vt 0.125003 0.500002
vt 0.125000 0.500003
vt 0.125000 0.500002
vt 0.125002 0.500000
vt 0.125003 0.500000
vt 0.125000 0.500001
vt 0.375002 0.249997
vt 0.375002 0.249998
vt 0.375002 0.249998
vt 0.375002 0.249997
vt 0.375003 0.250000
vt 0.375002 0.250000
vt 0.375000 0.249998
vt 0.375000 0.249997
vt 0.375001 0.250001
vt 0.375002 0.250002
vt 0.375002 0.250003
vt 0.375002 0.250002
vt 0.375002 0.250002
vt 0.375000 0.250003
vt 0.375000 0.250002
vt 0.874997 0.500003
vt 0.874997 0.500001
vt 0.874998 0.500001
vt 0.874999 0.500003
vt 0.874997 0.500000
vt 0.874998 0.500000
vt 0.875000 0.500002
vt 0.875000 0.500003
vt 0.874999 0.500000
vt 0.624997 0.250003
vt 0.624997 0.250002
vt 0.624999 0.250002
vt 0.624998 0.250003
vt 0.624997 0.250000
vt 0.624998 0.250000
vt 0.625000 0.250002
vt 0.625000 0.250003
vt 0.625000 0.249999
vt 0.624997 0.249997
vt 0.624999 0.249997
vt 0.624998 0.249998
vt 0.624997 0.249998
vt 0.625000 0.249997
vt 0.625000 0.249998
vt 0.374997 0.749997
vt 0.374998 0.749997
vt 0.374998 0.749998
vt 0.374997 0.749998
vt 0.375000 0.749997
vt 0.375000 0.749998
vt 0.374999 0.750001
vt 0.374999 0.750001
vt 0.375000 0.750000
vt 0.375002 0.749997
vt 0.375002 0.749998
vt 0.375002 0.749999
vt 0.375002 0.749997
vt 0.375003 0.750000
vt 0.375002 0.750000
vt 0.375002 0.750002
vt 0.375002 0.750002
vt 0.375002 0.750002
vt 0.375002 0.750002
vt 0.625002 0.749997
vt 0.625003 0.749998
vt 0.625002 0.749999
vt 0.625002 0.749997
vt 0.625001 0.750001
vt 0.625001 0.750001
vt 0.625000 0.749998
vt 0.625000 0.749997
vt 0.625000 0.750000
vt 0.624997 0.750002
vt 0.624997 0.750002
vt 0.624999 0.750001
vt 0.624998 0.750003
vt 0.624997 0.750000
vt 0.624998 0.750000
vt 0.624997 0.749997
vt 0.624999 0.749997
vt 0.624998 0.749998
vt 0.624997 0.749998
vt 0.374997 0.500003
vt 0.374997 0.500001
vt 0.374998 0.500001
vt 0.374998 0.500003
vt 0.374999 0.499999
vt 0.374999 0.499999
vt 0.375000 0.500002
vt 0.375000 0.500003
vt 0.375000 0.500000
vt 0.375002 0.499997
vt 0.375002 0.499998
vt 0.375002 0.499999
vt 0.375002 0.499997
vt 0.375003 0.500000
vt 0.375002 0.500000
vt 0.375002 0.500002
vt 0.375002 0.500003
vt 0.375002 0.500002
vt 0.375002 0.500002
vt 0.625002 0.500002
vt 0.625002 0.500003
vt 0.625002 0.500002
vt 0.625003 0.500002
vt 0.625000 0.500003
vt 0.625000 0.500002
vt 0.625001 0.499999
vt 0.625001 0.499999
vt 0.625000 0.500000
vt 0.624997 0.500003
vt 0.624997 0.500001
vt 0.624999 0.500001
vt 0.624998 0.500003
vt 0.624997 0.500000
vt 0.624998 0.500000
vt 0.624997 0.499997
vt 0.624999 0.499997
vt 0.624998 0.499998
vt 0.624997 0.499998
s 0
usemtl MatteBlackTitanium
f 1681/1973/1657 1684/1974/1657 1687/1975/1657 1686/1976/1657
f 1684/1974/1658 1685/1977/1658 1688/1978/1658 1687/1975/1658
f 1686/1976/1659 1687/1975/1659 1699/1979/1659 1696/1980/1659
f 1687/1975/1660 1688/1978/1660 1689/1981/1660 1699/1979/1660
f 1682/1982/1661 1690/1983/1661 1693/1984/1661 1692/1985/1661
f 1690/1983/1662 1691/1986/1662 1694/1987/1662 1693/1984/1662
f 1692/1985/1663 1693/1984/1663 1688/1988/1663 1685/1989/1663
f 1693/1984/1664 1694/1987/1664 1689/1990/1664 1688/1988/1664
f 1683/1991/1665 1695/1992/1665 1698/1993/1665 1697/1994/1665
f 1695/1992/1666 1696/1995/1666 1699/1996/1666 1698/1993/1666
f 1697/1994/1667 1698/1993/1667 1694/1997/1667 1691/1998/1667
f 1698/1993/1668 1699/1996/1668 1689/1999/1668 1694/1997/1668
f 1700/2000/1669 1703/2001/1669 1706/2002/1669 1705/2003/1669
f 1703/2001/1670 1704/2004/1670 1707/2005/1670 1706/2002/1670
f 1705/2003/1671 1706/2002/1671 1718/2006/1671 1715/2007/1671
f 1706/2002/1672 1707/2005/1672 1708/2008/1672 1718/2006/1672
f 1701/2009/1673 1709/2010/1673 1712/2011/1673 1711/2012/1673
f 1709/2010/1674 1710/2013/1674 1713/2014/1674 1712/2011/1674
f 1711/2012/1675 1712/2011/1675 1707/2015/1675 1704/2016/1675
f 1712/2011/1676 1713/2014/1676 1708/2017/1676 1707/2015/1676
f 1702/2018/1677 1714/2019/1677 1717/2020/1677 1716/2021/1677
f 1714/2019/1678 1715/2022/1678 1718/2023/1678 1717/2020/1678
f 1716/2021/1679 1717/2020/1679 1713/2024/1679 1710/2025/1679
f 1717/2020/1680 1718/2023/1680 1708/2026/1680 1713/2024/1680
f 1719/2027/1681 1722/2028/1681 1725/2029/1681 1724/2030/1681
f 1722/2028/1682 1723/2031/1682 1726/2032/1682 1725/2029/1682
f 1724/2030/1683 1725/2029/1683 1737/2033/1683 1734/2034/1683
f 1725/2029/1684 1726/2032/1684 1727/2035/1684 1737/2033/1684
f 1720/2036/1685 1728/2037/1685 1731/2038/1685 1730/2039/1685
f 1728/2037/1686 1729/2040/1686 1732/2041/1686 1731/2038/1686
f 1730/2039/1687 1731/2038/1687 1726/2042/1687 1723/2043/1687
f 1731/2038/1688 1732/2041/1688 1727/2044/1688 1726/2042/1688
f 1721/2045/1689 1733/2046/1689 1736/2047/1689 1735/2048/1689
f 1733/2046/1690 1734/2049/1690 1737/2050/1690 1736/2047/1690
f 1735/2048/1691 1736/2047/1691 1732/2041/1691 1729/2040/1691
f 1736/2047/1692 1737/2050/1692 1727/2044/1692 1732/2041/1692
f 1738/2051/1693 1741/2052/1693 1744/2053/1693 1743/2054/1693
f 1741/2052/1694 1742/2055/1694 1745/2056/1694 1744/2053/1694
f 1743/2054/1695 1744/2053/1695 1756/2057/1695 1753/2058/1695
f 1744/2053/1696 1745/2056/1696 1746/2059/1696 1756/2057/1696
f 1739/2060/1697 1747/2061/1697 1750/2062/1697 1749/2063/1697
f 1747/2061/1698 1748/2064/1698 1751/2065/1698 1750/2062/1698
f 1749/2063/1699 1750/2062/1699 1745/2066/1699 1742/2067/1699
f 1750/2062/1700 1751/2065/1700 1746/2068/1700 1745/2066/1700
f 1740/2069/1701 1752/2070/1701 1755/2071/1701 1754/2072/1701
f 1752/2070/1702 1753/2073/1702 1756/2074/1702 1755/2071/1702
f 1754/2072/1703 1755/2071/1703 1751/2065/1703 1748/2064/1703
f 1755/2071/1704 1756/2074/1704 1746/2068/1704 1751/2065/1704
f 1757/2075/1705 1760/2076/1705 1763/2077/1705 1762/2078/1705
f 1760/2076/1706 1761/2079/1706 1764/2080/1706 1763/2077/1706
f 1762/2078/1707 1763/2077/1707 1775/2081/1707 1772/2082/1707
f 1763/2077/1708 1764/2080/1708 1765/2083/1708 1775/2081/1708
f 1758/2084/1709 1766/2085/1709 1769/2086/1709 1768/2087/1709
f 1766/2085/1710 1767/2088/1710 1770/2089/1710 1769/2086/1710
f 1768/2087/1711 1769/2086/1711 1764/2080/1711 1761/2079/1711
f 1769/2086/1712 1770/2089/1712 1765/2083/1712 1764/2080/1712
f 1759/2090/1713 1771/2091/1713 1774/2092/1713 1773/2093/1713
f 1771/2091/1714 1772/2082/1714 1775/2081/1714 1774/2092/1714
f 1773/2093/1715 1774/2092/1715 1770/2089/1715 1767/2088/1715
f 1774/2092/1716 1775/2081/1716 1765/2083/1716 1770/2089/1716
f 1776/2094/1717 1779/2095/1717 1782/2096/1717 1781/2097/1717
f 1779/2095/1718 1780/2098/1718 1783/2099/1718 1782/2096/1718
f 1781/2097/1719 1782/2096/1719 1794/2100/1719 1791/2101/1719
f 1782/2096/1720 1783/2099/1720 1784/2102/1720 1794/2100/1720
f 1777/2103/1721 1785/2104/1721 1788/2105/1721 1787/2106/1721
f 1785/2104/1722 1786/2107/1722 1789/2108/1722 1788/2105/1722
f 1787/2106/1723 1788/2105/1723 1783/2099/1723 1780/2098/1723
f 1788/2105/1724 1789/2108/1724 1784/2102/1724 1783/2099/1724
f 1778/2109/1725 1790/2110/1725 1793/2111/1725 1792/2112/1725
f 1790/2110/1726 1791/2101/1726 1794/2100/1726 1793/2111/1726
f 1792/2112/1727 1793/2111/1727 1789/2108/1727 1786/2107/1727
f 1793/2111/1728 1794/2100/1728 1784/2102/1728 1789/2108/1728
f 1795/2113/1729 1798/2114/1729 1801/2115/1729 1800/2116/1729
f 1798/2114/1730 1799/2117/1730 1802/2118/1730 1801/2115/1730
f 1800/2116/1731 1801/2115/1731 1813/2119/1731 1810/2120/1731
f 1801/2115/1732 1802/2118/1732 1803/2121/1732 1813/2119/1732
f 1796/2122/1733 1804/2123/1733 1807/2124/1733 1806/2125/1733
f 1804/2123/1734 1805/2126/1734 1808/2127/1734 1807/2124/1734
f 1806/2125/1735 1807/2124/1735 1802/2118/1735 1799/2117/1735
f 1807/2124/1736 1808/2127/1736 1803/2121/1736 1802/2118/1736
f 1797/2128/1737 1809/2129/1737 1812/2130/1737 1811/2131/1737
f 1809/2129/1738 1810/2120/1738 1813/2119/1738 1812/2130/1738
f 1811/2131/1739 1812/2130/1739 1808/2127/1739 1805/2126/1739
f 1812/2130/1740 1813/2119/1740 1803/2121/1740 1808/2127/1740
f 1814/2132/1741 1817/2133/1741 1820/2134/1741 1819/2135/1741
f 1817/2133/1742 1818/2136/1742 1821/2137/1742 1820/2134/1742
f 1819/2135/1743 1820/2134/1743 1832/2138/1743 1829/2139/1743
f 1820/2134/1744 1821/2137/1744 1822/2140/1744 1832/2138/1744
f 1815/2141/1745 1823/2142/1745 1826/2143/1745 1825/2144/1745
f 1823/2142/1746 1824/2145/1746 1827/2146/1746 1826/2143/1746
f 1825/2144/1747 1826/2143/1747 1821/2137/1747 1818/2136/1747
f 1826/2143/1748 1827/2146/1748 1822/2140/1748 1821/2137/1748
f 1816/2147/1749 1828/2148/1749 1831/2149/1749 1830/2150/1749
f 1828/2148/1750 1829/2139/1750 1832/2138/1750 1831/2149/1750
f 1830/2150/1751 1831/2149/1751 1827/2146/1751 1824/2145/1751
f 1831/2149/1752 1832/2138/1752 1822/2140/1752 1827/2146/1752
f 1719/2027/1753 1681/1973/1753 1686/1976/1753 1722/2028/1753
f 1722/2028/1754 1686/1976/1754 1696/1980/1754 1723/2031/1754
f 1723/2043/1755 1696/1995/1755 1695/1992/1755 1730/2039/1755
f 1730/2039/1756 1695/1992/1756 1683/1991/1756 1720/2036/1756
f 1682/1982/1757 1700/2000/1757 1705/2003/1757 1690/1983/1757
f 1690/1983/1758 1705/2003/1758 1715/2007/1758 1691/1986/1758
f 1691/1998/1759 1715/2022/1759 1714/2019/1759 1697/1994/1759
f 1697/1994/1760 1714/2019/1760 1702/2018/1760 1683/1991/1760
f 1701/2009/1761 1738/2051/1761 1743/2054/1761 1709/2010/1761
f 1709/2010/1762 1743/2054/1762 1753/2058/1762 1710/2013/1762
f 1710/2025/1763 1753/2073/1763 1752/2070/1763 1716/2021/1763
f 1716/2021/1764 1752/2070/1764 1740/2069/1764 1702/2018/1764
f 1739/2060/1765 1721/2045/1765 1735/2048/1765 1747/2061/1765
f 1747/2061/1766 1735/2048/1766 1729/2040/1766 1748/2064/1766
f 1748/2064/1767 1729/2040/1767 1728/2037/1767 1754/2072/1767
f 1754/2072/1768 1728/2037/1768 1720/2036/1768 1740/2069/1768
f 1795/2113/1769 1719/2027/1769 1724/2030/1769 1798/2114/1769
f 1798/2114/1770 1724/2030/1770 1734/2034/1770 1799/2117/1770
f 1799/2117/1771 1734/2049/1771 1733/2046/1771 1806/2125/1771
f 1806/2125/1772 1733/2046/1772 1721/2045/1772 1796/2122/1772
f 1738/2051/1773 1814/2132/1773 1819/2135/1773 1741/2052/1773
f 1741/2052/1774 1819/2135/1774 1829/2139/1774 1742/2055/1774
f 1742/2067/1775 1829/2139/1775 1828/2148/1775 1749/2063/1775
f 1749/2063/1776 1828/2148/1776 1816/2147/1776 1739/2060/1776
f 1815/2141/1777 1797/2128/1777 1811/2131/1777 1823/2142/1777
f 1823/2142/1778 1811/2131/1778 1805/2126/1778 1824/2145/1778
f 1824/2145/1779 1805/2126/1779 1804/2123/1779 1830/2150/1779
f 1830/2150/1780 1804/2123/1780 1796/2122/1780 1816/2147/1780
f 1757/2075/1781 1795/2113/1781 1800/2116/1781 1760/2076/1781
f 1760/2076/1782 1800/2116/1782 1810/2120/1782 1761/2079/1782
f 1761/2079/1783 1810/2120/1783 1809/2129/1783 1768/2087/1783
f 1768/2087/1784 1809/2129/1784 1797/2128/1784 1758/2084/1784
f 1814/2132/1785 1776/2094/1785 1781/2097/1785 1817/2133/1785
f 1817/2133/1786 1781/2097/1786 1791/2101/1786 1818/2136/1786
f 1818/2136/1787 1791/2101/1787 1790/2110/1787 1825/2144/1787
f 1825/2144/1788 1790/2110/1788 1778/2109/1788 1815/2141/1788
f 1777/2103/1789 1759/2090/1789 1773/2093/1789 1785/2104/1789
f 1785/2104/1790 1773/2093/1790 1767/2088/1790 1786/2107/1790
f 1786/2107/1791 1767/2088/1791 1766/2085/1791 1792/2112/1791
f 1792/2112/1792 1766/2085/1792 1758/2084/1792 1778/2109/1792
f 1681/1973/1793 1757/2075/1793 1762/2078/1793 1684/1974/1793
f 1684/1974/1794 1762/2078/1794 1772/2082/1794 1685/1977/1794
f 1685/1989/1795 1772/2082/1795 1771/2091/1795 1692/1985/1795
f 1692/1985/1796 1771/2091/1796 1759/2090/1796 1682/1982/1796
f 1776/2094/1797 1701/2009/1797 1711/2012/1797 1779/2095/1797
f 1779/2095/1798 1711/2012/1798 1704/2016/1798 1780/2098/1798
f 1780/2098/1799 1704/2004/1799 1703/2001/1799 1787/2106/1799
f 1787/2106/1800 1703/2001/1800 1700/2000/1800 1777/2103/1800
f 1719/2027/1801 1795/2113/1801 1757/2075/1801 1681/1973/1801
f 1683/1991/1802 1702/2018/1802 1740/2069/1802 1720/2036/1802
f 1759/2090/1803 1777/2103/1803 1700/2000/1803 1682/1982/1803
f 1814/2132/1804 1738/2051/1804 1701/2009/1804 1776/2094/1804
f 1721/2045/1805 1739/2060/1805 1816/2147/1805 1796/2122/1805
f 1797/2128/1806 1815/2141/1806 1778/2109/1806 1758/2084/1806
o 3_OLEDDisplay
v -0.033750 0.003850 0.071750
v -0.033750 0.003900 0.071800
v -0.033800 0.003900 0.071750
v -0.033750 0.003854 0.071769
v -0.033750 0.003865 0.071785
v -0.033769 0.003854 0.071750
v -0.033770 0.003858 0.071770
v -0.033769 0.003867 0.071783
v -0.033779 0.003871 0.071779
v -0.033769 0.003900 0.071796
v -0.033785 0.003900 0.071785
v -0.033750 0.003881 0.071796
v -0.033770 0.003880 0.071792
v -0.033783 0.003881 0.071783
v -0.033796 0.003881 0.071750
v -0.033785 0.003865 0.071750
v -0.033796 0.003900 0.071769
v -0.033792 0.003880 0.071770
v -0.033783 0.003867 0.071769
v -0.033750 0.004300 0.071800
v -0.033750 0.004350 0.071750
v -0.033800 0.004300 0.071750
v -0.033750 0.004319 0.071796
v -0.033750 0.004335 0.071785
v -0.033769 0.004300 0.071796
v -0.033770 0.004320 0.071792
v -0.033769 0.004333 0.071783
v -0.033779 0.004329 0.071779
v -0.033769 0.004346 0.071750
v -0.033785 0.004335 0.071750
v -0.033750 0.004346 0.071769
v -0.033770 0.004342 0.071770
v -0.033783 0.004333 0.071769
v -0.033796 0.004300 0.071769
v -0.033785 0.004300 0.071785
v -0.033796 0.004319 0.071750
v -0.033792 0.004320 0.071770
v -0.033783 0.004319 0.071783
v -0.033750 0.003850 -0.071750
v -0.033800 0.003900 -0.071750
v -0.033750 0.003900 -0.071800
v -0.033769 0.003854 -0.071750
v -0.033785 0.003865 -0.071750
v -0.033750 0.003854 -0.071769
v -0.033770 0.003858 -0.071770
v -0.033783 0.003867 -0.071769
v -0.033779 0.003871 -0.071779
v -0.033796 0.003900 -0.071769
v -0.033785 0.003900 -0.071785
v -0.033796 0.003881 -0.071750
v -0.033792 0.003880 -0.071770
v -0.033783 0.003881 -0.071783
v -0.033750 0.003881 -0.071796
v -0.033750 0.003865 -0.071785
v -0.033769 0.003900 -0.071796
v -0.033770 0.003880 -0.071792
v -0.033769 0.003867 -0.071783
v -0.033750 0.004350 -0.071750
v -0.033750 0.004300 -0.071800
v -0.033800 0.004300 -0.071750
v -0.033750 0.004346 -0.071769
v -0.033750 0.004335 -0.071785
v -0.033769 0.004346 -0.071750
v -0.033770 0.004342 -0.071770
v -0.033769 0.004333 -0.071783
v -0.033779 0.004329 -0.071779
v -0.033769 0.004300 -0.071796
v -0.033785 0.004300 -0.071785
v -0.033750 0.004319 -0.071796
v -0.033770 0.004320 -0.071792
v -0.033783 0.004319 -0.071783
v -0.033796 0.004319 -0.071750
v -0.033785 0.004335 -0.071750
v -0.033796 0.004300 -0.071769
v -0.033792 0.004320 -0.071770
v -0.033783 0.004333 -0.071769
v 0.033750 0.003850 0.071750
v 0.033800 0.003900 0.071750
v 0.033750 0.003900 0.071800
v 0.033769 0.003854 0.071750
v 0.033785 0.003865 0.071750
v 0.033750 0.003854 0.071769
v 0.033770 0.003858 0.071770
v 0.033783 0.003867 0.071769
v 0.033779 0.003871 0.071779
v 0.033796 0.003900 0.071769
v 0.033785 0.003900 0.071785
v 0.033796 0.003881 0.071750
v 0.033792 0.003880 0.071770
v 0.033783 0.003881 0.071783
v 0.033750 0.003881 0.071796
v 0.033750 0.003865 0.071785
v 0.033769 0.003900 0.071796
v 0.033770 0.003880 0.071792
v 0.033769 0.003867 0.071783
v 0.033750 0.004350 0.071750
v 0.033750 0.004300 0.071800
v 0.033800 0.004300 0.071750
v 0.033750 0.004346 0.071769
v 0.033750 0.004335 0.071785
v 0.033769 0.004346 0.071750
v 0.033770 0.004342 0.071770
v 0.033769 0.004333 0.071783
v 0.033779 0.004329 0.071779
v 0.033769 0.004300 0.071796
v 0.033785 0.004300 0.071785
v 0.033750 0.004319 0.071796
v 0.033770 0.004320 0.071792
v 0.033783 0.004319 0.071783
v 0.033796 0.004319 0.071750
v 0.033785 0.004335 0.071750
v 0.033796 0.004300 0.071769
v 0.033792 0.004320 0.071770
v 0.033783 0.004333 0.071769
v 0.033750 0.003850 -0.071750
v 0.033750 0.003900 -0.071800
v 0.033800 0.003900 -0.071750
v 0.033750 0.003854 -0.071769
v 0.033750 0.003865 -0.071785
v 0.033769 0.003854 -0.071750
v 0.033770 0.003858 -0.071770
v 0.033769 0.003867 -0.071783
v 0.033779 0.003871 -0.071779
v 0.033769 0.003900 -0.071796
v 0.033785 0.003900 -0.071785
v 0.033750 0.003881 -0.071796
v 0.033770 0.003880 -0.071792
v 0.033783 0.003881 -0.071783
v 0.033796 0.003881 -0.071750
v 0.033785 0.003865 -0.071750
v 0.033796 0.003900 -0.071769
v 0.033792 0.003880 -0.071770
v 0.033783 0.003867 -0.071769
v 0.033750 0.004350 -0.071750
v 0.033800 0.004300 -0.071750
v 0.033750 0.004300 -0.071800
v 0.033769 0.004346 -0.071750
v 0.033785 0.004335 -0.071750
v 0.033750 0.004346 -0.071769
v 0.033770 0.004342 -0.071770
v 0.033783 0.004333 -0.071769
v 0.033779 0.004329 -0.071779
v 0.033796 0.004300 -0.071769
v 0.033785 0.004300 -0.071785
v 0.033796 0.004319 -0.071750
v 0.033792 0.004320 -0.071770
v 0.033783 0.004319 -0.071783
v 0.033750 0.004319 -0.071796
v 0.033750 0.004335 -0.071785
v 0.033769 0.004300 -0.071796
v 0.033770 0.004320 -0.071792
v 0.033769 0.004333 -0.071783
vn -0.2049 -0.9571 0.2049
vn -0.1817 -0.8151 0.5501
vn -0.5499 -0.8152 0.1820
vn -0.4931 -0.7169 0.4928
vn -0.2049 -0.2050 0.9571
vn -0.5500 -0.1816 0.8152
vn -0.1817 -0.5502 0.8150
vn -0.4933 -0.4928 0.7168
vn -0.9571 -0.2050 0.2048
vn -0.8152 -0.5499 0.1818
vn -0.8152 -0.1817 0.5500
vn -0.7166 -0.4931 0.4933
vn -0.2049 0.2050 0.9571
vn -0.1817 0.5502 0.8150
vn -0.5500 0.1816 0.8152
vn -0.4933 0.4928 0.7168
vn -0.2049 0.9571 0.2049
vn -0.5499 0.8152 0.1820
vn -0.1818 0.8151 0.5501
vn -0.4931 0.7169 0.4928
vn -0.9571 0.2050 0.2048
vn -0.8151 0.1818 0.5500
vn -0.8152 0.5499 0.1818
vn -0.7166 0.4931 0.4933
vn -0.2049 -0.9571 -0.2049
vn -0.5499 -0.8152 -0.1820
vn -0.1818 -0.8151 -0.5501
vn -0.4931 -0.7169 -0.4928
vn -0.9571 -0.2050 -0.2048
vn -0.8151 -0.1818 -0.5500
vn -0.8152 -0.5499 -0.1818
vn -0.7166 -0.4931 -0.4933
vn -0.2049 -0.2050 -0.9571
vn -0.1817 -0.5502 -0.8150
vn -0.5500 -0.1816 -0.8152
vn -0.4933 -0.4928 -0.7168
vn -0.2049 0.9571 -0.2049
vn -0.1817 0.8151 -0.5501
vn -0.5499 0.8152 -0.1820
vn -0.4931 0.7169 -0.4928
vn -0.2049 0.2050 -0.9571
vn -0.5500 0.1816 -0.8152
vn -0.1817 0.5502 -0.8150
vn -0.4933 0.4928 -0.7168
vn -0.9571 0.2050 -0.2048
vn -0.8152 0.5499 -0.1818
vn -0.8152 0.1817 -0.5500
vn -0.7166 0.4931 -0.4933
vn 0.2049 -0.9571 0.2049
vn 0.5499 -0.8152 0.1820
vn 0.1818 -0.8151 0.5501
vn 0.4931 -0.7169 0.4928
vn 0.9571 -0.2050 0.2048
vn 0.8151 -0.1818 0.5500
vn 0.8152 -0.5499 0.1818
vn 0.7166 -0.4931 0.4933
vn 0.2049 -0.2050 0.9571
vn 0.1817 -0.5502 0.8150
vn 0.5500 -0.1816 0.8152
vn 0.4933 -0.4928 0.7168
vn 0.2049 0.9571 0.2049
vn 0.1817 0.8151 0.5501
vn 0.5499 0.8152 0.1820
vn 0.4931 0.7169 0.4928
vn 0.2049 0.2050 0.9571
vn 0.5500 0.1816 0.8152
vn 0.1817 0.5502 0.8150
vn 0.4933 0.4928 0.7168
vn 0.9571 0.2050 0.2048
vn 0.8152 0.5499 0.1818
vn 0.8152 0.1817 0.5500
vn 0.7166 0.4931 0.4933
vn 0.2049 -0.9571 -0.2049
vn 0.1817 -0.8151 -0.5501
vn 0.5499 -0.8152 -0.1820
vn 0.4931 -0.7169 -0.4928
vn 0.2049 -0.2050 -0.9571
vn 0.5500 -0.1816 -0.8152
vn 0.1817 -0.5502 -0.8150
vn 0.4933 -0.4928 -0.7168
vn 0.9571 -0.2050 -0.2048
vn 0.8152 -0.5499 -0.1818
vn 0.8152 -0.1817 -0.5500
vn 0.7166 -0.4931 -0.4933
vn 0.2049 0.9571 -0.2049
vn 0.5499 0.8152 -0.1820
vn 0.1818 0.8151 -0.5501
vn 0.4931 0.7169 -0.4928
vn 0.9571 0.2050 -0.2048
vn 0.8151 0.1818 -0.5500
vn 0.8152 0.5499 -0.1818
vn 0.7166 0.4931 -0.4933
vn 0.2049 0.2050 -0.9571
vn 0.1817 0.5502 -0.8150
vn 0.5500 0.1816 -0.8152
vn 0.4933 0.4928 -0.7168
vn -0.1951 -0.9808 -0.0000
vn -0.5555 -0.8315 -0.0000
vn -0.8315 -0.5555 -0.0000
vn -0.9808 -0.1952 -0.0000
vn -0.1952 -0.0000 0.9808
vn -0.5556 -0.0000 0.8315
vn -0.8315 -0.0000 0.5555
vn -0.9808 -0.0000 0.1952
vn -0.1951 0.9808 -0.0000
vn -0.5555 0.8315 -0.0000
vn -0.8315 0.5555 -0.0000
vn -0.9808 0.1952 -0.0000
vn -0.1952 -0.0000 -0.9808
vn -0.5556 -0.0000 -0.8315
vn -0.8315 -0.0000 -0.5555
vn -0.9808 -0.0000 -0.1952
vn -0.0000 -0.9808 -0.1951
vn -0.0000 -0.8315 -0.5555
vn -0.0000 -0.5555 -0.8315
vn -0.0000 -0.1952 -0.9808
vn -0.0000 0.9808 -0.1951
vn -0.0000 0.8315 -0.5555
vn -0.0000 0.5555 -0.8315
vn -0.0000 0.1952 -0.9808
vn 0.9808 -0.0000 -0.1952
vn 0.8315 -0.0000 -0.5555
vn 0.5556 -0.0000 -0.8315
vn 0.1952 -0.0000 -0.9808
vn 0.1951 -0.9808 -0.0000
vn 0.5555 -0.8315 -0.0000
vn 0.8315 -0.5555 -0.0000
vn 0.9808 -0.1952 -0.0000
vn 0.1951 0.9808 -0.0000
vn 0.5555 0.8315 -0.0000
vn 0.8315 0.5555 -0.0000
vn 0.9808 0.1952 -0.0000
vn 0.1952 -0.0000 0.9808
vn 0.5556 -0.0000 0.8315
vn 0.8315 -0.0000 0.5555
vn 0.9808 -0.0000 0.1952
vn -0.0000 -0.9808 0.1951
vn -0.0000 -0.8315 0.5555
vn -0.0000 -0.5555 0.8315
vn -0.0000 -0.1952 0.9808
vn -0.0000 0.9808 0.1951
vn -0.0000 0.8315 0.5555
vn -0.0000 0.5555 0.8315
vn -0.0000 0.1952 0.9808
vn -0.0000 -1.0000 -0.0000
vn -1.0000 -0.0000 -0.0000
vn -0.0000 -0.0000 1.0000
vn -0.0000 1.0000 -0.0000
vn -0.0000 -0.0000 -1.0000
vn 1.0000 -0.0000 -0.0000
vt 0.125185 0.749913
vt 0.125185 0.749946
vt 0.125112 0.749947
vt 0.125114 0.749913
vt 0.125185 0.750000
vt 0.125116 0.750000
vt 0.125000 0.749945
vt 0.125000 0.749913
vt 0.125078 0.750000
vt 0.400000 0.999815
vt 0.400000 0.999886
vt 0.390193 0.999888
vt 0.390433 0.999815
vt 0.400000 1.000000
vt 0.390691 1.000000
vt 0.375000 0.999884
vt 0.375000 0.999815
vt 0.385566 1.000000
vt 0.400000 0.000087
vt 0.390433 0.000087
vt 0.390193 0.000053
vt 0.400000 0.000054
vt 0.375000 0.000087
vt 0.375000 0.000055
vt 0.390691 0.000000
vt 0.400000 0.000000
vt 0.375000 0.000037
vt 0.600000 0.999815
vt 0.609567 0.999815
vt 0.609807 0.999888
vt 0.600000 0.999886
vt 0.625000 0.999815
vt 0.625000 0.999884
vt 0.609309 1.000000
vt 0.600000 1.000000
vt 0.625000 0.999922
vt 0.874815 0.749913
vt 0.874886 0.749913
vt 0.874888 0.749947
vt 0.874815 0.749946
vt 0.875000 0.749913
vt 0.875000 0.749945
vt 0.874884 0.750000
vt 0.874815 0.750000
vt 0.875000 0.749963
vt 0.600000 0.000087
vt 0.600000 0.000054
vt 0.609807 0.000053
vt 0.609567 0.000087
vt 0.600000 0.000000
vt 0.609309 0.000000
vt 0.625000 0.000055
vt 0.625000 0.000087
vt 0.614434 0.000000
vt 0.125185 0.500087
vt 0.125114 0.500087
vt 0.125112 0.500053
vt 0.125185 0.500054
vt 0.125000 0.500087
vt 0.125000 0.500055
vt 0.125116 0.500000
vt 0.125185 0.500000
vt 0.125000 0.500037
vt 0.400000 0.249913
vt 0.400000 0.249946
vt 0.390193 0.249947
vt 0.390433 0.249913
vt 0.400000 0.250000
vt 0.390691 0.250000
vt 0.375000 0.249945
vt 0.375000 0.249913
vt 0.380283 0.250039
vt 0.400000 0.250185
vt 0.390433 0.250185
vt 0.390193 0.250112
vt 0.400000 0.250114
vt 0.375000 0.250185
vt 0.375000 0.250116
vt 0.874815 0.500087
vt 0.874815 0.500054
vt 0.874888 0.500053
vt 0.874886 0.500087
vt 0.874815 0.500000
vt 0.874884 0.500000
vt 0.875000 0.500055
vt 0.875000 0.500087
vt 0.874922 0.500000
vt 0.600000 0.250185
vt 0.600000 0.250114
vt 0.609807 0.250112
vt 0.609567 0.250185
vt 0.600000 0.250000
vt 0.609309 0.250000
vt 0.625000 0.250116
vt 0.625000 0.250185
vt 0.619717 0.249982
vt 0.600000 0.249913
vt 0.609567 0.249913
vt 0.609807 0.249947
vt 0.600000 0.249946
vt 0.625000 0.249913
vt 0.625000 0.249945
vt 0.374815 0.749913
vt 0.374886 0.749913
vt 0.374888 0.749947
vt 0.374815 0.749946
vt 0.375000 0.749913
vt 0.375000 0.749945
vt 0.374942 0.750058
vt 0.374908 0.750092
vt 0.378522 0.750014
vt 0.400000 0.749913
vt 0.400000 0.749946
vt 0.390193 0.749947
vt 0.390433 0.749913
vt 0.400000 0.750000
vt 0.390691 0.750000
vt 0.400000 0.750185
vt 0.390433 0.750185
vt 0.390193 0.750112
vt 0.400000 0.750114
vt 0.625185 0.749913
vt 0.625185 0.749946
vt 0.625112 0.749947
vt 0.625114 0.749913
vt 0.625093 0.750093
vt 0.625058 0.750058
vt 0.625000 0.749945
vt 0.625000 0.749913
vt 0.621504 0.749988
vt 0.600000 0.750185
vt 0.600000 0.750114
vt 0.609807 0.750112
vt 0.609567 0.750185
vt 0.600000 0.750000
vt 0.609309 0.750000
vt 0.600000 0.749913
vt 0.609567 0.749913
vt 0.609807 0.749947
vt 0.600000 0.749946
vt 0.374815 0.500087
vt 0.374815 0.500054
vt 0.374888 0.500053
vt 0.374886 0.500087
vt 0.374908 0.499908
vt 0.374942 0.499942
vt 0.375000 0.500055
vt 0.375000 0.500087
vt 0.378496 0.500012
vt 0.400000 0.499815
vt 0.400000 0.499886
vt 0.390193 0.499888
vt 0.390433 0.499815
vt 0.400000 0.500000
vt 0.390691 0.500000
vt 0.400000 0.500087
vt 0.390433 0.500087
vt 0.390193 0.500053
vt 0.400000 0.500054
vt 0.625185 0.500087
vt 0.625114 0.500087
vt 0.625112 0.500053
vt 0.625185 0.500054
vt 0.625000 0.500087
vt 0.625000 0.500055
vt 0.625058 0.499942
vt 0.625092 0.499908
vt 0.621478 0.499986
vt 0.600000 0.500087
vt 0.600000 0.500054
vt 0.609807 0.500053
vt 0.609567 0.500087
vt 0.600000 0.500000
vt 0.609309 0.500000
vt 0.600000 0.499815
vt 0.609567 0.499815
vt 0.609807 0.499888
vt 0.600000 0.499886
s 0
usemtl OLED
f 1833/2151/1807 1836/2152/1807 1839/2153/1807 1838/2154/1807
f 1836/2152/1808 1837/2155/1808 1840/2156/1808 1839/2153/1808
f 1838/2154/1809 1839/2153/1809 1851/2157/1809 1848/2158/1809
f 1839/2153/1810 1840/2156/1810 1841/2159/1810 1851/2157/1810
f 1834/2160/1811 1842/2161/1811 1845/2162/1811 1844/2163/1811
f 1842/2161/1812 1843/2164/1812 1846/2165/1812 1845/2162/1812
f 1844/2163/1813 1845/2162/1813 1840/2166/1813 1837/2167/1813
f 1845/2162/1814 1846/2165/1814 1841/2168/1814 1840/2166/1814
f 1835/2169/1815 1847/2170/1815 1850/2171/1815 1849/2172/1815
f 1847/2170/1816 1848/2173/1816 1851/2174/1816 1850/2171/1816
f 1849/2172/1817 1850/2171/1817 1846/2175/1817 1843/2176/1817
f 1850/2171/1818 1851/2174/1818 1841/2177/1818 1846/2175/1818
f 1852/2178/1819 1855/2179/1819 1858/2180/1819 1857/2181/1819
f 1855/2179/1820 1856/2182/1820 1859/2183/1820 1858/2180/1820
f 1857/2181/1821 1858/2180/1821 1870/2184/1821 1867/2185/1821
f 1858/2180/1822 1859/2183/1822 1860/2186/1822 1870/2184/1822
f 1853/2187/1823 1861/2188/1823 1864/2189/1823 1863/2190/1823
f 1861/2188/1824 1862/2191/1824 1865/2192/1824 1864/2189/1824
f 1863/2190/1825 1864/2189/1825 1859/2193/1825 1856/2194/1825
f 1864/2189/1826 1865/2192/1826 1860/2195/1826 1859/2193/1826
f 1854/2196/1827 1866/2197/1827 1869/2198/1827 1868/2199/1827
f 1866/2197/1828 1867/2200/1828 1870/2201/1828 1869/2198/1828
f 1868/2199/1829 1869/2198/1829 1865/2202/1829 1862/2203/1829
f 1869/2198/1830 1870/2201/1830 1860/2204/1830 1865/2202/1830
f 1871/2205/1831 1874/2206/1831 1877/2207/1831 1876/2208/1831
f 1874/2206/1832 1875/2209/1832 1878/2210/1832 1877/2207/1832
f 1876/2208/1833 1877/2207/1833 1889/2211/1833 1886/2212/1833
f 1877/2207/1834 1878/2210/1834 1879/2213/1834 1889/2211/1834
f 1872/2214/1835 1880/2215/1835 1883/2216/1835 1882/2217/1835
f 1880/2215/1836 1881/2218/1836 1884/2219/1836 1883/2216/1836
f 1882/2217/1837 1883/2216/1837 1878/2220/1837 1875/2221/1837
f 1883/2216/1838 1884/2219/1838 1879/2222/1838 1878/2220/1838
f 1873/2223/1839 1885/2224/1839 1888/2225/1839 1887/2226/1839
f 1885/2224/1840 1886/2227/1840 1889/2228/1840 1888/2225/1840
f 1887/2226/1841 1888/2225/1841 1884/2219/1841 1881/2218/1841
f 1888/2225/1842 1889/2228/1842 1879/2222/1842 1884/2219/1842
f 1890/2229/1843 1893/2230/1843 1896/2231/1843 1895/2232/1843
f 1893/2230/1844 1894/2233/1844 1897/2234/1844 1896/2231/1844
f 1895/2232/1845 1896/2231/1845 1908/2235/1845 1905/2236/1845
f 1896/2231/1846 1897/2234/1846 1898/2237/1846 1908/2235/1846
f 1891/2238/1847 1899/2239/1847 1902/2240/1847 1901/2241/1847
f 1899/2239/1848 1900/2242/1848 1903/2243/1848 1902/2240/1848
f 1901/2241/1849 1902/2240/1849 1897/2244/1849 1894/2245/1849
f 1902/2240/1850 1903/2243/1850 1898/2246/1850 1897/2244/1850
f 1892/2247/1851 1904/2248/1851 1907/2249/1851 1906/2250/1851
f 1904/2248/1852 1905/2251/1852 1908/2252/1852 1907/2249/1852
f 1906/2250/1853 1907/2249/1853 1903/2243/1853 1900/2242/1853
f 1907/2249/1854 1908/2252/1854 1898/2246/1854 1903/2243/1854
f 1909/2253/1855 1912/2254/1855 1915/2255/1855 1914/2256/1855
f 1912/2254/1856 1913/2257/1856 1916/2258/1856 1915/2255/1856
f 1914/2256/1857 1915/2255/1857 1927/2259/1857 1924/2260/1857
f 1915/2255/1858 1916/2258/1858 1917/2261/1858 1927/2259/1858
f 1910/2262/1859 1918/2263/1859 1921/2264/1859 1920/2265/1859
f 1918/2263/1860 1919/2266/1860 1922/2267/1860 1921/2264/1860
f 1920/2265/1861 1921/2264/1861 1916/2258/1861 1913/2257/1861
f 1921/2264/1862 1922/2267/1862 1917/2261/1862 1916/2258/1862
f 1911/2268/1863 1923/2269/1863 1926/2270/1863 1925/2271/1863
f 1923/2269/1864 1924/2260/1864 1927/2259/1864 1926/2270/1864
f 1925/2271/1865 1926/2270/1865 1922/2267/1865 1919/2266/1865
f 1926/2270/1866 1927/2259/1866 1917/2261/1866 1922/2267/1866
f 1928/2272/1867 1931/2273/1867 1934/2274/1867 1933/2275/1867
f 1931/2273/1868 1932/2276/1868 1935/2277/1868 1934/2274/1868
f 1933/2275/1869 1934/2274/1869 1946/2278/1869 1943/2279/1869
f 1934/2274/1870 1935/2277/1870 1936/2280/1870 1946/2278/1870
f 1929/2281/1871 1937/2282/1871 1940/2283/1871 1939/2284/1871
f 1937/2282/1872 1938/2285/1872 1941/2286/1872 1940/2283/1872
f 1939/2284/1873 1940/2283/1873 1935/2277/1873 1932/2276/1873
f 1940/2283/1874 1941/2286/1874 1936/2280/1874 1935/2277/1874
f 1930/2287/1875 1942/2288/1875 1945/2289/1875 1944/2290/1875
f 1942/2288/1876 1943/2279/1876 1946/2278/1876 1945/2289/1876
f 1944/2290/1877 1945/2289/1877 1941/2286/1877 1938/2285/1877
f 1945/2289/1878 1946/2278/1878 1936/2280/1878 1941/2286/1878
f 1947/2291/1879 1950/2292/1879 1953/2293/1879 1952/2294/1879
f 1950/2292/1880 1951/2295/1880 1954/2296/1880 1953/2293/1880
f 1952/2294/1881 1953/2293/1881 1965/2297/1881 1962/2298/1881
f 1953/2293/1882 1954/2296/1882 1955/2299/1882 1965/2297/1882
f 1948/2300/1883 1956/2301/1883 1959/2302/1883 1958/2303/1883
f 1956/2301/1884 1957/2304/1884 1960/2305/1884 1959/2302/1884
f 1958/2303/1885 1959/2302/1885 1954/2296/1885 1951/2295/1885
f 1959/2302/1886 1960/2305/1886 1955/2299/1886 1954/2296/1886
f 1949/2306/1887 1961/2307/1887 1964/2308/1887 1963/2309/1887
f 1961/2307/1888 1962/2298/1888 1965/2297/1888 1964/2308/1888
f 1963/2309/1889 1964/2308/1889 1960/2305/1889 1957/2304/1889
f 1964/2308/1890 1965/2297/1890 1955/2299/1890 1960/2305/1890
f 1966/2310/1891 1969/2311/1891 1972/2312/1891 1971/2313/1891
f 1969/2311/1892 1970/2314/1892 1973/2315/1892 1972/2312/1892
f 1971/2313/1893 1972/2312/1893 1984/2316/1893 1981/2317/1893
f 1972/2312/1894 1973/2315/1894 1974/2318/1894 1984/2316/1894
f 1967/2319/1895 1975/2320/1895 1978/2321/1895 1977/2322/1895
f 1975/2320/1896 1976/2323/1896 1979/2324/1896 1978/2321/1896
f 1977/2322/1897 1978/2321/1897 1973/2315/1897 1970/2314/1897
f 1978/2321/1898 1979/2324/1898 1974/2318/1898 1973/2315/1898
f 1968/2325/1899 1980/2326/1899 1983/2327/1899 1982/2328/1899
f 1980/2326/1900 1981/2317/1900 1984/2316/1900 1983/2327/1900
f 1982/2328/1901 1983/2327/1901 1979/2324/1901 1976/2323/1901
f 1983/2327/1902 1984/2316/1902 1974/2318/1902 1979/2324/1902
f 1871/2205/1903 1833/2151/1903 1838/2154/1903 1874/2206/1903
f 1874/2206/1904 1838/2154/1904 1848/2158/1904 1875/2209/1904
f 1875/2221/1905 1848/2173/1905 1847/2170/1905 1882/2217/1905
f 1882/2217/1906 1847/2170/1906 1835/2169/1906 1872/2214/1906
f 1834/2160/1907 1852/2178/1907 1857/2181/1907 1842/2161/1907
f 1842/2161/1908 1857/2181/1908 1867/2185/1908 1843/2164/1908
f 1843/2176/1909 1867/2200/1909 1866/2197/1909 1849/2172/1909
f 1849/2172/1910 1866/2197/1910 1854/2196/1910 1835/2169/1910
f 1853/2187/1911 1890/2229/1911 1895/2232/1911 1861/2188/1911
f 1861/2188/1912 1895/2232/1912 1905/2236/1912 1862/2191/1912
f 1862/2203/1913 1905/2251/1913 1904/2248/1913 1868/2199/1913
f 1868/2199/1914 1904/2248/1914 1892/2247/1914 1854/2196/1914
f 1891/2238/1915 1873/2223/1915 1887/2226/1915 1899/2239/1915
f 1899/2239/1916 1887/2226/1916 1881/2218/1916 1900/2242/1916
f 1900/2242/1917 1881/2218/1917 1880/2215/1917 1906/2250/1917
f 1906/2250/1918 1880/2215/1918 1872/2214/1918 1892/2247/1918
f 1947/2291/1919 1871/2205/1919 1876/2208/1919 1950/2292/1919
f 1950/2292/1920 1876/2208/1920 1886/2212/1920 1951/2295/1920
f 1951/2295/1921 1886/2227/1921 1885/2224/1921 1958/2303/1921
f 1958/2303/1922 1885/2224/1922 1873/2223/1922 1948/2300/1922
f 1890/2229/1923 1966/2310/1923 1971/2313/1923 1893/2230/1923
f 1893/2230/1924 1971/2313/1924 1981/2317/1924 1894/2233/1924
f 1894/2245/1925 1981/2317/1925 1980/2326/1925 1901/2241/1925
f 1901/2241/1926 1980/2326/1926 1968/2325/1926 1891/2238/1926
f 1967/2319/1927 1949/2306/1927 1963/2309/1927 1975/2320/1927
f 1975/2320/1928 1963/2309/1928 1957/2304/1928 1976/2323/1928
f 1976/2323/1929 1957/2304/1929 1956/2301/1929 1982/2328/1929
f 1982/2328/1930 1956/2301/1930 1948/2300/1930 1968/2325/1930
f 1909/2253/1931 1947/2291/1931 1952/2294/1931 1912/2254/1931
f 1912/2254/1932 1952/2294/1932 1962/2298/1932 1913/2257/1932
f 1913/2257/1933 1962/2298/1933 1961/2307/1933 1920/2265/1933
f 1920/2265/1934 1961/2307/1934 1949/2306/1934 1910/2262/1934
f 1966/2310/1935 1928/2272/1935 1933/2275/1935 1969/2311/1935
f 1969/2311/1936 1933/2275/1936 1943/2279/1936 1970/2314/1936
f 1970/2314/1937 1943/2279/1937 1942/2288/1937 1977/2322/1937
f 1977/2322/1938 1942/2288/1938 1930/2287/1938 1967/2319/1938
f 1929/2281/1939 1911/2268/1939 1925/2271/1939 1937/2282/1939
f 1937/2282/1940 1925/2271/1940 1919/2266/1940 1938/2285/1940
f 1938/2285/1941 1919/2266/1941 1918/2263/1941 1944/2290/1941
f 1944/2290/1942 1918/2263/1942 1910/2262/1942 1930/2287/1942
f 1833/2151/1943 1909/2253/1943 1914/2256/1943 1836/2152/1943
f 1836/2152/1944 1914/2256/1944 1924/2260/1944 1837/2155/1944
f 1837/2167/1945 1924/2260/1945 1923/2269/1945 1844/2163/1945
f 1844/2163/1946 1923/2269/1946 1911/2268/1946 1834/2160/1946
f 1928/2272/1947 1853/2187/1947 1863/2190/1947 1931/2273/1947
f 1931/2273/1948 1863/2190/1948 1856/2194/1948 1932/2276/1948
f 1932/2276/1949 1856/2182/1949 1855/2179/1949 1939/2284/1949
f 1939/2284/1950 1855/2179/1950 1852/2178/1950 1929/2281/1950
f 1871/2205/1951 1947/2291/1951 1909/2253/1951 1833/2151/1951
f 1835/2169/1952 1854/2196/1952 1892/2247/1952 1872/2214/1952
f 1911/2268/1953 1929/2281/1953 1852/2178/1953 1834/2160/1953
f 1966/2310/1954 1890/2229/1954 1853/2187/1954 1928/2272/1954
f 1873/2223/1955 1891/2238/1955 1968/2325/1955 1948/2300/1955
f 1949/2306/1956 1967/2319/1956 1930/2287/1956 1910/2262/1956
o 21_BottomMicrophones
v -0.019800 -0.001000 0.075600
v -0.019800 -0.000800 0.075800
v -0.020000 -0.000800 0.075600
v -0.019800 -0.000985 0.075677
v -0.019800 -0.000941 0.075741
v -0.019877 -0.000985 0.075600
v -0.019878 -0.000966 0.075678
v -0.019874 -0.000931 0.075731
v -0.019915 -0.000915 0.075715
v -0.019877 -0.000800 0.075785
v -0.019941 -0.000800 0.075741
v -0.019800 -0.000877 0.075785
v -0.019878 -0.000878 0.075766
v -0.019931 -0.000874 0.075731
v -0.019985 -0.000877 0.075600
v -0.019941 -0.000941 0.075600
v -0.019985 -0.000800 0.075677
v -0.019966 -0.000878 0.075678
v -0.019931 -0.000931 0.075674
v -0.019800 0.000800 0.075800
v -0.019800 0.001000 0.075600
v -0.020000 0.000800 0.075600
v -0.019800 0.000877 0.075785
v -0.019800 0.000941 0.075741
v -0.019877 0.000800 0.075785
v -0.019878 0.000878 0.075766
v -0.019874 0.000931 0.075731
v -0.019915 0.000915 0.075715
v -0.019877 0.000985 0.075600
v -0.019941 0.000941 0.075600
v -0.019800 0.000985 0.075677
v -0.019878 0.000966 0.075678
v -0.019931 0.000931 0.075674
v -0.019985 0.000800 0.075677
v -0.019941 0.000800 0.075741
v -0.019985 0.000877 0.075600
v -0.019966 0.000878 0.075678
v -0.019931 0.000874 0.075731
v -0.019800 -0.001000 0.074000
v -0.020000 -0.000800 0.074000
v -0.019800 -0.000800 0.073800
v -0.019877 -0.000985 0.074000
v -0.019941 -0.000941 0.074000
v -0.019800 -0.000985 0.073923
v -0.019878 -0.000966 0.073922
v -0.019931 -0.000931 0.073926
v -0.019915 -0.000915 0.073885
v -0.019985 -0.000800 0.073923
v -0.019941 -0.000800 0.073859
v -0.019985 -0.000877 0.074000
v -0.019966 -0.000878 0.073922
v -0.019931 -0.000874 0.073869
v -0.019800 -0.000877 0.073815
v -0.019800 -0.000941 0.073859
v -0.019877 -0.000800 0.073815
v -0.019878 -0.000878 0.073834
v -0.019874 -0.000931 0.073869
v -0.019800 0.001000 0.074000
v -0.019800 0.000800 0.073800
v -0.020000 0.000800 0.074000
v -0.019800 0.000985 0.073923
v -0.019800 0.000941 0.073859
v -0.019877 0.000985 0.074000
v -0.019878 0.000966 0.073922
v -0.019874 0.000931 0.073869
v -0.019915 0.000915 0.073885
v -0.019877 0.000800 0.073815
v -0.019941 0.000800 0.073859
v -0.019800 0.000877 0.073815
v -0.019878 0.000878 0.073834
v -0.019931 0.000874 0.073869
v -0.019985 0.000877 0.074000
v -0.019941 0.000941 0.074000
v -0.019985 0.000800 0.073923
v -0.019966 0.000878 0.073922
v -0.019931 0.000931 0.073926
v -0.010200 -0.001000 0.075600
v -0.010000 -0.000800 0.075600
v -0.010200 -0.000800 0.075800
v -0.010123 -0.000985 0.075600
v -0.010059 -0.000941 0.075600
v -0.010200 -0.000985 0.075677
v -0.010122 -0.000966 0.075678
v -0.010069 -0.000931 0.075674
v -0.010085 -0.000915 0.075715
v -0.010015 -0.000800 0.075677
v -0.010059 -0.000800 0.075741
v -0.010015 -0.000877 0.075600
v -0.010034 -0.000878 0.075678
v -0.010069 -0.000874 0.075731
v -0.010200 -0.000877 0.075785
v -0.010200 -0.000941 0.075741
v -0.010123 -0.000800 0.075785
v -0.010122 -0.000878 0.075766
v -0.010126 -0.000931 0.075731
v -0.010200 0.001000 0.075600
v -0.010200 0.000800 0.075800
v -0.010000 0.000800 0.075600
v -0.010200 0.000985 0.075677
v -0.010200 0.000941 0.075741
v -0.010123 0.000985 0.075600
v -0.010122 0.000966 0.075678
v -0.010126 0.000931 0.075731
v -0.010085 0.000915 0.075715
v -0.010123 0.000800 0.075785
v -0.010059 0.000800 0.075741
v -0.010200 0.000877 0.075785
v -0.010122 0.000878 0.075766
v -0.010069 0.000874 0.075731
v -0.010015 0.000877 0.075600
v -0.010059 0.000941 0.075600
v -0.010015 0.000800 0.075677
v -0.010034 0.000878 0.075678
v -0.010069 0.000931 0.075674
v -0.010200 -0.001000 0.074000
v -0.010200 -0.000800 0.073800
v -0.010000 -0.000800 0.074000
v -0.010200 -0.000985 0.073923
v -0.010200 -0.000941 0.073859
v -0.010123 -0.000985 0.074000
v -0.010122 -0.000966 0.073922
v -0.010126 -0.000931 0.073869
v -0.010085 -0.000915 0.073885
v -0.010123 -0.000800 0.073815
v -0.010059 -0.000800 0.073859
v -0.010200 -0.000877 0.073815
v -0.010122 -0.000878 0.073834
v -0.010069 -0.000874 0.073869
v -0.010015 -0.000877 0.074000
v -0.010059 -0.000941 0.074000
v -0.010015 -0.000800 0.073923
v -0.010034 -0.000878 0.073922
v -0.010069 -0.000931 0.073926
v -0.010200 0.001000 0.074000
v -0.010000 0.000800 0.074000
v -0.010200 0.000800 0.073800
v -0.010123 0.000985 0.074000
v -0.010059 0.000941 0.074000
v -0.010200 0.000985 0.073923
v -0.010122 0.000966 0.073922
v -0.010069 0.000931 0.073926
v -0.010085 0.000915 0.073885
v -0.010015 0.000800 0.073923
v -0.010059 0.000800 0.073859
v -0.010015 0.000877 0.074000
v -0.010034 0.000878 0.073922
v -0.010069 0.000874 0.073869
v -0.010200 0.000877 0.073815
v -0.010200 0.000941 0.073859
v -0.010123 0.000800 0.073815
v -0.010122 0.000878 0.073834
v -0.010126 0.000931 0.073869
vn -0.2049 -0.9571 0.2049
vn -0.1818 -0.8152 0.5500
vn -0.5500 -0.8152 0.1818
vn -0.4931 -0.7167 0.4931
vn -0.2049 -0.2049 0.9571
vn -0.5500 -0.1818 0.8152
vn -0.1818 -0.5500 0.8152
vn -0.4931 -0.4931 0.7167
vn -0.9571 -0.2049 0.2049
vn -0.8152 -0.5500 0.1818
vn -0.8152 -0.1818 0.5500
vn -0.7167 -0.4931 0.4931
vn -0.2049 0.2049 0.9571
vn -0.1818 0.5500 0.8152
vn -0.5500 0.1818 0.8152
vn -0.4931 0.4931 0.7167
vn -0.2049 0.9571 0.2049
vn -0.5500 0.8152 0.1818
vn -0.1818 0.8152 0.5500
vn -0.4931 0.7167 0.4931
vn -0.9571 0.2049 0.2049
vn -0.8152 0.1818 0.5500
vn -0.8152 0.5500 0.1818
vn -0.7167 0.4931 0.4931
vn -0.2049 -0.9571 -0.2049
vn -0.5500 -0.8152 -0.1818
vn -0.1818 -0.8152 -0.5500
vn -0.4931 -0.7167 -0.4931
vn -0.9571 -0.2049 -0.2049
vn -0.8152 -0.1818 -0.5500
vn -0.8152 -0.5500 -0.1818
vn -0.7167 -0.4931 -0.4931
vn -0.2049 -0.2049 -0.9571
vn -0.1818 -0.5500 -0.8152
vn -0.5500 -0.1818 -0.8152
vn -0.4931 -0.4931 -0.7167
vn -0.2049 0.9571 -0.2049
vn -0.1818 0.8152 -0.5500
vn -0.5500 0.8152 -0.1818
vn -0.4931 0.7167 -0.4931
vn -0.2049 0.2049 -0.9571
vn -0.5500 0.1818 -0.8152
vn -0.1818 0.5500 -0.8152
vn -0.4931 0.4931 -0.7167
vn -0.9571 0.2049 -0.2049
vn -0.8152 0.5500 -0.1818
vn -0.8152 0.1818 -0.5500
vn -0.7167 0.4931 -0.4931
vn 0.2049 -0.9571 0.2049
vn 0.5500 -0.8152 0.1818
vn 0.1818 -0.8152 0.5500
vn 0.4931 -0.7167 0.4931
vn 0.9571 -0.2049 0.2049
vn 0.8152 -0.1818 0.5500
vn 0.8152 -0.5500 0.1818
vn 0.7167 -0.4931 0.4931
vn 0.2049 -0.2049 0.9571
vn 0.1818 -0.5500 0.8152
vn 0.5500 -0.1818 0.8152
vn 0.4931 -0.4931 0.7167
vn 0.2049 0.9571 0.2049
vn 0.1818 0.8152 0.5500
vn 0.5500 0.8152 0.1818
vn 0.4931 0.7167 0.4931
vn 0.2049 0.2049 0.9571
vn 0.5500 0.1818 0.8152
vn 0.1818 0.5500 0.8152
vn 0.4931 0.4931 0.7167
vn 0.9571 0.2049 0.2049
vn 0.8152 0.5500 0.1818
vn 0.8152 0.1818 0.5500
vn 0.7167 0.4931 0.4931
vn 0.2049 -0.9571 -0.2049
vn 0.1818 -0.8152 -0.5500
vn 0.5500 -0.8152 -0.1818
vn 0.4931 -0.7167 -0.4931
vn 0.2049 -0.2049 -0.9571
vn 0.5500 -0.1818 -0.8152
vn 0.1818 -0.5500 -0.8152
vn 0.4931 -0.4931 -0.7167
vn 0.9571 -0.2049 -0.2049
vn 0.8152 -0.5500 -0.1818
vn 0.8152 -0.1818 -0.5500
vn 0.7167 -0.4931 -0.4931
vn 0.2049 0.9571 -0.2049
vn 0.5500 0.8152 -0.1818
vn 0.1818 0.8152 -0.5500
vn 0.4931 0.7167 -0.4931
vn 0.9571 0.2049 -0.2049
vn 0.8152 0.1818 -0.5500
vn 0.8152 0.5500 -0.1818
vn 0.7167 0.4931 -0.4931
vn 0.2049 0.2049 -0.9571
vn 0.1818 0.5500 -0.8152
vn 0.5500 0.1818 -0.8152
vn 0.4931 0.4931 -0.7167
vn -0.1951 -0.9808 -0.0000
vn -0.5556 -0.8315 -0.0000
vn -0.8315 -0.5556 -0.0000
vn -0.9808 -0.1951 -0.0000
vn -0.1951 -0.0000 0.9808
vn -0.5556 -0.0000 0.8315
vn -0.8315 -0.0000 0.5556
vn -0.9808 -0.0000 0.1951
vn -0.1951 0.9808 -0.0000
vn -0.5556 0.8315 -0.0000
vn -0.8315 0.5556 -0.0000
vn -0.9808 0.1951 -0.0000
vn -0.1951 -0.0000 -0.9808
vn -0.5556 -0.0000 -0.8315
vn -0.8315 -0.0000 -0.5556
vn -0.9808 -0.0000 -0.1951
vn -0.0000 -0.9808 -0.1951
vn -0.0000 -0.8315 -0.5556
vn -0.0000 -0.5556 -0.8315
vn -0.0000 -0.1951 -0.9808
vn -0.0000 0.9808 -0.1951
vn -0.0000 0.8315 -0.5556
vn -0.0000 0.5556 -0.8315
vn -0.0000 0.1951 -0.9808
vn 0.9808 -0.0000 -0.1951
vn 0.8315 -0.0000 -0.5556
vn 0.5556 -0.0000 -0.8315
vn 0.1951 -0.0000 -0.9808
vn 0.1951 -0.9808 -0.0000
vn 0.5556 -0.8315 -0.0000
vn 0.8315 -0.5556 -0.0000
vn 0.9808 -0.1951 -0.0000
vn 0.1951 0.9808 -0.0000
vn 0.5556 0.8315 -0.0000
vn 0.8315 0.5556 -0.0000
vn 0.9808 0.1951 -0.0000
vn 0.1951 -0.0000 0.9808
vn 0.5556 -0.0000 0.8315
vn 0.8315 -0.0000 0.5556
vn 0.9808 -0.0000 0.1951
vn -0.0000 -0.9808 0.1951
vn -0.0000 -0.8315 0.5556
vn -0.0000 -0.5556 0.8315
vn -0.0000 -0.1951 0.9808
vn -0.0000 0.9808 0.1951
vn -0.0000 0.8315 0.5556
vn -0.0000 0.5556 0.8315
vn -0.0000 0.1951 0.9808
vn -0.0000 -1.0000 -0.0000
vn -1.0000 -0.0000 -0.0000
vn -0.0000 -0.0000 1.0000
vn -0.0000 1.0000 -0.0000
vn -0.0000 -0.0000 -1.0000
vn 1.0000 -0.0000 -0.0000
vt 0.130000 0.725000
vt 0.130000 0.734567
vt 0.128039 0.734807
vt 0.128087 0.725000
vt 0.130000 0.750000
vt 0.128138 0.750000
vt 0.125000 0.734309
vt 0.125000 0.725000
vt 0.127113 0.750000
vt 0.400000 0.995000
vt 0.400000 0.996913
vt 0.390193 0.996961
vt 0.390433 0.995000
vt 0.400000 1.000000
vt 0.390691 1.000000
vt 0.375000 0.996862
vt 0.375000 0.995000
vt 0.385566 1.000000
vt 0.400000 0.025000
vt 0.390433 0.025000
vt 0.390193 0.015193
vt 0.400000 0.015433
vt 0.375000 0.025000
vt 0.375000 0.015691
vt 0.390691 0.000000
vt 0.400000 0.000000
vt 0.375000 0.010566
vt 0.600000 0.995000
vt 0.609567 0.995000
vt 0.609807 0.996961
vt 0.600000 0.996913
vt 0.625000 0.995000
vt 0.625000 0.996862
vt 0.609309 1.000000
vt 0.600000 1.000000
vt 0.625000 0.997887
vt 0.870000 0.725000
vt 0.871913 0.725000
vt 0.871961 0.734807
vt 0.870000 0.734567
vt 0.875000 0.725000
vt 0.875000 0.734309
vt 0.871862 0.750000
vt 0.870000 0.750000
vt 0.875000 0.739434
vt 0.600000 0.025000
vt 0.600000 0.015433
vt 0.609807 0.015193
vt 0.609567 0.025000
vt 0.600000 0.000000
vt 0.609309 0.000000
vt 0.625000 0.015691
vt 0.625000 0.025000
vt 0.614434 0.000000
vt 0.130000 0.525000
vt 0.128087 0.525000
vt 0.128039 0.515193
vt 0.130000 0.515433
vt 0.125000 0.525000
vt 0.125000 0.515691
vt 0.128138 0.500000
vt 0.130000 0.500000
vt 0.125000 0.510566
vt 0.400000 0.225000
vt 0.400000 0.234567
vt 0.390193 0.234807
vt 0.390433 0.225000
vt 0.400000 0.250000
vt 0.390691 0.250000
vt 0.375000 0.234309
vt 0.375000 0.225000
vt 0.380283 0.251057
vt 0.400000 0.255000
vt 0.390433 0.255000
vt 0.390193 0.253039
vt 0.400000 0.253087
vt 0.375000 0.255000
vt 0.375000 0.253138
vt 0.870000 0.525000
vt 0.870000 0.515433
vt 0.871961 0.515193
vt 0.871913 0.525000
vt 0.870000 0.500000
vt 0.871862 0.500000
vt 0.875000 0.515691
vt 0.875000 0.525000
vt 0.872887 0.500000
vt 0.600000 0.255000
vt 0.600000 0.253087
vt 0.609807 0.253039
vt 0.609567 0.255000
vt 0.600000 0.250000
vt 0.609309 0.250000
vt 0.625000 0.253138
vt 0.625000 0.255000
vt 0.619717 0.244717
vt 0.600000 0.225000
vt 0.609567 0.225000
vt 0.609807 0.234807
vt 0.600000 0.234567
vt 0.625000 0.225000
vt 0.625000 0.234309
vt 0.370000 0.725000
vt 0.371913 0.725000
vt 0.371961 0.734807
vt 0.370000 0.734567
vt 0.375000 0.725000
vt 0.375000 0.734309
vt 0.373431 0.751569
vt 0.372500 0.752500
vt 0.378522 0.747182
vt 0.400000 0.725000
vt 0.400000 0.734567
vt 0.390193 0.734807
vt 0.390433 0.725000
vt 0.400000 0.750000
vt 0.390691 0.750000
vt 0.400000 0.755000
vt 0.390433 0.755000
vt 0.390193 0.753039
vt 0.400000 0.753087
vt 0.630000 0.725000
vt 0.630000 0.734567
vt 0.628039 0.734807
vt 0.628087 0.725000
vt 0.627500 0.752500
vt 0.626569 0.751569
vt 0.625000 0.734309
vt 0.625000 0.725000
vt 0.622182 0.746478
vt 0.600000 0.755000
vt 0.600000 0.753087
vt 0.609807 0.753039
vt 0.609567 0.755000
vt 0.600000 0.750000
vt 0.609309 0.750000
vt 0.600000 0.725000
vt 0.609567 0.725000
vt 0.609807 0.734807
vt 0.600000 0.734567
vt 0.370000 0.525000
vt 0.370000 0.515433
vt 0.371961 0.515193
vt 0.371913 0.525000
vt 0.372500 0.497500
vt 0.373431 0.498431
vt 0.375000 0.515691
vt 0.375000 0.525000
vt 0.377818 0.503522
vt 0.400000 0.495000
vt 0.400000 0.496913
vt 0.390193 0.496961
vt 0.390433 0.495000
vt 0.400000 0.500000
vt 0.390691 0.500000
vt 0.400000 0.525000
vt 0.390433 0.525000
vt 0.390193 0.515193
vt 0.400000 0.515433
vt 0.630000 0.525000
vt 0.628087 0.525000
vt 0.628039 0.515193
vt 0.630000 0.515433
vt 0.625000 0.525000
vt 0.625000 0.515691
vt 0.626569 0.498431
vt 0.627500 0.497500
vt 0.621478 0.502818
vt 0.600000 0.525000
vt 0.600000 0.515433
vt 0.609807 0.515193
vt 0.609567 0.525000
vt 0.600000 0.500000
vt 0.609309 0.500000
vt 0.600000 0.495000
vt 0.609567 0.495000
vt 0.609807 0.496961
vt 0.600000 0.496913
s 0
usemtl MatteBlackTitanium
f 1985/2329/1957 1988/2330/1957 1991/2331/1957 1990/2332/1957
f 1988/2330/1958 1989/2333/1958 1992/2334/1958 1991/2331/1958
f 1990/2332/1959 1991/2331/1959 2003/2335/1959 2000/2336/1959
f 1991/2331/1960 1992/2334/1960 1993/2337/1960 2003/2335/1960
f 1986/2338/1961 1994/2339/1961 1997/2340/1961 1996/2341/1961
f 1994/2339/1962 1995/2342/1962 1998/2343/1962 1997/2340/1962
f 1996/2341/1963 1997/2340/1963 1992/2344/1963 1989/2345/1963
f 1997/2340/1964 1998/2343/1964 1993/2346/1964 1992/2344/1964
f 1987/2347/1965 1999/2348/1965 2002/2349/1965 2001/2350/1965
f 1999/2348/1966 2000/2351/1966 2003/2352/1966 2002/2349/1966
f 2001/2350/1967 2002/2349/1967 1998/2353/1967 1995/2354/1967
f 2002/2349/1968 2003/2352/1968 1993/2355/1968 1998/2353/1968
f 2004/2356/1969 2007/2357/1969 2010/2358/1969 2009/2359/1969
f 2007/2357/1970 2008/2360/1970 2011/2361/1970 2010/2358/1970
f 2009/2359/1971 2010/2358/1971 2022/2362/1971 2019/2363/1971
f 2010/2358/1972 2011/2361/1972 2012/2364/1972 2022/2362/1972
f 2005/2365/1973 2013/2366/1973 2016/2367/1973 2015/2368/1973
f 2013/2366/1974 2014/2369/1974 2017/2370/1974 2016/2367/1974
f 2015/2368/1975 2016/2367/1975 2011/2371/1975 2008/2372/1975
f 2016/2367/1976 2017/2370/1976 2012/2373/1976 2011/2371/1976
f 2006/2374/1977 2018/2375/1977 2021/2376/1977 2020/2377/1977
f 2018/2375/1978 2019/2378/1978 2022/2379/1978 2021/2376/1978
f 2020/2377/1979 2021/2376/1979 2017/2380/1979 2014/2381/1979
f 2021/2376/1980 2022/2379/1980 2012/2382/1980 2017/2380/1980
f 2023/2383/1981 2026/2384/1981 2029/2385/1981 2028/2386/1981
f 2026/2384/1982 2027/2387/1982 2030/2388/1982 2029/2385/1982
f 2028/2386/1983 2029/2385/1983 2041/2389/1983 2038/2390/1983
f 2029/2385/1984 2030/2388/1984 2031/2391/1984 2041/2389/1984
f 2024/2392/1985 2032/2393/1985 2035/2394/1985 2034/2395/1985
f 2032/2393/1986 2033/2396/1986 2036/2397/1986 2035/2394/1986
f 2034/2395/1987 2035/2394/1987 2030/2398/1987 2027/2399/1987
f 2035/2394/1988 2036/2397/1988 2031/2400/1988 2030/2398/1988
f 2025/2401/1989 2037/2402/1989 2040/2403/1989 2039/2404/1989
f 2037/2402/1990 2038/2405/1990 2041/2406/1990 2040/2403/1990
f 2039/2404/1991 2040/2403/1991 2036/2397/1991 2033/2396/1991
f 2040/2403/1992 2041/2406/1992 2031/2400/1992 2036/2397/1992
f 2042/2407/1993 2045/2408/1993 2048/2409/1993 2047/2410/1993
f 2045/2408/1994 2046/2411/1994 2049/2412/1994 2048/2409/1994
f 2047/2410/1995 2048/2409/1995 2060/2413/1995 2057/2414/1995
f 2048/2409/1996 2049/2412/1996 2050/2415/1996 2060/2413/1996
f 2043/2416/1997 2051/2417/1997 2054/2418/1997 2053/2419/1997
f 2051/2417/1998 2052/2420/1998 2055/2421/1998 2054/2418/1998
f 2053/2419/1999 2054/2418/1999 2049/2422/1999 2046/2423/1999
f 2054/2418/2000 2055/2421/2000 2050/2424/2000 2049/2422/2000
f 2044/2425/2001 2056/2426/2001 2059/2427/2001 2058/2428/2001
f 2056/2426/2002 2057/2429/2002 2060/2430/2002 2059/2427/2002
f 2058/2428/2003 2059/2427/2003 2055/2421/2003 2052/2420/2003
f 2059/2427/2004 2060/2430/2004 2050/2424/2004 2055/2421/2004
f 2061/2431/2005 2064/2432/2005 2067/2433/2005 2066/2434/2005
f 2064/2432/2006 2065/2435/2006 2068/2436/2006 2067/2433/2006
f 2066/2434/2007 2067/2433/2007 2079/2437/2007 2076/2438/2007
f 2067/2433/2008 2068/2436/2008 2069/2439/2008 2079/2437/2008
f 2062/2440/2009 2070/2441/2009 2073/2442/2009 2072/2443/2009
f 2070/2441/2010 2071/2444/2010 2074/2445/2010 2073/2442/2010
f 2072/2443/2011 2073/2442/2011 2068/2436/2011 2065/2435/2011
f 2073/2442/2012 2074/2445/2012 2069/2439/2012 2068/2436/2012
f 2063/2446/2013 2075/2447/2013 2078/2448/2013 2077/2449/2013
f 2075/2447/2014 2076/2438/2014 2079/2437/2014 2078/2448/2014
f 2077/2449/2015 2078/2448/2015 2074/2445/2015 2071/2444/2015
f 2078/2448/2016 2079/2437/2016 2069/2439/2016 2074/2445/2016
f 2080/2450/2017 2083/2451/2017 2086/2452/2017 2085/2453/2017
f 2083/2451/2018 2084/2454/2018 2087/2455/2018 2086/2452/2018
f 2085/2453/2019 2086/2452/2019 2098/2456/2019 2095/2457/2019
f 2086/2452/2020 2087/2455/2020 2088/2458/2020 2098/2456/2020
f 2081/2459/2021 2089/2460/2021 2092/2461/2021 2091/2462/2021
f 2089/2460/2022 2090/2463/2022 2093/2464/2022 2092/2461/2022
f 2091/2462/2023 2092/2461/2023 2087/2455/2023 2084/2454/2023
f 2092/2461/2024 2093/2464/2024 2088/2458/2024 2087/2455/2024
f 2082/2465/2025 2094/2466/2025 2097/2467/2025 2096/2468/2025
f 2094/2466/2026 2095/2457/2026 2098/2456/2026 2097/2467/2026
f 2096/2468/2027 2097/2467/2027 2093/2464/2027 2090/2463/2027
f 2097/2467/2028 2098/2456/2028 2088/2458/2028 2093/2464/2028
f 2099/2469/2029 2102/2470/2029 2105/2471/2029 2104/2472/2029
f 2102/2470/2030 2103/2473/2030 2106/2474/2030 2105/2471/2030
f 2104/2472/2031 2105/2471/2031 2117/2475/2031 2114/2476/2031
f 2105/2471/2032 2106/2474/2032 2107/2477/2032 2117/2475/2032
f 2100/2478/2033 2108/2479/2033 2111/2480/2033 2110/2481/2033
f 2108/2479/2034 2109/2482/2034 2112/2483/2034 2111/2480/2034
f 2110/2481/2035 2111/2480/2035 2106/2474/2035 2103/2473/2035
f 2111/2480/2036 2112/2483/2036 2107/2477/2036 2106/2474/2036
f 2101/2484/2037 2113/2485/2037 2116/2486/2037 2115/2487/2037
f 2113/2485/2038 2114/2476/2038 2117/2475/2038 2116/2486/2038
f 2115/2487/2039 2116/2486/2039 2112/2483/2039 2109/2482/2039
f 2116/2486/2040 2117/2475/2040 2107/2477/2040 2112/2483/2040
f 2118/2488/2041 2121/2489/2041 2124/2490/2041 2123/2491/2041
f 2121/2489/2042 2122/2492/2042 2125/2493/2042 2124/2490/2042
f 2123/2491/2043 2124/2490/2043 2136/2494/2043 2133/2495/2043
f 2124/2490/2044 2125/2493/2044 2126/2496/2044 2136/2494/2044
f 2119/2497/2045 2127/2498/2045 2130/2499/2045 2129/2500/2045
f 2127/2498/2046 2128/2501/2046 2131/2502/2046 2130/2499/2046
f 2129/2500/2047 2130/2499/2047 2125/2493/2047 2122/2492/2047
f 2130/2499/2048 2131/2502/2048 2126/2496/2048 2125/2493/2048
f 2120/2503/2049 2132/2504/2049 2135/2505/2049 2134/2506/2049
f 2132/2504/2050 2133/2495/2050 2136/2494/2050 2135/2505/2050
f 2134/2506/2051 2135/2505/2051 2131/2502/2051 2128/2501/2051
f 2135/2505/2052 2136/2494/2052 2126/2496/2052 2131/2502/2052
f 2023/2383/2053 1985/2329/2053 1990/2332/2053 2026/2384/2053
f 2026/2384/2054 1990/2332/2054 2000/2336/2054 2027/2387/2054
f 2027/2399/2055 2000/2351/2055 1999/2348/2055 2034/2395/2055
f 2034/2395/2056 1999/2348/2056 1987/2347/2056 2024/2392/2056
f 1986/2338/2057 2004/2356/2057 2009/2359/2057 1994/2339/2057
f 1994/2339/2058 2009/2359/2058 2019/2363/2058 1995/2342/2058
f 1995/2354/2059 2019/2378/2059 2018/2375/2059 2001/2350/2059
f 2001/2350/2060 2018/2375/2060 2006/2374/2060 1987/2347/2060
f 2005/2365/2061 2042/2407/2061 2047/2410/2061 2013/2366/2061
f 2013/2366/2062 2047/2410/2062 2057/2414/2062 2014/2369/2062
f 2014/2381/2063 2057/2429/2063 2056/2426/2063 2020/2377/2063
f 2020/2377/2064 2056/2426/2064 2044/2425/2064 2006/2374/2064
f 2043/2416/2065 2025/2401/2065 2039/2404/2065 2051/2417/2065
f 2051/2417/2066 2039/2404/2066 2033/2396/2066 2052/2420/2066
f 2052/2420/2067 2033/2396/2067 2032/2393/2067 2058/2428/2067
f 2058/2428/2068 2032/2393/2068 2024/2392/2068 2044/2425/2068
f 2099/2469/2069 2023/2383/2069 2028/2386/2069 2102/2470/2069
f 2102/2470/2070 2028/2386/2070 2038/2390/2070 2103/2473/2070
f 2103/2473/2071 2038/2405/2071 2037/2402/2071 2110/2481/2071
f 2110/2481/2072 2037/2402/2072 2025/2401/2072 2100/2478/2072
f 2042/2407/2073 2118/2488/2073 2123/2491/2073 2045/2408/2073
f 2045/2408/2074 2123/2491/2074 2133/2495/2074 2046/2411/2074
f 2046/2423/2075 2133/2495/2075 2132/2504/2075 2053/2419/2075
f 2053/2419/2076 2132/2504/2076 2120/2503/2076 2043/2416/2076
f 2119/2497/2077 2101/2484/2077 2115/2487/2077 2127/2498/2077
f 2127/2498/2078 2115/2487/2078 2109/2482/2078 2128/2501/2078
f 2128/2501/2079 2109/2482/2079 2108/2479/2079 2134/2506/2079
f 2134/2506/2080 2108/2479/2080 2100/2478/2080 2120/2503/2080
f 2061/2431/2081 2099/2469/2081 2104/2472/2081 2064/2432/2081
f 2064/2432/2082 2104/2472/2082 2114/2476/2082 2065/2435/2082
f 2065/2435/2083 2114/2476/2083 2113/2485/2083 2072/2443/2083
f 2072/2443/2084 2113/2485/2084 2101/2484/2084 2062/2440/2084
f 2118/2488/2085 2080/2450/2085 2085/2453/2085 2121/2489/2085
f 2121/2489/2086 2085/2453/2086 2095/2457/2086 2122/2492/2086
f 2122/2492/2087 2095/2457/2087 2094/2466/2087 2129/2500/2087
f 2129/2500/2088 2094/2466/2088 2082/2465/2088 2119/2497/2088
f 2081/2459/2089 2063/2446/2089 2077/2449/2089 2089/2460/2089
f 2089/2460/2090 2077/2449/2090 2071/2444/2090 2090/2463/2090
f 2090/2463/2091 2071/2444/2091 2070/2441/2091 2096/2468/2091
f 2096/2468/2092 2070/2441/2092 2062/2440/2092 2082/2465/2092
f 1985/2329/2093 2061/2431/2093 2066/2434/2093 1988/2330/2093
f 1988/2330/2094 2066/2434/2094 2076/2438/2094 1989/2333/2094
f 1989/2345/2095 2076/2438/2095 2075/2447/2095 1996/2341/2095
f 1996/2341/2096 2075/2447/2096 2063/2446/2096 1986/2338/2096
f 2080/2450/2097 2005/2365/2097 2015/2368/2097 2083/2451/2097
f 2083/2451/2098 2015/2368/2098 2008/2372/2098 2084/2454/2098
f 2084/2454/2099 2008/2360/2099 2007/2357/2099 2091/2462/2099
f 2091/2462/2100 2007/2357/2100 2004/2356/2100 2081/2459/2100
f 2023/2383/2101 2099/2469/2101 2061/2431/2101 1985/2329/2101
f 1987/2347/2102 2006/2374/2102 2044/2425/2102 2024/2392/2102
f 2063/2446/2103 2081/2459/2103 2004/2356/2103 1986/2338/2103
f 2118/2488/2104 2042/2407/2104 2005/2365/2104 2080/2450/2104
f 2025/2401/2105 2043/2416/2105 2120/2503/2105 2100/2478/2105
f 2101/2484/2106 2119/2497/2106 2082/2465/2106 2062/2440/2106
o 23_WirelessChargingCoil
v 0.000000 -0.003150 -0.020000
v 0.000000 -0.002650 -0.020000
v 0.003902 -0.003150 -0.019616
v 0.003902 -0.002650 -0.019616
v 0.007654 -0.003150 -0.018478
v 0.007654 -0.002650 -0.018478
v 0.011111 -0.003150 -0.016629
v 0.011111 -0.002650 -0.016629
v 0.014142 -0.003150 -0.014142
v 0.014142 -0.002650 -0.014142
v 0.016629 -0.003150 -0.011111
v 0.016629 -0.002650 -0.011111
v 0.018478 -0.003150 -0.007654
v 0.018478 -0.002650 -0.007654
v 0.019616 -0.003150 -0.003902
v 0.019616 -0.002650 -0.003902
v 0.020000 -0.003150 0.000000
v 0.020000 -0.002650 0.000000
v 0.019616 -0.003150 0.003902
v 0.019616 -0.002650 0.003902
v 0.018478 -0.003150 0.007654
v 0.018478 -0.002650 0.007654
v 0.016629 -0.003150 0.011111
v 0.016629 -0.002650 0.011111
v 0.014142 -0.003150 0.014142
v 0.014142 -0.002650 0.014142
v 0.011111 -0.003150 0.016629
v 0.011111 -0.002650 0.016629
v 0.007654 -0.003150 0.018478
v 0.007654 -0.002650 0.018478
v 0.003902 -0.003150 0.019616
v 0.003902 -0.002650 0.019616
v 0.000000 -0.003150 0.020000
v 0.000000 -0.002650 0.020000
v -0.003902 -0.003150 0.019616
v -0.003902 -0.002650 0.019616
v -0.007654 -0.003150 0.018478
v -0.007654 -0.002650 0.018478
v -0.011111 -0.003150 0.016629
v -0.011111 -0.002650 0.016629
v -0.014142 -0.003150 0.014142
v -0.014142 -0.002650 0.014142
v -0.016629 -0.003150 0.011111
v -0.016629 -0.002650 0.011111
v -0.018478 -0.003150 0.007654
v -0.018478 -0.002650 0.007654
v -0.019616 -0.003150 0.003902
v -0.019616 -0.002650 0.003902
v -0.020000 -0.003150 0.000000
v -0.020000 -0.002650 0.000000
v -0.019616 -0.003150 -0.003902
v -0.019616 -0.002650 -0.003902
v -0.018478 -0.003150 -0.007654
v -0.018478 -0.002650 -0.007654
v -0.016629 -0.003150 -0.011111
v -0.016629 -0.002650 -0.011111
v -0.014142 -0.003150 -0.014142
v -0.014142 -0.002650 -0.014142
v -0.011111 -0.003150 -0.016629
v -0.011111 -0.002650 -0.016629
v -0.007654 -0.003150 -0.018478
v -0.007654 -0.002650 -0.018478
v -0.003902 -0.003150 -0.019616
v -0.003902 -0.002650 -0.019616
vn 0.0980 -0.0000 -0.9952
vn 0.2903 -0.0000 -0.9569
vn 0.4714 -0.0000 -0.8819
vn 0.6344 -0.0000 -0.7730
vn 0.7730 -0.0000 -0.6344
vn 0.8819 -0.0000 -0.4714
vn 0.9569 -0.0000 -0.2903
vn 0.9952 -0.0000 -0.0980
vn 0.9952 -0.0000 0.0980
vn 0.9569 -0.0000 0.2903
vn 0.8819 -0.0000 0.4714
vn 0.7730 -0.0000 0.6344
vn 0.6344 -0.0000 0.7730
vn 0.4714 -0.0000 0.8819
vn 0.2903 -0.0000 0.9569
vn 0.0980 -0.0000 0.9952
vn -0.0980 -0.0000 0.9952
vn -0.2903 -0.0000 0.9569
vn -0.4714 -0.0000 0.8819
vn -0.6344 -0.0000 0.7730
vn -0.7730 -0.0000 0.6344
vn -0.8819 -0.0000 0.4714
vn -0.9569 -0.0000 0.2903
vn -0.9952 -0.0000 0.0980
vn -0.9952 -0.0000 -0.0980
vn -0.9569 -0.0000 -0.2903
vn -0.8819 -0.0000 -0.4714
vn -0.7730 -0.0000 -0.6344
vn -0.6344 -0.0000 -0.7730
vn -0.4714 -0.0000 -0.8819
vn -0.0000 1.0000 -0.0000
vn -0.2903 -0.0000 -0.9569
vn -0.0980 -0.0000 -0.9952
vn -0.0000 -1.0000 -0.0000
vt 1.000000 0.500000
vt 1.000000 1.000000
vt 0.968750 1.000000
vt 0.968750 0.500000
vt 0.937500 1.000000
vt 0.937500 0.500000
vt 0.906250 1.000000
vt 0.906250 0.500000
vt 0.875000 1.000000
vt 0.875000 0.500000
vt 0.843750 1.000000
vt 0.843750 0.500000
vt 0.812500 1.000000
vt 0.812500 0.500000
vt 0.781250 1.000000
vt 0.781250 0.500000
vt 0.750000 1.000000
vt 0.750000 0.500000
vt 0.718750 1.000000
vt 0.718750 0.500000
vt 0.687500 1.000000
vt 0.687500 0.500000
vt 0.656250 1.000000
vt 0.656250 0.500000
vt 0.625000 1.000000
vt 0.625000 0.500000
vt 0.593750 1.000000
vt 0.593750 0.500000
vt 0.562500 1.000000
vt 0.562500 0.500000
vt 0.531250 1.000000
vt 0.531250 0.500000
vt 0.500000 1.000000
vt 0.500000 0.500000
vt 0.468750 1.000000
vt 0.468750 0.500000
vt 0.437500 1.000000
vt 0.437500 0.500000
vt 0.406250 1.000000
vt 0.406250 0.500000
vt 0.375000 1.000000
vt 0.375000 0.500000
vt 0.343750 1.000000
vt 0.343750 0.500000
vt 0.312500 1.000000
vt 0.312500 0.500000
vt 0.281250 1.000000
vt 0.281250 0.500000
vt 0.250000 1.000000
vt 0.250000 0.500000
vt 0.218750 1.000000
vt 0.218750 0.500000
vt 0.187500 1.000000
vt 0.187500 0.500000
vt 0.156250 1.000000
vt 0.156250 0.500000
vt 0.125000 1.000000
vt 0.125000 0.500000
vt 0.093750 1.000000
vt 0.093750 0.500000
vt 0.062500 1.000000
vt 0.062500 0.500000
vt 0.296822 0.485388
vt 0.250000 0.490000
vt 0.203178 0.485388
vt 0.158156 0.471731
vt 0.116663 0.449553
vt 0.080294 0.419706
vt 0.050447 0.383337
vt 0.028269 0.341844
vt 0.014612 0.296822
vt 0.010000 0.250000
vt 0.014612 0.203178
vt 0.028269 0.158156
vt 0.050447 0.116663
vt 0.080294 0.080294
vt 0.116663 0.050447
vt 0.158156 0.028269
vt 0.203178 0.014612
vt 0.250000 0.010000
vt 0.296822 0.014612
vt 0.341844 0.028269
vt 0.383337 0.050447
vt 0.419706 0.080294
vt 0.449553 0.116663
vt 0.471731 0.158156
vt 0.485388 0.203178
vt 0.490000 0.250000
vt 0.485388 0.296822
vt 0.471731 0.341844
vt 0.449553 0.383337
vt 0.419706 0.419706
vt 0.383337 0.449553
vt 0.341844 0.471731
vt 0.031250 1.000000
vt 0.031250 0.500000
vt 0.000000 1.000000
vt 0.000000 0.500000
vt 0.750000 0.490000
vt 0.796822 0.485388
vt 0.841844 0.471731
vt 0.883337 0.449553
vt 0.919706 0.419706
vt 0.949553 0.383337
vt 0.971731 0.341844
vt 0.985388 0.296822
vt 0.990000 0.250000
vt 0.985388 0.203178
vt 0.971731 0.158156
vt 0.949553 0.116663
vt 0.919706 0.080294
vt 0.883337 0.050447
vt 0.841844 0.028269
vt 0.796822 0.014612
vt 0.750000 0.010000
vt 0.703178 0.014612
vt 0.658156 0.028269
vt 0.616663 0.050447
vt 0.580294 0.080294
vt 0.550447 0.116663
vt 0.528269 0.158156
vt 0.514612 0.203178
vt 0.510000 0.250000
vt 0.514612 0.296822
vt 0.528269 0.341844
vt 0.550447 0.383337
vt 0.580294 0.419706
vt 0.616663 0.449553
vt 0.658156 0.471731
vt 0.703178 0.485388
s 0
usemtl Copper
f 2137/2507/2107 2138/2508/2107 2140/2509/2107 2139/2510/2107
f 2139/2510/2108 2140/2509/2108 2142/2511/2108 2141/2512/2108
f 2141/2512/2109 2142/2511/2109 2144/2513/2109 2143/2514/2109
f 2143/2514/2110 2144/2513/2110 2146/2515/2110 2145/2516/2110
f 2145/2516/2111 2146/2515/2111 2148/2517/2111 2147/2518/2111
f 2147/2518/2112 2148/2517/2112 2150/2519/2112 2149/2520/2112
f 2149/2520/2113 2150/2519/2113 2152/2521/2113 2151/2522/2113
f 2151/2522/2114 2152/2521/2114 2154/2523/2114 2153/2524/2114
f 2153/2524/2115 2154/2523/2115 2156/2525/2115 2155/2526/2115
f 2155/2526/2116 2156/2525/2116 2158/2527/2116 2157/2528/2116
f 2157/2528/2117 2158/2527/2117 2160/2529/2117 2159/2530/2117
f 2159/2530/2118 2160/2529/2118 2162/2531/2118 2161/2532/2118
f 2161/2532/2119 2162/2531/2119 2164/2533/2119 2163/2534/2119
f 2163/2534/2120 2164/2533/2120 2166/2535/2120 2165/2536/2120
f 2165/2536/2121 2166/2535/2121 2168/2537/2121 2167/2538/2121
f 2167/2538/2122 2168/2537/2122 2170/2539/2122 2169/2540/2122
f 2169/2540/2123 2170/2539/2123 2172/2541/2123 2171/2542/2123
f 2171/2542/2124 2172/2541/2124 2174/2543/2124 2173/2544/2124
f 2173/2544/2125 2174/2543/2125 2176/2545/2125 2175/2546/2125
f 2175/2546/2126 2176/2545/2126 2178/2547/2126 2177/2548/2126
f 2177/2548/2127 2178/2547/2127 2180/2549/2127 2179/2550/2127
f 2179/2550/2128 2180/2549/2128 2182/2551/2128 2181/2552/2128
f 2181/2552/2129 2182/2551/2129 2184/2553/2129 2183/2554/2129
f 2183/2554/2130 2184/2553/2130 2186/2555/2130 2185/2556/2130
f 2185/2556/2131 2186/2555/2131 2188/2557/2131 2187/2558/2131
f 2187/2558/2132 2188/2557/2132 2190/2559/2132 2189/2560/2132
f 2189/2560/2133 2190/2559/2133 2192/2561/2133 2191/2562/2133
f 2191/2562/2134 2192/2561/2134 2194/2563/2134 2193/2564/2134
f 2193/2564/2135 2194/2563/2135 2196/2565/2135 2195/2566/2135
f 2195/2566/2136 2196/2565/2136 2198/2567/2136 2197/2568/2136
f 2140/2569/2137 2138/2570/2137 2200/2571/2137 2198/2572/2137 2196/2573/2137 2194/2574/2137 2192/2575/2137 2190/2576/2137 2188/2577/2137 2186/2578/2137 2184/2579/2137 2182/2580/2137 2180/2581/2137 2178/2582/2137 2176/2583/2137 2174/2584/2137 2172/2585/2137 2170/2586/2137 2168/2587/2137 2166/2588/2137 2164/2589/2137 2162/2590/2137 2160/2591/2137 2158/2592/2137 2156/2593/2137 2154/2594/2137 2152/2595/2137 2150/2596/2137 2148/2597/2137 2146/2598/2137 2144/2599/2137 2142/2600/2137
f 2197/2568/2138 2198/2567/2138 2200/2601/2138 2199/2602/2138
f 2199/2602/2139 2200/2601/2139 2138/2603/2139 2137/2604/2139
f 2137/2605/2140 2139/2606/2140 2141/2607/2140 2143/2608/2140 2145/2609/2140 2147/2610/2140 2149/2611/2140 2151/2612/2140 2153/2613/2140 2155/2614/2140 2157/2615/2140 2159/2616/2140 2161/2617/2140 2163/2618/2140 2165/2619/2140 2167/2620/2140 2169/2621/2140 2171/2622/2140 2173/2623/2140 2175/2624/2140 2177/2625/2140 2179/2626/2140 2181/2627/2140 2183/2628/2140 2185/2629/2140 2187/2630/2140 2189/2631/2140 2191/2632/2140 2193/2633/2140 2195/2634/2140 2197/2635/2140 2199/2636/2140
o 24_MagSafeMagnets
v 0.000000 -0.002900 -0.022500
v 0.000000 -0.001900 -0.022500
v 0.004390 -0.002900 -0.022068
v 0.004390 -0.001900 -0.022068
v 0.008610 -0.002900 -0.020787
v 0.008610 -0.001900 -0.020787
v 0.012500 -0.002900 -0.018708
v 0.012500 -0.001900 -0.018708
v 0.015910 -0.002900 -0.015910
v 0.015910 -0.001900 -0.015910
v 0.018708 -0.002900 -0.012500
v 0.018708 -0.001900 -0.012500
v 0.020787 -0.002900 -0.008610
v 0.020787 -0.001900 -0.008610
v 0.022068 -0.002900 -0.004390
v 0.022068 -0.001900 -0.004390
v 0.022500 -0.002900 0.000000
v 0.022500 -0.001900 0.000000
v 0.022068 -0.002900 0.004390
v 0.022068 -0.001900 0.004390
v 0.020787 -0.002900 0.008610
v 0.020787 -0.001900 0.008610
v 0.018708 -0.002900 0.012500
v 0.018708 -0.001900 0.012500
v 0.015910 -0.002900 0.015910
v 0.015910 -0.001900 0.015910
v 0.012500 -0.002900 0.018708
v 0.012500 -0.001900 0.018708
v 0.008610 -0.002900 0.020787
v 0.008610 -0.001900 0.020787
v 0.004390 -0.002900 0.022068
v 0.004390 -0.001900 0.022068
v 0.000000 -0.002900 0.022500
v 0.000000 -0.001900 0.022500
v -0.004390 -0.002900 0.022068
v -0.004390 -0.001900 0.022068
v -0.008610 -0.002900 0.020787
v -0.008610 -0.001900 0.020787
v -0.012500 -0.002900 0.018708
v -0.012500 -0.001900 0.018708
v -0.015910 -0.002900 0.015910
v -0.015910 -0.001900 0.015910
v -0.018708 -0.002900 0.012500
v -0.018708 -0.001900 0.012500
v -0.020787 -0.002900 0.008610
v -0.020787 -0.001900 0.008610
v -0.022068 -0.002900 0.004390
v -0.022068 -0.001900 0.004390
v -0.022500 -0.002900 0.000000
v -0.022500 -0.001900 0.000000
v -0.022068 -0.002900 -0.004390
v -0.022068 -0.001900 -0.004390
v -0.020787 -0.002900 -0.008610
v -0.020787 -0.001900 -0.008610
v -0.018708 -0.002900 -0.012500
v -0.018708 -0.001900 -0.012500
v -0.015910 -0.002900 -0.015910
v -0.015910 -0.001900 -0.015910
v -0.012500 -0.002900 -0.018708
v -0.012500 -0.001900 -0.018708
v -0.008610 -0.002900 -0.020787
v -0.008610 -0.001900 -0.020787
v -0.004390 -0.002900 -0.022068
v -0.004390 -0.001900 -0.022068
vn 0.0980 -0.0000 -0.9952
vn 0.2903 -0.0000 -0.9569
vn 0.4714 -0.0000 -0.8819
vn 0.6344 -0.0000 -0.7730
vn 0.7730 -0.0000 -0.6344
vn 0.8819 -0.0000 -0.4714
vn 0.9569 -0.0000 -0.2903
vn 0.9952 -0.0000 -0.0980
vn 0.9952 -0.0000 0.0980
vn 0.9569 -0.0000 0.2903
vn 0.8819 -0.0000 0.4714
vn 0.7730 -0.0000 0.6344
vn 0.6344 -0.0000 0.7730
vn 0.4714 -0.0000 0.8819
vn 0.2903 -0.0000 0.9569
vn 0.0980 -0.0000 0.9952
vn -0.0980 -0.0000 0.9952
vn -0.2903 -0.0000 0.9569
vn -0.4714 -0.0000 0.8819
vn -0.6344 -0.0000 0.7730
vn -0.7730 -0.0000 0.6344
vn -0.8819 -0.0000 0.4714
vn -0.9569 -0.0000 0.2903
vn -0.9952 -0.0000 0.0980
vn -0.9952 -0.0000 -0.0980
vn -0.9569 -0.0000 -0.2903
vn -0.8819 -0.0000 -0.4714
vn -0.7730 -0.0000 -0.6344
vn -0.6344 -0.0000 -0.7730
vn -0.4714 -0.0000 -0.8819
vn -0.0000 1.0000 -0.0000
vn -0.2903 -0.0000 -0.9569
vn -0.0980 -0.0000 -0.9952
vn -0.0000 -1.0000 -0.0000
vt 1.000000 0.500000
vt 1.000000 1.000000
vt 0.968750 1.000000
vt 0.968750 0.500000
vt 0.937500 1.000000
vt 0.937500 0.500000
vt 0.906250 1.000000
vt 0.906250 0.500000
vt 0.875000 1.000000
vt 0.875000 0.500000
vt 0.843750 1.000000
vt 0.843750 0.500000
vt 0.812500 1.000000
vt 0.812500 0.500000
vt 0.781250 1.000000
vt 0.781250 0.500000
vt 0.750000 1.000000
vt 0.750000 0.500000
vt 0.718750 1.000000
vt 0.718750 0.500000
vt 0.687500 1.000000
vt 0.687500 0.500000
vt 0.656250 1.000000
vt 0.656250 0.500000
vt 0.625000 1.000000
vt 0.625000 0.500000
vt 0.593750 1.000000
vt 0.593750 0.500000
vt 0.562500 1.000000
vt 0.562500 0.500000
vt 0.531250 1.000000
vt 0.531250 0.500000
vt 0.500000 1.000000
vt 0.500000 0.500000
vt 0.468750 1.000000
vt 0.468750 0.500000
vt 0.437500 1.000000
vt 0.437500 0.500000
vt 0.406250 1.000000
vt 0.406250 0.500000
vt 0.375000 1.000000
vt 0.375000 0.500000
vt 0.343750 1.000000
vt 0.343750 0.500000
vt 0.312500 1.000000
vt 0.312500 0.500000
vt 0.281250 1.000000
vt 0.281250 0.500000
vt 0.250000 1.000000
vt 0.250000 0.500000
vt 0.218750 1.000000
vt 0.218750 0.500000
vt 0.187500 1.000000
vt 0.187500 0.500000
vt 0.156250 1.000000
vt 0.156250 0.500000
vt 0.125000 1.000000
vt 0.125000 0.500000
vt 0.093750 1.000000
vt 0.093750 0.500000
vt 0.062500 1.000000
vt 0.062500 0.500000
vt 0.296822 0.485388
vt 0.250000 0.490000
vt 0.203178 0.485388
vt 0.158156 0.471731
vt 0.116663 0.449553
vt 0.080294 0.419706
vt 0.050447 0.383337
vt 0.028269 0.341844
vt 0.014612 0.296822
vt 0.010000 0.250000
vt 0.014612 0.203178
vt 0.028269 0.158156
vt 0.050447 0.116663
vt 0.080294 0.080294
vt 0.116663 0.050447
vt 0.158156 0.028269
vt 0.203178 0.014612
vt 0.250000 0.010000
vt 0.296822 0.014612
vt 0.341844 0.028269
vt 0.383337 0.050447
vt 0.419706 0.080294
vt 0.449553 0.116663
vt 0.471731 0.158156
vt 0.485388 0.203178
vt 0.490000 0.250000
vt 0.485388 0.296822
vt 0.471731 0.341844
vt 0.449553 0.383337
vt 0.419706 0.419706
vt 0.383337 0.449553
vt 0.341844 0.471731
vt 0.031250 1.000000
vt 0.031250 0.500000
vt 0.000000 1.000000
vt 0.000000 0.500000
vt 0.750000 0.490000
vt 0.796822 0.485388
vt 0.841844 0.471731
vt 0.883337 0.449553
vt 0.919706 0.419706
vt 0.949553 0.383337
vt 0.971731 0.341844
vt 0.985388 0.296822
vt 0.990000 0.250000
vt 0.985388 0.203178
vt 0.971731 0.158156
vt 0.949553 0.116663
vt 0.919706 0.080294
vt 0.883337 0.050447
vt 0.841844 0.028269
vt 0.796822 0.014612
vt 0.750000 0.010000
vt 0.703178 0.014612
vt 0.658156 0.028269
vt 0.616663 0.050447
vt 0.580294 0.080294
vt 0.550447 0.116663
vt 0.528269 0.158156
vt 0.514612 0.203178
vt 0.510000 0.250000
vt 0.514612 0.296822
vt 0.528269 0.341844
vt 0.550447 0.383337
vt 0.580294 0.419706
vt 0.616663 0.449553
vt 0.658156 0.471731
vt 0.703178 0.485388
s 0
usemtl Steel
f 2201/2637/2141 2202/2638/2141 2204/2639/2141 2203/2640/2141
f 2203/2640/2142 2204/2639/2142 2206/2641/2142 2205/2642/2142
f 2205/2642/2143 2206/2641/2143 2208/2643/2143 2207/2644/2143
f 2207/2644/2144 2208/2643/2144 2210/2645/2144 2209/2646/2144
f 2209/2646/2145 2210/2645/2145 2212/2647/2145 2211/2648/2145
f 2211/2648/2146 2212/2647/2146 2214/2649/2146 2213/2650/2146
f 2213/2650/2147 2214/2649/2147 2216/2651/2147 2215/2652/2147
f 2215/2652/2148 2216/2651/2148 2218/2653/2148 2217/2654/2148
f 2217/2654/2149 2218/2653/2149 2220/2655/2149 2219/2656/2149
f 2219/2656/2150 2220/2655/2150 2222/2657/2150 2221/2658/2150
f 2221/2658/2151 2222/2657/2151 2224/2659/2151 2223/2660/2151
f 2223/2660/2152 2224/2659/2152 2226/2661/2152 2225/2662/2152
f 2225/2662/2153 2226/2661/2153 2228/2663/2153 2227/2664/2153
f 2227/2664/2154 2228/2663/2154 2230/2665/2154 2229/2666/2154
f 2229/2666/2155 2230/2665/2155 2232/2667/2155 2231/2668/2155
f 2231/2668/2156 2232/2667/2156 2234/2669/2156 2233/2670/2156
f 2233/2670/2157 2234/2669/2157 2236/2671/2157 2235/2672/2157
f 2235/2672/2158 2236/2671/2158 2238/2673/2158 2237/2674/2158
f 2237/2674/2159 2238/2673/2159 2240/2675/2159 2239/2676/2159
f 2239/2676/2160 2240/2675/2160 2242/2677/2160 2241/2678/2160
f 2241/2678/2161 2242/2677/2161 2244/2679/2161 2243/2680/2161
f 2243/2680/2162 2244/2679/2162 2246/2681/2162 2245/2682/2162
f 2245/2682/2163 2246/2681/2163 2248/2683/2163 2247/2684/2163
f 2247/2684/2164 2248/2683/2164 2250/2685/2164 2249/2686/2164
f 2249/2686/2165 2250/2685/2165 2252/2687/2165 2251/2688/2165
f 2251/2688/2166 2252/2687/2166 2254/2689/2166 2253/2690/2166
f 2253/2690/2167 2254/2689/2167 2256/2691/2167 2255/2692/2167
f 2255/2692/2168 2256/2691/2168 2258/2693/2168 2257/2694/2168
f 2257/2694/2169 2258/2693/2169 2260/2695/2169 2259/2696/2169
f 2259/2696/2170 2260/2695/2170 2262/2697/2170 2261/2698/2170
f 2204/2699/2171 2202/2700/2171 2264/2701/2171 2262/2702/2171 2260/2703/2171 2258/2704/2171 2256/2705/2171 2254/2706/2171 2252/2707/2171 2250/2708/2171 2248/2709/2171 2246/2710/2171 2244/2711/2171 2242/2712/2171 2240/2713/2171 2238/2714/2171 2236/2715/2171 2234/2716/2171 2232/2717/2171 2230/2718/2171 2228/2719/2171 2226/2720/2171 2224/2721/2171 2222/2722/2171 2220/2723/2171 2218/2724/2171 2216/2725/2171 2214/2726/2171 2212/2727/2171 2210/2728/2171 2208/2729/2171 2206/2730/2171
f 2261/2698/2172 2262/2697/2172 2264/2731/2172 2263/2732/2172
f 2263/2732/2173 2264/2731/2173 2202/2733/2173 2201/2734/2173
f 2201/2735/2174 2203/2736/2174 2205/2737/2174 2207/2738/2174 2209/2739/2174 2211/2740/2174 2213/2741/2174 2215/2742/2174 2217/2743/2174 2219/2744/2174 2221/2745/2174 2223/2746/2174 2225/2747/2174 2227/2748/2174 2229/2749/2174 2231/2750/2174 2233/2751/2174 2235/2752/2174 2237/2753/2174 2239/2754/2174 2241/2755/2174 2243/2756/2174 2245/2757/2174 2247/2758/2174 2249/2759/2174 2251/2760/2174 2253/2761/2174 2255/2762/2174 2257/2763/2174 2259/2764/2174 2261/2765/2174 2263/2766/2174
o 25_Battery
v -0.030332 -0.002340 0.058572
v -0.030332 -0.001872 0.059040
v -0.030800 -0.001872 0.058572
v -0.030332 -0.002304 0.058751
v -0.030332 -0.002203 0.058903
v -0.030511 -0.002304 0.058572
v -0.030516 -0.002261 0.058756
v -0.030506 -0.002179 0.058879
v -0.030602 -0.002142 0.058842
v -0.030511 -0.001872 0.059004
v -0.030663 -0.001872 0.058903
v -0.030332 -0.002051 0.059004
v -0.030516 -0.002056 0.058961
v -0.030639 -0.002046 0.058879
v -0.030764 -0.002051 0.058572
v -0.030663 -0.002203 0.058572
v -0.030764 -0.001872 0.058751
v -0.030721 -0.002056 0.058756
v -0.030639 -0.002179 0.058746
v -0.030332 0.001872 0.059040
v -0.030332 0.002340 0.058572
v -0.030800 0.001872 0.058572
v -0.030332 0.002051 0.059004
v -0.030332 0.002203 0.058903
v -0.030511 0.001872 0.059004
v -0.030516 0.002056 0.058961
v -0.030506 0.002179 0.058879
v -0.030602 0.002142 0.058842
v -0.030511 0.002304 0.058572
v -0.030663 0.002203 0.058572
v -0.030332 0.002304 0.058751
v -0.030516 0.002261 0.058756
v -0.030639 0.002179 0.058746
v -0.030764 0.001872 0.058751
v -0.030663 0.001872 0.058903
v -0.030764 0.002051 0.058572
v -0.030721 0.002056 0.058756
v -0.030639 0.002046 0.058879
v -0.030332 -0.002340 -0.029052
v -0.030800 -0.001872 -0.029052
v -0.030332 -0.001872 -0.029520
v -0.030511 -0.002304 -0.029052
v -0.030663 -0.002203 -0.029052
v -0.030332 -0.002304 -0.029231
v -0.030516 -0.002261 -0.029236
v -0.030639 -0.002179 -0.029226
v -0.030602 -0.002142 -0.029322
v -0.030764 -0.001872 -0.029231
v -0.030663 -0.001872 -0.029383
v -0.030764 -0.002051 -0.029052
v -0.030721 -0.002056 -0.029236
v -0.030639 -0.002046 -0.029359
v -0.030332 -0.002051 -0.029484
v -0.030332 -0.002203 -0.029383
v -0.030511 -0.001872 -0.029484
v -0.030516 -0.002056 -0.029441
v -0.030506 -0.002179 -0.029359
v -0.030332 0.002340 -0.029052
v -0.030332 0.001872 -0.029520
v -0.030800 0.001872 -0.029052
v -0.030332 0.002304 -0.029231
v -0.030332 0.002203 -0.029383
v -0.030511 0.002304 -0.029052
v -0.030516 0.002261 -0.029236
v -0.030506 0.002179 -0.029359
v -0.030602 0.002142 -0.029322
v -0.030511 0.001872 -0.029484
v -0.030663 0.001872 -0.029383
v -0.030332 0.002051 -0.029484
v -0.030516 0.002056 -0.029441
v -0.030639 0.002046 -0.029359
v -0.030764 0.002051 -0.029052
v -0.030663 0.002203 -0.029052
v -0.030764 0.001872 -0.029231
v -0.030721 0.002056 -0.029236
v -0.030639 0.002179 -0.029226
v 0.004532 -0.002340 0.058572
v 0.005000 -0.001872 0.058572
v 0.004532 -0.001872 0.059040
v 0.004711 -0.002304 0.058572
v 0.004863 -0.002203 0.058572
v 0.004532 -0.002304 0.058751
v 0.004716 -0.002261 0.058756
v 0.004839 -0.002179 0.058746
v 0.004802 -0.002142 0.058842
v 0.004964 -0.001872 0.058751
v 0.004863 -0.001872 0.058903
v 0.004964 -0.002051 0.058572
v 0.004921 -0.002056 0.058756
v 0.004839 -0.002046 0.058879
v 0.004532 -0.002051 0.059004
v 0.004532 -0.002203 0.058903
v 0.004711 -0.001872 0.059004
v 0.004716 -0.002056 0.058961
v 0.004706 -0.002179 0.058879
v 0.004532 0.002340 0.058572
v 0.004532 0.001872 0.059040
v 0.005000 0.001872 0.058572
v 0.004532 0.002304 0.058751
v 0.004532 0.002203 0.058903
v 0.004711 0.002304 0.058572
v 0.004716 0.002261 0.058756
v 0.004706 0.002179 0.058879
v 0.004802 0.002142 0.058842
v 0.004711 0.001872 0.059004
v 0.004863 0.001872 0.058903
v 0.004532 0.002051 0.059004
v 0.004716 0.002056 0.058961
v 0.004839 0.002046 0.058879
v 0.004964 0.002051 0.058572
v 0.004863 0.002203 0.058572
v 0.004964 0.001872 0.058751
v 0.004921 0.002056 0.058756
v 0.004839 0.002179 0.058746
v 0.004532 -0.002340 -0.029052
v 0.004532 -0.001872 -0.029520
v 0.005000 -0.001872 -0.029052
v 0.004532 -0.002304 -0.029231
v 0.004532 -0.002203 -0.029383
v 0.004711 -0.002304 -0.029052
v 0.004716 -0.002261 -0.029236
v 0.004706 -0.002179 -0.029359
v 0.004802 -0.002142 -0.029322
v 0.004711 -0.001872 -0.029484
v 0.004863 -0.001872 -0.029383
v 0.004532 -0.002051 -0.029484
v 0.004716 -0.002056 -0.029441
v 0.004839 -0.002046 -0.029359
v 0.004964 -0.002051 -0.029052
v 0.004863 -0.002203 -0.029052
v 0.004964 -0.001872 -0.029231
v 0.004921 -0.002056 -0.029236
v 0.004839 -0.002179 -0.029226
v 0.004532 0.002340 -0.029052
v 0.005000 0.001872 -0.029052
v 0.004532 0.001872 -0.029520
v 0.004711 0.002304 -0.029052
v 0.004863 0.002203 -0.029052
v 0.004532 0.002304 -0.029231
v 0.004716 0.002261 -0.029236
v 0.004839 0.002179 -0.029226
v 0.004802 0.002142 -0.029322
v 0.004964 0.001872 -0.029231
v 0.004863 0.001872 -0.029383
v 0.004964 0.002051 -0.029052
v 0.004921 0.002056 -0.029236
v 0.004839 0.002046 -0.029359
v 0.004532 0.002051 -0.029484
v 0.004532 0.002203 -0.029383
v 0.004711 0.001872 -0.029484
v 0.004716 0.002056 -0.029441
v 0.004706 0.002179 -0.029359
vn -0.2049 -0.9571 0.2049
vn -0.1818 -0.8152 0.5500
vn -0.5500 -0.8152 0.1818
vn -0.4931 -0.7167 0.4931
vn -0.2049 -0.2049 0.9571
vn -0.5500 -0.1818 0.8152
vn -0.1818 -0.5500 0.8151
vn -0.4931 -0.4931 0.7167
vn -0.9571 -0.2049 0.2049
vn -0.8152 -0.5500 0.1818
vn -0.8152 -0.1818 0.5500
vn -0.7167 -0.4931 0.4931
vn -0.2049 0.2049 0.9571
vn -0.1818 0.5500 0.8151
vn -0.5500 0.1818 0.8152
vn -0.4931 0.4931 0.7167
vn -0.2049 0.9571 0.2049
vn -0.5500 0.8152 0.1818
vn -0.1818 0.8152 0.5500
vn -0.4931 0.7167 0.4931
vn -0.9571 0.2049 0.2049
vn -0.8152 0.1818 0.5500
vn -0.8152 0.5500 0.1818
vn -0.7167 0.4931 0.4931
vn -0.2049 -0.9571 -0.2049
vn -0.5500 -0.8152 -0.1818
vn -0.1818 -0.8152 -0.5500
vn -0.4931 -0.7167 -0.4931
vn -0.9571 -0.2049 -0.2049
vn -0.8152 -0.1818 -0.5500
vn -0.8152 -0.5500 -0.1818
vn -0.7167 -0.4931 -0.4931
vn -0.2049 -0.2049 -0.9571
vn -0.1818 -0.5500 -0.8151
vn -0.5500 -0.1818 -0.8152
vn -0.4931 -0.4931 -0.7167
vn -0.2049 0.9571 -0.2049
vn -0.1818 0.8152 -0.5500
vn -0.5500 0.8152 -0.1818
vn -0.4931 0.7167 -0.4931
vn -0.2049 0.2049 -0.9571
vn -0.5500 0.1818 -0.8152
vn -0.1818 0.5500 -0.8151
vn -0.4931 0.4931 -0.7167
vn -0.9571 0.2049 -0.2049
vn -0.8152 0.5500 -0.1818
vn -0.8152 0.1818 -0.5500
vn -0.7167 0.4931 -0.4931
vn 0.2049 -0.9571 0.2049
vn 0.5500 -0.8152 0.1818
vn 0.1818 -0.8152 0.5500
vn 0.4931 -0.7167 0.4931
vn 0.9571 -0.2049 0.2049
vn 0.8152 -0.1818 0.5500
vn 0.8152 -0.5500 0.1818
vn 0.7167 -0.4931 0.4931
vn 0.2049 -0.2049 0.9571
vn 0.1818 -0.5500 0.8151
vn 0.5500 -0.1818 0.8152
vn 0.4931 -0.4931 0.7167
vn 0.2049 0.9571 0.2049
vn 0.1818 0.8152 0.5500
vn 0.5500 0.8152 0.1818
vn 0.4931 0.7167 0.4931
vn 0.2049 0.2049 0.9571
vn 0.5500 0.1818 0.8152
vn 0.1818 0.5500 0.8151
vn 0.4931 0.4931 0.7167
vn 0.9571 0.2049 0.2049
vn 0.8152 0.5500 0.1818
vn 0.8152 0.1818 0.5500
vn 0.7167 0.4931 0.4931
vn 0.2049 -0.9571 -0.2049
vn 0.1818 -0.8152 -0.5500
vn 0.5500 -0.8152 -0.1818
vn 0.4931 -0.7167 -0.4931
vn 0.2049 -0.2049 -0.9571
vn 0.5500 -0.1818 -0.8152
vn 0.1818 -0.5500 -0.8151
vn 0.4931 -0.4931 -0.7167
vn 0.9571 -0.2049 -0.2049
vn 0.8152 -0.5500 -0.1818
vn 0.8152 -0.1818 -0.5500
vn 0.7167 -0.4931 -0.4931
vn 0.2049 0.9571 -0.2049
vn 0.5500 0.8152 -0.1818
vn 0.1818 0.8152 -0.5500
vn 0.4931 0.7167 -0.4931
vn 0.9571 0.2049 -0.2049
vn 0.8152 0.1818 -0.5500
vn 0.8152 0.5500 -0.1818
vn 0.7167 0.4931 -0.4931
vn 0.2049 0.2049 -0.9571
vn 0.1818 0.5500 -0.8151
vn 0.5500 0.1818 -0.8152
vn 0.4931 0.4931 -0.7167
vn -0.1951 -0.9808 -0.0000
vn -0.5556 -0.8315 -0.0000
vn -0.8315 -0.5556 -0.0000
vn -0.9808 -0.1951 -0.0000
vn -0.1951 -0.0000 0.9808
vn -0.5556 -0.0000 0.8315
vn -0.8315 -0.0000 0.5556
vn -0.9808 -0.0000 0.1951
vn -0.1951 0.9808 -0.0000
vn -0.5556 0.8315 -0.0000
vn -0.8315 0.5556 -0.0000
vn -0.9808 0.1951 -0.0000
vn -0.1951 -0.0000 -0.9808
vn -0.5556 -0.0000 -0.8315
vn -0.8315 -0.0000 -0.5556
vn -0.9808 -0.0000 -0.1951
vn -0.0000 -0.9808 -0.1951
vn -0.0000 -0.8315 -0.5556
vn -0.0000 -0.5556 -0.8315
vn -0.0000 -0.1951 -0.9808
vn -0.0000 0.9808 -0.1951
vn -0.0000 0.8315 -0.5556
vn -0.0000 0.5556 -0.8315
vn -0.0000 0.1951 -0.9808
vn 0.9808 -0.0000 -0.1951
vn 0.8315 -0.0000 -0.5556
vn 0.5556 -0.0000 -0.8315
vn 0.1951 -0.0000 -0.9808
vn 0.1951 -0.9808 -0.0000
vn 0.5556 -0.8315 -0.0000
vn 0.8315 -0.5556 -0.0000
vn 0.9808 -0.1951 -0.0000
vn 0.1951 0.9808 -0.0000
vn 0.5556 0.8315 -0.0000
vn 0.8315 0.5556 -0.0000
vn 0.9808 0.1951 -0.0000
vn 0.1951 -0.0000 0.9808
vn 0.5556 -0.0000 0.8315
vn 0.8315 -0.0000 0.5556
vn 0.9808 -0.0000 0.1951
vn -0.0000 -0.9808 0.1951
vn -0.0000 -0.8315 0.5556
vn -0.0000 -0.5556 0.8315
vn -0.0000 -0.1951 0.9808
vn -0.0000 0.9808 0.1951
vn -0.0000 0.8315 0.5556
vn -0.0000 0.5556 0.8315
vn -0.0000 0.1951 0.9808
vn -0.0000 -1.0000 -0.0000
vn -1.0000 -0.0000 -0.0000
vn -0.0000 -0.0000 1.0000
vn -0.0000 1.0000 -0.0000
vn -0.0000 -0.0000 -1.0000
vn 1.0000 -0.0000 -0.0000
vt 0.128268 0.748679
vt 0.128268 0.749184
vt 0.126986 0.749197
vt 0.127017 0.748679
vt 0.128268 0.750000
vt 0.127051 0.750000
vt 0.125000 0.749171
vt 0.125000 0.748679
vt 0.126381 0.750000
vt 0.400000 0.996732
vt 0.400000 0.997983
vt 0.390193 0.998014
vt 0.390433 0.996732
vt 0.400000 1.000000
vt 0.390691 1.000000
vt 0.375000 0.997949
vt 0.375000 0.996732
vt 0.385566 1.000000
vt 0.400000 0.001321
vt 0.390433 0.001321
vt 0.390193 0.000803
vt 0.400000 0.000816
vt 0.375000 0.001321
vt 0.375000 0.000829
vt 0.390691 0.000000
vt 0.400000 0.000000
vt 0.375000 0.000558
vt 0.600000 0.996732
vt 0.609567 0.996732
vt 0.609807 0.998014
vt 0.600000 0.997983
vt 0.625000 0.996732
vt 0.625000 0.997949
vt 0.609309 1.000000
vt 0.600000 1.000000
vt 0.625000 0.998619
vt 0.871732 0.748679
vt 0.872983 0.748679
vt 0.873014 0.749197
vt 0.871732 0.749184
vt 0.875000 0.748679
vt 0.875000 0.749171
vt 0.872949 0.750000
vt 0.871732 0.750000
vt 0.875000 0.749442
vt 0.600000 0.001321
vt 0.600000 0.000816
vt 0.609807 0.000803
vt 0.609567 0.001321
vt 0.600000 0.000000
vt 0.609309 0.000000
vt 0.625000 0.000829
vt 0.625000 0.001321
vt 0.614434 0.000000
vt 0.128268 0.501321
vt 0.127017 0.501321
vt 0.126986 0.500803
vt 0.128268 0.500816
vt 0.125000 0.501321
vt 0.125000 0.500829
vt 0.127051 0.500000
vt 0.128268 0.500000
vt 0.125000 0.500558
vt 0.400000 0.248679
vt 0.400000 0.249184
vt 0.390193 0.249197
vt 0.390433 0.248679
vt 0.400000 0.250000
vt 0.390691 0.250000
vt 0.375000 0.249171
vt 0.375000 0.248679
vt 0.380283 0.250691
vt 0.400000 0.253268
vt 0.390433 0.253268
vt 0.390193 0.251986
vt 0.400000 0.252017
vt 0.375000 0.253268
vt 0.375000 0.252051
vt 0.871732 0.501321
vt 0.871732 0.500816
vt 0.873014 0.500803
vt 0.872983 0.501321
vt 0.871732 0.500000
vt 0.872949 0.500000
vt 0.875000 0.500829
vt 0.875000 0.501321
vt 0.873619 0.500000
vt 0.600000 0.253268
vt 0.600000 0.252017
vt 0.609807 0.251986
vt 0.609567 0.253268
vt 0.600000 0.250000
vt 0.609309 0.250000
vt 0.625000 0.252051
vt 0.625000 0.253268
vt 0.619717 0.249721
vt 0.600000 0.248679
vt 0.609567 0.248679
vt 0.609807 0.249197
vt 0.600000 0.249184
vt 0.625000 0.248679
vt 0.625000 0.249171
vt 0.371732 0.748679
vt 0.372983 0.748679
vt 0.373014 0.749197
vt 0.371732 0.749184
vt 0.375000 0.748679
vt 0.375000 0.749171
vt 0.373974 0.751026
vt 0.373366 0.751634
vt 0.378522 0.750274
vt 0.400000 0.748679
vt 0.400000 0.749184
vt 0.390193 0.749197
vt 0.390433 0.748679
vt 0.400000 0.750000
vt 0.390691 0.750000
vt 0.400000 0.753268
vt 0.390433 0.753268
vt 0.390193 0.751986
vt 0.400000 0.752017
vt 0.628268 0.748679
vt 0.628268 0.749184
vt 0.626986 0.749197
vt 0.627017 0.748679
vt 0.626634 0.751634
vt 0.626026 0.751026
vt 0.625000 0.749171
vt 0.625000 0.748679
vt 0.621938 0.749814
vt 0.600000 0.753268
vt 0.600000 0.752017
vt 0.609807 0.751986
vt 0.609567 0.753268
vt 0.600000 0.750000
vt 0.609309 0.750000
vt 0.600000 0.748679
vt 0.609567 0.748679
vt 0.609807 0.749197
vt 0.600000 0.749184
vt 0.371732 0.501321
vt 0.371732 0.500816
vt 0.373014 0.500803
vt 0.372982 0.501321
vt 0.373366 0.498366
vt 0.373974 0.498974
vt 0.375000 0.500829
vt 0.375000 0.501321
vt 0.378062 0.500186
vt 0.400000 0.496732
vt 0.400000 0.497983
vt 0.390193 0.498014
vt 0.390433 0.496732
vt 0.400000 0.500000
vt 0.390691 0.500000
vt 0.400000 0.501321
vt 0.390433 0.501321
vt 0.390193 0.500803
vt 0.400000 0.500816
vt 0.628268 0.501321
vt 0.627017 0.501321
vt 0.626986 0.500803
vt 0.628268 0.500816
vt 0.625000 0.501321
vt 0.625000 0.500829
vt 0.626026 0.498974
vt 0.626634 0.498366
vt 0.621478 0.499726
vt 0.600000 0.501321
vt 0.600000 0.500816
vt 0.609807 0.500803
vt 0.609567 0.501321
vt 0.600000 0.500000
vt 0.609309 0.500000
vt 0.600000 0.496732
vt 0.609567 0.496732
vt 0.609807 0.498014
vt 0.600000 0.497983
s 0
usemtl Plastic
f 2265/2767/2175 2268/2768/2175 2271/2769/2175 2270/2770/2175
f 2268/2768/2176 2269/2771/2176 2272/2772/2176 2271/2769/2176
f 2270/2770/2177 2271/2769/2177 2283/2773/2177 2280/2774/2177
f 2271/2769/2178 2272/2772/2178 2273/2775/2178 2283/2773/2178
f 2266/2776/2179 2274/2777/2179 2277/2778/2179 2276/2779/2179
f 2274/2777/2180 2275/2780/2180 2278/2781/2180 2277/2778/2180
f 2276/2779/2181 2277/2778/2181 2272/2782/2181 2269/2783/2181
f 2277/2778/2182 2278/2781/2182 2273/2784/2182 2272/2782/2182
f 2267/2785/2183 2279/2786/2183 2282/2787/2183 2281/2788/2183
f 2279/2786/2184 2280/2789/2184 2283/2790/2184 2282/2787/2184
f 2281/2788/2185 2282/2787/2185 2278/2791/2185 2275/2792/2185
f 2282/2787/2186 2283/2790/2186 2273/2793/2186 2278/2791/2186
f 2284/2794/2187 2287/2795/2187 2290/2796/2187 2289/2797/2187
f 2287/2795/2188 2288/2798/2188 2291/2799/2188 2290/2796/2188
f 2289/2797/2189 2290/2796/2189 2302/2800/2189 2299/2801/2189
f 2290/2796/2190 2291/2799/2190 2292/2802/2190 2302/2800/2190
f 2285/2803/2191 2293/2804/2191 2296/2805/2191 2295/2806/2191
f 2293/2804/2192 2294/2807/2192 2297/2808/2192 2296/2805/2192
f 2295/2806/2193 2296/2805/2193 2291/2809/2193 2288/2810/2193
f 2296/2805/2194 2297/2808/2194 2292/2811/2194 2291/2809/2194
f 2286/2812/2195 2298/2813/2195 2301/2814/2195 2300/2815/2195
f 2298/2813/2196 2299/2816/2196 2302/2817/2196 2301/2814/2196
f 2300/2815/2197 2301/2814/2197 2297/2818/2197 2294/2819/2197
f 2301/2814/2198 2302/2817/2198 2292/2820/2198 2297/2818/2198
f 2303/2821/2199 2306/2822/2199 2309/2823/2199 2308/2824/2199
f 2306/2822/2200 2307/2825/2200 2310/2826/2200 2309/2823/2200
f 2308/2824/2201 2309/2823/2201 2321/2827/2201 2318/2828/2201
f 2309/2823/2202 2310/2826/2202 2311/2829/2202 2321/2827/2202
f 2304/2830/2203 2312/2831/2203 2315/2832/2203 2314/2833/2203
f 2312/2831/2204 2313/2834/2204 2316/2835/2204 2315/2832/2204
f 2314/2833/2205 2315/2832/2205 2310/2836/2205 2307/2837/2205
f 2315/2832/2206 2316/2835/2206 2311/2838/2206 2310/2836/2206
f 2305/2839/2207 2317/2840/2207 2320/2841/2207 2319/2842/2207
f 2317/2840/2208 2318/2843/2208 2321/2844/2208 2320/2841/2208
f 2319/2842/2209 2320/2841/2209 2316/2835/2209 2313/2834/2209
f 2320/2841/2210 2321/2844/2210 2311/2838/2210 2316/2835/2210
f 2322/2845/2211 2325/2846/2211 2328/2847/2211 2327/2848/2211
f 2325/2846/2212 2326/2849/2212 2329/2850/2212 2328/2847/2212
f 2327/2848/2213 2328/2847/2213 2340/2851/2213 2337/2852/2213
f 2328/2847/2214 2329/2850/2214 2330/2853/2214 2340/2851/2214
f 2323/2854/2215 2331/2855/2215 2334/2856/2215 2333/2857/2215
f 2331/2855/2216 2332/2858/2216 2335/2859/2216 2334/2856/2216
f 2333/2857/2217 2334/2856/2217 2329/2860/2217 2326/2861/2217
f 2334/2856/2218 2335/2859/2218 2330/2862/2218 2329/2860/2218
f 2324/2863/2219 2336/2864/2219 2339/2865/2219 2338/2866/2219
f 2336/2864/2220 2337/2867/2220 2340/2868/2220 2339/2865/2220
f 2338/2866/2221 2339/2865/2221 2335/2859/2221 2332/2858/2221
f 2339/2865/2222 2340/2868/2222 2330/2862/2222 2335/2859/2222
f 2341/2869/2223 2344/2870/2223 2347/2871/2223 2346/2872/2223
f 2344/2870/2224 2345/2873/2224 2348/2874/2224 2347/2871/2224
f 2346/2872/2225 2347/2871/2225 2359/2875/2225 2356/2876/2225
f 2347/2871/2226 2348/2874/2226 2349/2877/2226 2359/2875/2226
f 2342/2878/2227 2350/2879/2227 2353/2880/2227 2352/2881/2227
f 2350/2879/2228 2351/2882/2228 2354/2883/2228 2353/2880/2228
f 2352/2881/2229 2353/2880/2229 2348/2874/2229 2345/2873/2229
f 2353/2880/2230 2354/2883/2230 2349/2877/2230 2348/2874/2230
f 2343/2884/2231 2355/2885/2231 2358/2886/2231 2357/2887/2231
f 2355/2885/2232 2356/2876/2232 2359/2875/2232 2358/2886/2232
f 2357/2887/2233 2358/2886/2233 2354/2883/2233 2351/2882/2233
f 2358/2886/2234 2359/2875/2234 2349/2877/2234 2354/2883/2234
f 2360/2888/2235 2363/2889/2235 2366/2890/2235 2365/2891/2235
f 2363/2889/2236 2364/2892/2236 2367/2893/2236 2366/2890/2236
f 2365/2891/2237 2366/2890/2237 2378/2894/2237 2375/2895/2237
f 2366/2890/2238 2367/2893/2238 2368/2896/2238 2378/2894/2238
f 2361/2897/2239 2369/2898/2239 2372/2899/2239 2371/2900/2239
f 2369/2898/2240 2370/2901/2240 2373/2902/2240 2372/2899/2240
f 2371/2900/2241 2372/2899/2241 2367/2893/2241 2364/2892/2241
f 2372/2899/2242 2373/2902/2242 2368/2896/2242 2367/2893/2242
f 2362/2903/2243 2374/2904/2243 2377/2905/2243 2376/2906/2243
f 2374/2904/2244 2375/2895/2244 2378/2894/2244 2377/2905/2244
f 2376/2906/2245 2377/2905/2245 2373/2902/2245 2370/2901/2245
f 2377/2905/2246 2378/2894/2246 2368/2896/2246 2373/2902/2246
f 2379/2907/2247 2382/2908/2247 2385/2909/2247 2384/2910/2247
f 2382/2908/2248 2383/2911/2248 2386/2912/2248 2385/2909/2248
f 2384/2910/2249 2385/2909/2249 2397/2913/2249 2394/2914/2249
f 2385/2909/2250 2386/2912/2250 2387/2915/2250 2397/2913/2250
f 2380/2916/2251 2388/2917/2251 2391/2918/2251 2390/2919/2251
f 2388/2917/2252 2389/2920/2252 2392/2921/2252 2391/2918/2252
f 2390/2919/2253 2391/2918/2253 2386/2912/2253 2383/2911/2253
f 2391/2918/2254 2392/2921/2254 2387/2915/2254 2386/2912/2254
f 2381/2922/2255 2393/2923/2255 2396/2924/2255 2395/2925/2255
f 2393/2923/2256 2394/2914/2256 2397/2913/2256 2396/2924/2256
f 2395/2925/2257 2396/2924/2257 2392/2921/2257 2389/2920/2257
f 2396/2924/2258 2397/2913/2258 2387/2915/2258 2392/2921/2258
f 2398/2926/2259 2401/2927/2259 2404/2928/2259 2403/2929/2259
f 2401/2927/2260 2402/2930/2260 2405/2931/2260 2404/2928/2260
f 2403/2929/2261 2404/2928/2261 2416/2932/2261 2413/2933/2261
f 2404/2928/2262 2405/2931/2262 2406/2934/2262 2416/2932/2262
f 2399/2935/2263 2407/2936/2263 2410/2937/2263 2409/2938/2263
f 2407/2936/2264 2408/2939/2264 2411/2940/2264 2410/2937/2264
f 2409/2938/2265 2410/2937/2265 2405/2931/2265 2402/2930/2265
f 2410/2937/2266 2411/2940/2266 2406/2934/2266 2405/2931/2266
f 2400/2941/2267 2412/2942/2267 2415/2943/2267 2414/2944/2267
f 2412/2942/2268 2413/2933/2268 2416/2932/2268 2415/2943/2268
f 2414/2944/2269 2415/2943/2269 2411/2940/2269 2408/2939/2269
f 2415/2943/2270 2416/2932/2270 2406/2934/2270 2411/2940/2270
f 2303/2821/2271 2265/2767/2271 2270/2770/2271 2306/2822/2271
f 2306/2822/2272 2270/2770/2272 2280/2774/2272 2307/2825/2272
f 2307/2837/2273 2280/2789/2273 2279/2786/2273 2314/2833/2273
f 2314/2833/2274 2279/2786/2274 2267/2785/2274 2304/2830/2274
f 2266/2776/2275 2284/2794/2275 2289/2797/2275 2274/2777/2275
f 2274/2777/2276 2289/2797/2276 2299/2801/2276 2275/2780/2276
f 2275/2792/2277 2299/2816/2277 2298/2813/2277 2281/2788/2277
f 2281/2788/2278 2298/2813/2278 2286/2812/2278 2267/2785/2278
f 2285/2803/2279 2322/2845/2279 2327/2848/2279 2293/2804/2279
f 2293/2804/2280 2327/2848/2280 2337/2852/2280 2294/2807/2280
f 2294/2819/2281 2337/2867/2281 2336/2864/2281 2300/2815/2281
f 2300/2815/2282 2336/2864/2282 2324/2863/2282 2286/2812/2282
f 2323/2854/2283 2305/2839/2283 2319/2842/2283 2331/2855/2283
f 2331/2855/2284 2319/2842/2284 2313/2834/2284 2332/2858/2284
f 2332/2858/2285 2313/2834/2285 2312/2831/2285 2338/2866/2285
f 2338/2866/2286 2312/2831/2286 2304/2830/2286 2324/2863/2286
f 2379/2907/2287 2303/2821/2287 2308/2824/2287 2382/2908/2287
f 2382/2908/2288 2308/2824/2288 2318/2828/2288 2383/2911/2288
f 2383/2911/2289 2318/2843/2289 2317/2840/2289 2390/2919/2289
f 2390/2919/2290 2317/2840/2290 2305/2839/2290 2380/2916/2290
f 2322/2845/2291 2398/2926/2291 2403/2929/2291 2325/2846/2291
f 2325/2846/2292 2403/2929/2292 2413/2933/2292 2326/2849/2292
f 2326/2861/2293 2413/2933/2293 2412/2942/2293 2333/2857/2293
f 2333/2857/2294 2412/2942/2294 2400/2941/2294 2323/2854/2294
f 2399/2935/2295 2381/2922/2295 2395/2925/2295 2407/2936/2295
f 2407/2936/2296 2395/2925/2296 2389/2920/2296 2408/2939/2296
f 2408/2939/2297 2389/2920/2297 2388/2917/2297 2414/2944/2297
f 2414/2944/2298 2388/2917/2298 2380/2916/2298 2400/2941/2298
f 2341/2869/2299 2379/2907/2299 2384/2910/2299 2344/2870/2299
f 2344/2870/2300 2384/2910/2300 2394/2914/2300 2345/2873/2300
f 2345/2873/2301 2394/2914/2301 2393/2923/2301 2352/2881/2301
f 2352/2881/2302 2393/2923/2302 2381/2922/2302 2342/2878/2302
f 2398/2926/2303 2360/2888/2303 2365/2891/2303 2401/2927/2303
f 2401/2927/2304 2365/2891/2304 2375/2895/2304 2402/2930/2304
f 2402/2930/2305 2375/2895/2305 2374/2904/2305 2409/2938/2305
f 2409/2938/2306 2374/2904/2306 2362/2903/2306 2399/2935/2306
f 2361/2897/2307 2343/2884/2307 2357/2887/2307 2369/2898/2307
f 2369/2898/2308 2357/2887/2308 2351/2882/2308 2370/2901/2308
f 2370/2901/2309 2351/2882/2309 2350/2879/2309 2376/2906/2309
f 2376/2906/2310 2350/2879/2310 2342/2878/2310 2362/2903/2310
f 2265/2767/2311 2341/2869/2311 2346/2872/2311 2268/2768/2311
f 2268/2768/2312 2346/2872/2312 2356/2876/2312 2269/2771/2312
f 2269/2783/2313 2356/2876/2313 2355/2885/2313 2276/2779/2313
f 2276/2779/2314 2355/2885/2314 2343/2884/2314 2266/2776/2314
f 2360/2888/2315 2285/2803/2315 2295/2806/2315 2363/2889/2315
f 2363/2889/2316 2295/2806/2316 2288/2810/2316 2364/2892/2316
f 2364/2892/2317 2288/2798/2317 2287/2795/2317 2371/2900/2317
f 2371/2900/2318 2287/2795/2318 2284/2794/2318 2361/2897/2318
f 2303/2821/2319 2379/2907/2319 2341/2869/2319 2265/2767/2319
f 2267/2785/2320 2286/2812/2320 2324/2863/2320 2304/2830/2320
f 2343/2884/2321 2361/2897/2321 2284/2794/2321 2266/2776/2321
f 2398/2926/2322 2322/2845/2322 2285/2803/2322 2360/2888/2322
f 2305/2839/2323 2323/2854/2323 2400/2941/2323 2380/2916/2323
f 2381/2922/2324 2399/2935/2324 2362/2903/2324 2342/2878/2324
o 26_LogicBoard
v 0.001357 -0.001950 0.051270
v 0.001357 -0.001560 0.051660
v 0.000967 -0.001560 0.051270
v 0.001357 -0.001920 0.051419
v 0.001357 -0.001836 0.051546
v 0.001207 -0.001920 0.051270
v 0.001204 -0.001884 0.051423
v 0.001211 -0.001816 0.051526
v 0.001132 -0.001785 0.051495
v 0.001207 -0.001560 0.051630
v 0.001081 -0.001560 0.051546
v 0.001357 -0.001709 0.051630
v 0.001204 -0.001713 0.051594
v 0.001101 -0.001705 0.051526
v 0.000996 -0.001709 0.051270
v 0.001081 -0.001836 0.051270
v 0.000996 -0.001560 0.051419
v 0.001032 -0.001713 0.051423
v 0.001101 -0.001816 0.051415
v 0.001357 0.001560 0.051660
v 0.001357 0.001950 0.051270
v 0.000967 0.001560 0.051270
v 0.001357 0.001709 0.051630
v 0.001357 0.001836 0.051546
v 0.001207 0.001560 0.051630
v 0.001204 0.001713 0.051594
v 0.001211 0.001816 0.051526
v 0.001132 0.001785 0.051495
v 0.001207 0.001920 0.051270
v 0.001081 0.001836 0.051270
v 0.001357 0.001920 0.051419
v 0.001204 0.001884 0.051423
v 0.001101 0.001816 0.051415
v 0.000996 0.001560 0.051419
v 0.001081 0.001560 0.051546
v 0.000996 0.001709 0.051270
v 0.001032 0.001713 0.051423
v 0.001101 0.001705 0.051526
v 0.001357 -0.001950 -0.051270
v 0.000967 -0.001560 -0.051270
v 0.001357 -0.001560 -0.051660
v 0.001207 -0.001920 -0.051270
v 0.001081 -0.001836 -0.051270
v 0.001357 -0.001920 -0.051419
v 0.001204 -0.001884 -0.051423
v 0.001101 -0.001816 -0.051415
v 0.001132 -0.001785 -0.051495
v 0.000996 -0.001560 -0.051419
v 0.001081 -0.001560 -0.051546
v 0.000996 -0.001709 -0.051270
v 0.001032 -0.001713 -0.051423
v 0.001101 -0.001705 -0.051526
v 0.001357 -0.001709 -0.051630
v 0.001357 -0.001836 -0.051546
v 0.001207 -0.001560 -0.051630
v 0.001204 -0.001713 -0.051594
v 0.001211 -0.001816 -0.051526
v 0.001357 0.001950 -0.051270
v 0.001357 0.001560 -0.051660
v 0.000967 0.001560 -0.051270
v 0.001357 0.001920 -0.051419
v 0.001357 0.001836 -0.051546
v 0.001207 0.001920 -0.051270
v 0.001204 0.001884 -0.051423
v 0.001211 0.001816 -0.051526
v 0.001132 0.001785 -0.051495
v 0.001207 0.001560 -0.051630
v 0.001081 0.001560 -0.051546
v 0.001357 0.001709 -0.051630
v 0.001204 0.001713 -0.051594
v 0.001101 0.001705 -0.051526
v 0.000996 0.001709 -0.051270
v 0.001081 0.001836 -0.051270
v 0.000996 0.001560 -0.051419
v 0.001032 0.001713 -0.051423
v 0.001101 0.001816 -0.051415
v 0.024443 -0.001950 0.051270
v 0.024833 -0.001560 0.051270
v 0.024443 -0.001560 0.051660
v 0.024593 -0.001920 0.051270
v 0.024719 -0.001836 0.051270
v 0.024443 -0.001920 0.051419
v 0.024596 -0.001884 0.051423
v 0.024699 -0.001816 0.051415
v 0.024668 -0.001785 0.051495
v 0.024804 -0.001560 0.051419
v 0.024719 -0.001560 0.051546
v 0.024804 -0.001709 0.051270
v 0.024768 -0.001713 0.051423
v 0.024699 -0.001705 0.051526
v 0.024443 -0.001709 0.051630
v 0.024443 -0.001836 0.051546
v 0.024593 -0.001560 0.051630
v 0.024596 -0.001713 0.051594
v 0.024589 -0.001816 0.051526
v 0.024443 0.001950 0.051270
v 0.024443 0.001560 0.051660
v 0.024833 0.001560 0.051270
v 0.024443 0.001920 0.051419
v 0.024443 0.001836 0.051546
v 0.024593 0.001920 0.051270
v 0.024596 0.001884 0.051423
v 0.024589 0.001816 0.051526
v 0.024668 0.001785 0.051495
v 0.024593 0.001560 0.051630
v 0.024719 0.001560 0.051546
v 0.024443 0.001709 0.051630
v 0.024596 0.001713 0.051594
v 0.024699 0.001705 0.051526
v 0.024804 0.001709 0.051270
v 0.024719 0.001836 0.051270
v 0.024804 0.001560 0.051419
v 0.024768 0.001713 0.051423
v 0.024699 0.001816 0.051415
v 0.024443 -0.001950 -0.051270
v 0.024443 -0.001560 -0.051660
v 0.024833 -0.001560 -0.051270
v 0.024443 -0.001920 -0.051419
v 0.024443 -0.001836 -0.051546
v 0.024593 -0.001920 -0.051270
v 0.024596 -0.001884 -0.051423
v 0.024589 -0.001816 -0.051526
v 0.024668 -0.001785 -0.051495
v 0.024593 -0.001560 -0.051630
v 0.024719 -0.001560 -0.051546
v 0.024443 -0.001709 -0.051630
v 0.024596 -0.001713 -0.051594
v 0.024699 -0.001705 -0.051526
v 0.024804 -0.001709 -0.051270
v 0.024719 -0.001836 -0.051270
v 0.024804 -0.001560 -0.051419
v 0.024768 -0.001713 -0.051423
v 0.024699 -0.001816 -0.051415
v 0.024443 0.001950 -0.051270
v 0.024833 0.001560 -0.051270
v 0.024443 0.001560 -0.051660
v 0.024593 0.001920 -0.051270
v 0.024719 0.001836 -0.051270
v 0.024443 0.001920 -0.051419
v 0.024596 0.001884 -0.051423
v 0.024699 0.001816 -0.051415
v 0.024668 0.001785 -0.051495
v 0.024804 0.001560 -0.051419
v 0.024719 0.001560 -0.051546
v 0.024804 0.001709 -0.051270
v 0.024768 0.001713 -0.051423
v 0.024699 0.001705 -0.051526
v 0.024443 0.001709 -0.051630
v 0.024443 0.001836 -0.051546
v 0.024593 0.001560 -0.051630
v 0.024596 0.001713 -0.051594
v 0.024589 0.001816 -0.051526
vn -0.2049 -0.9571 0.2049
vn -0.1818 -0.8152 0.5499
vn -0.5500 -0.8152 0.1818
vn -0.4931 -0.7167 0.4931
vn -0.2049 -0.2050 0.9571
vn -0.5500 -0.1818 0.8152
vn -0.1818 -0.5500 0.8152
vn -0.4931 -0.4931 0.7168
vn -0.9571 -0.2049 0.2049
vn -0.8152 -0.5500 0.1818
vn -0.8152 -0.1818 0.5500
vn -0.7167 -0.4931 0.4931
vn -0.2049 0.2050 0.9571
vn -0.1818 0.5499 0.8152
vn -0.5500 0.1818 0.8152
vn -0.4931 0.4931 0.7167
vn -0.2049 0.9571 0.2049
vn -0.5500 0.8152 0.1818
vn -0.1818 0.8152 0.5499
vn -0.4931 0.7167 0.4931
vn -0.9571 0.2049 0.2049
vn -0.8152 0.1818 0.5500
vn -0.8152 0.5500 0.1818
vn -0.7167 0.4931 0.4931
vn -0.2049 -0.9571 -0.2049
vn -0.5500 -0.8152 -0.1818
vn -0.1818 -0.8152 -0.5499
vn -0.4931 -0.7167 -0.4931
vn -0.9571 -0.2049 -0.2049
vn -0.8152 -0.1818 -0.5500
vn -0.8152 -0.5500 -0.1818
vn -0.7167 -0.4931 -0.4931
vn -0.2049 -0.2050 -0.9571
vn -0.1818 -0.5499 -0.8152
vn -0.5500 -0.1818 -0.8152
vn -0.4931 -0.4931 -0.7167
vn -0.2049 0.9571 -0.2049
vn -0.1818 0.8152 -0.5499
vn -0.5500 0.8152 -0.1818
vn -0.4931 0.7167 -0.4931
vn -0.2049 0.2050 -0.9571
vn -0.5500 0.1818 -0.8152
vn -0.1818 0.5500 -0.8152
vn -0.4931 0.4931 -0.7168
vn -0.9571 0.2049 -0.2049
vn -0.8152 0.5500 -0.1818
vn -0.8152 0.1818 -0.5500
vn -0.7167 0.4931 -0.4931
vn 0.2049 -0.9571 0.2049
vn 0.5500 -0.8152 0.1818
vn 0.1818 -0.8152 0.5499
vn 0.4931 -0.7167 0.4931
vn 0.9571 -0.2049 0.2049
vn 0.8152 -0.1818 0.5500
vn 0.8152 -0.5500 0.1818
vn 0.7167 -0.4931 0.4931
vn 0.2049 -0.2050 0.9571
vn 0.1818 -0.5499 0.8152
vn 0.5500 -0.1818 0.8152
vn 0.4931 -0.4931 0.7167
vn 0.2049 0.9571 0.2049
vn 0.1818 0.8152 0.5499
vn 0.5500 0.8152 0.1818
vn 0.4931 0.7167 0.4931
vn 0.2049 0.2050 0.9571
vn 0.5500 0.1818 0.8152
vn 0.1818 0.5500 0.8152
vn 0.4931 0.4931 0.7168
vn 0.9571 0.2049 0.2049
vn 0.8152 0.5500 0.1818
vn 0.8152 0.1818 0.5500
vn 0.7167 0.4931 0.4931
vn 0.2049 -0.9571 -0.2049
vn 0.1818 -0.8152 -0.5499
vn 0.5500 -0.8152 -0.1818
vn 0.4931 -0.7167 -0.4931
vn 0.2049 -0.2050 -0.9571
vn 0.5500 -0.1818 -0.8152
vn 0.1818 -0.5500 -0.8152
vn 0.4931 -0.4931 -0.7168
vn 0.9571 -0.2049 -0.2049
vn 0.8152 -0.5500 -0.1818
vn 0.8152 -0.1818 -0.5500
vn 0.7167 -0.4931 -0.4931
vn 0.2049 0.9571 -0.2049
vn 0.5500 0.8152 -0.1818
vn 0.1818 0.8152 -0.5499
vn 0.4931 0.7167 -0.4931
vn 0.9571 0.2049 -0.2049
vn 0.8152 0.1818 -0.5500
vn 0.8152 0.5500 -0.1818
vn 0.7167 0.4931 -0.4931
vn 0.2049 0.2050 -0.9571
vn 0.1818 0.5499 -0.8152
vn 0.5500 0.1818 -0.8152
vn 0.4931 0.4931 -0.7167
vn -0.1951 -0.9808 -0.0000
vn -0.5556 -0.8315 -0.0000
vn -0.8315 -0.5556 -0.0000
vn -0.9808 -0.1951 -0.0000
vn -0.1951 -0.0000 0.9808
vn -0.5556 -0.0000 0.8315
vn -0.8315 -0.0000 0.5556
vn -0.9808 -0.0000 0.1951
vn -0.1951 0.9808 -0.0000
vn -0.5556 0.8315 -0.0000
vn -0.8315 0.5556 -0.0000
vn -0.9808 0.1951 -0.0000
vn -0.1951 -0.0000 -0.9808
vn -0.5556 -0.0000 -0.8315
vn -0.8315 -0.0000 -0.5556
vn -0.9808 -0.0000 -0.1951
vn -0.0000 -0.9808 -0.1951
vn -0.0000 -0.8315 -0.5556
vn -0.0000 -0.5556 -0.8315
vn -0.0000 -0.1951 -0.9808
vn -0.0000 0.9808 -0.1951
vn -0.0000 0.8315 -0.5556
vn -0.0000 0.5556 -0.8315
vn -0.0000 0.1951 -0.9808
vn 0.9808 -0.0000 -0.1951
vn 0.8315 -0.0000 -0.5556
vn 0.5556 -0.0000 -0.8315
vn 0.1951 -0.0000 -0.9808
vn 0.1951 -0.9808 -0.0000
vn 0.5556 -0.8315 -0.0000
vn 0.8315 -0.5556 -0.0000
vn 0.9808 -0.1951 -0.0000
vn 0.1951 0.9808 -0.0000
vn 0.5556 0.8315 -0.0000
vn 0.8315 0.5556 -0.0000
vn 0.9808 0.1951 -0.0000
vn 0.1951 -0.0000 0.9808
vn 0.5556 -0.0000 0.8315
vn 0.8315 -0.0000 0.5556
vn 0.9808 -0.0000 0.1951
vn -0.0000 -0.9808 0.1951
vn -0.0000 -0.8315 0.5556
vn -0.0000 -0.5556 0.8315
vn -0.0000 -0.1951 0.9808
vn -0.0000 0.9808 0.1951
vn -0.0000 0.8315 0.5556
vn -0.0000 0.5556 0.8315
vn -0.0000 0.1951 0.9808
vn -0.0000 -1.0000 -0.0000
vn -1.0000 -0.0000 -0.0000
vn -0.0000 -0.0000 1.0000
vn -0.0000 1.0000 -0.0000
vn -0.0000 -0.0000 -1.0000
vn 1.0000 -0.0000 -0.0000
vt 0.129085 0.749056
vt 0.129085 0.749417
vt 0.127483 0.749426
vt 0.127522 0.749056
vt 0.129085 0.750000
vt 0.127564 0.750000
vt 0.125000 0.749408
vt 0.125000 0.749056
vt 0.126727 0.750000
vt 0.400000 0.995915
vt 0.400000 0.997478
vt 0.390193 0.997517
vt 0.390433 0.995915
vt 0.400000 1.000000
vt 0.390691 1.000000
vt 0.375000 0.997436
vt 0.375000 0.995915
vt 0.385566 1.000000
vt 0.400000 0.000944
vt 0.390433 0.000944
vt 0.390193 0.000573
vt 0.400000 0.000583
vt 0.375000 0.000944
vt 0.375000 0.000592
vt 0.390691 0.000000
vt 0.400000 0.000000
vt 0.375000 0.000399
vt 0.600000 0.995915
vt 0.609567 0.995915
vt 0.609807 0.997517
vt 0.600000 0.997478
vt 0.625000 0.995915
vt 0.625000 0.997436
vt 0.609309 1.000000
vt 0.600000 1.000000
vt 0.625000 0.998273
vt 0.870915 0.749056
vt 0.872478 0.749056
vt 0.872517 0.749427
vt 0.870915 0.749417
vt 0.875000 0.749056
vt 0.875000 0.749408
vt 0.872436 0.750000
vt 0.870915 0.750000
vt 0.875000 0.749601
vt 0.600000 0.000944
vt 0.600000 0.000583
vt 0.609807 0.000573
vt 0.609567 0.000944
vt 0.600000 0.000000
vt 0.609309 0.000000
vt 0.625000 0.000592
vt 0.625000 0.000944
vt 0.614434 0.000000
vt 0.129085 0.500944
vt 0.127522 0.500944
vt 0.127483 0.500573
vt 0.129085 0.500583
vt 0.125000 0.500944
vt 0.125000 0.500592
vt 0.127564 0.500000
vt 0.129085 0.500000
vt 0.125000 0.500399
vt 0.400000 0.249056
vt 0.400000 0.249417
vt 0.390193 0.249427
vt 0.390433 0.249056
vt 0.400000 0.250000
vt 0.390691 0.250000
vt 0.375000 0.249408
vt 0.375000 0.249056
vt 0.380283 0.250863
vt 0.400000 0.254085
vt 0.390433 0.254085
vt 0.390193 0.252483
vt 0.400000 0.252522
vt 0.375000 0.254085
vt 0.375000 0.252564
vt 0.870915 0.500944
vt 0.870915 0.500583
vt 0.872517 0.500574
vt 0.872478 0.500944
vt 0.870915 0.500000
vt 0.872436 0.500000
vt 0.875000 0.500592
vt 0.875000 0.500944
vt 0.873273 0.500000
vt 0.600000 0.254085
vt 0.600000 0.252522
vt 0.609807 0.252483
vt 0.609567 0.254085
vt 0.600000 0.250000
vt 0.609309 0.250000
vt 0.625000 0.252564
vt 0.625000 0.254085
vt 0.619717 0.249801
vt 0.600000 0.249056
vt 0.609567 0.249056
vt 0.609807 0.249427
vt 0.600000 0.249417
vt 0.625000 0.249056
vt 0.625000 0.249408
vt 0.370915 0.749056
vt 0.372478 0.749056
vt 0.372517 0.749427
vt 0.370915 0.749417
vt 0.375000 0.749056
vt 0.375000 0.749408
vt 0.373718 0.751282
vt 0.372957 0.752043
vt 0.378522 0.750443
vt 0.400000 0.749056
vt 0.400000 0.749417
vt 0.390193 0.749427
vt 0.390433 0.749056
vt 0.400000 0.750000
vt 0.390691 0.750000
vt 0.400000 0.754085
vt 0.390433 0.754085
vt 0.390193 0.752483
vt 0.400000 0.752522
vt 0.629085 0.749056
vt 0.629085 0.749417
vt 0.627483 0.749426
vt 0.627522 0.749056
vt 0.627043 0.752043
vt 0.626282 0.751282
vt 0.625000 0.749408
vt 0.625000 0.749056
vt 0.622054 0.749867
vt 0.600000 0.754085
vt 0.600000 0.752522
vt 0.609807 0.752483
vt 0.609567 0.754085
vt 0.600000 0.750000
vt 0.609309 0.750000
vt 0.600000 0.749056
vt 0.609567 0.749056
vt 0.609807 0.749426
vt 0.600000 0.749417
vt 0.370915 0.500944
vt 0.370915 0.500583
vt 0.372517 0.500574
vt 0.372478 0.500944
vt 0.372957 0.497957
vt 0.373718 0.498718
vt 0.375000 0.500592
vt 0.375000 0.500944
vt 0.377947 0.500133
vt 0.400000 0.495915
vt 0.400000 0.497478
vt 0.390193 0.497517
vt 0.390433 0.495915
vt 0.400000 0.500000
vt 0.390691 0.500000
vt 0.400000 0.500944
vt 0.390433 0.500944
vt 0.390193 0.500574
vt 0.400000 0.500583
vt 0.629085 0.500944
vt 0.627522 0.500944
vt 0.627483 0.500573
vt 0.629085 0.500583
vt 0.625000 0.500944
vt 0.625000 0.500592
vt 0.626282 0.498718
vt 0.627043 0.497957
vt 0.621478 0.499557
vt 0.600000 0.500944
vt 0.600000 0.500583
vt 0.609807 0.500574
vt 0.609567 0.500944
vt 0.600000 0.500000
vt 0.609309 0.500000
vt 0.600000 0.495915
vt 0.609567 0.495915
vt 0.609807 0.497517
vt 0.600000 0.497478
s 0
usemtl PCB
f 2417/2945/2325 2420/2946/2325 2423/2947/2325 2422/2948/2325
f 2420/2946/2326 2421/2949/2326 2424/2950/2326 2423/2947/2326
f 2422/2948/2327 2423/2947/2327 2435/2951/2327 2432/2952/2327
f 2423/2947/2328 2424/2950/2328 2425/2953/2328 2435/2951/2328
f 2418/2954/2329 2426/2955/2329 2429/2956/2329 2428/2957/2329
f 2426/2955/2330 2427/2958/2330 2430/2959/2330 2429/2956/2330
f 2428/2957/2331 2429/2956/2331 2424/2960/2331 2421/2961/2331
f 2429/2956/2332 2430/2959/2332 2425/2962/2332 2424/2960/2332
f 2419/2963/2333 2431/2964/2333 2434/2965/2333 2433/2966/2333
f 2431/2964/2334 2432/2967/2334 2435/2968/2334 2434/2965/2334
f 2433/2966/2335 2434/2965/2335 2430/2969/2335 2427/2970/2335
f 2434/2965/2336 2435/2968/2336 2425/2971/2336 2430/2969/2336
f 2436/2972/2337 2439/2973/2337 2442/2974/2337 2441/2975/2337
f 2439/2973/2338 2440/2976/2338 2443/2977/2338 2442/2974/2338
f 2441/2975/2339 2442/2974/2339 2454/2978/2339 2451/2979/2339
f 2442/2974/2340 2443/2977/2340 2444/2980/2340 2454/2978/2340
f 2437/2981/2341 2445/2982/2341 2448/2983/2341 2447/2984/2341
f 2445/2982/2342 2446/2985/2342 2449/2986/2342 2448/2983/2342
f 2447/2984/2343 2448/2983/2343 2443/2987/2343 2440/2988/2343
f 2448/2983/2344 2449/2986/2344 2444/2989/2344 2443/2987/2344
f 2438/2990/2345 2450/2991/2345 2453/2992/2345 2452/2993/2345
f 2450/2991/2346 2451/2994/2346 2454/2995/2346 2453/2992/2346
f 2452/2993/2347 2453/2992/2347 2449/2996/2347 2446/2997/2347
f 2453/2992/2348 2454/2995/2348 2444/2998/2348 2449/2996/2348
f 2455/2999/2349 2458/3000/2349 2461/3001/2349 2460/3002/2349
f 2458/3000/2350 2459/3003/2350 2462/3004/2350 2461/3001/2350
f 2460/3002/2351 2461/3001/2351 2473/3005/2351 2470/3006/2351
f 2461/3001/2352 2462/3004/2352 2463/3007/2352 2473/3005/2352
f 2456/3008/2353 2464/3009/2353 2467/3010/2353 2466/3011/2353
f 2464/3009/2354 2465/3012/2354 2468/3013/2354 2467/3010/2354
f 2466/3011/2355 2467/3010/2355 2462/3014/2355 2459/3015/2355
f 2467/3010/2356 2468/3013/2356 2463/3016/2356 2462/3014/2356
f 2457/3017/2357 2469/3018/2357 2472/3019/2357 2471/3020/2357
f 2469/3018/2358 2470/3021/2358 2473/3022/2358 2472/3019/2358
f 2471/3020/2359 2472/3019/2359 2468/3013/2359 2465/3012/2359
f 2472/3019/2360 2473/3022/2360 2463/3016/2360 2468/3013/2360
f 2474/3023/2361 2477/3024/2361 2480/3025/2361 2479/3026/2361
f 2477/3024/2362 2478/3027/2362 2481/3028/2362 2480/3025/2362
f 2479/3026/2363 2480/3025/2363 2492/3029/2363 2489/3030/2363
f 2480/3025/2364 2481/3028/2364 2482/3031/2364 2492/3029/2364
f 2475/3032/2365 2483/3033/2365 2486/3034/2365 2485/3035/2365
f 2483/3033/2366 2484/3036/2366 2487/3037/2366 2486/3034/2366
f 2485/3035/2367 2486/3034/2367 2481/3038/2367 2478/3039/2367
f 2486/3034/2368 2487/3037/2368 2482/3040/2368 2481/3038/2368
f 2476/3041/2369 2488/3042/2369 2491/3043/2369 2490/3044/2369
f 2488/3042/2370 2489/3045/2370 2492/3046/2370 2491/3043/2370
f 2490/3044/2371 2491/3043/2371 2487/3037/2371 2484/3036/2371
f 2491/3043/2372 2492/3046/2372 2482/3040/2372 2487/3037/2372
f 2493/3047/2373 2496/3048/2373 2499/3049/2373 2498/3050/2373
f 2496/3048/2374 2497/3051/2374 2500/3052/2374 2499/3049/2374
f 2498/3050/2375 2499/3049/2375 2511/3053/2375 2508/3054/2375
f 2499/3049/2376 2500/3052/2376 2501/3055/2376 2511/3053/2376
f 2494/3056/2377 2502/3057/2377 2505/3058/2377 2504/3059/2377
f 2502/3057/2378 2503/3060/2378 2506/3061/2378 2505/3058/2378
f 2504/3059/2379 2505/3058/2379 2500/3052/2379 2497/3051/2379
f 2505/3058/2380 2506/3061/2380 2501/3055/2380 2500/3052/2380
f 2495/3062/2381 2507/3063/2381 2510/3064/2381 2509/3065/2381
f 2507/3063/2382 2508/3054/2382 2511/3053/2382 2510/3064/2382
f 2509/3065/2383 2510/3064/2383 2506/3061/2383 2503/3060/2383
f 2510/3064/2384 2511/3053/2384 2501/3055/2384 2506/3061/2384
f 2512/3066/2385 2515/3067/2385 2518/3068/2385 2517/3069/2385
f 2515/3067/2386 2516/3070/2386 2519/3071/2386 2518/3068/2386
f 2517/3069/2387 2518/3068/2387 2530/3072/2387 2527/3073/2387
f 2518/3068/2388 2519/3071/2388 2520/3074/2388 2530/3072/2388
f 2513/3075/2389 2521/3076/2389 2524/3077/2389 2523/3078/2389
f 2521/3076/2390 2522/3079/2390 2525/3080/2390 2524/3077/2390
f 2523/3078/2391 2524/3077/2391 2519/3071/2391 2516/3070/2391
f 2524/3077/2392 2525/3080/2392 2520/3074/2392 2519/3071/2392
f 2514/3081/2393 2526/3082/2393 2529/3083/2393 2528/3084/2393
f 2526/3082/2394 2527/3073/2394 2530/3072/2394 2529/3083/2394
f 2528/3084/2395 2529/3083/2395 2525/3080/2395 2522/3079/2395
f 2529/3083/2396 2530/3072/2396 2520/3074/2396 2525/3080/2396
f 2531/3085/2397 2534/3086/2397 2537/3087/2397 2536/3088/2397
f 2534/3086/2398 2535/3089/2398 2538/3090/2398 2537/3087/2398
f 2536/3088/2399 2537/3087/2399 2549/3091/2399 2546/3092/2399
f 2537/3087/2400 2538/3090/2400 2539/3093/2400 2549/3091/2400
f 2532/3094/2401 2540/3095/2401 2543/3096/2401 2542/3097/2401
f 2540/3095/2402 2541/3098/2402 2544/3099/2402 2543/3096/2402
f 2542/3097/2403 2543/3096/2403 2538/3090/2403 2535/3089/2403
f 2543/3096/2404 2544/3099/2404 2539/3093/2404 2538/3090/2404
f 2533/3100/2405 2545/3101/2405 2548/3102/2405 2547/3103/2405
f 2545/3101/2406 2546/3092/2406 2549/3091/2406 2548/3102/2406
f 2547/3103/2407 2548/3102/2407 2544/3099/2407 2541/3098/2407
f 2548/3102/2408 2549/3091/2408 2539/3093/2408 2544/3099/2408
f 2550/3104/2409 2553/3105/2409 2556/3106/2409 2555/3107/2409
f 2553/3105/2410 2554/3108/2410 2557/3109/2410 2556/3106/2410
f 2555/3107/2411 2556/3106/2411 2568/3110/2411 2565/3111/2411
f 2556/3106/2412 2557/3109/2412 2558/3112/2412 2568/3110/2412
f 2551/3113/2413 2559/3114/2413 2562/3115/2413 2561/3116/2413
f 2559/3114/2414 2560/3117/2414 2563/3118/2414 2562/3115/2414
f 2561/3116/2415 2562/3115/2415 2557/3109/2415 2554/3108/2415
f 2562/3115/2416 2563/3118/2416 2558/3112/2416 2557/3109/2416
f 2552/3119/2417 2564/3120/2417 2567/3121/2417 2566/3122/2417
f 2564/3120/2418 2565/3111/2418 2568/3110/2418 2567/3121/2418
f 2566/3122/2419 2567/3121/2419 2563/3118/2419 2560/3117/2419
f 2567/3121/2420 2568/3110/2420 2558/3112/2420 2563/3118/2420
f 2455/2999/2421 2417/2945/2421 2422/2948/2421 2458/3000/2421
f 2458/3000/2422 2422/2948/2422 2432/2952/2422 2459/3003/2422
f 2459/3015/2423 2432/2967/2423 2431/2964/2423 2466/3011/2423
f 2466/3011/2424 2431/2964/2424 2419/2963/2424 2456/3008/2424
f 2418/2954/2425 2436/2972/2425 2441/2975/2425 2426/2955/2425
f 2426/2955/2426 2441/2975/2426 2451/2979/2426 2427/2958/2426
f 2427/2970/2427 2451/2994/2427 2450/2991/2427 2433/2966/2427
f 2433/2966/2428 2450/2991/2428 2438/2990/2428 2419/2963/2428
f 2437/2981/2429 2474/3023/2429 2479/3026/2429 2445/2982/2429
f 2445/2982/2430 2479/3026/2430 2489/3030/2430 2446/2985/2430
f 2446/2997/2431 2489/3045/2431 2488/3042/2431 2452/2993/2431
f 2452/2993/2432 2488/3042/2432 2476/3041/2432 2438/2990/2432
f 2475/3032/2433 2457/3017/2433 2471/3020/2433 2483/3033/2433
f 2483/3033/2434 2471/3020/2434 2465/3012/2434 2484/3036/2434
f 2484/3036/2435 2465/3012/2435 2464/3009/2435 2490/3044/2435
f 2490/3044/2436 2464/3009/2436 2456/3008/2436 2476/3041/2436
f 2531/3085/2437 2455/2999/2437 2460/3002/2437 2534/3086/2437
f 2534/3086/2438 2460/3002/2438 2470/3006/2438 2535/3089/2438
f 2535/3089/2439 2470/3021/2439 2469/3018/2439 2542/3097/2439
f 2542/3097/2440 2469/3018/2440 2457/3017/2440 2532/3094/2440
f 2474/3023/2441 2550/3104/2441 2555/3107/2441 2477/3024/2441
f 2477/3024/2442 2555/3107/2442 2565/3111/2442 2478/3027/2442
f 2478/3039/2443 2565/3111/2443 2564/3120/2443 2485/3035/2443
f 2485/3035/2444 2564/3120/2444 2552/3119/2444 2475/3032/2444
f 2551/3113/2445 2533/3100/2445 2547/3103/2445 2559/3114/2445
f 2559/3114/2446 2547/3103/2446 2541/3098/2446 2560/3117/2446
f 2560/3117/2447 2541/3098/2447 2540/3095/2447 2566/3122/2447
f 2566/3122/2448 2540/3095/2448 2532/3094/2448 2552/3119/2448
f 2493/3047/2449 2531/3085/2449 2536/3088/2449 2496/3048/2449
f 2496/3048/2450 2536/3088/2450 2546/3092/2450 2497/3051/2450
f 2497/3051/2451 2546/3092/2451 2545/3101/2451 2504/3059/2451
f 2504/3059/2452 2545/3101/2452 2533/3100/2452 2494/3056/2452
f 2550/3104/2453 2512/3066/2453 2517/3069/2453 2553/3105/2453
f 2553/3105/2454 2517/3069/2454 2527/3073/2454 2554/3108/2454
f 2554/3108/2455 2527/3073/2455 2526/3082/2455 2561/3116/2455
f 2561/3116/2456 2526/3082/2456 2514/3081/2456 2551/3113/2456
f 2513/3075/2457 2495/3062/2457 2509/3065/2457 2521/3076/2457
f 2521/3076/2458 2509/3065/2458 2503/3060/2458 2522/3079/2458
f 2522/3079/2459 2503/3060/2459 2502/3057/2459 2528/3084/2459
f 2528/3084/2460 2502/3057/2460 2494/3056/2460 2514/3081/2460
f 2417/2945/2461 2493/3047/2461 2498/3050/2461 2420/2946/2461
f 2420/2946/2462 2498/3050/2462 2508/3054/2462 2421/2949/2462
f 2421/2961/2463 2508/3054/2463 2507/3063/2463 2428/2957/2463
f 2428/2957/2464 2507/3063/2464 2495/3062/2464 2418/2954/2464
f 2512/3066/2465 2437/2981/2465 2447/2984/2465 2515/3067/2465
f 2515/3067/2466 2447/2984/2466 2440/2988/2466 2516/3070/2466
f 2516/3070/2467 2440/2976/2467 2439/2973/2467 2523/3078/2467
f 2523/3078/2468 2439/2973/2468 2436/2972/2468 2513/3075/2468
f 2455/2999/2469 2531/3085/2469 2493/3047/2469 2417/2945/2469
f 2419/2963/2470 2438/2990/2470 2476/3041/2470 2456/3008/2470
f 2495/3062/2471 2513/3075/2471 2436/2972/2471 2418/2954/2471
f 2550/3104/2472 2474/3023/2472 2437/2981/2472 2512/3066/2472
f 2457/3017/2473 2475/3032/2473 2552/3119/2473 2532/3094/2473
f 2533/3100/2474 2551/3113/2474 2514/3081/2474 2494/3056/2474
o 27_Processor
v 0.005500 0.001450 -0.012600
v 0.005500 0.001550 -0.012500
v 0.005400 0.001550 -0.012600
v 0.005500 0.001458 -0.012562
v 0.005500 0.001479 -0.012529
v 0.005462 0.001458 -0.012600
v 0.005461 0.001467 -0.012561
v 0.005463 0.001484 -0.012534
v 0.005442 0.001492 -0.012542
v 0.005462 0.001550 -0.012508
v 0.005429 0.001550 -0.012529
v 0.005500 0.001512 -0.012508
v 0.005461 0.001511 -0.012517
v 0.005434 0.001513 -0.012534
v 0.005408 0.001512 -0.012600
v 0.005429 0.001479 -0.012600
v 0.005408 0.001550 -0.012562
v 0.005417 0.001511 -0.012561
v 0.005434 0.001484 -0.012563
v 0.005500 0.002350 -0.012500
v 0.005500 0.002450 -0.012600
v 0.005400 0.002350 -0.012600
v 0.005500 0.002388 -0.012508
v 0.005500 0.002421 -0.012529
v 0.005462 0.002350 -0.012508
v 0.005461 0.002389 -0.012517
v 0.005463 0.002416 -0.012534
v 0.005442 0.002408 -0.012542
v 0.005462 0.002442 -0.012600
v 0.005429 0.002421 -0.012600
v 0.005500 0.002442 -0.012562
v 0.005461 0.002433 -0.012561
v 0.005434 0.002416 -0.012563
v 0.005408 0.002350 -0.012562
v 0.005429 0.002350 -0.012529
v 0.005408 0.002388 -0.012600
v 0.005417 0.002389 -0.012561
v 0.005434 0.002387 -0.012534
v 0.005500 0.001450 -0.027400
v 0.005400 0.001550 -0.027400
v 0.005500 0.001550 -0.027500
v 0.005462 0.001458 -0.027400
v 0.005429 0.001479 -0.027400
v 0.005500 0.001458 -0.027438
v 0.005461 0.001467 -0.027439
v 0.005434 0.001484 -0.027437
v 0.005442 0.001492 -0.027458
v 0.005408 0.001550 -0.027438
v 0.005429 0.001550 -0.027471
v 0.005408 0.001512 -0.027400
v 0.005417 0.001511 -0.027439
v 0.005434 0.001513 -0.027466
v 0.005500 0.001512 -0.027492
v 0.005500 0.001479 -0.027471
v 0.005462 0.001550 -0.027492
v 0.005461 0.001511 -0.027483
v 0.005463 0.001484 -0.027466
v 0.005500 0.002450 -0.027400
v 0.005500 0.002350 -0.027500
v 0.005400 0.002350 -0.027400
v 0.005500 0.002442 -0.027438
v 0.005500 0.002421 -0.027471
v 0.005462 0.002442 -0.027400
v 0.005461 0.002433 -0.027439
v 0.005463 0.002416 -0.027466
v 0.005442 0.002408 -0.027458
v 0.005462 0.002350 -0.027492
v 0.005429 0.002350 -0.027471
v 0.005500 0.002388 -0.027492
v 0.005461 0.002389 -0.027483
v 0.005434 0.002387 -0.027466
v 0.005408 0.002388 -0.027400
v 0.005429 0.002421 -0.027400
v 0.005408 0.002350 -0.027438
v 0.005417 0.002389 -0.027439
v 0.005434 0.002416 -0.027437
v 0.020300 0.001450 -0.012600
v 0.020400 0.001550 -0.012600
v 0.020300 0.001550 -0.012500
v 0.020338 0.001458 -0.012600
v 0.020371 0.001479 -0.012600
v 0.020300 0.001458 -0.012562
v 0.020339 0.001467 -0.012561
v 0.020366 0.001484 -0.012563
v 0.020358 0.001492 -0.012542
v 0.020392 0.001550 -0.012562
v 0.020371 0.001550 -0.012529
v 0.020392 0.001512 -0.012600
v 0.020383 0.001511 -0.012561
v 0.020366 0.001513 -0.012534
v 0.020300 0.001512 -0.012508
v 0.020300 0.001479 -0.012529
v 0.020338 0.001550 -0.012508
v 0.020339 0.001511 -0.012517
v 0.020337 0.001484 -0.012534
v 0.020300 0.002450 -0.012600
v 0.020300 0.002350 -0.012500
v 0.020400 0.002350 -0.012600
v 0.020300 0.002442 -0.012562
v 0.020300 0.002421 -0.012529
v 0.020338 0.002442 -0.012600
v 0.020339 0.002433 -0.012561
v 0.020337 0.002416 -0.012534
v 0.020358 0.002408 -0.012542
v 0.020338 0.002350 -0.012508
v 0.020371 0.002350 -0.012529
v 0.020300 0.002388 -0.012508
v 0.020339 0.002389 -0.012517
v 0.020366 0.002387 -0.012534
v 0.020392 0.002388 -0.012600
v 0.020371 0.002421 -0.012600
v 0.020392 0.002350 -0.012562
v 0.020383 0.002389 -0.012561
v 0.020366 0.002416 -0.012563
v 0.020300 0.001450 -0.027400
v 0.020300 0.001550 -0.027500
v 0.020400 0.001550 -0.027400
v 0.020300 0.001458 -0.027438
v 0.020300 0.001479 -0.027471
v 0.020338 0.001458 -0.027400
v 0.020339 0.001467 -0.027439
v 0.020337 0.001484 -0.027466
v 0.020358 0.001492 -0.027458
v 0.020338 0.001550 -0.027492
v 0.020371 0.001550 -0.027471
v 0.020300 0.001512 -0.027492
v 0.020339 0.001511 -0.027483
v 0.020366 0.001513 -0.027466
v 0.020392 0.001512 -0.027400
v 0.020371 0.001479 -0.027400
v 0.020392 0.001550 -0.027438
v 0.020383 0.001511 -0.027439
v 0.020366 0.001484 -0.027437
v 0.020300 0.002450 -0.027400
v 0.020400 0.002350 -0.027400
v 0.020300 0.002350 -0.027500
v 0.020338 0.002442 -0.027400
v 0.020371 0.002421 -0.027400
v 0.020300 0.002442 -0.027438
v 0.020339 0.002433 -0.027439
v 0.020366 0.002416 -0.027437
v 0.020358 0.002408 -0.027458
v 0.020392 0.002350 -0.027438
v 0.020371 0.002350 -0.027471
v 0.020392 0.002388 -0.027400
v 0.020383 0.002389 -0.027439
v 0.020366 0.002387 -0.027466
v 0.020300 0.002388 -0.027492
v 0.020300 0.002421 -0.027471
v 0.020338 0.002350 -0.027492
v 0.020339 0.002389 -0.027483
v 0.020337 0.002416 -0.027466
vn -0.2049 -0.9571 0.2049
vn -0.1818 -0.8152 0.5499
vn -0.5500 -0.8152 0.1818
vn -0.4931 -0.7167 0.4931
vn -0.2049 -0.2049 0.9571
vn -0.5500 -0.1818 0.8152
vn -0.1818 -0.5500 0.8152
vn -0.4931 -0.4931 0.7167
vn -0.9571 -0.2049 0.2049
vn -0.8152 -0.5500 0.1818
vn -0.8152 -0.1818 0.5500
vn -0.7167 -0.4931 0.4931
vn -0.2049 0.2049 0.9571
vn -0.1818 0.5499 0.8152
vn -0.5500 0.1818 0.8152
vn -0.4931 0.4931 0.7167
vn -0.2049 0.9571 0.2049
vn -0.5500 0.8152 0.1818
vn -0.1818 0.8152 0.5499
vn -0.4931 0.7167 0.4931
vn -0.9571 0.2049 0.2049
vn -0.8152 0.1818 0.5500
vn -0.8152 0.5500 0.1818
vn -0.7167 0.4931 0.4931
vn -0.2049 -0.9571 -0.2049
vn -0.5500 -0.8152 -0.1818
vn -0.1818 -0.8152 -0.5499
vn -0.4931 -0.7167 -0.4931
vn -0.9571 -0.2049 -0.2049
vn -0.8152 -0.1818 -0.5500
vn -0.8152 -0.5500 -0.1818
vn -0.7167 -0.4931 -0.4931
vn -0.2049 -0.2049 -0.9571
vn -0.1818 -0.5499 -0.8152
vn -0.5500 -0.1818 -0.8152
vn -0.4931 -0.4931 -0.7167
vn -0.2049 0.9571 -0.2049
vn -0.1818 0.8152 -0.5499
vn -0.5500 0.8152 -0.1818
vn -0.4931 0.7167 -0.4931
vn -0.2049 0.2049 -0.9571
vn -0.5500 0.1818 -0.8152
vn -0.1818 0.5500 -0.8152
vn -0.4931 0.4931 -0.7167
vn -0.9571 0.2049 -0.2049
vn -0.8152 0.5500 -0.1818
vn -0.8152 0.1818 -0.5500
vn -0.7167 0.4931 -0.4931
vn 0.2049 -0.9571 0.2049
vn 0.5500 -0.8152 0.1818
vn 0.1818 -0.8152 0.5499
vn 0.4931 -0.7167 0.4931
vn 0.9571 -0.2049 0.2049
vn 0.8152 -0.1818 0.5500
vn 0.8152 -0.5500 0.1818
vn 0.7167 -0.4931 0.4931
vn 0.2049 -0.2049 0.9571
vn 0.1818 -0.5499 0.8152
vn 0.5500 -0.1818 0.8152
vn 0.4931 -0.4931 0.7167
vn 0.2049 0.9571 0.2049
vn 0.1818 0.8152 0.5499
vn 0.5500 0.8152 0.1818
vn 0.4931 0.7167 0.4931
vn 0.2049 0.2049 0.9571
vn 0.5500 0.1818 0.8152
vn 0.1818 0.5500 0.8152
vn 0.4931 0.4931 0.7167
vn 0.9571 0.2049 0.2049
vn 0.8152 0.5500 0.1818
vn 0.8152 0.1818 0.5500
vn 0.7167 0.4931 0.4931
vn 0.2049 -0.9571 -0.2049
vn 0.1818 -0.8152 -0.5499
vn 0.5500 -0.8152 -0.1818
vn 0.4931 -0.7167 -0.4931
vn 0.2049 -0.2049 -0.9571
vn 0.5500 -0.1818 -0.8152
vn 0.1818 -0.5500 -0.8152
vn 0.4931 -0.4931 -0.7167
vn 0.9571 -0.2049 -0.2049
vn 0.8152 -0.5500 -0.1818
vn 0.8152 -0.1818 -0.5500
vn 0.7167 -0.4931 -0.4931
vn 0.2049 0.9571 -0.2049
vn 0.5500 0.8152 -0.1818
vn 0.1818 0.8152 -0.5499
vn 0.4931 0.7167 -0.4931
vn 0.9571 0.2049 -0.2049
vn 0.8152 0.1818 -0.5500
vn 0.8152 0.5500 -0.1818
vn 0.7167 0.4931 -0.4931
vn 0.2049 0.2049 -0.9571
vn 0.1818 0.5499 -0.8152
vn 0.5500 0.1818 -0.8152
vn 0.4931 0.4931 -0.7167
vn -0.1951 -0.9808 -0.0000
vn -0.5556 -0.8315 -0.0000
vn -0.8315 -0.5556 -0.0000
vn -0.9808 -0.1951 -0.0000
vn -0.1951 -0.0000 0.9808
vn -0.5556 -0.0000 0.8315
vn -0.8315 -0.0000 0.5556
vn -0.9808 -0.0000 0.1951
vn -0.1951 0.9808 -0.0000
vn -0.5556 0.8315 -0.0000
vn -0.8315 0.5556 -0.0000
vn -0.9808 0.1951 -0.0000
vn -0.1951 -0.0000 -0.9808
vn -0.5556 -0.0000 -0.8315
vn -0.8315 -0.0000 -0.5556
vn -0.9808 -0.0000 -0.1951
vn -0.0000 -0.9808 -0.1951
vn -0.0000 -0.8315 -0.5556
vn -0.0000 -0.5556 -0.8315
vn -0.0000 -0.1951 -0.9808
vn -0.0000 0.9808 -0.1951
vn -0.0000 0.8315 -0.5556
vn -0.0000 0.5556 -0.8315
vn -0.0000 0.1951 -0.9808
vn 0.9808 -0.0000 -0.1951
vn 0.8315 -0.0000 -0.5556
vn 0.5556 -0.0000 -0.8315
vn 0.1951 -0.0000 -0.9808
vn 0.1951 -0.9808 -0.0000
vn 0.5556 -0.8315 -0.0000
vn 0.8315 -0.5556 -0.0000
vn 0.9808 -0.1951 -0.0000
vn 0.1951 0.9808 -0.0000
vn 0.5556 0.8315 -0.0000
vn 0.8315 0.5556 -0.0000
vn 0.9808 0.1951 -0.0000
vn 0.1951 -0.0000 0.9808
vn 0.5556 -0.0000 0.8315
vn 0.8315 -0.0000 0.5556
vn 0.9808 -0.0000 0.1951
vn -0.0000 -0.9808 0.1951
vn -0.0000 -0.8315 0.5556
vn -0.0000 -0.5556 0.8315
vn -0.0000 -0.1951 0.9808
vn -0.0000 0.9808 0.1951
vn -0.0000 0.8315 0.5556
vn -0.0000 0.5556 0.8315
vn -0.0000 0.1951 0.9808
vn -0.0000 -1.0000 -0.0000
vn -1.0000 -0.0000 -0.0000
vn -0.0000 -0.0000 1.0000
vn -0.0000 1.0000 -0.0000
vn -0.0000 -0.0000 -1.0000
vn 1.0000 -0.0000 -0.0000
vt 0.126667 0.748333
vt 0.126667 0.748971
vt 0.126013 0.748987
vt 0.126029 0.748333
vt 0.126667 0.750000
vt 0.126046 0.750000
vt 0.125000 0.748954
vt 0.125000 0.748333
vt 0.125704 0.750000
vt 0.400000 0.998333
vt 0.400000 0.998971
vt 0.390193 0.998987
vt 0.390433 0.998333
vt 0.400000 1.000000
vt 0.390691 1.000000
vt 0.375000 0.998954
vt 0.375000 0.998333
vt 0.385566 1.000000
vt 0.400000 0.001667
vt 0.390433 0.001667
vt 0.390193 0.001013
vt 0.400000 0.001029
vt 0.375000 0.001667
vt 0.375000 0.001046
vt 0.390691 0.000000
vt 0.400000 0.000000
vt 0.375000 0.000704
vt 0.600000 0.998333
vt 0.609567 0.998333
vt 0.609807 0.998987
vt 0.600000 0.998971
vt 0.625000 0.998333
vt 0.625000 0.998954
vt 0.609309 1.000000
vt 0.600000 1.000000
vt 0.625000 0.999296
vt 0.873333 0.748333
vt 0.873971 0.748333
vt 0.873987 0.748987
vt 0.873333 0.748971
vt 0.875000 0.748333
vt 0.875000 0.748954
vt 0.873954 0.750000
vt 0.873333 0.750000
vt 0.875000 0.749296
vt 0.600000 0.001667
vt 0.600000 0.001029
vt 0.609807 0.001013
vt 0.609567 0.001667
vt 0.600000 0.000000
vt 0.609309 0.000000
vt 0.625000 0.001046
vt 0.625000 0.001667
vt 0.614434 0.000000
vt 0.126667 0.501667
vt 0.126029 0.501667
vt 0.126013 0.501013
vt 0.126667 0.501029
vt 0.125000 0.501667
vt 0.125000 0.501046
vt 0.126046 0.500000
vt 0.126667 0.500000
vt 0.125000 0.500704
vt 0.400000 0.248333
vt 0.400000 0.248971
vt 0.390193 0.248987
vt 0.390433 0.248333
vt 0.400000 0.250000
vt 0.390691 0.250000
vt 0.375000 0.248954
vt 0.375000 0.248333
vt 0.380283 0.250352
vt 0.400000 0.251667
vt 0.390433 0.251667
vt 0.390193 0.251013
vt 0.400000 0.251029
vt 0.375000 0.251667
vt 0.375000 0.251046
vt 0.873333 0.501667
vt 0.873333 0.501029
vt 0.873987 0.501013
vt 0.873971 0.501667
vt 0.873333 0.500000
vt 0.873954 0.500000
vt 0.875000 0.501046
vt 0.875000 0.501667
vt 0.874296 0.500000
vt 0.600000 0.251667
vt 0.600000 0.251029
vt 0.609807 0.251013
vt 0.609567 0.251667
vt 0.600000 0.250000
vt 0.609309 0.250000
vt 0.625000 0.251046
vt 0.625000 0.251667
vt 0.619717 0.249648
vt 0.600000 0.248333
vt 0.609567 0.248333
vt 0.609807 0.248987
vt 0.600000 0.248971
vt 0.625000 0.248333
vt 0.625000 0.248954
vt 0.373333 0.748333
vt 0.373971 0.748333
vt 0.373987 0.748987
vt 0.373333 0.748971
vt 0.375000 0.748333
vt 0.375000 0.748954
vt 0.374477 0.750523
vt 0.374167 0.750833
vt 0.378522 0.750000
vt 0.400000 0.748333
vt 0.400000 0.748971
vt 0.390193 0.748987
vt 0.390433 0.748333
vt 0.400000 0.750000
vt 0.390691 0.750000
vt 0.400000 0.751667
vt 0.390433 0.751667
vt 0.390193 0.751013
vt 0.400000 0.751029
vt 0.626667 0.748333
vt 0.626667 0.748971
vt 0.626013 0.748987
vt 0.626029 0.748333
vt 0.625833 0.750833
vt 0.625523 0.750523
vt 0.625000 0.748954
vt 0.625000 0.748333
vt 0.621713 0.749765
vt 0.600000 0.751667
vt 0.600000 0.751029
vt 0.609807 0.751013
vt 0.609567 0.751667
vt 0.600000 0.750000
vt 0.609309 0.750000
vt 0.600000 0.748333
vt 0.609567 0.748333
vt 0.609807 0.748987
vt 0.600000 0.748971
vt 0.373333 0.501667
vt 0.373333 0.501029
vt 0.373987 0.501013
vt 0.373971 0.501667
vt 0.374167 0.499167
vt 0.374477 0.499477
vt 0.375000 0.501046
vt 0.375000 0.501667
vt 0.378287 0.500235
vt 0.400000 0.498333
vt 0.400000 0.498971
vt 0.390193 0.498987
vt 0.390433 0.498333
vt 0.400000 0.500000
vt 0.390691 0.500000
vt 0.400000 0.501667
vt 0.390433 0.501667
vt 0.390193 0.501013
vt 0.400000 0.501029
vt 0.626667 0.501667
vt 0.626029 0.501667
vt 0.626013 0.501013
vt 0.626667 0.501029
vt 0.625000 0.501667
vt 0.625000 0.501046
vt 0.625523 0.499477
vt 0.625833 0.499167
vt 0.621478 0.500000
vt 0.600000 0.501667
vt 0.600000 0.501029
vt 0.609807 0.501013
vt 0.609567 0.501667
vt 0.600000 0.500000
vt 0.609309 0.500000
vt 0.600000 0.498333
vt 0.609567 0.498333
vt 0.609807 0.498987
vt 0.600000 0.498971
s 0
usemtl Steel
f 2569/3123/2475 2572/3124/2475 2575/3125/2475 2574/3126/2475
f 2572/3124/2476 2573/3127/2476 2576/3128/2476 2575/3125/2476
f 2574/3126/2477 2575/3125/2477 2587/3129/2477 2584/3130/2477
f 2575/3125/2478 2576/3128/2478 2577/3131/2478 2587/3129/2478
f 2570/3132/2479 2578/3133/2479 2581/3134/2479 2580/3135/2479
f 2578/3133/2480 2579/3136/2480 2582/3137/2480 2581/3134/2480
f 2580/3135/2481 2581/3134/2481 2576/3138/2481 2573/3139/2481
f 2581/3134/2482 2582/3137/2482 2577/3140/2482 2576/3138/2482
f 2571/3141/2483 2583/3142/2483 2586/3143/2483 2585/3144/2483
f 2583/3142/2484 2584/3145/2484 2587/3146/2484 2586/3143/2484
f 2585/3144/2485 2586/3143/2485 2582/3147/2485 2579/3148/2485
f 2586/3143/2486 2587/3146/2486 2577/3149/2486 2582/3147/2486
f 2588/3150/2487 2591/3151/2487 2594/3152/2487 2593/3153/2487
f 2591/3151/2488 2592/3154/2488 2595/3155/2488 2594/3152/2488
f 2593/3153/2489 2594/3152/2489 2606/3156/2489 2603/3157/2489
f 2594/3152/2490 2595/3155/2490 2596/3158/2490 2606/3156/2490
f 2589/3159/2491 2597/3160/2491 2600/3161/2491 2599/3162/2491
f 2597/3160/2492 2598/3163/2492 2601/3164/2492 2600/3161/2492
f 2599/3162/2493 2600/3161/2493 2595/3165/2493 2592/3166/2493
f 2600/3161/2494 2601/3164/2494 2596/3167/2494 2595/3165/2494
f 2590/3168/2495 2602/3169/2495 2605/3170/2495 2604/3171/2495
f 2602/3169/2496 2603/3172/2496 2606/3173/2496 2605/3170/2496
f 2604/3171/2497 2605/3170/2497 2601/3174/2497 2598/3175/2497
f 2605/3170/2498 2606/3173/2498 2596/3176/2498 2601/3174/2498
f 2607/3177/2499 2610/3178/2499 2613/3179/2499 2612/3180/2499
f 2610/3178/2500 2611/3181/2500 2614/3182/2500 2613/3179/2500
f 2612/3180/2501 2613/3179/2501 2625/3183/2501 2622/3184/2501
f 2613/3179/2502 2614/3182/2502 2615/3185/2502 2625/3183/2502
f 2608/3186/2503 2616/3187/2503 2619/3188/2503 2618/3189/2503
f 2616/3187/2504 2617/3190/2504 2620/3191/2504 2619/3188/2504
f 2618/3189/2505 2619/3188/2505 2614/3192/2505 2611/3193/2505
f 2619/3188/2506 2620/3191/2506 2615/3194/2506 2614/3192/2506
f 2609/3195/2507 2621/3196/2507 2624/3197/2507 2623/3198/2507
f 2621/3196/2508 2622/3199/2508 2625/3200/2508 2624/3197/2508
f 2623/3198/2509 2624/3197/2509 2620/3191/2509 2617/3190/2509
f 2624/3197/2510 2625/3200/2510 2615/3194/2510 2620/3191/2510
f 2626/3201/2511 2629/3202/2511 2632/3203/2511 2631/3204/2511
f 2629/3202/2512 2630/3205/2512 2633/3206/2512 2632/3203/2512
f 2631/3204/2513 2632/3203/2513 2644/3207/2513 2641/3208/2513
f 2632/3203/2514 2633/3206/2514 2634/3209/2514 2644/3207/2514
f 2627/3210/2515 2635/3211/2515 2638/3212/2515 2637/3213/2515
f 2635/3211/2516 2636/3214/2516 2639/3215/2516 2638/3212/2516
f 2637/3213/2517 2638/3212/2517 2633/3216/2517 2630/3217/2517
f 2638/3212/2518 2639/3215/2518 2634/3218/2518 2633/3216/2518
f 2628/3219/2519 2640/3220/2519 2643/3221/2519 2642/3222/2519
f 2640/3220/2520 2641/3223/2520 2644/3224/2520 2643/3221/2520
f 2642/3222/2521 2643/3221/2521 2639/3215/2521 2636/3214/2521
f 2643/3221/2522 2644/3224/2522 2634/3218/2522 2639/3215/2522
f 2645/3225/2523 2648/3226/2523 2651/3227/2523 2650/3228/2523
f 2648/3226/2524 2649/3229/2524 2652/3230/2524 2651/3227/2524
f 2650/3228/2525 2651/3227/2525 2663/3231/2525 2660/3232/2525
f 2651/3227/2526 2652/3230/2526 2653/3233/2526 2663/3231/2526
f 2646/3234/2527 2654/3235/2527 2657/3236/2527 2656/3237/2527
f 2654/3235/2528 2655/3238/2528 2658/3239/2528 2657/3236/2528
f 2656/3237/2529 2657/3236/2529 2652/3230/2529 2649/3229/2529
f 2657/3236/2530 2658/3239/2530 2653/3233/2530 2652/3230/2530
f 2647/3240/2531 2659/3241/2531 2662/3242/2531 2661/3243/2531
f 2659/3241/2532 2660/3232/2532 2663/3231/2532 2662/3242/2532
f 2661/3243/2533 2662/3242/2533 2658/3239/2533 2655/3238/2533
f 2662/3242/2534 2663/3231/2534 2653/3233/2534 2658/3239/2534
f 2664/3244/2535 2667/3245/2535 2670/3246/2535 2669/3247/2535
f 2667/3245/2536 2668/3248/2536 2671/3249/2536 2670/3246/2536
f 2669/3247/2537 2670/3246/2537 2682/3250/2537 2679/3251/2537
f 2670/3246/2538 2671/3249/2538 2672/3252/2538 2682/3250/2538
f 2665/3253/2539 2673/3254/2539 2676/3255/2539 2675/3256/2539
f 2673/3254/2540 2674/3257/2540 2677/3258/2540 2676/3255/2540
f 2675/3256/2541 2676/3255/2541 2671/3249/2541 2668/3248/2541
f 2676/3255/2542 2677/3258/2542 2672/3252/2542 2671/3249/2542
f 2666/3259/2543 2678/3260/2543 2681/3261/2543 2680/3262/2543
f 2678/3260/2544 2679/3251/2544 2682/3250/2544 2681/3261/2544
f 2680/3262/2545 2681/3261/2545 2677/3258/2545 2674/3257/2545
f 2681/3261/2546 2682/3250/2546 2672/3252/2546 2677/3258/2546
f 2683/3263/2547 2686/3264/2547 2689/3265/2547 2688/3266/2547
f 2686/3264/2548 2687/3267/2548 2690/3268/2548 2689/3265/2548
f 2688/3266/2549 2689/3265/2549 2701/3269/2549 2698/3270/2549
f 2689/3265/2550 2690/3268/2550 2691/3271/2550 2701/3269/2550
f 2684/3272/2551 2692/3273/2551 2695/3274/2551 2694/3275/2551
f 2692/3273/2552 2693/3276/2552 2696/3277/2552 2695/3274/2552
f 2694/3275/2553 2695/3274/2553 2690/3268/2553 2687/3267/2553
f 2695/3274/2554 2696/3277/2554 2691/3271/2554 2690/3268/2554
f 2685/3278/2555 2697/3279/2555 2700/3280/2555 2699/3281/2555
f 2697/3279/2556 2698/3270/2556 2701/3269/2556 2700/3280/2556
f 2699/3281/2557 2700/3280/2557 2696/3277/2557 2693/3276/2557
f 2700/3280/2558 2701/3269/2558 2691/3271/2558 2696/3277/2558
f 2702/3282/2559 2705/3283/2559 2708/3284/2559 2707/3285/2559
f 2705/3283/2560 2706/3286/2560 2709/3287/2560 2708/3284/2560
f 2707/3285/2561 2708/3284/2561 2720/3288/2561 2717/3289/2561
f 2708/3284/2562 2709/3287/2562 2710/3290/2562 2720/3288/2562
f 2703/3291/2563 2711/3292/2563 2714/3293/2563 2713/3294/2563
f 2711/3292/2564 2712/3295/2564 2715/3296/2564 2714/3293/2564
f 2713/3294/2565 2714/3293/2565 2709/3287/2565 2706/3286/2565
f 2714/3293/2566 2715/3296/2566 2710/3290/2566 2709/3287/2566
f 2704/3297/2567 2716/3298/2567 2719/3299/2567 2718/3300/2567
f 2716/3298/2568 2717/3289/2568 2720/3288/2568 2719/3299/2568
f 2718/3300/2569 2719/3299/2569 2715/3296/2569 2712/3295/2569
f 2719/3299/2570 2720/3288/2570 2710/3290/2570 2715/3296/2570
f 2607/3177/2571 2569/3123/2571 2574/3126/2571 2610/3178/2571
f 2610/3178/2572 2574/3126/2572 2584/3130/2572 2611/3181/2572
f 2611/3193/2573 2584/3145/2573 2583/3142/2573 2618/3189/2573
f 2618/3189/2574 2583/3142/2574 2571/3141/2574 2608/3186/2574
f 2570/3132/2575 2588/3150/2575 2593/3153/2575 2578/3133/2575
f 2578/3133/2576 2593/3153/2576 2603/3157/2576 2579/3136/2576
f 2579/3148/2577 2603/3172/2577 2602/3169/2577 2585/3144/2577
f 2585/3144/2578 2602/3169/2578 2590/3168/2578 2571/3141/2578
f 2589/3159/2579 2626/3201/2579 2631/3204/2579 2597/3160/2579
f 2597/3160/2580 2631/3204/2580 2641/3208/2580 2598/3163/2580
f 2598/3175/2581 2641/3223/2581 2640/3220/2581 2604/3171/2581
f 2604/3171/2582 2640/3220/2582 2628/3219/2582 2590/3168/2582
f 2627/3210/2583 2609/3195/2583 2623/3198/2583 2635/3211/2583
f 2635/3211/2584 2623/3198/2584 2617/3190/2584 2636/3214/2584
f 2636/3214/2585 2617/3190/2585 2616/3187/2585 2642/3222/2585
f 2642/3222/2586 2616/3187/2586 2608/3186/2586 2628/3219/2586
f 2683/3263/2587 2607/3177/2587 2612/3180/2587 2686/3264/2587
f 2686/3264/2588 2612/3180/2588 2622/3184/2588 2687/3267/2588
f 2687/3267/2589 2622/3199/2589 2621/3196/2589 2694/3275/2589
f 2694/3275/2590 2621/3196/2590 2609/3195/2590 2684/3272/2590
f 2626/3201/2591 2702/3282/2591 2707/3285/2591 2629/3202/2591
f 2629/3202/2592 2707/3285/2592 2717/3289/2592 2630/3205/2592
f 2630/3217/2593 2717/3289/2593 2716/3298/2593 2637/3213/2593
f 2637/3213/2594 2716/3298/2594 2704/3297/2594 2627/3210/2594
f 2703/3291/2595 2685/3278/2595 2699/3281/2595 2711/3292/2595
f 2711/3292/2596 2699/3281/2596 2693/3276/2596 2712/3295/2596
f 2712/3295/2597 2693/3276/2597 2692/3273/2597 2718/3300/2597
f 2718/3300/2598 2692/3273/2598 2684/3272/2598 2704/3297/2598
f 2645/3225/2599 2683/3263/2599 2688/3266/2599 2648/3226/2599
f 2648/3226/2600 2688/3266/2600 2698/3270/2600 2649/3229/2600
f 2649/3229/2601 2698/3270/2601 2697/3279/2601 2656/3237/2601
f 2656/3237/2602 2697/3279/2602 2685/3278/2602 2646/3234/2602
f 2702/3282/2603 2664/3244/2603 2669/3247/2603 2705/3283/2603
f 2705/3283/2604 2669/3247/2604 2679/3251/2604 2706/3286/2604
f 2706/3286/2605 2679/3251/2605 2678/3260/2605 2713/3294/2605
f 2713/3294/2606 2678/3260/2606 2666/3259/2606 2703/3291/2606
f 2665/3253/2607 2647/3240/2607 2661/3243/2607 2673/3254/2607
f 2673/3254/2608 2661/3243/2608 2655/3238/2608 2674/3257/2608
f 2674/3257/2609 2655/3238/2609 2654/3235/2609 2680/3262/2609
f 2680/3262/2610 2654/3235/2610 2646/3234/2610 2666/3259/2610
f 2569/3123/2611 2645/3225/2611 2650/3228/2611 2572/3124/2611
f 2572/3124/2612 2650/3228/2612 2660/3232/2612 2573/3127/2612
f 2573/3139/2613 2660/3232/2613 2659/3241/2613 2580/3135/2613
f 2580/3135/2614 2659/3241/2614 2647/3240/2614 2570/3132/2614
f 2664/3244/2615 2589/3159/2615 2599/3162/2615 2667/3245/2615
f 2667/3245/2616 2599/3162/2616 2592/3166/2616 2668/3248/2616
f 2668/3248/2617 2592/3154/2617 2591/3151/2617 2675/3256/2617
f 2675/3256/2618 2591/3151/2618 2588/3150/2618 2665/3253/2618
f 2607/3177/2619 2683/3263/2619 2645/3225/2619 2569/3123/2619
f 2571/3141/2620 2590/3168/2620 2628/3219/2620 2608/3186/2620
f 2647/3240/2621 2665/3253/2621 2588/3150/2621 2570/3132/2621
f 2702/3282/2622 2626/3201/2622 2589/3159/2622 2664/3244/2622
f 2609/3195/2623 2627/3210/2623 2704/3297/2623 2684/3272/2623
f 2685/3278/2624 2703/3291/2624 2666/3259/2624 2646/3234/2624
o 28_RAM
v 0.008000 0.001950 -0.015100
v 0.008000 0.002050 -0.015000
v 0.007900 0.002050 -0.015100
v 0.008000 0.001958 -0.015062
v 0.008000 0.001979 -0.015029
v 0.007962 0.001958 -0.015100
v 0.007961 0.001967 -0.015061
v 0.007963 0.001984 -0.015034
v 0.007942 0.001992 -0.015042
v 0.007962 0.002050 -0.015008
v 0.007929 0.002050 -0.015029
v 0.008000 0.002012 -0.015008
v 0.007961 0.002011 -0.015017
v 0.007934 0.002013 -0.015034
v 0.007908 0.002012 -0.015100
v 0.007929 0.001979 -0.015100
v 0.007908 0.002050 -0.015062
v 0.007917 0.002011 -0.015061
v 0.007934 0.001984 -0.015063
v 0.008000 0.002850 -0.015000
v 0.008000 0.002950 -0.015100
v 0.007900 0.002850 -0.015100
v 0.008000 0.002888 -0.015008
v 0.008000 0.002921 -0.015029
v 0.007962 0.002850 -0.015008
v 0.007961 0.002889 -0.015017
v 0.007963 0.002916 -0.015034
v 0.007942 0.002908 -0.015042
v 0.007962 0.002942 -0.015100
v 0.007929 0.002921 -0.015100
v 0.008000 0.002942 -0.015062
v 0.007961 0.002933 -0.015061
v 0.007934 0.002916 -0.015063
v 0.007908 0.002850 -0.015062
v 0.007929 0.002850 -0.015029
v 0.007908 0.002888 -0.015100
v 0.007917 0.002889 -0.015061
v 0.007934 0.002887 -0.015034
v 0.008000 0.001950 -0.024900
v 0.007900 0.002050 -0.024900
v 0.008000 0.002050 -0.025000
v 0.007962 0.001958 -0.024900
v 0.007929 0.001979 -0.024900
v 0.008000 0.001958 -0.024938
v 0.007961 0.001967 -0.024939
v 0.007934 0.001984 -0.024937
v 0.007942 0.001992 -0.024958
v 0.007908 0.002050 -0.024938
v 0.007929 0.002050 -0.024971
v 0.007908 0.002012 -0.024900
v 0.007917 0.002011 -0.024939
v 0.007934 0.002013 -0.024966
v 0.008000 0.002012 -0.024992
v 0.008000 0.001979 -0.024971
v 0.007962 0.002050 -0.024992
v 0.007961 0.002011 -0.024983
v 0.007963 0.001984 -0.024966
v 0.008000 0.002950 -0.024900
v 0.008000 0.002850 -0.025000
v 0.007900 0.002850 -0.024900
v 0.008000 0.002942 -0.024938
v 0.008000 0.002921 -0.024971
v 0.007962 0.002942 -0.024900
v 0.007961 0.002933 -0.024939
v 0.007963 0.002916 -0.024966
v 0.007942 0.002908 -0.024958
v 0.007962 0.002850 -0.024992
v 0.007929 0.002850 -0.024971
v 0.008000 0.002888 -0.024992
v 0.007961 0.002889 -0.024983
v 0.007934 0.002887 -0.024966
v 0.007908 0.002888 -0.024900
v 0.007929 0.002921 -0.024900
v 0.007908 0.002850 -0.024938
v 0.007917 0.002889 -0.024939
v 0.007934 0.002916 -0.024937
v 0.017800 0.001950 -0.015100
v 0.017900 0.002050 -0.015100
v 0.017800 0.002050 -0.015000
v 0.017838 0.001958 -0.015100
v 0.017871 0.001979 -0.015100
v 0.017800 0.001958 -0.015062
v 0.017839 0.001967 -0.015061
v 0.017866 0.001984 -0.015063
v 0.017858 0.001992 -0.015042
v 0.017892 0.002050 -0.015062
v 0.017871 0.002050 -0.015029
v 0.017892 0.002012 -0.015100
v 0.017883 0.002011 -0.015061
v 0.017866 0.002013 -0.015034
v 0.017800 0.002012 -0.015008
v 0.017800 0.001979 -0.015029
v 0.017838 0.002050 -0.015008
v 0.017839 0.002011 -0.015017
v 0.017837 0.001984 -0.015034
v 0.017800 0.002950 -0.015100
v 0.017800 0.002850 -0.015000
v 0.017900 0.002850 -0.015100
v 0.017800 0.002942 -0.015062
v 0.017800 0.002921 -0.015029
v 0.017838 0.002942 -0.015100
v 0.017839 0.002933 -0.015061
v 0.017837 0.002916 -0.015034
v 0.017858 0.002908 -0.015042
v 0.017838 0.002850 -0.015008
v 0.017871 0.002850 -0.015029
v 0.017800 0.002888 -0.015008
v 0.017839 0.002889 -0.015017
v 0.017866 0.002887 -0.015034
v 0.017892 0.002888 -0.015100
v 0.017871 0.002921 -0.015100
v 0.017892 0.002850 -0.015062
v 0.017883 0.002889 -0.015061
v 0.017866 0.002916 -0.015063
v 0.017800 0.001950 -0.024900
v 0.017800 0.002050 -0.025000
v 0.017900 0.002050 -0.024900
v 0.017800 0.001958 -0.024938
v 0.017800 0.001979 -0.024971
v 0.017838 0.001958 -0.024900
v 0.017839 0.001967 -0.024939
v 0.017837 0.001984 -0.024966
v 0.017858 0.001992 -0.024958
v 0.017838 0.002050 -0.024992
v 0.017871 0.002050 -0.024971
v 0.017800 0.002012 -0.024992
v 0.017839 0.002011 -0.024983
v 0.017866 0.002013 -0.024966
v 0.017892 0.002012 -0.024900
v 0.017871 0.001979 -0.024900
v 0.017892 0.002050 -0.024938
v 0.017883 0.002011 -0.024939
v 0.017866 0.001984 -0.024937
v 0.017800 0.002950 -0.024900
v 0.017900 0.002850 -0.024900
v 0.017800 0.002850 -0.025000
v 0.017838 0.002942 -0.024900
v 0.017871 0.002921 -0.024900
v 0.017800 0.002942 -0.024938
v 0.017839 0.002933 -0.024939
v 0.017866 0.002916 -0.024937
v 0.017858 0.002908 -0.024958
v 0.017892 0.002850 -0.024938
v 0.017871 0.002850 -0.024971
v 0.017892 0.002888 -0.024900
v 0.017883 0.002889 -0.024939
v 0.017866 0.002887 -0.024966
v 0.017800 0.002888 -0.024992
v 0.017800 0.002921 -0.024971
v 0.017838 0.002850 -0.024992
v 0.017839 0.002889 -0.024983
v 0.017837 0.002916 -0.024966
vn -0.2049 -0.9571 0.2049
vn -0.1818 -0.8152 0.5499
vn -0.5500 -0.8152 0.1818
vn -0.4931 -0.7167 0.4931
vn -0.2049 -0.2049 0.9571
vn -0.5499 -0.1818 0.8152
vn -0.1818 -0.5499 0.8152
vn -0.4931 -0.4931 0.7167
vn -0.9571 -0.2049 0.2049
vn -0.8152 -0.5500 0.1818
vn -0.8152 -0.1818 0.5499
vn -0.7167 -0.4931 0.4931
vn -0.2049 0.2049 0.9571
vn -0.1818 0.5499 0.8152
vn -0.5499 0.1818 0.8152
vn -0.4931 0.4931 0.7167
vn -0.2049 0.9571 0.2049
vn -0.5500 0.8152 0.1818
vn -0.1818 0.8152 0.5500
vn -0.4931 0.7167 0.4931
vn -0.9571 0.2049 0.2049
vn -0.8152 0.1818 0.5499
vn -0.8152 0.5500 0.1818
vn -0.7167 0.4931 0.4931
vn -0.2049 -0.9571 -0.2049
vn -0.5500 -0.8152 -0.1818
vn -0.1818 -0.8152 -0.5500
vn -0.4931 -0.7167 -0.4931
vn -0.9571 -0.2049 -0.2049
vn -0.8152 -0.1818 -0.5499
vn -0.8152 -0.5500 -0.1818
vn -0.7167 -0.4931 -0.4931
vn -0.2049 -0.2049 -0.9571
vn -0.1818 -0.5499 -0.8152
vn -0.5499 -0.1818 -0.8152
vn -0.4931 -0.4931 -0.7167
vn -0.2049 0.9571 -0.2049
vn -0.1818 0.8152 -0.5499
vn -0.5500 0.8152 -0.1818
vn -0.4931 0.7167 -0.4931
vn -0.2049 0.2049 -0.9571
vn -0.5499 0.1818 -0.8152
vn -0.1818 0.5499 -0.8152
vn -0.4931 0.4931 -0.7167
vn -0.9571 0.2049 -0.2049
vn -0.8152 0.5500 -0.1818
vn -0.8152 0.1818 -0.5499
vn -0.7167 0.4931 -0.4931
vn 0.2049 -0.9571 0.2049
vn 0.5500 -0.8152 0.1818
vn 0.1818 -0.8152 0.5500
vn 0.4931 -0.7167 0.4931
vn 0.9571 -0.2049 0.2049
vn 0.8152 -0.1818 0.5499
vn 0.8152 -0.5500 0.1818
vn 0.7167 -0.4931 0.4931
vn 0.2049 -0.2049 0.9571
vn 0.1818 -0.5499 0.8152
vn 0.5499 -0.1818 0.8152
vn 0.4931 -0.4931 0.7167
vn 0.2049 0.9571 0.2049
vn 0.1818 0.8152 0.5499
vn 0.5500 0.8152 0.1818
vn 0.4931 0.7167 0.4931
vn 0.2049 0.2049 0.9571
vn 0.5499 0.1818 0.8152
vn 0.1818 0.5499 0.8152
vn 0.4931 0.4931 0.7167
vn 0.9571 0.2049 0.2049
vn 0.8152 0.5500 0.1818
vn 0.8152 0.1818 0.5499
vn 0.7167 0.4931 0.4931
vn 0.2049 -0.9571 -0.2049
vn 0.1818 -0.8152 -0.5499
vn 0.5500 -0.8152 -0.1818
vn 0.4931 -0.7167 -0.4931
vn 0.2049 -0.2049 -0.9571
vn 0.5499 -0.1818 -0.8152
vn 0.1818 -0.5499 -0.8152
vn 0.4931 -0.4931 -0.7167
vn 0.9571 -0.2049 -0.2049
vn 0.8152 -0.5500 -0.1818
vn 0.8152 -0.1818 -0.5499
vn 0.7167 -0.4931 -0.4931
vn 0.2049 0.9571 -0.2049
vn 0.5500 0.8152 -0.1818
vn 0.1818 0.8152 -0.5500
vn 0.4931 0.7167 -0.4931
vn 0.9571 0.2049 -0.2049
vn 0.8152 0.1818 -0.5499
vn 0.8152 0.5500 -0.1818
vn 0.7167 0.4931 -0.4931
vn 0.2049 0.2049 -0.9571
vn 0.1818 0.5499 -0.8152
vn 0.5499 0.1818 -0.8152
vn 0.4931 0.4931 -0.7167
vn -0.1951 -0.9808 -0.0000
vn -0.5556 -0.8315 -0.0000
vn -0.8315 -0.5556 -0.0000
vn -0.9808 -0.1951 -0.0000
vn -0.1951 -0.0000 0.9808
vn -0.5556 -0.0000 0.8315
vn -0.8315 -0.0000 0.5556
vn -0.9808 -0.0000 0.1951
vn -0.1951 0.9808 -0.0000
vn -0.5556 0.8315 -0.0000
vn -0.8315 0.5556 -0.0000
vn -0.9808 0.1951 -0.0000
vn -0.1951 -0.0000 -0.9808
vn -0.5556 -0.0000 -0.8315
vn -0.8315 -0.0000 -0.5556
vn -0.9808 -0.0000 -0.1951
vn -0.0000 -0.9808 -0.1951
vn -0.0000 -0.8315 -0.5556
vn -0.0000 -0.5556 -0.8315
vn -0.0000 -0.1951 -0.9808
vn -0.0000 0.9808 -0.1951
vn -0.0000 0.8315 -0.5556
vn -0.0000 0.5556 -0.8315
vn -0.0000 0.1951 -0.9808
vn 0.9808 -0.0000 -0.1951
vn 0.8315 -0.0000 -0.5556
vn 0.5556 -0.0000 -0.8315
vn 0.1951 -0.0000 -0.9808
vn 0.1951 -0.9808 -0.0000
vn 0.5556 -0.8315 -0.0000
vn 0.8315 -0.5556 -0.0000
vn 0.9808 -0.1951 -0.0000
vn 0.1951 0.9808 -0.0000
vn 0.5556 0.8315 -0.0000
vn 0.8315 0.5556 -0.0000
vn 0.9808 0.1951 -0.0000
vn 0.1951 -0.0000 0.9808
vn 0.5556 -0.0000 0.8315
vn 0.8315 -0.0000 0.5556
vn 0.9808 -0.0000 0.1951
vn -0.0000 -0.9808 0.1951
vn -0.0000 -0.8315 0.5556
vn -0.0000 -0.5556 0.8315
vn -0.0000 -0.1951 0.9808
vn -0.0000 0.9808 0.1951
vn -0.0000 0.8315 0.5556
vn -0.0000 0.5556 0.8315
vn -0.0000 0.1951 0.9808
vn -0.0000 -1.0000 -0.0000
vn -1.0000 -0.0000 -0.0000
vn -0.0000 -0.0000 1.0000
vn -0.0000 1.0000 -0.0000
vn -0.0000 -0.0000 -1.0000
vn 1.0000 -0.0000 -0.0000
vt 0.127500 0.747500
vt 0.127500 0.748457
vt 0.126519 0.748481
vt 0.126543 0.747500
vt 0.127500 0.750000
vt 0.126569 0.750000
vt 0.125000 0.748431
vt 0.125000 0.747500
vt 0.126057 0.750000
vt 0.400000 0.997500
vt 0.400000 0.998457
vt 0.390193 0.998481
vt 0.390433 0.997500
vt 0.400000 1.000000
vt 0.390691 1.000000
vt 0.375000 0.998431
vt 0.375000 0.997500
vt 0.385566 1.000000
vt 0.400000 0.002500
vt 0.390433 0.002500
vt 0.390193 0.001519
vt 0.400000 0.001543
vt 0.375000 0.002500
vt 0.375000 0.001569
vt 0.390691 0.000000
vt 0.400000 0.000000
vt 0.375000 0.001057
vt 0.600000 0.997500
vt 0.609567 0.997500
vt 0.609807 0.998481
vt 0.600000 0.998457
vt 0.625000 0.997500
vt 0.625000 0.998431
vt 0.609309 1.000000
vt 0.600000 1.000000
vt 0.625000 0.998943
vt 0.872500 0.747500
vt 0.873457 0.747500
vt 0.873481 0.748481
vt 0.872500 0.748457
vt 0.875000 0.747500
vt 0.875000 0.748431
vt 0.873431 0.750000
vt 0.872500 0.750000
vt 0.875000 0.748943
vt 0.600000 0.002500
vt 0.600000 0.001543
vt 0.609807 0.001519
vt 0.609567 0.002500
vt 0.600000 0.000000
vt 0.609309 0.000000
vt 0.625000 0.001569
vt 0.625000 0.002500
vt 0.614434 0.000000
vt 0.127500 0.502500
vt 0.126543 0.502500
vt 0.126519 0.501519
vt 0.127500 0.501543
vt 0.125000 0.502500
vt 0.125000 0.501569
vt 0.126569 0.500000
vt 0.127500 0.500000
vt 0.125000 0.501057
vt 0.400000 0.247500
vt 0.400000 0.248457
vt 0.390193 0.248481
vt 0.390433 0.247500
vt 0.400000 0.250000
vt 0.390691 0.250000
vt 0.375000 0.248431
vt 0.375000 0.247500
vt 0.380283 0.250528
vt 0.400000 0.252500
vt 0.390433 0.252500
vt 0.390193 0.251519
vt 0.400000 0.251543
vt 0.375000 0.252500
vt 0.375000 0.251569
vt 0.872500 0.502500
vt 0.872500 0.501543
vt 0.873481 0.501519
vt 0.873457 0.502500
vt 0.872500 0.500000
vt 0.873431 0.500000
vt 0.875000 0.501569
vt 0.875000 0.502500
vt 0.873943 0.500000
vt 0.600000 0.252500
vt 0.600000 0.251543
vt 0.609807 0.251519
vt 0.609567 0.252500
vt 0.600000 0.250000
vt 0.609309 0.250000
vt 0.625000 0.251569
vt 0.625000 0.252500
vt 0.619717 0.249472
vt 0.600000 0.247500
vt 0.609567 0.247500
vt 0.609807 0.248481
vt 0.600000 0.248457
vt 0.625000 0.247500
vt 0.625000 0.248431
vt 0.372500 0.747500
vt 0.373457 0.747500
vt 0.373481 0.748481
vt 0.372500 0.748457
vt 0.375000 0.747500
vt 0.375000 0.748431
vt 0.374215 0.750785
vt 0.373750 0.751250
vt 0.378522 0.750000
vt 0.400000 0.747500
vt 0.400000 0.748457
vt 0.390193 0.748481
vt 0.390433 0.747500
vt 0.400000 0.750000
vt 0.390691 0.750000
vt 0.400000 0.752500
vt 0.390433 0.752500
vt 0.390193 0.751519
vt 0.400000 0.751543
vt 0.627500 0.747500
vt 0.627500 0.748457
vt 0.626519 0.748481
vt 0.626543 0.747500
vt 0.626250 0.751250
vt 0.625785 0.750785
vt 0.625000 0.748431
vt 0.625000 0.747500
vt 0.621830 0.749648
vt 0.600000 0.752500
vt 0.600000 0.751543
vt 0.609807 0.751519
vt 0.609567 0.752500
vt 0.600000 0.750000
vt 0.609309 0.750000
vt 0.600000 0.747500
vt 0.609567 0.747500
vt 0.609807 0.748481
vt 0.600000 0.748457
vt 0.372500 0.502500
vt 0.372500 0.501543
vt 0.373481 0.501519
vt 0.373457 0.502500
vt 0.373750 0.498750
vt 0.374215 0.499215
vt 0.375000 0.501569
vt 0.375000 0.502500
vt 0.378170 0.500352
vt 0.400000 0.497500
vt 0.400000 0.498457
vt 0.390193 0.498481
vt 0.390433 0.497500
vt 0.400000 0.500000
vt 0.390691 0.500000
vt 0.400000 0.502500
vt 0.390433 0.502500
vt 0.390193 0.501519
vt 0.400000 0.501543
vt 0.627500 0.502500
vt 0.626543 0.502500
vt 0.626519 0.501519
vt 0.627500 0.501543
vt 0.625000 0.502500
vt 0.625000 0.501569
vt 0.625785 0.499215
vt 0.626250 0.498750
vt 0.621478 0.500000
vt 0.600000 0.502500
vt 0.600000 0.501543
vt 0.609807 0.501519
vt 0.609567 0.502500
vt 0.600000 0.500000
vt 0.609309 0.500000
vt 0.600000 0.497500
vt 0.609567 0.497500
vt 0.609807 0.498481
vt 0.600000 0.498457
s 0
usemtl Plastic
f 2721/3301/2625 2724/3302/2625 2727/3303/2625 2726/3304/2625
f 2724/3302/2626 2725/3305/2626 2728/3306/2626 2727/3303/2626
f 2726/3304/2627 2727/3303/2627 2739/3307/2627 2736/3308/2627
f 2727/3303/2628 2728/3306/2628 2729/3309/2628 2739/3307/2628
f 2722/3310/2629 2730/3311/2629 2733/3312/2629 2732/3313/2629
f 2730/3311/2630 2731/3314/2630 2734/3315/2630 2733/3312/2630
f 2732/3313/2631 2733/3312/2631 2728/3316/2631 2725/3317/2631
f 2733/3312/2632 2734/3315/2632 2729/3318/2632 2728/3316/2632
f 2723/3319/2633 2735/3320/2633 2738/3321/2633 2737/3322/2633
f 2735/3320/2634 2736/3323/2634 2739/3324/2634 2738/3321/2634
f 2737/3322/2635 2738/3321/2635 2734/3325/2635 2731/3326/2635
f 2738/3321/2636 2739/3324/2636 2729/3327/2636 2734/3325/2636
f 2740/3328/2637 2743/3329/2637 2746/3330/2637 2745/3331/2637
f 2743/3329/2638 2744/3332/2638 2747/3333/2638 2746/3330/2638
f 2745/3331/2639 2746/3330/2639 2758/3334/2639 2755/3335/2639
f 2746/3330/2640 2747/3333/2640 2748/3336/2640 2758/3334/2640
f 2741/3337/2641 2749/3338/2641 2752/3339/2641 2751/3340/2641
f 2749/3338/2642 2750/3341/2642 2753/3342/2642 2752/3339/2642
f 2751/3340/2643 2752/3339/2643 2747/3343/2643 2744/3344/2643
f 2752/3339/2644 2753/3342/2644 2748/3345/2644 2747/3343/2644
f 2742/3346/2645 2754/3347/2645 2757/3348/2645 2756/3349/2645
f 2754/3347/2646 2755/3350/2646 2758/3351/2646 2757/3348/2646
f 2756/3349/2647 2757/3348/2647 2753/3352/2647 2750/3353/2647
f 2757/3348/2648 2758/3351/2648 2748/3354/2648 2753/3352/2648
f 2759/3355/2649 2762/3356/2649 2765/3357/2649 2764/3358/2649
f 2762/3356/2650 2763/3359/2650 2766/3360/2650 2765/3357/2650
f 2764/3358/2651 2765/3357/2651 2777/3361/2651 2774/3362/2651
f 2765/3357/2652 2766/3360/2652 2767/3363/2652 2777/3361/2652
f 2760/3364/2653 2768/3365/2653 2771/3366/2653 2770/3367/2653
f 2768/3365/2654 2769/3368/2654 2772/3369/2654 2771/3366/2654
f 2770/3367/2655 2771/3366/2655 2766/3370/2655 2763/3371/2655
f 2771/3366/2656 2772/3369/2656 2767/3372/2656 2766/3370/2656
f 2761/3373/2657 2773/3374/2657 2776/3375/2657 2775/3376/2657
f 2773/3374/2658 2774/3377/2658 2777/3378/2658 2776/3375/2658
f 2775/3376/2659 2776/3375/2659 2772/3369/2659 2769/3368/2659
f 2776/3375/2660 2777/3378/2660 2767/3372/2660 2772/3369/2660
f 2778/3379/2661 2781/3380/2661 2784/3381/2661 2783/3382/2661
f 2781/3380/2662 2782/3383/2662 2785/3384/2662 2784/3381/2662
f 2783/3382/2663 2784/3381/2663 2796/3385/2663 2793/3386/2663
f 2784/3381/2664 2785/3384/2664 2786/3387/2664 2796/3385/2664
f 2779/3388/2665 2787/3389/2665 2790/3390/2665 2789/3391/2665
f 2787/3389/2666 2788/3392/2666 2791/3393/2666 2790/3390/2666
f 2789/3391/2667 2790/3390/2667 2785/3394/2667 2782/3395/2667
f 2790/3390/2668 2791/3393/2668 2786/3396/2668 2785/3394/2668
f 2780/3397/2669 2792/3398/2669 2795/3399/2669 2794/3400/2669
f 2792/3398/2670 2793/3401/2670 2796/3402/2670 2795/3399/2670
f 2794/3400/2671 2795/3399/2671 2791/3393/2671 2788/3392/2671
f 2795/3399/2672 2796/3402/2672 2786/3396/2672 2791/3393/2672
f 2797/3403/2673 2800/3404/2673 2803/3405/2673 2802/3406/2673
f 2800/3404/2674 2801/3407/2674 2804/3408/2674 2803/3405/2674
f 2802/3406/2675 2803/3405/2675 2815/3409/2675 2812/3410/2675
f 2803/3405/2676 2804/3408/2676 2805/3411/2676 2815/3409/2676
f 2798/3412/2677 2806/3413/2677 2809/3414/2677 2808/3415/2677
f 2806/3413/2678 2807/3416/2678 2810/3417/2678 2809/3414/2678
f 2808/3415/2679 2809/3414/2679 2804/3408/2679 2801/3407/2679
f 2809/3414/2680 2810/3417/2680 2805/3411/2680 2804/3408/2680
f 2799/3418/2681 2811/3419/2681 2814/3420/2681 2813/3421/2681
f 2811/3419/2682 2812/3410/2682 2815/3409/2682 2814/3420/2682
f 2813/3421/2683 2814/3420/2683 2810/3417/2683 2807/3416/2683
f 2814/3420/2684 2815/3409/2684 2805/3411/2684 2810/3417/2684
f 2816/3422/2685 2819/3423/2685 2822/3424/2685 2821/3425/2685
f 2819/3423/2686 2820/3426/2686 2823/3427/2686 2822/3424/2686
f 2821/3425/2687 2822/3424/2687 2834/3428/2687 2831/3429/2687
f 2822/3424/2688 2823/3427/2688 2824/3430/2688 2834/3428/2688
f 2817/3431/2689 2825/3432/2689 2828/3433/2689 2827/3434/2689
f 2825/3432/2690 2826/3435/2690 2829/3436/2690 2828/3433/2690
f 2827/3434/2691 2828/3433/2691 2823/3427/2691 2820/3426/2691
f 2828/3433/2692 2829/3436/2692 2824/3430/2692 2823/3427/2692
f 2818/3437/2693 2830/3438/2693 2833/3439/2693 2832/3440/2693
f 2830/3438/2694 2831/3429/2694 2834/3428/2694 2833/3439/2694
f 2832/3440/2695 2833/3439/2695 2829/3436/2695 2826/3435/2695
f 2833/3439/2696 2834/3428/2696 2824/3430/2696 2829/3436/2696
f 2835/3441/2697 2838/3442/2697 2841/3443/2697 2840/3444/2697
f 2838/3442/2698 2839/3445/2698 2842/3446/2698 2841/3443/2698
f 2840/3444/2699 2841/3443/2699 2853/3447/2699 2850/3448/2699
f 2841/3443/2700 2842/3446/2700 2843/3449/2700 2853/3447/2700
f 2836/3450/2701 2844/3451/2701 2847/3452/2701 2846/3453/2701
f 2844/3451/2702 2845/3454/2702 2848/3455/2702 2847/3452/2702
f 2846/3453/2703 2847/3452/2703 2842/3446/2703 2839/3445/2703
f 2847/3452/2704 2848/3455/2704 2843/3449/2704 2842/3446/2704
f 2837/3456/2705 2849/3457/2705 2852/3458/2705 2851/3459/2705
f 2849/3457/2706 2850/3448/2706 2853/3447/2706 2852/3458/2706
f 2851/3459/2707 2852/3458/2707 2848/3455/2707 2845/3454/2707
f 2852/3458/2708 2853/3447/2708 2843/3449/2708 2848/3455/2708
f 2854/3460/2709 2857/3461/2709 2860/3462/2709 2859/3463/2709
f 2857/3461/2710 2858/3464/2710 2861/3465/2710 2860/3462/2710
f 2859/3463/2711 2860/3462/2711 2872/3466/2711 2869/3467/2711
f 2860/3462/2712 2861/3465/2712 2862/3468/2712 2872/3466/2712
f 2855/3469/2713 2863/3470/2713 2866/3471/2713 2865/3472/2713
f 2863/3470/2714 2864/3473/2714 2867/3474/2714 2866/3471/2714
f 2865/3472/2715 2866/3471/2715 2861/3465/2715 2858/3464/2715
f 2866/3471/2716 2867/3474/2716 2862/3468/2716 2861/3465/2716
f 2856/3475/2717 2868/3476/2717 2871/3477/2717 2870/3478/2717
f 2868/3476/2718 2869/3467/2718 2872/3466/2718 2871/3477/2718
f 2870/3478/2719 2871/3477/2719 2867/3474/2719 2864/3473/2719
f 2871/3477/2720 2872/3466/2720 2862/3468/2720 2867/3474/2720
f 2759/3355/2721 2721/3301/2721 2726/3304/2721 2762/3356/2721
f 2762/3356/2722 2726/3304/2722 2736/3308/2722 2763/3359/2722
f 2763/3371/2723 2736/3323/2723 2735/3320/2723 2770/3367/2723
f 2770/3367/2724 2735/3320/2724 2723/3319/2724 2760/3364/2724
f 2722/3310/2725 2740/3328/2725 2745/3331/2725 2730/3311/2725
f 2730/3311/2726 2745/3331/2726 2755/3335/2726 2731/3314/2726
f 2731/3326/2727 2755/3350/2727 2754/3347/2727 2737/3322/2727
f 2737/3322/2728 2754/3347/2728 2742/3346/2728 2723/3319/2728
f 2741/3337/2729 2778/3379/2729 2783/3382/2729 2749/3338/2729
f 2749/3338/2730 2783/3382/2730 2793/3386/2730 2750/3341/2730
f 2750/3353/2731 2793/3401/2731 2792/3398/2731 2756/3349/2731
f 2756/3349/2732 2792/3398/2732 2780/3397/2732 2742/3346/2732
f 2779/3388/2733 2761/3373/2733 2775/3376/2733 2787/3389/2733
f 2787/3389/2734 2775/3376/2734 2769/3368/2734 2788/3392/2734
f 2788/3392/2735 2769/3368/2735 2768/3365/2735 2794/3400/2735
f 2794/3400/2736 2768/3365/2736 2760/3364/2736 2780/3397/2736
f 2835/3441/2737 2759/3355/2737 2764/3358/2737 2838/3442/2737
f 2838/3442/2738 2764/3358/2738 2774/3362/2738 2839/3445/2738
f 2839/3445/2739 2774/3377/2739 2773/3374/2739 2846/3453/2739
f 2846/3453/2740 2773/3374/2740 2761/3373/2740 2836/3450/2740
f 2778/3379/2741 2854/3460/2741 2859/3463/2741 2781/3380/2741
f 2781/3380/2742 2859/3463/2742 2869/3467/2742 2782/3383/2742
f 2782/3395/2743 2869/3467/2743 2868/3476/2743 2789/3391/2743
f 2789/3391/2744 2868/3476/2744 2856/3475/2744 2779/3388/2744
f 2855/3469/2745 2837/3456/2745 2851/3459/2745 2863/3470/2745
f 2863/3470/2746 2851/3459/2746 2845/3454/2746 2864/3473/2746
f 2864/3473/2747 2845/3454/2747 2844/3451/2747 2870/3478/2747
f 2870/3478/2748 2844/3451/2748 2836/3450/2748 2856/3475/2748
f 2797/3403/2749 2835/3441/2749 2840/3444/2749 2800/3404/2749
f 2800/3404/2750 2840/3444/2750 2850/3448/2750 2801/3407/2750
f 2801/3407/2751 2850/3448/2751 2849/3457/2751 2808/3415/2751
f 2808/3415/2752 2849/3457/2752 2837/3456/2752 2798/3412/2752
f 2854/3460/2753 2816/3422/2753 2821/3425/2753 2857/3461/2753
f 2857/3461/2754 2821/3425/2754 2831/3429/2754 2858/3464/2754
f 2858/3464/2755 2831/3429/2755 2830/3438/2755 2865/3472/2755
f 2865/3472/2756 2830/3438/2756 2818/3437/2756 2855/3469/2756
f 2817/3431/2757 2799/3418/2757 2813/3421/2757 2825/3432/2757
f 2825/3432/2758 2813/3421/2758 2807/3416/2758 2826/3435/2758
f 2826/3435/2759 2807/3416/2759 2806/3413/2759 2832/3440/2759
f 2832/3440/2760 2806/3413/2760 2798/3412/2760 2818/3437/2760
f 2721/3301/2761 2797/3403/2761 2802/3406/2761 2724/3302/2761
f 2724/3302/2762 2802/3406/2762 2812/3410/2762 2725/3305/2762
f 2725/3317/2763 2812/3410/2763 2811/3419/2763 2732/3313/2763
f 2732/3313/2764 2811/3419/2764 2799/3418/2764 2722/3310/2764
f 2816/3422/2765 2741/3337/2765 2751/3340/2765 2819/3423/2765
f 2819/3423/2766 2751/3340/2766 2744/3344/2766 2820/3426/2766
f 2820/3426/2767 2744/3332/2767 2743/3329/2767 2827/3434/2767
f 2827/3434/2768 2743/3329/2768 2740/3328/2768 2817/3431/2768
f 2759/3355/2769 2835/3441/2769 2797/3403/2769 2721/3301/2769
f 2723/3319/2770 2742/3346/2770 2780/3397/2770 2760/3364/2770
f 2799/3418/2771 2817/3431/2771 2740/3328/2771 2722/3310/2771
f 2854/3460/2772 2778/3379/2772 2741/3337/2772 2816/3422/2772
f 2761/3373/2773 2779/3388/2773 2856/3475/2773 2836/3450/2773
f 2837/3456/2774 2855/3469/2774 2818/3437/2774 2798/3412/2774
o 29_StorageChips
v 0.005500 0.001450 0.024900
v 0.005500 0.001550 0.025000
v 0.005400 0.001550 0.024900
v 0.005500 0.001458 0.024938
v 0.005500 0.001479 0.024971
v 0.005462 0.001458 0.024900
v 0.005461 0.001467 0.024939
v 0.005463 0.001484 0.024966
v 0.005442 0.001492 0.024958
v 0.005462 0.001550 0.024992
v 0.005429 0.001550 0.024971
v 0.005500 0.001512 0.024992
v 0.005461 0.001511 0.024983
v 0.005434 0.001513 0.024966
v 0.005408 0.001512 0.024900
v 0.005429 0.001479 0.024900
v 0.005408 0.001550 0.024938
v 0.005417 0.001511 0.024939
v 0.005434 0.001484 0.024937
v 0.005500 0.002350 0.025000
v 0.005500 0.002450 0.024900
v 0.005400 0.002350 0.024900
v 0.005500 0.002388 0.024992
v 0.005500 0.002421 0.024971
v 0.005462 0.002350 0.024992
v 0.005461 0.002389 0.024983
v 0.005463 0.002416 0.024966
v 0.005442 0.002408 0.024958
v 0.005462 0.002442 0.024900
v 0.005429 0.002421 0.024900
v 0.005500 0.002442 0.024938
v 0.005461 0.002433 0.024939
v 0.005434 0.002416 0.024937
v 0.005408 0.002350 0.024938
v 0.005429 0.002350 0.024971
v 0.005408 0.002388 0.024900
v 0.005417 0.002389 0.024939
v 0.005434 0.002387 0.024966
v 0.005500 0.001450 0.015100
v 0.005400 0.001550 0.015100
v 0.005500 0.001550 0.015000
v 0.005462 0.001458 0.015100
v 0.005429 0.001479 0.015100
v 0.005500 0.001458 0.015062
v 0.005461 0.001467 0.015061
v 0.005434 0.001484 0.015063
v 0.005442 0.001492 0.015042
v 0.005408 0.001550 0.015062
v 0.005429 0.001550 0.015029
v 0.005408 0.001512 0.015100
v 0.005417 0.001511 0.015061
v 0.005434 0.001513 0.015034
v 0.005500 0.001512 0.015008
v 0.005500 0.001479 0.015029
v 0.005462 0.001550 0.015008
v 0.005461 0.001511 0.015017
v 0.005463 0.001484 0.015034
v 0.005500 0.002450 0.015100
v 0.005500 0.002350 0.015000
v 0.005400 0.002350 0.015100
v 0.005500 0.002442 0.015062
v 0.005500 0.002421 0.015029
v 0.005462 0.002442 0.015100
v 0.005461 0.002433 0.015061
v 0.005463 0.002416 0.015034
v 0.005442 0.002408 0.015042
v 0.005462 0.002350 0.015008
v 0.005429 0.002350 0.015029
v 0.005500 0.002388 0.015008
v 0.005461 0.002389 0.015017
v 0.005434 0.002387 0.015034
v 0.005408 0.002388 0.015100
v 0.005429 0.002421 0.015100
v 0.005408 0.002350 0.015062
v 0.005417 0.002389 0.015061
v 0.005434 0.002416 0.015063
v 0.020300 0.001450 0.024900
v 0.020400 0.001550 0.024900
v 0.020300 0.001550 0.025000
v 0.020338 0.001458 0.024900
v 0.020371 0.001479 0.024900
v 0.020300 0.001458 0.024938
v 0.020339 0.001467 0.024939
v 0.020366 0.001484 0.024937
v 0.020358 0.001492 0.024958
v 0.020392 0.001550 0.024938
v 0.020371 0.001550 0.024971
v 0.020392 0.001512 0.024900
v 0.020383 0.001511 0.024939
v 0.020366 0.001513 0.024966
v 0.020300 0.001512 0.024992
v 0.020300 0.001479 0.024971
v 0.020338 0.001550 0.024992
v 0.020339 0.001511 0.024983
v 0.020337 0.001484 0.024966
v 0.020300 0.002450 0.024900
v 0.020300 0.002350 0.025000
v 0.020400 0.002350 0.024900
v 0.020300 0.002442 0.024938
v 0.020300 0.002421 0.024971
v 0.020338 0.002442 0.024900
v 0.020339 0.002433 0.024939
v 0.020337 0.002416 0.024966
v 0.020358 0.002408 0.024958
v 0.020338 0.002350 0.024992
v 0.020371 0.002350 0.024971
v 0.020300 0.002388 0.024992
v 0.020339 0.002389 0.024983
v 0.020366 0.002387 0.024966
v 0.020392 0.002388 0.024900
v 0.020371 0.002421 0.024900
v 0.020392 0.002350 0.024938
v 0.020383 0.002389 0.024939
v 0.020366 0.002416 0.024937
v 0.020300 0.001450 0.015100
v 0.020300 0.001550 0.015000
v 0.020400 0.001550 0.015100
v 0.020300 0.001458 0.015062
v 0.020300 0.001479 0.015029
v 0.020338 0.001458 0.015100
v 0.020339 0.001467 0.015061
v 0.020337 0.001484 0.015034
v 0.020358 0.001492 0.015042
v 0.020338 0.001550 0.015008
v 0.020371 0.001550 0.015029
v 0.020300 0.001512 0.015008
v 0.020339 0.001511 0.015017
v 0.020366 0.001513 0.015034
v 0.020392 0.001512 0.015100
v 0.020371 0.001479 0.015100
v 0.020392 0.001550 0.015062
v 0.020383 0.001511 0.015061
v 0.020366 0.001484 0.015063
v 0.020300 0.002450 0.015100
v 0.020400 0.002350 0.015100
v 0.020300 0.002350 0.015000
v 0.020338 0.002442 0.015100
v 0.020371 0.002421 0.015100
v 0.020300 0.002442 0.015062
v 0.020339 0.002433 0.015061
v 0.020366 0.002416 0.015063
v 0.020358 0.002408 0.015042
v 0.020392 0.002350 0.015062
v 0.020371 0.002350 0.015029
v 0.020392 0.002388 0.015100
v 0.020383 0.002389 0.015061
v 0.020366 0.002387 0.015034
v 0.020300 0.002388 0.015008
v 0.020300 0.002421 0.015029
v 0.020338 0.002350 0.015008
v 0.020339 0.002389 0.015017
v 0.020337 0.002416 0.015034
vn -0.2049 -0.9571 0.2049
vn -0.1818 -0.8152 0.5499
vn -0.5500 -0.8152 0.1818
vn -0.4931 -0.7167 0.4931
vn -0.2049 -0.2049 0.9571
vn -0.5500 -0.1818 0.8152
vn -0.1818 -0.5499 0.8152
vn -0.4931 -0.4931 0.7167
vn -0.9571 -0.2049 0.2049
vn -0.8152 -0.5500 0.1818
vn -0.8152 -0.1818 0.5500
vn -0.7167 -0.4931 0.4931
vn -0.2049 0.2049 0.9571
vn -0.1818 0.5500 0.8152
vn -0.5500 0.1818 0.8152
vn -0.4931 0.4931 0.7167
vn -0.2049 0.9571 0.2049
vn -0.5500 0.8152 0.1818
vn -0.1818 0.8152 0.5500
vn -0.4931 0.7167 0.4931
vn -0.9571 0.2049 0.2049
vn -0.8152 0.1818 0.5500
vn -0.8152 0.5500 0.1818
vn -0.7167 0.4931 0.4931
vn -0.2049 -0.9571 -0.2049
vn -0.5500 -0.8152 -0.1818
vn -0.1818 -0.8152 -0.5500
vn -0.4931 -0.7167 -0.4931
vn -0.9571 -0.2049 -0.2049
vn -0.8152 -0.1818 -0.5500
vn -0.8152 -0.5500 -0.1818
vn -0.7167 -0.4931 -0.4931
vn -0.2049 -0.2049 -0.9571
vn -0.1818 -0.5500 -0.8152
vn -0.5500 -0.1818 -0.8152
vn -0.4931 -0.4931 -0.7167
vn -0.2049 0.9571 -0.2049
vn -0.1818 0.8152 -0.5499
vn -0.5500 0.8152 -0.1818
vn -0.4931 0.7167 -0.4931
vn -0.2049 0.2049 -0.9571
vn -0.5500 0.1818 -0.8152
vn -0.1818 0.5499 -0.8152
vn -0.4931 0.4931 -0.7167
vn -0.9571 0.2049 -0.2049
vn -0.8152 0.5500 -0.1818
vn -0.8152 0.1818 -0.5500
vn -0.7167 0.4931 -0.4931
vn 0.2049 -0.9571 0.2049
vn 0.5500 -0.8152 0.1818
vn 0.1818 -0.8152 0.5500
vn 0.4931 -0.7167 0.4931
vn 0.9571 -0.2049 0.2049
vn 0.8152 -0.1818 0.5500
vn 0.8152 -0.5500 0.1818
vn 0.7167 -0.4931 0.4931
vn 0.2049 -0.2049 0.9571
vn 0.1818 -0.5500 0.8152
vn 0.5500 -0.1818 0.8152
vn 0.4931 -0.4931 0.7167
vn 0.2049 0.9571 0.2049
vn 0.1818 0.8152 0.5499
vn 0.5500 0.8152 0.1818
vn 0.4931 0.7167 0.4931
vn 0.2049 0.2049 0.9571
vn 0.5500 0.1818 0.8152
vn 0.1818 0.5499 0.8152
vn 0.4931 0.4931 0.7167
vn 0.9571 0.2049 0.2049
vn 0.8152 0.5500 0.1818
vn 0.8152 0.1818 0.5500
vn 0.7167 0.4931 0.4931
vn 0.2049 -0.9571 -0.2049
vn 0.1818 -0.8152 -0.5499
vn 0.5500 -0.8152 -0.1818
vn 0.4931 -0.7167 -0.4931
vn 0.2049 -0.2049 -0.9571
vn 0.5500 -0.1818 -0.8152
vn 0.1818 -0.5499 -0.8152
vn 0.4931 -0.4931 -0.7167
vn 0.9571 -0.2049 -0.2049
vn 0.8152 -0.5500 -0.1818
vn 0.8152 -0.1818 -0.5500
vn 0.7167 -0.4931 -0.4931
vn 0.2049 0.9571 -0.2049
vn 0.5500 0.8152 -0.1818
vn 0.1818 0.8152 -0.5500
vn 0.4931 0.7167 -0.4931
vn 0.9571 0.2049 -0.2049
vn 0.8152 0.1818 -0.5500
vn 0.8152 0.5500 -0.1818
vn 0.7167 0.4931 -0.4931
vn 0.2049 0.2049 -0.9571
vn 0.1818 0.5500 -0.8152
vn 0.5500 0.1818 -0.8152
vn 0.4931 0.4931 -0.7167
vn -0.1951 -0.9808 -0.0000
vn -0.5556 -0.8315 -0.0000
vn -0.8315 -0.5556 -0.0000
vn -0.9808 -0.1951 -0.0000
vn -0.1951 -0.0000 0.9808
vn -0.5556 -0.0000 0.8315
vn -0.8315 -0.0000 0.5556
vn -0.9808 -0.0000 0.1951
vn -0.1951 0.9808 -0.0000
vn -0.5556 0.8315 -0.0000
vn -0.8315 0.5556 -0.0000
vn -0.9808 0.1951 -0.0000
vn -0.1951 -0.0000 -0.9808
vn -0.5556 -0.0000 -0.8315
vn -0.8315 -0.0000 -0.5556
vn -0.9808 -0.0000 -0.1951
vn -0.0000 -0.9808 -0.1951
vn -0.0000 -0.8315 -0.5556
vn -0.0000 -0.5556 -0.8315
vn -0.0000 -0.1951 -0.9808
vn -0.0000 0.9808 -0.1951
vn -0.0000 0.8315 -0.5556
vn -0.0000 0.5556 -0.8315
vn -0.0000 0.1951 -0.9808
vn 0.9808 -0.0000 -0.1951
vn 0.8315 -0.0000 -0.5556
vn 0.5556 -0.0000 -0.8315
vn 0.1951 -0.0000 -0.9808
vn 0.1951 -0.9808 -0.0000
vn 0.5556 -0.8315 -0.0000
vn 0.8315 -0.5556 -0.0000
vn 0.9808 -0.1951 -0.0000
vn 0.1951 0.9808 -0.0000
vn 0.5556 0.8315 -0.0000
vn 0.8315 0.5556 -0.0000
vn 0.9808 0.1951 -0.0000
vn 0.1951 -0.0000 0.9808
vn 0.5556 -0.0000 0.8315
vn 0.8315 -0.0000 0.5556
vn 0.9808 -0.0000 0.1951
vn -0.0000 -0.9808 0.1951
vn -0.0000 -0.8315 0.5556
vn -0.0000 -0.5556 0.8315
vn -0.0000 -0.1951 0.9808
vn -0.0000 0.9808 0.1951
vn -0.0000 0.8315 0.5556
vn -0.0000 0.5556 0.8315
vn -0.0000 0.1951 0.9808
vn -0.0000 -1.0000 -0.0000
vn -1.0000 -0.0000 -0.0000
vn -0.0000 -0.0000 1.0000
vn -0.0000 1.0000 -0.0000
vn -0.0000 -0.0000 -1.0000
vn 1.0000 -0.0000 -0.0000
vt 0.126667 0.747500
vt 0.126667 0.748457
vt 0.126013 0.748481
vt 0.126029 0.747500
vt 0.126667 0.750000
vt 0.126046 0.750000
vt 0.125000 0.748431
vt 0.125000 0.747500
vt 0.125704 0.750000
vt 0.400000 0.998333
vt 0.400000 0.998971
vt 0.390193 0.998987
vt 0.390433 0.998333
vt 0.400000 1.000000
vt 0.390691 1.000000
vt 0.375000 0.998954
vt 0.375000 0.998333
vt 0.385566 1.000000
vt 0.400000 0.002500
vt 0.390433 0.002500
vt 0.390193 0.001519
vt 0.400000 0.001543
vt 0.375000 0.002500
vt 0.375000 0.001569
vt 0.390691 0.000000
vt 0.400000 0.000000
vt 0.375000 0.001057
vt 0.600000 0.998333
vt 0.609567 0.998333
vt 0.609807 0.998987
vt 0.600000 0.998971
vt 0.625000 0.998333
vt 0.625000 0.998954
vt 0.609309 1.000000
vt 0.600000 1.000000
vt 0.625000 0.999296
vt 0.873333 0.747500
vt 0.873971 0.747500
vt 0.873987 0.748481
vt 0.873333 0.748457
vt 0.875000 0.747500
vt 0.875000 0.748431
vt 0.873954 0.750000
vt 0.873333 0.750000
vt 0.875000 0.748943
vt 0.600000 0.002500
vt 0.600000 0.001543
vt 0.609807 0.001519
vt 0.609567 0.002500
vt 0.600000 0.000000
vt 0.609309 0.000000
vt 0.625000 0.001569
vt 0.625000 0.002500
vt 0.614434 0.000000
vt 0.126667 0.502500
vt 0.126029 0.502500
vt 0.126013 0.501519
vt 0.126667 0.501543
vt 0.125000 0.502500
vt 0.125000 0.501569
vt 0.126046 0.500000
vt 0.126667 0.500000
vt 0.125000 0.501057
vt 0.400000 0.247500
vt 0.400000 0.248457
vt 0.390193 0.248481
vt 0.390433 0.247500
vt 0.400000 0.250000
vt 0.390691 0.250000
vt 0.375000 0.248431
vt 0.375000 0.247500
vt 0.380283 0.250352
vt 0.400000 0.251667
vt 0.390433 0.251667
vt 0.390193 0.251013
vt 0.400000 0.251029
vt 0.375000 0.251667
vt 0.375000 0.251046
vt 0.873333 0.502500
vt 0.873333 0.501543
vt 0.873987 0.501519
vt 0.873971 0.502500
vt 0.873333 0.500000
vt 0.873954 0.500000
vt 0.875000 0.501569
vt 0.875000 0.502500
vt 0.874296 0.500000
vt 0.600000 0.251667
vt 0.600000 0.251029
vt 0.609807 0.251013
vt 0.609567 0.251667
vt 0.600000 0.250000
vt 0.609309 0.250000
vt 0.625000 0.251046
vt 0.625000 0.251667
vt 0.619717 0.249472
vt 0.600000 0.247500
vt 0.609567 0.247500
vt 0.609807 0.248481
vt 0.600000 0.248457
vt 0.625000 0.247500
vt 0.625000 0.248431
vt 0.373333 0.747500
vt 0.373971 0.747500
vt 0.373987 0.748481
vt 0.373333 0.748457
vt 0.375000 0.747500
vt 0.375000 0.748431
vt 0.374477 0.750523
vt 0.374167 0.750833
vt 0.378522 0.749883
vt 0.400000 0.747500
vt 0.400000 0.748457
vt 0.390193 0.748481
vt 0.390433 0.747500
vt 0.400000 0.750000
vt 0.390691 0.750000
vt 0.400000 0.751667
vt 0.390433 0.751667
vt 0.390193 0.751013
vt 0.400000 0.751029
vt 0.626667 0.747500
vt 0.626667 0.748457
vt 0.626013 0.748481
vt 0.626029 0.747500
vt 0.625833 0.750833
vt 0.625523 0.750523
vt 0.625000 0.748431
vt 0.625000 0.747500
vt 0.621713 0.749648
vt 0.600000 0.751667
vt 0.600000 0.751029
vt 0.609807 0.751013
vt 0.609567 0.751667
vt 0.600000 0.750000
vt 0.609309 0.750000
vt 0.600000 0.747500
vt 0.609567 0.747500
vt 0.609807 0.748481
vt 0.600000 0.748457
vt 0.373333 0.502500
vt 0.373333 0.501543
vt 0.373987 0.501519
vt 0.373971 0.502500
vt 0.374167 0.499167
vt 0.374477 0.499477
vt 0.375000 0.501569
vt 0.375000 0.502500
vt 0.378287 0.500352
vt 0.400000 0.498333
vt 0.400000 0.498971
vt 0.390193 0.498987
vt 0.390433 0.498333
vt 0.400000 0.500000
vt 0.390691 0.500000
vt 0.400000 0.502500
vt 0.390433 0.502500
vt 0.390193 0.501519
vt 0.400000 0.501543
vt 0.626667 0.502500
vt 0.626029 0.502500
vt 0.626013 0.501519
vt 0.626667 0.501543
vt 0.625000 0.502500
vt 0.625000 0.501569
vt 0.625523 0.499477
vt 0.625833 0.499167
vt 0.621478 0.500117
vt 0.600000 0.502500
vt 0.600000 0.501543
vt 0.609807 0.501519
vt 0.609567 0.502500
vt 0.600000 0.500000
vt 0.609309 0.500000
vt 0.600000 0.498333
vt 0.609567 0.498333
vt 0.609807 0.498987
vt 0.600000 0.498971
s 0
usemtl Plastic
f 2873/3479/2775 2876/3480/2775 2879/3481/2775 2878/3482/2775
f 2876/3480/2776 2877/3483/2776 2880/3484/2776 2879/3481/2776
f 2878/3482/2777 2879/3481/2777 2891/3485/2777 2888/3486/2777
f 2879/3481/2778 2880/3484/2778 2881/3487/2778 2891/3485/2778
f 2874/3488/2779 2882/3489/2779 2885/3490/2779 2884/3491/2779
f 2882/3489/2780 2883/3492/2780 2886/3493/2780 2885/3490/2780
f 2884/3491/2781 2885/3490/2781 2880/3494/2781 2877/3495/2781
f 2885/3490/2782 2886/3493/2782 2881/3496/2782 2880/3494/2782
f 2875/3497/2783 2887/3498/2783 2890/3499/2783 2889/3500/2783
f 2887/3498/2784 2888/3501/2784 2891/3502/2784 2890/3499/2784
f 2889/3500/2785 2890/3499/2785 2886/3503/2785 2883/3504/2785
f 2890/3499/2786 2891/3502/2786 2881/3505/2786 2886/3503/2786
f 2892/3506/2787 2895/3507/2787 2898/3508/2787 2897/3509/2787
f 2895/3507/2788 2896/3510/2788 2899/3511/2788 2898/3508/2788
f 2897/3509/2789 2898/3508/2789 2910/3512/2789 2907/3513/2789
f 2898/3508/2790 2899/3511/2790 2900/3514/2790 2910/3512/2790
f 2893/3515/2791 2901/3516/2791 2904/3517/2791 2903/3518/2791
f 2901/3516/2792 2902/3519/2792 2905/3520/2792 2904/3517/2792
f 2903/3518/2793 2904/3517/2793 2899/3521/2793 2896/3522/2793
f 2904/3517/2794 2905/3520/2794 2900/3523/2794 2899/3521/2794
f 2894/3524/2795 2906/3525/2795 2909/3526/2795 2908/3527/2795
f 2906/3525/2796 2907/3528/2796 2910/3529/2796 2909/3526/2796
f 2908/3527/2797 2909/3526/2797 2905/3530/2797 2902/3531/2797
f 2909/3526/2798 2910/3529/2798 2900/3532/2798 2905/3530/2798
f 2911/3533/2799 2914/3534/2799 2917/3535/2799 2916/3536/2799
f 2914/3534/2800 2915/3537/2800 2918/3538/2800 2917/3535/2800
f 2916/3536/2801 2917/3535/2801 2929/3539/2801 2926/3540/2801
f 2917/3535/2802 2918/3538/2802 2919/3541/2802 2929/3539/2802
f 2912/3542/2803 2920/3543/2803 2923/3544/2803 2922/3545/2803
f 2920/3543/2804 2921/3546/2804 2924/3547/2804 2923/3544/2804
f 2922/3545/2805 2923/3544/2805 2918/3548/2805 2915/3549/2805
f 2923/3544/2806 2924/3547/2806 2919/3550/2806 2918/3548/2806
f 2913/3551/2807 2925/3552/2807 2928/3553/2807 2927/3554/2807
f 2925/3552/2808 2926/3555/2808 2929/3556/2808 2928/3553/2808
f 2927/3554/2809 2928/3553/2809 2924/3547/2809 2921/3546/2809
f 2928/3553/2810 2929/3556/2810 2919/3550/2810 2924/3547/2810
f 2930/3557/2811 2933/3558/2811 2936/3559/2811 2935/3560/2811
f 2933/3558/2812 2934/3561/2812 2937/3562/2812 2936/3559/2812
f 2935/3560/2813 2936/3559/2813 2948/3563/2813 2945/3564/2813
f 2936/3559/2814 2937/3562/2814 2938/3565/2814 2948/3563/2814
f 2931/3566/2815 2939/3567/2815 2942/3568/2815 2941/3569/2815
f 2939/3567/2816 2940/3570/2816 2943/3571/2816 2942/3568/2816
f 2941/3569/2817 2942/3568/2817 2937/3572/2817 2934/3573/2817
f 2942/3568/2818 2943/3571/2818 2938/3574/2818 2937/3572/2818
f 2932/3575/2819 2944/3576/2819 2947/3577/2819 2946/3578/2819
f 2944/3576/2820 2945/3579/2820 2948/3580/2820 2947/3577/2820
f 2946/3578/2821 2947/3577/2821 2943/3571/2821 2940/3570/2821
f 2947/3577/2822 2948/3580/2822 2938/3574/2822 2943/3571/2822
f 2949/3581/2823 2952/3582/2823 2955/3583/2823 2954/3584/2823
f 2952/3582/2824 2953/3585/2824 2956/3586/2824 2955/3583/2824
f 2954/3584/2825 2955/3583/2825 2967/3587/2825 2964/3588/2825
f 2955/3583/2826 2956/3586/2826 2957/3589/2826 2967/3587/2826
f 2950/3590/2827 2958/3591/2827 2961/3592/2827 2960/3593/2827
f 2958/3591/2828 2959/3594/2828 2962/3595/2828 2961/3592/2828
f 2960/3593/2829 2961/3592/2829 2956/3586/2829 2953/3585/2829
f 2961/3592/2830 2962/3595/2830 2957/3589/2830 2956/3586/2830
f 2951/3596/2831 2963/3597/2831 2966/3598/2831 2965/3599/2831
f 2963/3597/2832 2964/3588/2832 2967/3587/2832 2966/3598/2832
f 2965/3599/2833 2966/3598/2833 2962/3595/2833 2959/3594/2833
f 2966/3598/2834 2967/3587/2834 2957/3589/2834 2962/3595/2834
f 2968/3600/2835 2971/3601/2835 2974/3602/2835 2973/3603/2835
f 2971/3601/2836 2972/3604/2836 2975/3605/2836 2974/3602/2836
f 2973/3603/2837 2974/3602/2837 2986/3606/2837 2983/3607/2837
f 2974/3602/2838 2975/3605/2838 2976/3608/2838 2986/3606/2838
f 2969/3609/2839 2977/3610/2839 2980/3611/2839 2979/3612/2839
f 2977/3610/2840 2978/3613/2840 2981/3614/2840 2980/3611/2840
f 2979/3612/2841 2980/3611/2841 2975/3605/2841 2972/3604/2841
f 2980/3611/2842 2981/3614/2842 2976/3608/2842 2975/3605/2842
f 2970/3615/2843 2982/3616/2843 2985/3617/2843 2984/3618/2843
f 2982/3616/2844 2983/3607/2844 2986/3606/2844 2985/3617/2844
f 2984/3618/2845 2985/3617/2845 2981/3614/2845 2978/3613/2845
f 2985/3617/2846 2986/3606/2846 2976/3608/2846 2981/3614/2846
f 2987/3619/2847 2990/3620/2847 2993/3621/2847 2992/3622/2847
f 2990/3620/2848 2991/3623/2848 2994/3624/2848 2993/3621/2848
f 2992/3622/2849 2993/3621/2849 3005/3625/2849 3002/3626/2849
f 2993/3621/2850 2994/3624/2850 2995/3627/2850 3005/3625/2850
f 2988/3628/2851 2996/3629/2851 2999/3630/2851 2998/3631/2851
f 2996/3629/2852 2997/3632/2852 3000/3633/2852 2999/3630/2852
f 2998/3631/2853 2999/3630/2853 2994/3624/2853 2991/3623/2853
f 2999/3630/2854 3000/3633/2854 2995/3627/2854 2994/3624/2854
f 2989/3634/2855 3001/3635/2855 3004/3636/2855 3003/3637/2855
f 3001/3635/2856 3002/3626/2856 3005/3625/2856 3004/3636/2856
f 3003/3637/2857 3004/3636/2857 3000/3633/2857 2997/3632/2857
f 3004/3636/2858 3005/3625/2858 2995/3627/2858 3000/3633/2858
f 3006/3638/2859 3009/3639/2859 3012/3640/2859 3011/3641/2859
f 3009/3639/2860 3010/3642/2860 3013/3643/2860 3012/3640/2860
f 3011/3641/2861 3012/3640/2861 3024/3644/2861 3021/3645/2861
f 3012/3640/2862 3013/3643/2862 3014/3646/2862 3024/3644/2862
f 3007/3647/2863 3015/3648/2863 3018/3649/2863 3017/3650/2863
f 3015/3648/2864 3016/3651/2864 3019/3652/2864 3018/3649/2864
f 3017/3650/2865 3018/3649/2865 3013/3643/2865 3010/3642/2865
f 3018/3649/2866 3019/3652/2866 3014/3646/2866 3013/3643/2866
f 3008/3653/2867 3020/3654/2867 3023/3655/2867 3022/3656/2867
f 3020/3654/2868 3021/3645/2868 3024/3644/2868 3023/3655/2868
f 3022/3656/2869 3023/3655/2869 3019/3652/2869 3016/3651/2869
f 3023/3655/2870 3024/3644/2870 3014/3646/2870 3019/3652/2870
f 2911/3533/2871 2873/3479/2871 2878/3482/2871 2914/3534/2871
f 2914/3534/2872 2878/3482/2872 2888/3486/2872 2915/3537/2872
f 2915/3549/2873 2888/3501/2873 2887/3498/2873 2922/3545/2873
f 2922/3545/2874 2887/3498/2874 2875/3497/2874 2912/3542/2874
f 2874/3488/2875 2892/3506/2875 2897/3509/2875 2882/3489/2875
f 2882/3489/2876 2897/3509/2876 2907/3513/2876 2883/3492/2876
f 2883/3504/2877 2907/3528/2877 2906/3525/2877 2889/3500/2877
f 2889/3500/2878 2906/3525/2878 2894/3524/2878 2875/3497/2878
f 2893/3515/2879 2930/3557/2879 2935/3560/2879 2901/3516/2879
f 2901/3516/2880 2935/3560/2880 2945/3564/2880 2902/3519/2880
f 2902/3531/2881 2945/3579/2881 2944/3576/2881 2908/3527/2881
f 2908/3527/2882 2944/3576/2882 2932/3575/2882 2894/3524/2882
f 2931/3566/2883 2913/3551/2883 2927/3554/2883 2939/3567/2883
f 2939/3567/2884 2927/3554/2884 2921/3546/2884 2940/3570/2884
f 2940/3570/2885 2921/3546/2885 2920/3543/2885 2946/3578/2885
f 2946/3578/2886 2920/3543/2886 2912/3542/2886 2932/3575/2886
f 2987/3619/2887 2911/3533/2887 2916/3536/2887 2990/3620/2887
f 2990/3620/2888 2916/3536/2888 2926/3540/2888 2991/3623/2888
f 2991/3623/2889 2926/3555/2889 2925/3552/2889 2998/3631/2889
f 2998/3631/2890 2925/3552/2890 2913/3551/2890 2988/3628/2890
f 2930/3557/2891 3006/3638/2891 3011/3641/2891 2933/3558/2891
f 2933/3558/2892 3011/3641/2892 3021/3645/2892 2934/3561/2892
f 2934/3573/2893 3021/3645/2893 3020/3654/2893 2941/3569/2893
f 2941/3569/2894 3020/3654/2894 3008/3653/2894 2931/3566/2894
f 3007/3647/2895 2989/3634/2895 3003/3637/2895 3015/3648/2895
f 3015/3648/2896 3003/3637/2896 2997/3632/2896 3016/3651/2896
f 3016/3651/2897 2997/3632/2897 2996/3629/2897 3022/3656/2897
f 3022/3656/2898 2996/3629/2898 2988/3628/2898 3008/3653/2898
f 2949/3581/2899 2987/3619/2899 2992/3622/2899 2952/3582/2899
f 2952/3582/2900 2992/3622/2900 3002/3626/2900 2953/3585/2900
f 2953/3585/2901 3002/3626/2901 3001/3635/2901 2960/3593/2901
f 2960/3593/2902 3001/3635/2902 2989/3634/2902 2950/3590/2902
f 3006/3638/2903 2968/3600/2903 2973/3603/2903 3009/3639/2903
f 3009/3639/2904 2973/3603/2904 2983/3607/2904 3010/3642/2904
f 3010/3642/2905 2983/3607/2905 2982/3616/2905 3017/3650/2905
f 3017/3650/2906 2982/3616/2906 2970/3615/2906 3007/3647/2906
f 2969/3609/2907 2951/3596/2907 2965/3599/2907 2977/3610/2907
f 2977/3610/2908 2965/3599/2908 2959/3594/2908 2978/3613/2908
f 2978/3613/2909 2959/3594/2909 2958/3591/2909 2984/3618/2909
f 2984/3618/2910 2958/3591/2910 2950/3590/2910 2970/3615/2910
f 2873/3479/2911 2949/3581/2911 2954/3584/2911 2876/3480/2911
f 2876/3480/2912 2954/3584/2912 2964/3588/2912 2877/3483/2912
f 2877/3495/2913 2964/3588/2913 2963/3597/2913 2884/3491/2913
f 2884/3491/2914 2963/3597/2914 2951/3596/2914 2874/3488/2914
f 2968/3600/2915 2893/3515/2915 2903/3518/2915 2971/3601/2915
f 2971/3601/2916 2903/3518/2916 2896/3522/2916 2972/3604/2916
f 2972/3604/2917 2896/3510/2917 2895/3507/2917 2979/3612/2917
f 2979/3612/2918 2895/3507/2918 2892/3506/2918 2969/3609/2918
f 2911/3533/2919 2987/3619/2919 2949/3581/2919 2873/3479/2919
f 2875/3497/2920 2894/3524/2920 2932/3575/2920 2912/3542/2920
f 2951/3596/2921 2969/3609/2921 2892/3506/2921 2874/3488/2921
f 3006/3638/2922 2930/3557/2922 2893/3515/2922 2968/3600/2922
f 2913/3551/2923 2931/3566/2923 3008/3653/2923 2988/3628/2923
f 2989/3634/2924 3007/3647/2924 2970/3615/2924 2950/3590/2924
o 30_FaceIDModule
v -0.012300 0.000950 -0.061500
v -0.012300 0.001150 -0.061300
v -0.012500 0.001150 -0.061500
v -0.012300 0.000965 -0.061423
v -0.012300 0.001009 -0.061359
v -0.012377 0.000965 -0.061500
v -0.012378 0.000984 -0.061422
v -0.012374 0.001019 -0.061369
v -0.012415 0.001035 -0.061385
v -0.012377 0.001150 -0.061315
v -0.012441 0.001150 -0.061359
v -0.012300 0.001073 -0.061315
v -0.012378 0.001072 -0.061334
v -0.012431 0.001076 -0.061369
v -0.012485 0.001073 -0.061500
v -0.012441 0.001009 -0.061500
v -0.012485 0.001150 -0.061423
v -0.012466 0.001072 -0.061422
v -0.012431 0.001019 -0.061426
v -0.012300 0.002750 -0.061300
v -0.012300 0.002950 -0.061500
v -0.012500 0.002750 -0.061500
v -0.012300 0.002827 -0.061315
v -0.012300 0.002891 -0.061359
v -0.012377 0.002750 -0.061315
v -0.012378 0.002828 -0.061334
v -0.012374 0.002881 -0.061369
v -0.012415 0.002865 -0.061385
v -0.012377 0.002935 -0.061500
v -0.012441 0.002891 -0.061500
v -0.012300 0.002935 -0.061423
v -0.012378 0.002916 -0.061422
v -0.012431 0.002881 -0.061426
v -0.012485 0.002750 -0.061423
v -0.012441 0.002750 -0.061359
v -0.012485 0.002827 -0.061500
v -0.012466 0.002828 -0.061422
v -0.012431 0.002824 -0.061369
v -0.012300 0.000950 -0.066100
v -0.012500 0.001150 -0.066100
v -0.012300 0.001150 -0.066300
v -0.012377 0.000965 -0.066100
v -0.012441 0.001009 -0.066100
v -0.012300 0.000965 -0.066177
v -0.012378 0.000984 -0.066178
v -0.012431 0.001019 -0.066174
v -0.012415 0.001035 -0.066215
v -0.012485 0.001150 -0.066177
v -0.012441 0.001150 -0.066241
v -0.012485 0.001073 -0.066100
v -0.012466 0.001072 -0.066178
v -0.012431 0.001076 -0.066231
v -0.012300 0.001073 -0.066285
v -0.012300 0.001009 -0.066241
v -0.012377 0.001150 -0.066285
v -0.012378 0.001072 -0.066266
v -0.012374 0.001019 -0.066231
v -0.012300 0.002950 -0.066100
v -0.012300 0.002750 -0.066300
v -0.012500 0.002750 -0.066100
v -0.012300 0.002935 -0.066177
v -0.012300 0.002891 -0.066241
v -0.012377 0.002935 -0.066100
v -0.012378 0.002916 -0.066178
v -0.012374 0.002881 -0.066231
v -0.012415 0.002865 -0.066215
v -0.012377 0.002750 -0.066285
v -0.012441 0.002750 -0.066241
v -0.012300 0.002827 -0.066285
v -0.012378 0.002828 -0.066266
v -0.012431 0.002824 -0.066231
v -0.012485 0.002827 -0.066100
v -0.012441 0.002891 -0.066100
v -0.012485 0.002750 -0.066177
v -0.012466 0.002828 -0.066178
v -0.012431 0.002881 -0.066174
v 0.012300 0.000950 -0.061500
v 0.012500 0.001150 -0.061500
v 0.012300 0.001150 -0.061300
v 0.012377 0.000965 -0.061500
v 0.012441 0.001009 -0.061500
v 0.012300 0.000965 -0.061423
v 0.012378 0.000984 -0.061422
v 0.012431 0.001019 -0.061426
v 0.012415 0.001035 -0.061385
v 0.012485 0.001150 -0.061423
v 0.012441 0.001150 -0.061359
v 0.012485 0.001073 -0.061500
v 0.012466 0.001072 -0.061422
v 0.012431 0.001076 -0.061369
v 0.012300 0.001073 -0.061315
v 0.012300 0.001009 -0.061359
v 0.012377 0.001150 -0.061315
v 0.012378 0.001072 -0.061334
v 0.012374 0.001019 -0.061369
v 0.012300 0.002950 -0.061500
v 0.012300 0.002750 -0.061300
v 0.012500 0.002750 -0.061500
v 0.012300 0.002935 -0.061423
v 0.012300 0.002891 -0.061359
v 0.012377 0.002935 -0.061500
v 0.012378 0.002916 -0.061422
v 0.012374 0.002881 -0.061369
v 0.012415 0.002865 -0.061385
v 0.012377 0.002750 -0.061315
v 0.012441 0.002750 -0.061359
v 0.012300 0.002827 -0.061315
v 0.012378 0.002828 -0.061334
v 0.012431 0.002824 -0.061369
v 0.012485 0.002827 -0.061500
v 0.012441 0.002891 -0.061500
v 0.012485 0.002750 -0.061423
v 0.012466 0.002828 -0.061422
v 0.012431 0.002881 -0.061426
v 0.012300 0.000950 -0.066100
v 0.012300 0.001150 -0.066300
v 0.012500 0.001150 -0.066100
v 0.012300 0.000965 -0.066177
v 0.012300 0.001009 -0.066241
v 0.012377 0.000965 -0.066100
v 0.012378 0.000984 -0.066178
v 0.012374 0.001019 -0.066231
v 0.012415 0.001035 -0.066215
v 0.012377 0.001150 -0.066285
v 0.012441 0.001150 -0.066241
v 0.012300 0.001073 -0.066285
v 0.012378 0.001072 -0.066266
v 0.012431 0.001076 -0.066231
v 0.012485 0.001073 -0.066100
v 0.012441 0.001009 -0.066100
v 0.012485 0.001150 -0.066177
v 0.012466 0.001072 -0.066178
v 0.012431 0.001019 -0.066174
v 0.012300 0.002950 -0.066100
v 0.012500 0.002750 -0.066100
v 0.012300 0.002750 -0.066300
v 0.012377 0.002935 -0.066100
v 0.012441 0.002891 -0.066100
v 0.012300 0.002935 -0.066177
v 0.012378 0.002916 -0.066178
v 0.012431 0.002881 -0.066174
v 0.012415 0.002865 -0.066215
v 0.012485 0.002750 -0.066177
v 0.012441 0.002750 -0.066241
v 0.012485 0.002827 -0.066100
v 0.012466 0.002828 -0.066178
v 0.012431 0.002824 -0.066231
v 0.012300 0.002827 -0.066285
v 0.012300 0.002891 -0.066241
v 0.012377 0.002750 -0.066285
v 0.012378 0.002828 -0.066266
v 0.012374 0.002881 -0.066231
vn -0.2049 -0.9571 0.2049
vn -0.1818 -0.8152 0.5499
vn -0.5500 -0.8152 0.1818
vn -0.4931 -0.7167 0.4931
vn -0.2049 -0.2049 0.9571
vn -0.5499 -0.1818 0.8152
vn -0.1818 -0.5500 0.8152
vn -0.4931 -0.4931 0.7167
vn -0.9571 -0.2049 0.2049
vn -0.8152 -0.5500 0.1818
vn -0.8152 -0.1818 0.5499
vn -0.7167 -0.4931 0.4931
vn -0.2049 0.2049 0.9571
vn -0.1818 0.5499 0.8152
vn -0.5499 0.1818 0.8152
vn -0.4931 0.4931 0.7167
vn -0.2049 0.9571 0.2049
vn -0.5500 0.8152 0.1818
vn -0.1818 0.8152 0.5500
vn -0.4931 0.7167 0.4931
vn -0.9571 0.2049 0.2049
vn -0.8152 0.1818 0.5499
vn -0.8152 0.5500 0.1818
vn -0.7167 0.4931 0.4931
vn -0.2049 -0.9571 -0.2049
vn -0.5500 -0.8152 -0.1818
vn -0.1818 -0.8152 -0.5500
vn -0.4931 -0.7167 -0.4931
vn -0.9571 -0.2049 -0.2049
vn -0.8152 -0.1818 -0.5499
vn -0.8152 -0.5500 -0.1818
vn -0.7167 -0.4931 -0.4931
vn -0.2049 -0.2049 -0.9571
vn -0.1818 -0.5499 -0.8152
vn -0.5499 -0.1818 -0.8152
vn -0.4931 -0.4931 -0.7167
vn -0.2049 0.9571 -0.2049
vn -0.1818 0.8152 -0.5499
vn -0.5500 0.8152 -0.1818
vn -0.4931 0.7167 -0.4931
vn -0.2049 0.2049 -0.9571
vn -0.5499 0.1818 -0.8152
vn -0.1818 0.5500 -0.8152
vn -0.4931 0.4931 -0.7167
vn -0.9571 0.2049 -0.2049
vn -0.8152 0.5500 -0.1818
vn -0.8152 0.1818 -0.5499
vn -0.7167 0.4931 -0.4931
vn 0.2049 -0.9571 0.2049
vn 0.5500 -0.8152 0.1818
vn 0.1818 -0.8152 0.5500
vn 0.4931 -0.7167 0.4931
vn 0.9571 -0.2049 0.2049
vn 0.8152 -0.1818 0.5499
vn 0.8152 -0.5500 0.1818
vn 0.7167 -0.4931 0.4931
vn 0.2049 -0.2049 0.9571
vn 0.1818 -0.5499 0.8152
vn 0.5499 -0.1818 0.8152
vn 0.4931 -0.4931 0.7167
vn 0.2049 0.9571 0.2049
vn 0.1818 0.8152 0.5499
vn 0.5500 0.8152 0.1818
vn 0.4931 0.7167 0.4931
vn 0.2049 0.2049 0.9571
vn 0.5499 0.1818 0.8152
vn 0.1818 0.5500 0.8152
vn 0.4931 0.4931 0.7167
vn 0.9571 0.2049 0.2049
vn 0.8152 0.5500 0.1818
vn 0.8152 0.1818 0.5499
vn 0.7167 0.4931 0.4931
vn 0.2049 -0.9571 -0.2049
vn 0.1818 -0.8152 -0.5499
vn 0.5500 -0.8152 -0.1818
vn 0.4931 -0.7167 -0.4931
vn 0.2049 -0.2049 -0.9571
vn 0.5499 -0.1818 -0.8152
vn 0.1818 -0.5500 -0.8152
vn 0.4931 -0.4931 -0.7167
vn 0.9571 -0.2049 -0.2049
vn 0.8152 -0.5500 -0.1818
vn 0.8152 -0.1818 -0.5499
vn 0.7167 -0.4931 -0.4931
vn 0.2049 0.9571 -0.2049
vn 0.5500 0.8152 -0.1818
vn 0.1818 0.8152 -0.5500
vn 0.4931 0.7167 -0.4931
vn 0.9571 0.2049 -0.2049
vn 0.8152 0.1818 -0.5499
vn 0.8152 0.5500 -0.1818
vn 0.7167 0.4931 -0.4931
vn 0.2049 0.2049 -0.9571
vn 0.1818 0.5499 -0.8152
vn 0.5499 0.1818 -0.8152
vn 0.4931 0.4931 -0.7167
vn -0.1951 -0.9808 -0.0000
vn -0.5556 -0.8315 -0.0000
vn -0.8315 -0.5556 -0.0000
vn -0.9808 -0.1951 -0.0000
vn -0.1951 -0.0000 0.9808
vn -0.5556 -0.0000 0.8315
vn -0.8315 -0.0000 0.5556
vn -0.9808 -0.0000 0.1951
vn -0.1951 0.9808 -0.0000
vn -0.5556 0.8315 -0.0000
vn -0.8315 0.5556 -0.0000
vn -0.9808 0.1951 -0.0000
vn -0.1951 -0.0000 -0.9808
vn -0.5556 -0.0000 -0.8315
vn -0.8315 -0.0000 -0.5556
vn -0.9808 -0.0000 -0.1951
vn -0.0000 -0.9808 -0.1951
vn -0.0000 -0.8315 -0.5556
vn -0.0000 -0.5556 -0.8315
vn -0.0000 -0.1951 -0.9808
vn -0.0000 0.9808 -0.1951
vn -0.0000 0.8315 -0.5556
vn -0.0000 0.5556 -0.8315
vn -0.0000 0.1951 -0.9808
vn 0.9808 -0.0000 -0.1951
vn 0.8315 -0.0000 -0.5556
vn 0.5556 -0.0000 -0.8315
vn 0.1951 -0.0000 -0.9808
vn 0.1951 -0.9808 -0.0000
vn 0.5556 -0.8315 -0.0000
vn 0.8315 -0.5556 -0.0000
vn 0.9808 -0.1951 -0.0000
vn 0.1951 0.9808 -0.0000
vn 0.5556 0.8315 -0.0000
vn 0.8315 0.5556 -0.0000
vn 0.9808 0.1951 -0.0000
vn 0.1951 -0.0000 0.9808
vn 0.5556 -0.0000 0.8315
vn 0.8315 -0.0000 0.5556
vn 0.9808 -0.0000 0.1951
vn -0.0000 -0.9808 0.1951
vn -0.0000 -0.8315 0.5556
vn -0.0000 -0.5556 0.8315
vn -0.0000 -0.1951 0.9808
vn -0.0000 0.9808 0.1951
vn -0.0000 0.8315 0.5556
vn -0.0000 0.5556 0.8315
vn -0.0000 0.1951 0.9808
vn -0.0000 -1.0000 -0.0000
vn -1.0000 -0.0000 -0.0000
vn -0.0000 -0.0000 1.0000
vn -0.0000 1.0000 -0.0000
vn -0.0000 -0.0000 -1.0000
vn 1.0000 -0.0000 -0.0000
vt 0.127000 0.740000
vt 0.127000 0.743827
vt 0.126215 0.743923
vt 0.126235 0.740000
vt 0.127000 0.750000
vt 0.126255 0.750000
vt 0.125000 0.743724
vt 0.125000 0.740000
vt 0.125845 0.750000
vt 0.400000 0.998000
vt 0.400000 0.998765
vt 0.390193 0.998785
vt 0.390433 0.998000
vt 0.400000 1.000000
vt 0.390691 1.000000
vt 0.375000 0.998745
vt 0.375000 0.998000
vt 0.385566 1.000000
vt 0.400000 0.010000
vt 0.390433 0.010000
vt 0.390193 0.006077
vt 0.400000 0.006173
vt 0.375000 0.010000
vt 0.375000 0.006276
vt 0.390691 0.000000
vt 0.400000 0.000000
vt 0.375000 0.004226
vt 0.600000 0.998000
vt 0.609567 0.998000
vt 0.609807 0.998785
vt 0.600000 0.998765
vt 0.625000 0.998000
vt 0.625000 0.998745
vt 0.609309 1.000000
vt 0.600000 1.000000
vt 0.625000 0.999155
vt 0.873000 0.740000
vt 0.873765 0.740000
vt 0.873785 0.743923
vt 0.873000 0.743827
vt 0.875000 0.740000
vt 0.875000 0.743724
vt 0.873745 0.750000
vt 0.873000 0.750000
vt 0.875000 0.745774
vt 0.600000 0.010000
vt 0.600000 0.006173
vt 0.609807 0.006077
vt 0.609567 0.010000
vt 0.600000 0.000000
vt 0.609309 0.000000
vt 0.625000 0.006276
vt 0.625000 0.010000
vt 0.614434 0.000000
vt 0.127000 0.510000
vt 0.126235 0.510000
vt 0.126215 0.506077
vt 0.127000 0.506173
vt 0.125000 0.510000
vt 0.125000 0.506276
vt 0.126255 0.500000
vt 0.127000 0.500000
vt 0.125000 0.504227
vt 0.400000 0.240000
vt 0.400000 0.243827
vt 0.390193 0.243923
vt 0.390433 0.240000
vt 0.400000 0.250000
vt 0.390691 0.250000
vt 0.375000 0.243724
vt 0.375000 0.240000
vt 0.380283 0.250423
vt 0.400000 0.252000
vt 0.390433 0.252000
vt 0.390193 0.251215
vt 0.400000 0.251235
vt 0.375000 0.252000
vt 0.375000 0.251255
vt 0.873000 0.510000
vt 0.873000 0.506173
vt 0.873785 0.506077
vt 0.873765 0.510000
vt 0.873000 0.500000
vt 0.873745 0.500000
vt 0.875000 0.506276
vt 0.875000 0.510000
vt 0.874155 0.500000
vt 0.600000 0.252000
vt 0.600000 0.251235
vt 0.609807 0.251215
vt 0.609567 0.252000
vt 0.600000 0.250000
vt 0.609309 0.250000
vt 0.625000 0.251255
vt 0.625000 0.252000
vt 0.619717 0.247887
vt 0.600000 0.240000
vt 0.609567 0.240000
vt 0.609807 0.243923
vt 0.600000 0.243827
vt 0.625000 0.240000
vt 0.625000 0.243724
vt 0.373000 0.740000
vt 0.373765 0.740000
vt 0.373785 0.743923
vt 0.373000 0.743827
vt 0.375000 0.740000
vt 0.375000 0.743724
vt 0.374372 0.750628
vt 0.374000 0.751000
vt 0.378522 0.748873
vt 0.400000 0.740000
vt 0.400000 0.743827
vt 0.390193 0.743923
vt 0.390433 0.740000
vt 0.400000 0.750000
vt 0.390691 0.750000
vt 0.400000 0.752000
vt 0.390433 0.752000
vt 0.390193 0.751215
vt 0.400000 0.751235
vt 0.627000 0.740000
vt 0.627000 0.743827
vt 0.626215 0.743923
vt 0.626235 0.740000
vt 0.626000 0.751000
vt 0.625628 0.750628
vt 0.625000 0.743724
vt 0.625000 0.740000
vt 0.621760 0.748591
vt 0.600000 0.752000
vt 0.600000 0.751235
vt 0.609807 0.751215
vt 0.609567 0.752000
vt 0.600000 0.750000
vt 0.609309 0.750000
vt 0.600000 0.740000
vt 0.609567 0.740000
vt 0.609807 0.743923
vt 0.600000 0.743827
vt 0.373000 0.510000
vt 0.373000 0.506173
vt 0.373785 0.506077
vt 0.373765 0.510000
vt 0.374000 0.499000
vt 0.374372 0.499372
vt 0.375000 0.506276
vt 0.375000 0.510000
vt 0.378240 0.501409
vt 0.400000 0.498000
vt 0.400000 0.498765
vt 0.390193 0.498785
vt 0.390433 0.498000
vt 0.400000 0.500000
vt 0.390691 0.500000
vt 0.400000 0.510000
vt 0.390433 0.510000
vt 0.390193 0.506077
vt 0.400000 0.506173
vt 0.627000 0.510000
vt 0.626235 0.510000
vt 0.626215 0.506077
vt 0.627000 0.506173
vt 0.625000 0.510000
vt 0.625000 0.506276
vt 0.625628 0.499372
vt 0.626000 0.499000
vt 0.621478 0.501127
vt 0.600000 0.510000
vt 0.600000 0.506173
vt 0.609807 0.506077
vt 0.609567 0.510000
vt 0.600000 0.500000
vt 0.609309 0.500000
vt 0.600000 0.498000
vt 0.609567 0.498000
vt 0.609807 0.498785
vt 0.600000 0.498765
s 0
usemtl Plastic
f 3025/3657/2925 3028/3658/2925 3031/3659/2925 3030/3660/2925
f 3028/3658/2926 3029/3661/2926 3032/3662/2926 3031/3659/2926
f 3030/3660/2927 3031/3659/2927 3043/3663/2927 3040/3664/2927
f 3031/3659/2928 3032/3662/2928 3033/3665/2928 3043/3663/2928
f 3026/3666/2929 3034/3667/2929 3037/3668/2929 3036/3669/2929
f 3034/3667/2930 3035/3670/2930 3038/3671/2930 3037/3668/2930
f 3036/3669/2931 3037/3668/2931 3032/3672/2931 3029/3673/2931
f 3037/3668/2932 3038/3671/2932 3033/3674/2932 3032/3672/2932
f 3027/3675/2933 3039/3676/2933 3042/3677/2933 3041/3678/2933
f 3039/3676/2934 3040/3679/2934 3043/3680/2934 3042/3677/2934
f 3041/3678/2935 3042/3677/2935 3038/3681/2935 3035/3682/2935
f 3042/3677/2936 3043/3680/2936 3033/3683/2936 3038/3681/2936
f 3044/3684/2937 3047/3685/2937 3050/3686/2937 3049/3687/2937
f 3047/3685/2938 3048/3688/2938 3051/3689/2938 3050/3686/2938
f 3049/3687/2939 3050/3686/2939 3062/3690/2939 3059/3691/2939
f 3050/3686/2940 3051/3689/2940 3052/3692/2940 3062/3690/2940
f 3045/3693/2941 3053/3694/2941 3056/3695/2941 3055/3696/2941
f 3053/3694/2942 3054/3697/2942 3057/3698/2942 3056/3695/2942
f 3055/3696/2943 3056/3695/2943 3051/3699/2943 3048/3700/2943
f 3056/3695/2944 3057/3698/2944 3052/3701/2944 3051/3699/2944
f 3046/3702/2945 3058/3703/2945 3061/3704/2945 3060/3705/2945
f 3058/3703/2946 3059/3706/2946 3062/3707/2946 3061/3704/2946
f 3060/3705/2947 3061/3704/2947 3057/3708/2947 3054/3709/2947
f 3061/3704/2948 3062/3707/2948 3052/3710/2948 3057/3708/2948
f 3063/3711/2949 3066/3712/2949 3069/3713/2949 3068/3714/2949
f 3066/3712/2950 3067/3715/2950 3070/3716/2950 3069/3713/2950
f 3068/3714/2951 3069/3713/2951 3081/3717/2951 3078/3718/2951
f 3069/3713/2952 3070/3716/2952 3071/3719/2952 3081/3717/2952
f 3064/3720/2953 3072/3721/2953 3075/3722/2953 3074/3723/2953
f 3072/3721/2954 3073/3724/2954 3076/3725/2954 3075/3722/2954
f 3074/3723/2955 3075/3722/2955 3070/3726/2955 3067/3727/2955
f 3075/3722/2956 3076/3725/2956 3071/3728/2956 3070/3726/2956
f 3065/3729/2957 3077/3730/2957 3080/3731/2957 3079/3732/2957
f 3077/3730/2958 3078/3733/2958 3081/3734/2958 3080/3731/2958
f 3079/3732/2959 3080/3731/2959 3076/3725/2959 3073/3724/2959
f 3080/3731/2960 3081/3734/2960 3071/3728/2960 3076/3725/2960
f 3082/3735/2961 3085/3736/2961 3088/3737/2961 3087/3738/2961
f 3085/3736/2962 3086/3739/2962 3089/3740/2962 3088/3737/2962
f 3087/3738/2963 3088/3737/2963 3100/3741/2963 3097/3742/2963
f 3088/3737/2964 3089/3740/2964 3090/3743/2964 3100/3741/2964
f 3083/3744/2965 3091/3745/2965 3094/3746/2965 3093/3747/2965
f 3091/3745/2966 3092/3748/2966 3095/3749/2966 3094/3746/2966
f 3093/3747/2967 3094/3746/2967 3089/3750/2967 3086/3751/2967
f 3094/3746/2968 3095/3749/2968 3090/3752/2968 3089/3750/2968
f 3084/3753/2969 3096/3754/2969 3099/3755/2969 3098/3756/2969
f 3096/3754/2970 3097/3757/2970 3100/3758/2970 3099/3755/2970
f 3098/3756/2971 3099/3755/2971 3095/3749/2971 3092/3748/2971
f 3099/3755/2972 3100/3758/2972 3090/3752/2972 3095/3749/2972
f 3101/3759/2973 3104/3760/2973 3107/3761/2973 3106/3762/2973
f 3104/3760/2974 3105/3763/2974 3108/3764/2974 3107/3761/2974
f 3106/3762/2975 3107/3761/2975 3119/3765/2975 3116/3766/2975
f 3107/3761/2976 3108/3764/2976 3109/3767/2976 3119/3765/2976
f 3102/3768/2977 3110/3769/2977 3113/3770/2977 3112/3771/2977
f 3110/3769/2978 3111/3772/2978 3114/3773/2978 3113/3770/2978
f 3112/3771/2979 3113/3770/2979 3108/3764/2979 3105/3763/2979
f 3113/3770/2980 3114/3773/2980 3109/3767/2980 3108/3764/2980
f 3103/3774/2981 3115/3775/2981 3118/3776/2981 3117/3777/2981
f 3115/3775/2982 3116/3766/2982 3119/3765/2982 3118/3776/2982
f 3117/3777/2983 3118/3776/2983 3114/3773/2983 3111/3772/2983
f 3118/3776/2984 3119/3765/2984 3109/3767/2984 3114/3773/2984
f 3120/3778/2985 3123/3779/2985 3126/3780/2985 3125/3781/2985
f 3123/3779/2986 3124/3782/2986 3127/3783/2986 3126/3780/2986
f 3125/3781/2987 3126/3780/2987 3138/3784/2987 3135/3785/2987
f 3126/3780/2988 3127/3783/2988 3128/3786/2988 3138/3784/2988
f 3121/3787/2989 3129/3788/2989 3132/3789/2989 3131/3790/2989
f 3129/3788/2990 3130/3791/2990 3133/3792/2990 3132/3789/2990
f 3131/3790/2991 3132/3789/2991 3127/3783/2991 3124/3782/2991
f 3132/3789/2992 3133/3792/2992 3128/3786/2992 3127/3783/2992
f 3122/3793/2993 3134/3794/2993 3137/3795/2993 3136/3796/2993
f 3134/3794/2994 3135/3785/2994 3138/3784/2994 3137/3795/2994
f 3136/3796/2995 3137/3795/2995 3133/3792/2995 3130/3791/2995
f 3137/3795/2996 3138/3784/2996 3128/3786/2996 3133/3792/2996
f 3139/3797/2997 3142/3798/2997 3145/3799/2997 3144/3800/2997
f 3142/3798/2998 3143/3801/2998 3146/3802/2998 3145/3799/2998
f 3144/3800/2999 3145/3799/2999 3157/3803/2999 3154/3804/2999
f 3145/3799/3000 3146/3802/3000 3147/3805/3000 3157/3803/3000
f 3140/3806/3001 3148/3807/3001 3151/3808/3001 3150/3809/3001
f 3148/3807/3002 3149/3810/3002 3152/3811/3002 3151/3808/3002
f 3150/3809/3003 3151/3808/3003 3146/3802/3003 3143/3801/3003
f 3151/3808/3004 3152/3811/3004 3147/3805/3004 3146/3802/3004
f 3141/3812/3005 3153/3813/3005 3156/3814/3005 3155/3815/3005
f 3153/3813/3006 3154/3804/3006 3157/3803/3006 3156/3814/3006
f 3155/3815/3007 3156/3814/3007 3152/3811/3007 3149/3810/3007
f 3156/3814/3008 3157/3803/3008 3147/3805/3008 3152/3811/3008
f 3158/3816/3009 3161/3817/3009 3164/3818/3009 3163/3819/3009
f 3161/3817/3010 3162/3820/3010 3165/3821/3010 3164/3818/3010
f 3163/3819/3011 3164/3818/3011 3176/3822/3011 3173/3823/3011
f 3164/3818/3012 3165/3821/3012 3166/3824/3012 3176/3822/3012
f 3159/3825/3013 3167/3826/3013 3170/3827/3013 3169/3828/3013
f 3167/3826/3014 3168/3829/3014 3171/3830/3014 3170/3827/3014
f 3169/3828/3015 3170/3827/3015 3165/3821/3015 3162/3820/3015
f 3170/3827/3016 3171/3830/3016 3166/3824/3016 3165/3821/3016
f 3160/3831/3017 3172/3832/3017 3175/3833/3017 3174/3834/3017
f 3172/3832/3018 3173/3823/3018 3176/3822/3018 3175/3833/3018
f 3174/3834/3019 3175/3833/3019 3171/3830/3019 3168/3829/3019
f 3175/3833/3020 3176/3822/3020 3166/3824/3020 3171/3830/3020
f 3063/3711/3021 3025/3657/3021 3030/3660/3021 3066/3712/3021
f 3066/3712/3022 3030/3660/3022 3040/3664/3022 3067/3715/3022
f 3067/3727/3023 3040/3679/3023 3039/3676/3023 3074/3723/3023
f 3074/3723/3024 3039/3676/3024 3027/3675/3024 3064/3720/3024
f 3026/3666/3025 3044/3684/3025 3049/3687/3025 3034/3667/3025
f 3034/3667/3026 3049/3687/3026 3059/3691/3026 3035/3670/3026
f 3035/3682/3027 3059/3706/3027 3058/3703/3027 3041/3678/3027
f 3041/3678/3028 3058/3703/3028 3046/3702/3028 3027/3675/3028
f 3045/3693/3029 3082/3735/3029 3087/3738/3029 3053/3694/3029
f 3053/3694/3030 3087/3738/3030 3097/3742/3030 3054/3697/3030
f 3054/3709/3031 3097/3757/3031 3096/3754/3031 3060/3705/3031
f 3060/3705/3032 3096/3754/3032 3084/3753/3032 3046/3702/3032
f 3083/3744/3033 3065/3729/3033 3079/3732/3033 3091/3745/3033
f 3091/3745/3034 3079/3732/3034 3073/3724/3034 3092/3748/3034
f 3092/3748/3035 3073/3724/3035 3072/3721/3035 3098/3756/3035
f 3098/3756/3036 3072/3721/3036 3064/3720/3036 3084/3753/3036
f 3139/3797/3037 3063/3711/3037 3068/3714/3037 3142/3798/3037
f 3142/3798/3038 3068/3714/3038 3078/3718/3038 3143/3801/3038
f 3143/3801/3039 3078/3733/3039 3077/3730/3039 3150/3809/3039
f 3150/3809/3040 3077/3730/3040 3065/3729/3040 3140/3806/3040
f 3082/3735/3041 3158/3816/3041 3163/3819/3041 3085/3736/3041
f 3085/3736/3042 3163/3819/3042 3173/3823/3042 3086/3739/3042
f 3086/3751/3043 3173/3823/3043 3172/3832/3043 3093/3747/3043
f 3093/3747/3044 3172/3832/3044 3160/3831/3044 3083/3744/3044
f 3159/3825/3045 3141/3812/3045 3155/3815/3045 3167/3826/3045
f 3167/3826/3046 3155/3815/3046 3149/3810/3046 3168/3829/3046
f 3168/3829/3047 3149/3810/3047 3148/3807/3047 3174/3834/3047
f 3174/3834/3048 3148/3807/3048 3140/3806/3048 3160/3831/3048
f 3101/3759/3049 3139/3797/3049 3144/3800/3049 3104/3760/3049
f 3104/3760/3050 3144/3800/3050 3154/3804/3050 3105/3763/3050
f 3105/3763/3051 3154/3804/3051 3153/3813/3051 3112/3771/3051
f 3112/3771/3052 3153/3813/3052 3141/3812/3052 3102/3768/3052
f 3158/3816/3053 3120/3778/3053 3125/3781/3053 3161/3817/3053
f 3161/3817/3054 3125/3781/3054 3135/3785/3054 3162/3820/3054
f 3162/3820/3055 3135/3785/3055 3134/3794/3055 3169/3828/3055
f 3169/3828/3056 3134/3794/3056 3122/3793/3056 3159/3825/3056
f 3121/3787/3057 3103/3774/3057 3117/3777/3057 3129/3788/3057
f 3129/3788/3058 3117/3777/3058 3111/3772/3058 3130/3791/3058
f 3130/3791/3059 3111/3772/3059 3110/3769/3059 3136/3796/3059
f 3136/3796/3060 3110/3769/3060 3102/3768/3060 3122/3793/3060
f 3025/3657/3061 3101/3759/3061 3106/3762/3061 3028/3658/3061
f 3028/3658/3062 3106/3762/3062 3116/3766/3062 3029/3661/3062
f 3029/3673/3063 3116/3766/3063 3115/3775/3063 3036/3669/3063
f 3036/3669/3064 3115/3775/3064 3103/3774/3064 3026/3666/3064
f 3120/3778/3065 3045/3693/3065 3055/3696/3065 3123/3779/3065
f 3123/3779/3066 3055/3696/3066 3048/3700/3066 3124/3782/3066
f 3124/3782/3067 3048/3688/3067 3047/3685/3067 3131/3790/3067
f 3131/3790/3068 3047/3685/3068 3044/3684/3068 3121/3787/3068
f 3063/3711/3069 3139/3797/3069 3101/3759/3069 3025/3657/3069
f 3027/3675/3070 3046/3702/3070 3084/3753/3070 3064/3720/3070
f 3103/3774/3071 3121/3787/3071 3044/3684/3071 3026/3666/3071
f 3158/3816/3072 3082/3735/3072 3045/3693/3072 3120/3778/3072
f 3065/3729/3073 3083/3744/3073 3160/3831/3073 3140/3806/3073
f 3141/3812/3074 3159/3825/3074 3122/3793/3074 3102/3768/3074
o 31_EarpieceSpeaker
v -0.007300 0.000950 -0.067500
v -0.007300 0.001150 -0.067300
v -0.007500 0.001150 -0.067500
v -0.007300 0.000965 -0.067423
v -0.007300 0.001009 -0.067359
v -0.007377 0.000965 -0.067500
v -0.007378 0.000984 -0.067422
v -0.007374 0.001019 -0.067369
v -0.007415 0.001035 -0.067385
v -0.007377 0.001150 -0.067315
v -0.007441 0.001150 -0.067359
v -0.007300 0.001073 -0.067315
v -0.007378 0.001072 -0.067334
v -0.007431 0.001076 -0.067369
v -0.007485 0.001073 -0.067500
v -0.007441 0.001009 -0.067500
v -0.007485 0.001150 -0.067423
v -0.007466 0.001072 -0.067422
v -0.007431 0.001019 -0.067426
v -0.007300 0.002750 -0.067300
v -0.007300 0.002950 -0.067500
v -0.007500 0.002750 -0.067500
v -0.007300 0.002827 -0.067315
v -0.007300 0.002891 -0.067359
v -0.007377 0.002750 -0.067315
v -0.007378 0.002828 -0.067334
v -0.007374 0.002881 -0.067369
v -0.007415 0.002865 -0.067385
v -0.007377 0.002935 -0.067500
v -0.007441 0.002891 -0.067500
v -0.007300 0.002935 -0.067423
v -0.007378 0.002916 -0.067422
v -0.007431 0.002881 -0.067426
v -0.007485 0.002750 -0.067423
v -0.007441 0.002750 -0.067359
v -0.007485 0.002827 -0.067500
v -0.007466 0.002828 -0.067422
v -0.007431 0.002824 -0.067369
v -0.007300 0.000950 -0.070100
v -0.007500 0.001150 -0.070100
v -0.007300 0.001150 -0.070300
v -0.007377 0.000965 -0.070100
v -0.007441 0.001009 -0.070100
v -0.007300 0.000965 -0.070177
v -0.007378 0.000984 -0.070178
v -0.007431 0.001019 -0.070174
v -0.007415 0.001035 -0.070215
v -0.007485 0.001150 -0.070177
v -0.007441 0.001150 -0.070241
v -0.007485 0.001073 -0.070100
v -0.007466 0.001072 -0.070178
v -0.007431 0.001076 -0.070231
v -0.007300 0.001073 -0.070285
v -0.007300 0.001009 -0.070241
v -0.007377 0.001150 -0.070285
v -0.007378 0.001072 -0.070266
v -0.007374 0.001019 -0.070231
v -0.007300 0.002950 -0.070100
v -0.007300 0.002750 -0.070300
v -0.007500 0.002750 -0.070100
v -0.007300 0.002935 -0.070177
v -0.007300 0.002891 -0.070241
v -0.007377 0.002935 -0.070100
v -0.007378 0.002916 -0.070178
v -0.007374 0.002881 -0.070231
v -0.007415 0.002865 -0.070215
v -0.007377 0.002750 -0.070285
v -0.007441 0.002750 -0.070241
v -0.007300 0.002827 -0.070285
v -0.007378 0.002828 -0.070266
v -0.007431 0.002824 -0.070231
v -0.007485 0.002827 -0.070100
v -0.007441 0.002891 -0.070100
v -0.007485 0.002750 -0.070177
v -0.007466 0.002828 -0.070178
v -0.007431 0.002881 -0.070174
v 0.007300 0.000950 -0.067500
v 0.007500 0.001150 -0.067500
v 0.007300 0.001150 -0.067300
v 0.007377 0.000965 -0.067500
v 0.007441 0.001009 -0.067500
v 0.007300 0.000965 -0.067423
v 0.007378 0.000984 -0.067422
v 0.007431 0.001019 -0.067426
v 0.007415 0.001035 -0.067385
v 0.007485 0.001150 -0.067423
v 0.007441 0.001150 -0.067359
v 0.007485 0.001073 -0.067500
v 0.007466 0.001072 -0.067422
v 0.007431 0.001076 -0.067369
v 0.007300 0.001073 -0.067315
v 0.007300 0.001009 -0.067359
v 0.007377 0.001150 -0.067315
v 0.007378 0.001072 -0.067334
v 0.007374 0.001019 -0.067369
v 0.007300 0.002950 -0.067500
v 0.007300 0.002750 -0.067300
v 0.007500 0.002750 -0.067500
v 0.007300 0.002935 -0.067423
v 0.007300 0.002891 -0.067359
v 0.007377 0.002935 -0.067500
v 0.007378 0.002916 -0.067422
v 0.007374 0.002881 -0.067369
v 0.007415 0.002865 -0.067385
v 0.007377 0.002750 -0.067315
v 0.007441 0.002750 -0.067359
v 0.007300 0.002827 -0.067315
v 0.007378 0.002828 -0.067334
v 0.007431 0.002824 -0.067369
v 0.007485 0.002827 -0.067500
v 0.007441 0.002891 -0.067500
v 0.007485 0.002750 -0.067423
v 0.007466 0.002828 -0.067422
v 0.007431 0.002881 -0.067426
v 0.007300 0.000950 -0.070100
v 0.007300 0.001150 -0.070300
v 0.007500 0.001150 -0.070100
v 0.007300 0.000965 -0.070177
v 0.007300 0.001009 -0.070241
v 0.007377 0.000965 -0.070100
v 0.007378 0.000984 -0.070178
v 0.007374 0.001019 -0.070231
v 0.007415 0.001035 -0.070215
v 0.007377 0.001150 -0.070285
v 0.007441 0.001150 -0.070241
v 0.007300 0.001073 -0.070285
v 0.007378 0.001072 -0.070266
v 0.007431 0.001076 -0.070231
v 0.007485 0.001073 -0.070100
v 0.007441 0.001009 -0.070100
v 0.007485 0.001150 -0.070177
v 0.007466 0.001072 -0.070178
v 0.007431 0.001019 -0.070174
v 0.007300 0.002950 -0.070100
v 0.007500 0.002750 -0.070100
v 0.007300 0.002750 -0.070300
v 0.007377 0.002935 -0.070100
v 0.007441 0.002891 -0.070100
v 0.007300 0.002935 -0.070177
v 0.007378 0.002916 -0.070178
v 0.007431 0.002881 -0.070174
v 0.007415 0.002865 -0.070215
v 0.007485 0.002750 -0.070177
v 0.007441 0.002750 -0.070241
v 0.007485 0.002827 -0.070100
v 0.007466 0.002828 -0.070178
v 0.007431 0.002824 -0.070231
v 0.007300 0.002827 -0.070285
v 0.007300 0.002891 -0.070241
v 0.007377 0.002750 -0.070285
v 0.007378 0.002828 -0.070266
v 0.007374 0.002881 -0.070231
vn -0.2049 -0.9571 0.2049
vn -0.1818 -0.8152 0.5500
vn -0.5500 -0.8152 0.1818
vn -0.4931 -0.7167 0.4931
vn -0.2049 -0.2049 0.9571
vn -0.5500 -0.1818 0.8152
vn -0.1818 -0.5500 0.8152
vn -0.4931 -0.4931 0.7167
vn -0.9571 -0.2049 0.2049
vn -0.8152 -0.5500 0.1818
vn -0.8152 -0.1818 0.5500
vn -0.7167 -0.4931 0.4931
vn -0.2049 0.2049 0.9571
vn -0.1818 0.5500 0.8152
vn -0.5499 0.1818 0.8152
vn -0.4931 0.4931 0.7167
vn -0.2049 0.9571 0.2049
vn -0.5500 0.8152 0.1818
vn -0.1818 0.8152 0.5500
vn -0.4931 0.7167 0.4931
vn -0.9571 0.2049 0.2049
vn -0.8152 0.1818 0.5500
vn -0.8152 0.5500 0.1818
vn -0.7167 0.4931 0.4931
vn -0.2049 -0.9571 -0.2049
vn -0.5500 -0.8152 -0.1818
vn -0.1818 -0.8152 -0.5500
vn -0.4931 -0.7167 -0.4931
vn -0.9571 -0.2049 -0.2049
vn -0.8152 -0.1818 -0.5500
vn -0.8152 -0.5500 -0.1818
vn -0.7167 -0.4931 -0.4931
vn -0.2049 -0.2049 -0.9571
vn -0.1818 -0.5500 -0.8152
vn -0.5499 -0.1818 -0.8152
vn -0.4931 -0.4931 -0.7167
vn -0.2049 0.9571 -0.2049
vn -0.1818 0.8152 -0.5500
vn -0.5500 0.8152 -0.1818
vn -0.4931 0.7167 -0.4931
vn -0.2049 0.2049 -0.9571
vn -0.5500 0.1818 -0.8152
vn -0.1818 0.5500 -0.8152
vn -0.4931 0.4931 -0.7167
vn -0.9571 0.2049 -0.2049
vn -0.8152 0.5500 -0.1818
vn -0.8152 0.1818 -0.5500
vn -0.7167 0.4931 -0.4931
vn 0.2049 -0.9571 0.2049
vn 0.5500 -0.8152 0.1818
vn 0.1818 -0.8152 0.5500
vn 0.4931 -0.7167 0.4931
vn 0.9571 -0.2049 0.2049
vn 0.8152 -0.1818 0.5500
vn 0.8152 -0.5500 0.1818
vn 0.7167 -0.4931 0.4931
vn 0.2049 -0.2049 0.9571
vn 0.1818 -0.5500 0.8152
vn 0.5499 -0.1818 0.8152
vn 0.4931 -0.4931 0.7167
vn 0.2049 0.9571 0.2049
vn 0.1818 0.8152 0.5500
vn 0.5500 0.8152 0.1818
vn 0.4931 0.7167 0.4931
vn 0.2049 0.2049 0.9571
vn 0.5500 0.1818 0.8152
vn 0.1818 0.5500 0.8152
vn 0.4931 0.4931 0.7167
vn 0.9571 0.2049 0.2049
vn 0.8152 0.5500 0.1818
vn 0.8152 0.1818 0.5500
vn 0.7167 0.4931 0.4931
vn 0.2049 -0.9571 -0.2049
vn 0.1818 -0.8152 -0.5500
vn 0.5500 -0.8152 -0.1818
vn 0.4931 -0.7167 -0.4931
vn 0.2049 -0.2049 -0.9571
vn 0.5500 -0.1818 -0.8152
vn 0.1818 -0.5500 -0.8152
vn 0.4931 -0.4931 -0.7167
vn 0.9571 -0.2049 -0.2049
vn 0.8152 -0.5500 -0.1818
vn 0.8152 -0.1818 -0.5500
vn 0.7167 -0.4931 -0.4931
vn 0.2049 0.9571 -0.2049
vn 0.5500 0.8152 -0.1818
vn 0.1818 0.8152 -0.5500
vn 0.4931 0.7167 -0.4931
vn 0.9571 0.2049 -0.2049
vn 0.8152 0.1818 -0.5500
vn 0.8152 0.5500 -0.1818
vn 0.7167 0.4931 -0.4931
vn 0.2049 0.2049 -0.9571
vn 0.1818 0.5500 -0.8152
vn 0.5499 0.1818 -0.8152
vn 0.4931 0.4931 -0.7167
vn -0.1951 -0.9808 -0.0000
vn -0.5556 -0.8315 -0.0000
vn -0.8315 -0.5556 -0.0000
vn -0.9808 -0.1951 -0.0000
vn -0.1951 -0.0000 0.9808
vn -0.5556 -0.0000 0.8315
vn -0.8315 -0.0000 0.5556
vn -0.9808 -0.0000 0.1951
vn -0.1951 0.9808 -0.0000
vn -0.5556 0.8315 -0.0000
vn -0.8315 0.5556 -0.0000
vn -0.9808 0.1951 -0.0000
vn -0.1951 -0.0000 -0.9808
vn -0.5556 -0.0000 -0.8315
vn -0.8315 -0.0000 -0.5556
vn -0.9808 -0.0000 -0.1951
vn -0.0000 -0.9808 -0.1951
vn -0.0000 -0.8315 -0.5556
vn -0.0000 -0.5556 -0.8315
vn -0.0000 -0.1951 -0.9808
vn -0.0000 0.9808 -0.1951
vn -0.0000 0.8315 -0.5556
vn -0.0000 0.5556 -0.8315
vn -0.0000 0.1951 -0.9808
vn 0.9808 -0.0000 -0.1951
vn 0.8315 -0.0000 -0.5556
vn 0.5556 -0.0000 -0.8315
vn 0.1951 -0.0000 -0.9808
vn 0.1951 -0.9808 -0.0000
vn 0.5556 -0.8315 -0.0000
vn 0.8315 -0.5556 -0.0000
vn 0.9808 -0.1951 -0.0000
vn 0.1951 0.9808 -0.0000
vn 0.5556 0.8315 -0.0000
vn 0.8315 0.5556 -0.0000
vn 0.9808 0.1951 -0.0000
vn 0.1951 -0.0000 0.9808
vn 0.5556 -0.0000 0.8315
vn 0.8315 -0.0000 0.5556
vn 0.9808 -0.0000 0.1951
vn -0.0000 -0.9808 0.1951
vn -0.0000 -0.8315 0.5556
vn -0.0000 -0.5556 0.8315
vn -0.0000 -0.1951 0.9808
vn -0.0000 0.9808 0.1951
vn -0.0000 0.8315 0.5556
vn -0.0000 0.5556 0.8315
vn -0.0000 0.1951 0.9808
vn -0.0000 -1.0000 -0.0000
vn -1.0000 -0.0000 -0.0000
vn -0.0000 -0.0000 1.0000
vn -0.0000 1.0000 -0.0000
vn -0.0000 -0.0000 -1.0000
vn 1.0000 -0.0000 -0.0000
vt 0.128333 0.733333
vt 0.128333 0.739711
vt 0.127026 0.739871
vt 0.127058 0.733333
vt 0.128333 0.750000
vt 0.127092 0.750000
vt 0.125000 0.739540
vt 0.125000 0.733333
vt 0.126409 0.750000
vt 0.400000 0.996667
vt 0.400000 0.997942
vt 0.390193 0.997974
vt 0.390433 0.996667
vt 0.400000 1.000000
vt 0.390691 1.000000
vt 0.375000 0.997908
vt 0.375000 0.996667
vt 0.385566 1.000000
vt 0.400000 0.016667
vt 0.390433 0.016667
vt 0.390193 0.010129
vt 0.400000 0.010289
vt 0.375000 0.016667
vt 0.375000 0.010460
vt 0.390691 0.000000
vt 0.400000 0.000000
vt 0.375000 0.007044
vt 0.600000 0.996667
vt 0.609567 0.996667
vt 0.609807 0.997974
vt 0.600000 0.997942
vt 0.625000 0.996667
vt 0.625000 0.997908
vt 0.609309 1.000000
vt 0.600000 1.000000
vt 0.625000 0.998591
vt 0.871667 0.733333
vt 0.872942 0.733333
vt 0.872974 0.739871
vt 0.871667 0.739711
vt 0.875000 0.733333
vt 0.875000 0.739540
vt 0.872908 0.750000
vt 0.871667 0.750000
vt 0.875000 0.742956
vt 0.600000 0.016667
vt 0.600000 0.010289
vt 0.609807 0.010129
vt 0.609567 0.016667
vt 0.600000 0.000000
vt 0.609309 0.000000
vt 0.625000 0.010460
vt 0.625000 0.016667
vt 0.614434 0.000000
vt 0.128333 0.516667
vt 0.127058 0.516667
vt 0.127026 0.510129
vt 0.128333 0.510289
vt 0.125000 0.516667
vt 0.125000 0.510460
vt 0.127092 0.500000
vt 0.128333 0.500000
vt 0.125000 0.507044
vt 0.400000 0.233333
vt 0.400000 0.239711
vt 0.390193 0.239871
vt 0.390433 0.233333
vt 0.400000 0.250000
vt 0.390691 0.250000
vt 0.375000 0.239540
vt 0.375000 0.233333
vt 0.380283 0.250704
vt 0.400000 0.253333
vt 0.390433 0.253333
vt 0.390193 0.252026
vt 0.400000 0.252058
vt 0.375000 0.253333
vt 0.375000 0.252092
vt 0.871667 0.516667
vt 0.871667 0.510289
vt 0.872974 0.510129
vt 0.872942 0.516667
vt 0.871667 0.500000
vt 0.872908 0.500000
vt 0.875000 0.510460
vt 0.875000 0.516667
vt 0.873591 0.500000
vt 0.600000 0.253333
vt 0.600000 0.252058
vt 0.609807 0.252026
vt 0.609567 0.253333
vt 0.600000 0.250000
vt 0.609309 0.250000
vt 0.625000 0.252092
vt 0.625000 0.253333
vt 0.619717 0.246478
vt 0.600000 0.233333
vt 0.609567 0.233333
vt 0.609807 0.239871
vt 0.600000 0.239711
vt 0.625000 0.233333
vt 0.625000 0.239540
vt 0.371667 0.733333
vt 0.372942 0.733333
vt 0.372974 0.739871
vt 0.371667 0.739711
vt 0.375000 0.733333
vt 0.375000 0.739540
vt 0.373954 0.751046
vt 0.373333 0.751667
vt 0.378522 0.748122
vt 0.400000 0.733333
vt 0.400000 0.739711
vt 0.390193 0.739871
vt 0.390433 0.733333
vt 0.400000 0.750000
vt 0.390691 0.750000
vt 0.400000 0.753333
vt 0.390433 0.753333
vt 0.390193 0.752026
vt 0.400000 0.752058
vt 0.628333 0.733333
vt 0.628333 0.739711
vt 0.627026 0.739871
vt 0.627058 0.733333
vt 0.626667 0.751667
vt 0.626046 0.751046
vt 0.625000 0.739540
vt 0.625000 0.733333
vt 0.621948 0.747652
vt 0.600000 0.753333
vt 0.600000 0.752058
vt 0.609807 0.752026
vt 0.609567 0.753333
vt 0.600000 0.750000
vt 0.609309 0.750000
vt 0.600000 0.733333
vt 0.609567 0.733333
vt 0.609807 0.739871
vt 0.600000 0.739711
vt 0.371667 0.516667
vt 0.371667 0.510289
vt 0.372974 0.510129
vt 0.372942 0.516667
vt 0.373333 0.498333
vt 0.373954 0.498954
vt 0.375000 0.510460
vt 0.375000 0.516667
vt 0.378052 0.502348
vt 0.400000 0.496667
vt 0.400000 0.497942
vt 0.390193 0.497974
vt 0.390433 0.496667
vt 0.400000 0.500000
vt 0.390691 0.500000
vt 0.400000 0.516667
vt 0.390433 0.516667
vt 0.390193 0.510129
vt 0.400000 0.510289
vt 0.628333 0.516667
vt 0.627058 0.516667
vt 0.627026 0.510129
vt 0.628333 0.510289
vt 0.625000 0.516667
vt 0.625000 0.510460
vt 0.626046 0.498954
vt 0.626667 0.498333
vt 0.621478 0.501878
vt 0.600000 0.516667
vt 0.600000 0.510289
vt 0.609807 0.510129
vt 0.609567 0.516667
vt 0.600000 0.500000
vt 0.609309 0.500000
vt 0.600000 0.496667
vt 0.609567 0.496667
vt 0.609807 0.497974
vt 0.600000 0.497942
s 0
usemtl Steel
f 3177/3835/3075 3180/3836/3075 3183/3837/3075 3182/3838/3075
f 3180/3836/3076 3181/3839/3076 3184/3840/3076 3183/3837/3076
f 3182/3838/3077 3183/3837/3077 3195/3841/3077 3192/3842/3077
f 3183/3837/3078 3184/3840/3078 3185/3843/3078 3195/3841/3078
f 3178/3844/3079 3186/3845/3079 3189/3846/3079 3188/3847/3079
f 3186/3845/3080 3187/3848/3080 3190/3849/3080 3189/3846/3080
f 3188/3847/3081 3189/3846/3081 3184/3850/3081 3181/3851/3081
f 3189/3846/3082 3190/3849/3082 3185/3852/3082 3184/3850/3082
f 3179/3853/3083 3191/3854/3083 3194/3855/3083 3193/3856/3083
f 3191/3854/3084 3192/3857/3084 3195/3858/3084 3194/3855/3084
f 3193/3856/3085 3194/3855/3085 3190/3859/3085 3187/3860/3085
f 3194/3855/3086 3195/3858/3086 3185/3861/3086 3190/3859/3086
f 3196/3862/3087 3199/3863/3087 3202/3864/3087 3201/3865/3087
f 3199/3863/3088 3200/3866/3088 3203/3867/3088 3202/3864/3088
f 3201/3865/3089 3202/3864/3089 3214/3868/3089 3211/3869/3089
f 3202/3864/3090 3203/3867/3090 3204/3870/3090 3214/3868/3090
f 3197/3871/3091 3205/3872/3091 3208/3873/3091 3207/3874/3091
f 3205/3872/3092 3206/3875/3092 3209/3876/3092 3208/3873/3092
f 3207/3874/3093 3208/3873/3093 3203/3877/3093 3200/3878/3093
f 3208/3873/3094 3209/3876/3094 3204/3879/3094 3203/3877/3094
f 3198/3880/3095 3210/3881/3095 3213/3882/3095 3212/3883/3095
f 3210/3881/3096 3211/3884/3096 3214/3885/3096 3213/3882/3096
f 3212/3883/3097 3213/3882/3097 3209/3886/3097 3206/3887/3097
f 3213/3882/3098 3214/3885/3098 3204/3888/3098 3209/3886/3098
f 3215/3889/3099 3218/3890/3099 3221/3891/3099 3220/3892/3099
f 3218/3890/3100 3219/3893/3100 3222/3894/3100 3221/3891/3100
f 3220/3892/3101 3221/3891/3101 3233/3895/3101 3230/3896/3101
f 3221/3891/3102 3222/3894/3102 3223/3897/3102 3233/3895/3102
f 3216/3898/3103 3224/3899/3103 3227/3900/3103 3226/3901/3103
f 3224/3899/3104 3225/3902/3104 3228/3903/3104 3227/3900/3104
f 3226/3901/3105 3227/3900/3105 3222/3904/3105 3219/3905/3105
f 3227/3900/3106 3228/3903/3106 3223/3906/3106 3222/3904/3106
f 3217/3907/3107 3229/3908/3107 3232/3909/3107 3231/3910/3107
f 3229/3908/3108 3230/3911/3108 3233/3912/3108 3232/3909/3108
f 3231/3910/3109 3232/3909/3109 3228/3903/3109 3225/3902/3109
f 3232/3909/3110 3233/3912/3110 3223/3906/3110 3228/3903/3110
f 3234/3913/3111 3237/3914/3111 3240/3915/3111 3239/3916/3111
f 3237/3914/3112 3238/3917/3112 3241/3918/3112 3240/3915/3112
f 3239/3916/3113 3240/3915/3113 3252/3919/3113 3249/3920/3113
f 3240/3915/3114 3241/3918/3114 3242/3921/3114 3252/3919/3114
f 3235/3922/3115 3243/3923/3115 3246/3924/3115 3245/3925/3115
f 3243/3923/3116 3244/3926/3116 3247/3927/3116 3246/3924/3116
f 3245/3925/3117 3246/3924/3117 3241/3928/3117 3238/3929/3117
f 3246/3924/3118 3247/3927/3118 3242/3930/3118 3241/3928/3118
f 3236/3931/3119 3248/3932/3119 3251/3933/3119 3250/3934/3119
f 3248/3932/3120 3249/3935/3120 3252/3936/3120 3251/3933/3120
f 3250/3934/3121 3251/3933/3121 3247/3927/3121 3244/3926/3121
f 3251/3933/3122 3252/3936/3122 3242/3930/3122 3247/3927/3122
f 3253/3937/3123 3256/3938/3123 3259/3939/3123 3258/3940/3123
f 3256/3938/3124 3257/3941/3124 3260/3942/3124 3259/3939/3124
f 3258/3940/3125 3259/3939/3125 3271/3943/3125 3268/3944/3125
f 3259/3939/3126 3260/3942/3126 3261/3945/3126 3271/3943/3126
f 3254/3946/3127 3262/3947/3127 3265/3948/3127 3264/3949/3127
f 3262/3947/3128 3263/3950/3128 3266/3951/3128 3265/3948/3128
f 3264/3949/3129 3265/3948/3129 3260/3942/3129 3257/3941/3129
f 3265/3948/3130 3266/3951/3130 3261/3945/3130 3260/3942/3130
f 3255/3952/3131 3267/3953/3131 3270/3954/3131 3269/3955/3131
f 3267/3953/3132 3268/3944/3132 3271/3943/3132 3270/3954/3132
f 3269/3955/3133 3270/3954/3133 3266/3951/3133 3263/3950/3133
f 3270/3954/3134 3271/3943/3134 3261/3945/3134 3266/3951/3134
f 3272/3956/3135 3275/3957/3135 3278/3958/3135 3277/3959/3135
f 3275/3957/3136 3276/3960/3136 3279/3961/3136 3278/3958/3136
f 3277/3959/3137 3278/3958/3137 3290/3962/3137 3287/3963/3137
f 3278/3958/3138 3279/3961/3138 3280/3964/3138 3290/3962/3138
f 3273/3965/3139 3281/3966/3139 3284/3967/3139 3283/3968/3139
f 3281/3966/3140 3282/3969/3140 3285/3970/3140 3284/3967/3140
f 3283/3968/3141 3284/3967/3141 3279/3961/3141 3276/3960/3141
f 3284/3967/3142 3285/3970/3142 3280/3964/3142 3279/3961/3142
f 3274/3971/3143 3286/3972/3143 3289/3973/3143 3288/3974/3143
f 3286/3972/3144 3287/3963/3144 3290/3962/3144 3289/3973/3144
f 3288/3974/3145 3289/3973/3145 3285/3970/3145 3282/3969/3145
f 3289/3973/3146 3290/3962/3146 3280/3964/3146 3285/3970/3146
f 3291/3975/3147 3294/3976/3147 3297/3977/3147 3296/3978/3147
f 3294/3976/3148 3295/3979/3148 3298/3980/3148 3297/3977/3148
f 3296/3978/3149 3297/3977/3149 3309/3981/3149 3306/3982/3149
f 3297/3977/3150 3298/3980/3150 3299/3983/3150 3309/3981/3150
f 3292/3984/3151 3300/3985/3151 3303/3986/3151 3302/3987/3151
f 3300/3985/3152 3301/3988/3152 3304/3989/3152 3303/3986/3152
f 3302/3987/3153 3303/3986/3153 3298/3980/3153 3295/3979/3153
f 3303/3986/3154 3304/3989/3154 3299/3983/3154 3298/3980/3154
f 3293/3990/3155 3305/3991/3155 3308/3992/3155 3307/3993/3155
f 3305/3991/3156 3306/3982/3156 3309/3981/3156 3308/3992/3156
f 3307/3993/3157 3308/3992/3157 3304/3989/3157 3301/3988/3157
f 3308/3992/3158 3309/3981/3158 3299/3983/3158 3304/3989/3158
f 3310/3994/3159 3313/3995/3159 3316/3996/3159 3315/3997/3159
f 3313/3995/3160 3314/3998/3160 3317/3999/3160 3316/3996/3160
f 3315/3997/3161 3316/3996/3161 3328/4000/3161 3325/4001/3161
f 3316/3996/3162 3317/3999/3162 3318/4002/3162 3328/4000/3162
f 3311/4003/3163 3319/4004/3163 3322/4005/3163 3321/4006/3163
f 3319/4004/3164 3320/4007/3164 3323/4008/3164 3322/4005/3164
f 3321/4006/3165 3322/4005/3165 3317/3999/3165 3314/3998/3165
f 3322/4005/3166 3323/4008/3166 3318/4002/3166 3317/3999/3166
f 3312/4009/3167 3324/4010/3167 3327/4011/3167 3326/4012/3167
f 3324/4010/3168 3325/4001/3168 3328/4000/3168 3327/4011/3168
f 3326/4012/3169 3327/4011/3169 3323/4008/3169 3320/4007/3169
f 3327/4011/3170 3328/4000/3170 3318/4002/3170 3323/4008/3170
f 3215/3889/3171 3177/3835/3171 3182/3838/3171 3218/3890/3171
f 3218/3890/3172 3182/3838/3172 3192/3842/3172 3219/3893/3172
f 3219/3905/3173 3192/3857/3173 3191/3854/3173 3226/3901/3173
f 3226/3901/3174 3191/3854/3174 3179/3853/3174 3216/3898/3174
f 3178/3844/3175 3196/3862/3175 3201/3865/3175 3186/3845/3175
f 3186/3845/3176 3201/3865/3176 3211/3869/3176 3187/3848/3176
f 3187/3860/3177 3211/3884/3177 3210/3881/3177 3193/3856/3177
f 3193/3856/3178 3210/3881/3178 3198/3880/3178 3179/3853/3178
f 3197/3871/3179 3234/3913/3179 3239/3916/3179 3205/3872/3179
f 3205/3872/3180 3239/3916/3180 3249/3920/3180 3206/3875/3180
f 3206/3887/3181 3249/3935/3181 3248/3932/3181 3212/3883/3181
f 3212/3883/3182 3248/3932/3182 3236/3931/3182 3198/3880/3182
f 3235/3922/3183 3217/3907/3183 3231/3910/3183 3243/3923/3183
f 3243/3923/3184 3231/3910/3184 3225/3902/3184 3244/3926/3184
f 3244/3926/3185 3225/3902/3185 3224/3899/3185 3250/3934/3185
f 3250/3934/3186 3224/3899/3186 3216/3898/3186 3236/3931/3186
f 3291/3975/3187 3215/3889/3187 3220/3892/3187 3294/3976/3187
f 3294/3976/3188 3220/3892/3188 3230/3896/3188 3295/3979/3188
f 3295/3979/3189 3230/3911/3189 3229/3908/3189 3302/3987/3189
f 3302/3987/3190 3229/3908/3190 3217/3907/3190 3292/3984/3190
f 3234/3913/3191 3310/3994/3191 3315/3997/3191 3237/3914/3191
f 3237/3914/3192 3315/3997/3192 3325/4001/3192 3238/3917/3192
f 3238/3929/3193 3325/4001/3193 3324/4010/3193 3245/3925/3193
f 3245/3925/3194 3324/4010/3194 3312/4009/3194 3235/3922/3194
f 3311/4003/3195 3293/3990/3195 3307/3993/3195 3319/4004/3195
f 3319/4004/3196 3307/3993/3196 3301/3988/3196 3320/4007/3196
f 3320/4007/3197 3301/3988/3197 3300/3985/3197 3326/4012/3197
f 3326/4012/3198 3300/3985/3198 3292/3984/3198 3312/4009/3198
f 3253/3937/3199 3291/3975/3199 3296/3978/3199 3256/3938/3199
f 3256/3938/3200 3296/3978/3200 3306/3982/3200 3257/3941/3200
f 3257/3941/3201 3306/3982/3201 3305/3991/3201 3264/3949/3201
f 3264/3949/3202 3305/3991/3202 3293/3990/3202 3254/3946/3202
f 3310/3994/3203 3272/3956/3203 3277/3959/3203 3313/3995/3203
f 3313/3995/3204 3277/3959/3204 3287/3963/3204 3314/3998/3204
f 3314/3998/3205 3287/3963/3205 3286/3972/3205 3321/4006/3205
f 3321/4006/3206 3286/3972/3206 3274/3971/3206 3311/4003/3206
f 3273/3965/3207 3255/3952/3207 3269/3955/3207 3281/3966/3207
f 3281/3966/3208 3269/3955/3208 3263/3950/3208 3282/3969/3208
f 3282/3969/3209 3263/3950/3209 3262/3947/3209 3288/3974/3209
f 3288/3974/3210 3262/3947/3210 3254/3946/3210 3274/3971/3210
f 3177/3835/3211 3253/3937/3211 3258/3940/3211 3180/3836/3211
f 3180/3836/3212 3258/3940/3212 3268/3944/3212 3181/3839/3212
f 3181/3851/3213 3268/3944/3213 3267/3953/3213 3188/3847/3213
f 3188/3847/3214 3267/3953/3214 3255/3952/3214 3178/3844/3214
f 3272/3956/3215 3197/3871/3215 3207/3874/3215 3275/3957/3215
f 3275/3957/3216 3207/3874/3216 3200/3878/3216 3276/3960/3216
f 3276/3960/3217 3200/3866/3217 3199/3863/3217 3283/3968/3217
f 3283/3968/3218 3199/3863/3218 3196/3862/3218 3273/3965/3218
f 3215/3889/3219 3291/3975/3219 3253/3937/3219 3177/3835/3219
f 3179/3853/3220 3198/3880/3220 3236/3931/3220 3216/3898/3220
f 3255/3952/3221 3273/3965/3221 3196/3862/3221 3178/3844/3221
f 3310/3994/3222 3234/3913/3222 3197/3871/3222 3272/3956/3222
f 3217/3907/3223 3235/3922/3223 3312/4009/3223 3292/3984/3223
f 3293/3990/3224 3311/4003/3224 3274/3971/3224 3254/3946/3224
o 32_InternalFlexCables
v -0.010000 0.002600 0.020000
v 0.010000 0.002600 0.020000
v -0.010000 0.002600 -0.020000
v 0.010000 0.002600 -0.020000
vn -0.0000 1.0000 -0.0000
vt 0.000000 0.000000
vt 1.000000 0.000000
vt 1.000000 1.000000
vt 0.000000 1.000000
s 0
usemtl Plastic
f 3329/4013/3225 3330/4014/3225 3332/4015/3225 3331/4016/3225
o 33_InternalBrackets
v -0.028590 -0.000250 0.058990
v -0.028590 -0.000200 0.059040
v -0.028640 -0.000200 0.058990
v -0.028590 -0.000246 0.059009
v -0.028590 -0.000235 0.059025
v -0.028609 -0.000246 0.058990
v -0.028610 -0.000242 0.059010
v -0.028609 -0.000233 0.059023
v -0.028619 -0.000229 0.059019
v -0.028609 -0.000200 0.059036
v -0.028625 -0.000200 0.059025
v -0.028590 -0.000219 0.059036
v -0.028610 -0.000220 0.059032
v -0.028623 -0.000219 0.059023
v -0.028636 -0.000219 0.058990
v -0.028625 -0.000235 0.058990
v -0.028636 -0.000200 0.059009
v -0.028632 -0.000220 0.059010
v -0.028623 -0.000233 0.059009
v -0.028590 0.000200 0.059040
v -0.028590 0.000250 0.058990
v -0.028640 0.000200 0.058990
v -0.028590 0.000219 0.059036
v -0.028590 0.000235 0.059025
v -0.028609 0.000200 0.059036
v -0.028610 0.000220 0.059032
v -0.028609 0.000233 0.059023
v -0.028619 0.000229 0.059019
v -0.028609 0.000246 0.058990
v -0.028625 0.000235 0.058990
v -0.028590 0.000246 0.059009
v -0.028610 0.000242 0.059010
v -0.028623 0.000233 0.059009
v -0.028636 0.000200 0.059009
v -0.028625 0.000200 0.059025
v -0.028636 0.000219 0.058990
v -0.028632 0.000220 0.059010
v -0.028623 0.000219 0.059023
v -0.028590 -0.000250 -0.058990
v -0.028640 -0.000200 -0.058990
v -0.028590 -0.000200 -0.059040
v -0.028609 -0.000246 -0.058990
v -0.028625 -0.000235 -0.058990
v -0.028590 -0.000246 -0.059009
v -0.028610 -0.000242 -0.059010
v -0.028623 -0.000233 -0.059009
v -0.028619 -0.000229 -0.059019
v -0.028636 -0.000200 -0.059009
v -0.028625 -0.000200 -0.059025
v -0.028636 -0.000219 -0.058990
v -0.028632 -0.000220 -0.059010
v -0.028623 -0.000219 -0.059023
v -0.028590 -0.000219 -0.059036
v -0.028590 -0.000235 -0.059025
v -0.028609 -0.000200 -0.059036
v -0.028610 -0.000220 -0.059032
v -0.028609 -0.000233 -0.059023
v -0.028590 0.000250 -0.058990
v -0.028590 0.000200 -0.059040
v -0.028640 0.000200 -0.058990
v -0.028590 0.000246 -0.059009
v -0.028590 0.000235 -0.059025
v -0.028609 0.000246 -0.058990
v -0.028610 0.000242 -0.059010
v -0.028609 0.000233 -0.059023
v -0.028619 0.000229 -0.059019
v -0.028609 0.000200 -0.059036
v -0.028625 0.000200 -0.059025
v -0.028590 0.000219 -0.059036
v -0.028610 0.000220 -0.059032
v -0.028623 0.000219 -0.059023
v -0.028636 0.000219 -0.058990
v -0.028625 0.000235 -0.058990
v -0.028636 0.000200 -0.059009
v -0.028632 0.000220 -0.059010
v -0.028623 0.000233 -0.059009
v 0.028590 -0.000250 0.058990
v 0.028640 -0.000200 0.058990
v 0.028590 -0.000200 0.059040
v 0.028609 -0.000246 0.058990
v 0.028625 -0.000235 0.058990
v 0.028590 -0.000246 0.059009
v 0.028610 -0.000242 0.059010
v 0.028623 -0.000233 0.059009
v 0.028619 -0.000229 0.059019
v 0.028636 -0.000200 0.059009
v 0.028625 -0.000200 0.059025
v 0.028636 -0.000219 0.058990
v 0.028632 -0.000220 0.059010
v 0.028623 -0.000219 0.059023
v 0.028590 -0.000219 0.059036
v 0.028590 -0.000235 0.059025
v 0.028609 -0.000200 0.059036
v 0.028610 -0.000220 0.059032
v 0.028609 -0.000233 0.059023
v 0.028590 0.000250 0.058990
v 0.028590 0.000200 0.059040
v 0.028640 0.000200 0.058990
v 0.028590 0.000246 0.059009
v 0.028590 0.000235 0.059025
v 0.028609 0.000246 0.058990
v 0.028610 0.000242 0.059010
v 0.028609 0.000233 0.059023
v 0.028619 0.000229 0.059019
v 0.028609 0.000200 0.059036
v 0.028625 0.000200 0.059025
v 0.028590 0.000219 0.059036
v 0.028610 0.000220 0.059032
v 0.028623 0.000219 0.059023
v 0.028636 0.000219 0.058990
v 0.028625 0.000235 0.058990
v 0.028636 0.000200 0.059009
v 0.028632 0.000220 0.059010
v 0.028623 0.000233 0.059009
v 0.028590 -0.000250 -0.058990
v 0.028590 -0.000200 -0.059040
v 0.028640 -0.000200 -0.058990
v 0.028590 -0.000246 -0.059009
v 0.028590 -0.000235 -0.059025
v 0.028609 -0.000246 -0.058990
v 0.028610 -0.000242 -0.059010
v 0.028609 -0.000233 -0.059023
v 0.028619 -0.000229 -0.059019
v 0.028609 -0.000200 -0.059036
v 0.028625 -0.000200 -0.059025
v 0.028590 -0.000219 -0.059036
v 0.028610 -0.000220 -0.059032
v 0.028623 -0.000219 -0.059023
v 0.028636 -0.000219 -0.058990
v 0.028625 -0.000235 -0.058990
v 0.028636 -0.000200 -0.059009
v 0.028632 -0.000220 -0.059010
v 0.028623 -0.000233 -0.059009
v 0.028590 0.000250 -0.058990
v 0.028640 0.000200 -0.058990
v 0.028590 0.000200 -0.059040
v 0.028609 0.000246 -0.058990
v 0.028625 0.000235 -0.058990
v 0.028590 0.000246 -0.059009
v 0.028610 0.000242 -0.059010
v 0.028623 0.000233 -0.059009
v 0.028619 0.000229 -0.059019
v 0.028636 0.000200 -0.059009
v 0.028625 0.000200 -0.059025
v 0.028636 0.000219 -0.058990
v 0.028632 0.000220 -0.059010
v 0.028623 0.000219 -0.059023
v 0.028590 0.000219 -0.059036
v 0.028590 0.000235 -0.059025
v 0.028609 0.000200 -0.059036
v 0.028610 0.000220 -0.059032
v 0.028609 0.000233 -0.059023
vn -0.2050 -0.9571 0.2050
vn -0.1818 -0.8152 0.5499
vn -0.5498 -0.8152 0.1818
vn -0.4931 -0.7168 0.4931
vn -0.2049 -0.2047 0.9571
vn -0.5499 -0.1818 0.8152
vn -0.1819 -0.5501 0.8151
vn -0.4930 -0.4934 0.7166
vn -0.9571 -0.2050 0.2050
vn -0.8151 -0.5501 0.1817
vn -0.8152 -0.1820 0.5499
vn -0.7168 -0.4928 0.4933
vn -0.2049 0.2048 0.9571
vn -0.1819 0.5500 0.8151
vn -0.5499 0.1818 0.8152
vn -0.4930 0.4933 0.7167
vn -0.2050 0.9571 0.2050
vn -0.5499 0.8152 0.1819
vn -0.1818 0.8152 0.5499
vn -0.4931 0.7168 0.4930
vn -0.9571 0.2050 0.2050
vn -0.8152 0.1819 0.5499
vn -0.8151 0.5501 0.1818
vn -0.7168 0.4928 0.4933
vn -0.2050 -0.9571 -0.2050
vn -0.5499 -0.8152 -0.1819
vn -0.1818 -0.8152 -0.5499
vn -0.4931 -0.7168 -0.4930
vn -0.9571 -0.2050 -0.2050
vn -0.8152 -0.1819 -0.5499
vn -0.8151 -0.5501 -0.1818
vn -0.7168 -0.4928 -0.4933
vn -0.2049 -0.2048 -0.9571
vn -0.1819 -0.5500 -0.8151
vn -0.5499 -0.1818 -0.8152
vn -0.4930 -0.4933 -0.7167
vn -0.2050 0.9571 -0.2050
vn -0.1818 0.8152 -0.5499
vn -0.5498 0.8152 -0.1818
vn -0.4931 0.7168 -0.4931
vn -0.2049 0.2047 -0.9571
vn -0.5499 0.1818 -0.8152
vn -0.1819 0.5501 -0.8151
vn -0.4930 0.4934 -0.7166
vn -0.9571 0.2050 -0.2050
vn -0.8151 0.5501 -0.1817
vn -0.8152 0.1820 -0.5499
vn -0.7168 0.4928 -0.4933
vn 0.2050 -0.9571 0.2050
vn 0.5499 -0.8152 0.1819
vn 0.1818 -0.8152 0.5499
vn 0.4931 -0.7168 0.4930
vn 0.9571 -0.2050 0.2050
vn 0.8152 -0.1819 0.5499
vn 0.8151 -0.5501 0.1818
vn 0.7168 -0.4928 0.4933
vn 0.2049 -0.2048 0.9571
vn 0.1819 -0.5500 0.8151
vn 0.5499 -0.1818 0.8152
vn 0.4930 -0.4933 0.7167
vn 0.2050 0.9571 0.2050
vn 0.1818 0.8152 0.5499
vn 0.5498 0.8152 0.1818
vn 0.4931 0.7168 0.4931
vn 0.2049 0.2047 0.9571
vn 0.5499 0.1818 0.8152
vn 0.1819 0.5501 0.8151
vn 0.4930 0.4934 0.7166
vn 0.9571 0.2050 0.2050
vn 0.8151 0.5501 0.1817
vn 0.8152 0.1820 0.5499
vn 0.7168 0.4928 0.4933
vn 0.2050 -0.9571 -0.2050
vn 0.1818 -0.8152 -0.5499
vn 0.5498 -0.8152 -0.1818
vn 0.4931 -0.7168 -0.4931
vn 0.2049 -0.2047 -0.9571
vn 0.5499 -0.1818 -0.8152
vn 0.1819 -0.5501 -0.8151
vn 0.4930 -0.4934 -0.7166
vn 0.9571 -0.2050 -0.2050
vn 0.8151 -0.5501 -0.1817
vn 0.8152 -0.1820 -0.5499
vn 0.7168 -0.4928 -0.4933
vn 0.2050 0.9571 -0.2050
vn 0.5499 0.8152 -0.1819
vn 0.1818 0.8152 -0.5499
vn 0.4931 0.7168 -0.4930
vn 0.9571 0.2050 -0.2050
vn 0.8152 0.1819 -0.5499
vn 0.8151 0.5501 -0.1818
vn 0.7168 0.4928 -0.4933
vn 0.2049 0.2048 -0.9571
vn 0.1819 0.5500 -0.8151
vn 0.5499 0.1818 -0.8152
vn 0.4930 0.4933 -0.7167
vn -0.1951 -0.9808 -0.0000
vn -0.5556 -0.8315 -0.0000
vn -0.8315 -0.5556 -0.0000
vn -0.9808 -0.1952 -0.0000
vn -0.1950 -0.0000 0.9808
vn -0.5555 -0.0000 0.8315
vn -0.8315 -0.0000 0.5555
vn -0.9808 -0.0000 0.1951
vn -0.1951 0.9808 -0.0000
vn -0.5556 0.8315 -0.0000
vn -0.8315 0.5556 -0.0000
vn -0.9808 0.1952 -0.0000
vn -0.1950 -0.0000 -0.9808
vn -0.5555 -0.0000 -0.8315
vn -0.8315 -0.0000 -0.5555
vn -0.9808 -0.0000 -0.1951
vn -0.0000 -0.9808 -0.1951
vn -0.0000 -0.8315 -0.5555
vn -0.0000 -0.5555 -0.8315
vn -0.0000 -0.1951 -0.9808
vn -0.0000 0.9808 -0.1951
vn -0.0000 0.8315 -0.5555
vn -0.0000 0.5555 -0.8315
vn -0.0000 0.1951 -0.9808
vn 0.9808 -0.0000 -0.1951
vn 0.8315 -0.0000 -0.5555
vn 0.5555 -0.0000 -0.8315
vn 0.1950 -0.0000 -0.9808
vn 0.1951 -0.9808 -0.0000
vn 0.5556 -0.8315 -0.0000
vn 0.8315 -0.5556 -0.0000
vn 0.9808 -0.1952 -0.0000
vn 0.1951 0.9808 -0.0000
vn 0.5556 0.8315 -0.0000
vn 0.8315 0.5556 -0.0000
vn 0.9808 0.1952 -0.0000
vn 0.1950 -0.0000 0.9808
vn 0.5555 -0.0000 0.8315
vn 0.8315 -0.0000 0.5555
vn 0.9808 -0.0000 0.1951
vn -0.0000 -0.9808 0.1951
vn -0.0000 -0.8315 0.5555
vn -0.0000 -0.5555 0.8315
vn -0.0000 -0.1951 0.9808
vn -0.0000 0.9808 0.1951
vn -0.0000 0.8315 0.5555
vn -0.0000 0.5555 0.8315
vn -0.0000 0.1951 0.9808
vn -0.0000 -1.0000 -0.0000
vn -1.0000 -0.0000 -0.0000
vn -0.0000 -0.0000 1.0000
vn -0.0000 1.0000 -0.0000
vn -0.0000 -0.0000 -1.0000
vn 1.0000 -0.0000 -0.0000
vt 0.125218 0.749894
vt 0.125218 0.749935
vt 0.125133 0.749936
vt 0.125135 0.749894
vt 0.125218 0.750000
vt 0.125137 0.750000
vt 0.125000 0.749934
vt 0.125000 0.749894
vt 0.125092 0.750000
vt 0.400000 0.999782
vt 0.400000 0.999865
vt 0.390193 0.999867
vt 0.390433 0.999782
vt 0.400000 1.000000
vt 0.390691 1.000000
vt 0.375000 0.999863
vt 0.375000 0.999782
vt 0.385566 1.000000
vt 0.400000 0.000106
vt 0.390433 0.000106
vt 0.390193 0.000064
vt 0.400000 0.000065
vt 0.375000 0.000106
vt 0.375000 0.000066
vt 0.390691 0.000000
vt 0.400000 0.000000
vt 0.375000 0.000045
vt 0.600000 0.999782
vt 0.609567 0.999782
vt 0.609807 0.999867
vt 0.600000 0.999865
vt 0.625000 0.999782
vt 0.625000 0.999863
vt 0.609309 1.000000
vt 0.600000 1.000000
vt 0.625000 0.999908
vt 0.874782 0.749894
vt 0.874865 0.749894
vt 0.874867 0.749936
vt 0.874782 0.749935
vt 0.875000 0.749894
vt 0.875000 0.749934
vt 0.874863 0.750000
vt 0.874782 0.750000
vt 0.875000 0.749955
vt 0.600000 0.000106
vt 0.600000 0.000065
vt 0.609807 0.000064
vt 0.609567 0.000106
vt 0.600000 0.000000
vt 0.609309 0.000000
vt 0.625000 0.000066
vt 0.625000 0.000106
vt 0.614434 0.000000
vt 0.125218 0.500106
vt 0.125135 0.500106
vt 0.125133 0.500064
vt 0.125218 0.500065
vt 0.125000 0.500106
vt 0.125000 0.500066
vt 0.125137 0.500000
vt 0.125218 0.500000
vt 0.125000 0.500045
vt 0.400000 0.249894
vt 0.400000 0.249935
vt 0.390193 0.249936
vt 0.390433 0.249894
vt 0.400000 0.250000
vt 0.390691 0.250000
vt 0.375000 0.249934
vt 0.375000 0.249894
vt 0.380283 0.250046
vt 0.400000 0.250218
vt 0.390433 0.250218
vt 0.390193 0.250133
vt 0.400000 0.250135
vt 0.375000 0.250218
vt 0.375000 0.250137
vt 0.874782 0.500106
vt 0.874782 0.500065
vt 0.874867 0.500064
vt 0.874865 0.500106
vt 0.874782 0.500000
vt 0.874863 0.500000
vt 0.875000 0.500066
vt 0.875000 0.500106
vt 0.874908 0.500000
vt 0.600000 0.250218
vt 0.600000 0.250135
vt 0.609807 0.250133
vt 0.609567 0.250218
vt 0.600000 0.250000
vt 0.609309 0.250000
vt 0.625000 0.250137
vt 0.625000 0.250218
vt 0.619717 0.249978
vt 0.600000 0.249894
vt 0.609567 0.249894
vt 0.609807 0.249936
vt 0.600000 0.249935
vt 0.625000 0.249894
vt 0.625000 0.249934
vt 0.374782 0.749894
vt 0.374865 0.749894
vt 0.374867 0.749936
vt 0.374782 0.749935
vt 0.375000 0.749894
vt 0.375000 0.749934
vt 0.374932 0.750068
vt 0.374891 0.750109
vt 0.378522 0.750016
vt 0.400000 0.749894
vt 0.400000 0.749935
vt 0.390193 0.749936
vt 0.390433 0.749894
vt 0.400000 0.750000
vt 0.390691 0.750000
vt 0.400000 0.750218
vt 0.390433 0.750218
vt 0.390193 0.750133
vt 0.400000 0.750135
vt 0.625218 0.749894
vt 0.625218 0.749935
vt 0.625133 0.749936
vt 0.625135 0.749894
vt 0.625109 0.750109
vt 0.625068 0.750068
vt 0.625000 0.749934
vt 0.625000 0.749894
vt 0.621509 0.749985
vt 0.600000 0.750218
vt 0.600000 0.750135
vt 0.609807 0.750133
vt 0.609567 0.750218
vt 0.600000 0.750000
vt 0.609309 0.750000
vt 0.600000 0.749894
vt 0.609567 0.749894
vt 0.609807 0.749936
vt 0.600000 0.749935
vt 0.374782 0.500106
vt 0.374782 0.500065
vt 0.374867 0.500064
vt 0.374865 0.500106
vt 0.374891 0.499891
vt 0.374932 0.499932
vt 0.375000 0.500066
vt 0.375000 0.500106
vt 0.378491 0.500015
vt 0.400000 0.499782
vt 0.400000 0.499865
vt 0.390193 0.499867
vt 0.390433 0.499782
vt 0.400000 0.500000
vt 0.390691 0.500000
vt 0.400000 0.500106
vt 0.390433 0.500106
vt 0.390193 0.500064
vt 0.400000 0.500065
vt 0.625218 0.500106
vt 0.625135 0.500106
vt 0.625133 0.500064
vt 0.625218 0.500065
vt 0.625000 0.500106
vt 0.625000 0.500066
vt 0.625068 0.499932
vt 0.625109 0.499891
vt 0.621478 0.499984
vt 0.600000 0.500106
vt 0.600000 0.500065
vt 0.609807 0.500064
vt 0.609567 0.500106
vt 0.600000 0.500000
vt 0.609309 0.500000
vt 0.600000 0.499782
vt 0.609567 0.499782
vt 0.609807 0.499867
vt 0.600000 0.499865
s 0
usemtl Steel
f 3333/4017/3226 3336/4018/3226 3339/4019/3226 3338/4020/3226
f 3336/4018/3227 3337/4021/3227 3340/4022/3227 3339/4019/3227
f 3338/4020/3228 3339/4019/3228 3351/4023/3228 3348/4024/3228
f 3339/4019/3229 3340/4022/3229 3341/4025/3229 3351/4023/3229
f 3334/4026/3230 3342/4027/3230 3345/4028/3230 3344/4029/3230
f 3342/4027/3231 3343/4030/3231 3346/4031/3231 3345/4028/3231
f 3344/4029/3232 3345/4028/3232 3340/4032/3232 3337/4033/3232
f 3345/4028/3233 3346/4031/3233 3341/4034/3233 3340/4032/3233
f 3335/4035/3234 3347/4036/3234 3350/4037/3234 3349/4038/3234
f 3347/4036/3235 3348/4039/3235 3351/4040/3235 3350/4037/3235
f 3349/4038/3236 3350/4037/3236 3346/4041/3236 3343/4042/3236
f 3350/4037/3237 3351/4040/3237 3341/4043/3237 3346/4041/3237
f 3352/4044/3238 3355/4045/3238 3358/4046/3238 3357/4047/3238
f 3355/4045/3239 3356/4048/3239 3359/4049/3239 3358/4046/3239
f 3357/4047/3240 3358/4046/3240 3370/4050/3240 3367/4051/3240
f 3358/4046/3241 3359/4049/3241 3360/4052/3241 3370/4050/3241
f 3353/4053/3242 3361/4054/3242 3364/4055/3242 3363/4056/3242
f 3361/4054/3243 3362/4057/3243 3365/4058/3243 3364/4055/3243
f 3363/4056/3244 3364/4055/3244 3359/4059/3244 3356/4060/3244
f 3364/4055/3245 3365/4058/3245 3360/4061/3245 3359/4059/3245
f 3354/4062/3246 3366/4063/3246 3369/4064/3246 3368/4065/3246
f 3366/4063/3247 3367/4066/3247 3370/4067/3247 3369/4064/3247
f 3368/4065/3248 3369/4064/3248 3365/4068/3248 3362/4069/3248
f 3369/4064/3249 3370/4067/3249 3360/4070/3249 3365/4068/3249
f 3371/4071/3250 3374/4072/3250 3377/4073/3250 3376/4074/3250
f 3374/4072/3251 3375/4075/3251 3378/4076/3251 3377/4073/3251
f 3376/4074/3252 3377/4073/3252 3389/4077/3252 3386/4078/3252
f 3377/4073/3253 3378/4076/3253 3379/4079/3253 3389/4077/3253
f 3372/4080/3254 3380/4081/3254 3383/4082/3254 3382/4083/3254
f 3380/4081/3255 3381/4084/3255 3384/4085/3255 3383/4082/3255
f 3382/4083/3256 3383/4082/3256 3378/4086/3256 3375/4087/3256
f 3383/4082/3257 3384/4085/3257 3379/4088/3257 3378/4086/3257
f 3373/4089/3258 3385/4090/3258 3388/4091/3258 3387/4092/3258
f 3385/4090/3259 3386/4093/3259 3389/4094/3259 3388/4091/3259
f 3387/4092/3260 3388/4091/3260 3384/4085/3260 3381/4084/3260
f 3388/4091/3261 3389/4094/3261 3379/4088/3261 3384/4085/3261
f 3390/4095/3262 3393/4096/3262 3396/4097/3262 3395/4098/3262
f 3393/4096/3263 3394/4099/3263 3397/4100/3263 3396/4097/3263
f 3395/4098/3264 3396/4097/3264 3408/4101/3264 3405/4102/3264
f 3396/4097/3265 3397/4100/3265 3398/4103/3265 3408/4101/3265
f 3391/4104/3266 3399/4105/3266 3402/4106/3266 3401/4107/3266
f 3399/4105/3267 3400/4108/3267 3403/4109/3267 3402/4106/3267
f 3401/4107/3268 3402/4106/3268 3397/4110/3268 3394/4111/3268
f 3402/4106/3269 3403/4109/3269 3398/4112/3269 3397/4110/3269
f 3392/4113/3270 3404/4114/3270 3407/4115/3270 3406/4116/3270
f 3404/4114/3271 3405/4117/3271 3408/4118/3271 3407/4115/3271
f 3406/4116/3272 3407/4115/3272 3403/4109/3272 3400/4108/3272
f 3407/4115/3273 3408/4118/3273 3398/4112/3273 3403/4109/3273
f 3409/4119/3274 3412/4120/3274 3415/4121/3274 3414/4122/3274
f 3412/4120/3275 3413/4123/3275 3416/4124/3275 3415/4121/3275
f 3414/4122/3276 3415/4121/3276 3427/4125/3276 3424/4126/3276
f 3415/4121/3277 3416/4124/3277 3417/4127/3277 3427/4125/3277
f 3410/4128/3278 3418/4129/3278 3421/4130/3278 3420/4131/3278
f 3418/4129/3279 3419/4132/3279 3422/4133/3279 3421/4130/3279
f 3420/4131/3280 3421/4130/3280 3416/4124/3280 3413/4123/3280
f 3421/4130/3281 3422/4133/3281 3417/4127/3281 3416/4124/3281
f 3411/4134/3282 3423/4135/3282 3426/4136/3282 3425/4137/3282
f 3423/4135/3283 3424/4126/3283 3427/4125/3283 3426/4136/3283
f 3425/4137/3284 3426/4136/3284 3422/4133/3284 3419/4132/3284
f 3426/4136/3285 3427/4125/3285 3417/4127/3285 3422/4133/3285
f 3428/4138/3286 3431/4139/3286 3434/4140/3286 3433/4141/3286
f 3431/4139/3287 3432/4142/3287 3435/4143/3287 3434/4140/3287
f 3433/4141/3288 3434/4140/3288 3446/4144/3288 3443/4145/3288
f 3434/4140/3289 3435/4143/3289 3436/4146/3289 3446/4144/3289
f 3429/4147/3290 3437/4148/3290 3440/4149/3290 3439/4150/3290
f 3437/4148/3291 3438/4151/3291 3441/4152/3291 3440/4149/3291
f 3439/4150/3292 3440/4149/3292 3435/4143/3292 3432/4142/3292
f 3440/4149/3293 3441/4152/3293 3436/4146/3293 3435/4143/3293
f 3430/4153/3294 3442/4154/3294 3445/4155/3294 3444/4156/3294
f 3442/4154/3295 3443/4145/3295 3446/4144/3295 3445/4155/3295
f 3444/4156/3296 3445/4155/3296 3441/4152/3296 3438/4151/3296
f 3445/4155/3297 3446/4144/3297 3436/4146/3297 3441/4152/3297
f 3447/4157/3298 3450/4158/3298 3453/4159/3298 3452/4160/3298
f 3450/4158/3299 3451/4161/3299 3454/4162/3299 3453/4159/3299
f 3452/4160/3300 3453/4159/3300 3465/4163/3300 3462/4164/3300
f 3453/4159/3301 3454/4162/3301 3455/4165/3301 3465/4163/3301
f 3448/4166/3302 3456/4167/3302 3459/4168/3302 3458/4169/3302
f 3456/4167/3303 3457/4170/3303 3460/4171/3303 3459/4168/3303
f 3458/4169/3304 3459/4168/3304 3454/4162/3304 3451/4161/3304
f 3459/4168/3305 3460/4171/3305 3455/4165/3305 3454/4162/3305
f 3449/4172/3306 3461/4173/3306 3464/4174/3306 3463/4175/3306
f 3461/4173/3307 3462/4164/3307 3465/4163/3307 3464/4174/3307
f 3463/4175/3308 3464/4174/3308 3460/4171/3308 3457/4170/3308
f 3464/4174/3309 3465/4163/3309 3455/4165/3309 3460/4171/3309
f 3466/4176/3310 3469/4177/3310 3472/4178/3310 3471/4179/3310
f 3469/4177/3311 3470/4180/3311 3473/4181/3311 3472/4178/3311
f 3471/4179/3312 3472/4178/3312 3484/4182/3312 3481/4183/3312
f 3472/4178/3313 3473/4181/3313 3474/4184/3313 3484/4182/3313
f 3467/4185/3314 3475/4186/3314 3478/4187/3314 3477/4188/3314
f 3475/4186/3315 3476/4189/3315 3479/4190/3315 3478/4187/3315
f 3477/4188/3316 3478/4187/3316 3473/4181/3316 3470/4180/3316
f 3478/4187/3317 3479/4190/3317 3474/4184/3317 3473/4181/3317
f 3468/4191/3318 3480/4192/3318 3483/4193/3318 3482/4194/3318
f 3480/4192/3319 3481/4183/3319 3484/4182/3319 3483/4193/3319
f 3482/4194/3320 3483/4193/3320 3479/4190/3320 3476/4189/3320
f 3483/4193/3321 3484/4182/3321 3474/4184/3321 3479/4190/3321
f 3371/4071/3322 3333/4017/3322 3338/4020/3322 3374/4072/3322
f 3374/4072/3323 3338/4020/3323 3348/4024/3323 3375/4075/3323
f 3375/4087/3324 3348/4039/3324 3347/4036/3324 3382/4083/3324
f 3382/4083/3325 3347/4036/3325 3335/4035/3325 3372/4080/3325
f 3334/4026/3326 3352/4044/3326 3357/4047/3326 3342/4027/3326
f 3342/4027/3327 3357/4047/3327 3367/4051/3327 3343/4030/3327
f 3343/4042/3328 3367/4066/3328 3366/4063/3328 3349/4038/3328
f 3349/4038/3329 3366/4063/3329 3354/4062/3329 3335/4035/3329
f 3353/4053/3330 3390/4095/3330 3395/4098/3330 3361/4054/3330
f 3361/4054/3331 3395/4098/3331 3405/4102/3331 3362/4057/3331
f 3362/4069/3332 3405/4117/3332 3404/4114/3332 3368/4065/3332
f 3368/4065/3333 3404/4114/3333 3392/4113/3333 3354/4062/3333
f 3391/4104/3334 3373/4089/3334 3387/4092/3334 3399/4105/3334
f 3399/4105/3335 3387/4092/3335 3381/4084/3335 3400/4108/3335
f 3400/4108/3336 3381/4084/3336 3380/4081/3336 3406/4116/3336
f 3406/4116/3337 3380/4081/3337 3372/4080/3337 3392/4113/3337
f 3447/4157/3338 3371/4071/3338 3376/4074/3338 3450/4158/3338
f 3450/4158/3339 3376/4074/3339 3386/4078/3339 3451/4161/3339
f 3451/4161/3340 3386/4093/3340 3385/4090/3340 3458/4169/3340
f 3458/4169/3341 3385/4090/3341 3373/4089/3341 3448/4166/3341
f 3390/4095/3342 3466/4176/3342 3471/4179/3342 3393/4096/3342
f 3393/4096/3343 3471/4179/3343 3481/4183/3343 3394/4099/3343
f 3394/4111/3344 3481/4183/3344 3480/4192/3344 3401/4107/3344
f 3401/4107/3345 3480/4192/3345 3468/4191/3345 3391/4104/3345
f 3467/4185/3346 3449/4172/3346 3463/4175/3346 3475/4186/3346
f 3475/4186/3347 3463/4175/3347 3457/4170/3347 3476/4189/3347
f 3476/4189/3348 3457/4170/3348 3456/4167/3348 3482/4194/3348
f 3482/4194/3349 3456/4167/3349 3448/4166/3349 3468/4191/3349
f 3409/4119/3350 3447/4157/3350 3452/4160/3350 3412/4120/3350
f 3412/4120/3351 3452/4160/3351 3462/4164/3351 3413/4123/3351
f 3413/4123/3352 3462/4164/3352 3461/4173/3352 3420/4131/3352
f 3420/4131/3353 3461/4173/3353 3449/4172/3353 3410/4128/3353
f 3466/4176/3354 3428/4138/3354 3433/4141/3354 3469/4177/3354
f 3469/4177/3355 3433/4141/3355 3443/4145/3355 3470/4180/3355
f 3470/4180/3356 3443/4145/3356 3442/4154/3356 3477/4188/3356
f 3477/4188/3357 3442/4154/3357 3430/4153/3357 3467/4185/3357
f 3429/4147/3358 3411/4134/3358 3425/4137/3358 3437/4148/3358
f 3437/4148/3359 3425/4137/3359 3419/4132/3359 3438/4151/3359
f 3438/4151/3360 3419/4132/3360 3418/4129/3360 3444/4156/3360
f 3444/4156/3361 3418/4129/3361 3410/4128/3361 3430/4153/3361
f 3333/4017/3362 3409/4119/3362 3414/4122/3362 3336/4018/3362
f 3336/4018/3363 3414/4122/3363 3424/4126/3363 3337/4021/3363
f 3337/4033/3364 3424/4126/3364 3423/4135/3364 3344/4029/3364
f 3344/4029/3365 3423/4135/3365 3411/4134/3365 3334/4026/3365
f 3428/4138/3366 3353/4053/3366 3363/4056/3366 3431/4139/3366
f 3431/4139/3367 3363/4056/3367 3356/4060/3367 3432/4142/3367
f 3432/4142/3368 3356/4048/3368 3355/4045/3368 3439/4150/3368
f 3439/4150/3369 3355/4045/3369 3352/4044/3369 3429/4147/3369
f 3371/4071/3370 3447/4157/3370 3409/4119/3370 3333/4017/3370
f 3335/4035/3371 3354/4062/3371 3392/4113/3371 3372/4080/3371
f 3411/4134/3372 3429/4147/3372 3352/4044/3372 3334/4026/3372
f 3466/4176/3373 3390/4095/3373 3353/4053/3373 3428/4138/3373
f 3373/4089/3374 3391/4104/3374 3468/4191/3374 3448/4166/3374
f 3449/4172/3375 3467/4185/3375 3430/4153/3375 3410/4128/3375
o 34_InternalScrews
v 0.030800 -0.000500 -0.069300
v 0.030800 0.000500 -0.069300
v 0.030898 -0.000500 -0.069290
v 0.030898 0.000500 -0.069290
v 0.030991 -0.000500 -0.069262
v 0.030991 0.000500 -0.069262
v 0.031078 -0.000500 -0.069216
v 0.031078 0.000500 -0.069216
v 0.031154 -0.000500 -0.069154
v 0.031154 0.000500 -0.069154
v 0.031216 -0.000500 -0.069078
v 0.031216 0.000500 -0.069078
v 0.031262 -0.000500 -0.068991
v 0.031262 0.000500 -0.068991
v 0.031290 -0.000500 -0.068898
v 0.031290 0.000500 -0.068898
v 0.031300 -0.000500 -0.068800
v 0.031300 0.000500 -0.068800
v 0.031290 -0.000500 -0.068702
v 0.031290 0.000500 -0.068702
v 0.031262 -0.000500 -0.068609
v 0.031262 0.000500 -0.068609
v 0.031216 -0.000500 -0.068522
v 0.031216 0.000500 -0.068522
v 0.031154 -0.000500 -0.068446
v 0.031154 0.000500 -0.068446
v 0.031078 -0.000500 -0.068384
v 0.031078 0.000500 -0.068384
v 0.030991 -0.000500 -0.068338
v 0.030991 0.000500 -0.068338
v 0.030898 -0.000500 -0.068310
v 0.030898 0.000500 -0.068310
v 0.030800 -0.000500 -0.068300
v 0.030800 0.000500 -0.068300
v 0.030702 -0.000500 -0.068310
v 0.030702 0.000500 -0.068310
v 0.030609 -0.000500 -0.068338
v 0.030609 0.000500 -0.068338
v 0.030522 -0.000500 -0.068384
v 0.030522 0.000500 -0.068384
v 0.030446 -0.000500 -0.068446
v 0.030446 0.000500 -0.068446
v 0.030384 -0.000500 -0.068522
v 0.030384 0.000500 -0.068522
v 0.030338 -0.000500 -0.068609
v 0.030338 0.000500 -0.068609
v 0.030310 -0.000500 -0.068702
v 0.030310 0.000500 -0.068702
v 0.030300 -0.000500 -0.068800
v 0.030300 0.000500 -0.068800
v 0.030310 -0.000500 -0.068898
v 0.030310 0.000500 -0.068898
v 0.030338 -0.000500 -0.068991
v 0.030338 0.000500 -0.068991
v 0.030384 -0.000500 -0.069078
v 0.030384 0.000500 -0.069078
v 0.030446 -0.000500 -0.069154
v 0.030446 0.000500 -0.069154
v 0.030522 -0.000500 -0.069216
v 0.030522 0.000500 -0.069216
v 0.030609 -0.000500 -0.069262
v 0.030609 0.000500 -0.069262
v 0.030702 -0.000500 -0.069290
v 0.030702 0.000500 -0.069290
vn 0.0980 -0.0000 -0.9952
vn 0.2903 -0.0000 -0.9569
vn 0.4714 -0.0000 -0.8819
vn 0.6344 -0.0000 -0.7730
vn 0.7730 -0.0000 -0.6344
vn 0.8819 -0.0000 -0.4714
vn 0.9569 -0.0000 -0.2903
vn 0.9952 -0.0000 -0.0980
vn 0.9952 -0.0000 0.0980
vn 0.9569 -0.0000 0.2903
vn 0.8819 -0.0000 0.4714
vn 0.7730 -0.0000 0.6344
vn 0.6344 -0.0000 0.7730
vn 0.4714 -0.0000 0.8819
vn 0.2903 -0.0000 0.9569
vn 0.0980 -0.0000 0.9952
vn -0.0980 -0.0000 0.9952
vn -0.2903 -0.0000 0.9569
vn -0.4714 -0.0000 0.8819
vn -0.6344 -0.0000 0.7730
vn -0.7730 -0.0000 0.6344
vn -0.8819 -0.0000 0.4714
vn -0.9569 -0.0000 0.2903
vn -0.9952 -0.0000 0.0980
vn -0.9952 -0.0000 -0.0980
vn -0.9569 -0.0000 -0.2903
vn -0.8819 -0.0000 -0.4714
vn -0.7730 -0.0000 -0.6344
vn -0.6344 -0.0000 -0.7730
vn -0.4714 -0.0000 -0.8819
vn -0.0000 1.0000 -0.0000
vn -0.2903 -0.0000 -0.9569
vn -0.0980 -0.0000 -0.9952
vn -0.0000 -1.0000 -0.0000
vt 1.000000 0.500000
vt 1.000000 1.000000
vt 0.968750 1.000000
vt 0.968750 0.500000
vt 0.937500 1.000000
vt 0.937500 0.500000
vt 0.906250 1.000000
vt 0.906250 0.500000
vt 0.875000 1.000000
vt 0.875000 0.500000
vt 0.843750 1.000000
vt 0.843750 0.500000
vt 0.812500 1.000000
vt 0.812500 0.500000
vt 0.781250 1.000000
vt 0.781250 0.500000
vt 0.750000 1.000000
vt 0.750000 0.500000
vt 0.718750 1.000000
vt 0.718750 0.500000
vt 0.687500 1.000000
vt 0.687500 0.500000
vt 0.656250 1.000000
vt 0.656250 0.500000
vt 0.625000 1.000000
vt 0.625000 0.500000
vt 0.593750 1.000000
vt 0.593750 0.500000
vt 0.562500 1.000000
vt 0.562500 0.500000
vt 0.531250 1.000000
vt 0.531250 0.500000
vt 0.500000 1.000000
vt 0.500000 0.500000
vt 0.468750 1.000000
vt 0.468750 0.500000
vt 0.437500 1.000000
vt 0.437500 0.500000
vt 0.406250 1.000000
vt 0.406250 0.500000
vt 0.375000 1.000000
vt 0.375000 0.500000
vt 0.343750 1.000000
vt 0.343750 0.500000
vt 0.312500 1.000000
vt 0.312500 0.500000
vt 0.281250 1.000000
vt 0.281250 0.500000
vt 0.250000 1.000000
vt 0.250000 0.500000
vt 0.218750 1.000000
vt 0.218750 0.500000
vt 0.187500 1.000000
vt 0.187500 0.500000
vt 0.156250 1.000000
vt 0.156250 0.500000
vt 0.125000 1.000000
vt 0.125000 0.500000
vt 0.093750 1.000000
vt 0.093750 0.500000
vt 0.062500 1.000000
vt 0.062500 0.500000
vt 0.296822 0.485388
vt 0.250000 0.490000
vt 0.203178 0.485388
vt 0.158156 0.471731
vt 0.116663 0.449553
vt 0.080294 0.419706
vt 0.050447 0.383337
vt 0.028269 0.341844
vt 0.014612 0.296822
vt 0.010000 0.250000
vt 0.014612 0.203178
vt 0.028269 0.158156
vt 0.050447 0.116663
vt 0.080294 0.080294
vt 0.116663 0.050447
vt 0.158156 0.028269
vt 0.203178 0.014612
vt 0.250000 0.010000
vt 0.296822 0.014612
vt 0.341844 0.028269
vt 0.383337 0.050447
vt 0.419706 0.080294
vt 0.449553 0.116663
vt 0.471731 0.158156
vt 0.485388 0.203178
vt 0.490000 0.250000
vt 0.485388 0.296822
vt 0.471731 0.341844
vt 0.449553 0.383337
vt 0.419706 0.419706
vt 0.383337 0.449553
vt 0.341844 0.471731
vt 0.031250 1.000000
vt 0.031250 0.500000
vt 0.000000 1.000000
vt 0.000000 0.500000
vt 0.750000 0.490000
vt 0.796822 0.485388
vt 0.841844 0.471731
vt 0.883337 0.449553
vt 0.919706 0.419706
vt 0.949553 0.383337
vt 0.971731 0.341844
vt 0.985388 0.296822
vt 0.990000 0.250000
vt 0.985388 0.203178
vt 0.971731 0.158156
vt 0.949553 0.116663
vt 0.919706 0.080294
vt 0.883337 0.050447
vt 0.841844 0.028269
vt 0.796822 0.014612
vt 0.750000 0.010000
vt 0.703178 0.014612
vt 0.658156 0.028269
vt 0.616663 0.050447
vt 0.580294 0.080294
vt 0.550447 0.116663
vt 0.528269 0.158156
vt 0.514612 0.203178
vt 0.510000 0.250000
vt 0.514612 0.296822
vt 0.528269 0.341844
vt 0.550447 0.383337
vt 0.580294 0.419706
vt 0.616663 0.449553
vt 0.658156 0.471731
vt 0.703178 0.485388
s 0
usemtl Steel
f 3485/4195/3376 3486/4196/3376 3488/4197/3376 3487/4198/3376
f 3487/4198/3377 3488/4197/3377 3490/4199/3377 3489/4200/3377
f 3489/4200/3378 3490/4199/3378 3492/4201/3378 3491/4202/3378
f 3491/4202/3379 3492/4201/3379 3494/4203/3379 3493/4204/3379
f 3493/4204/3380 3494/4203/3380 3496/4205/3380 3495/4206/3380
f 3495/4206/3381 3496/4205/3381 3498/4207/3381 3497/4208/3381
f 3497/4208/3382 3498/4207/3382 3500/4209/3382 3499/4210/3382
f 3499/4210/3383 3500/4209/3383 3502/4211/3383 3501/4212/3383
f 3501/4212/3384 3502/4211/3384 3504/4213/3384 3503/4214/3384
f 3503/4214/3385 3504/4213/3385 3506/4215/3385 3505/4216/3385
f 3505/4216/3386 3506/4215/3386 3508/4217/3386 3507/4218/3386
f 3507/4218/3387 3508/4217/3387 3510/4219/3387 3509/4220/3387
f 3509/4220/3388 3510/4219/3388 3512/4221/3388 3511/4222/3388
f 3511/4222/3389 3512/4221/3389 3514/4223/3389 3513/4224/3389
f 3513/4224/3390 3514/4223/3390 3516/4225/3390 3515/4226/3390
f 3515/4226/3391 3516/4225/3391 3518/4227/3391 3517/4228/3391
f 3517/4228/3392 3518/4227/3392 3520/4229/3392 3519/4230/3392
f 3519/4230/3393 3520/4229/3393 3522/4231/3393 3521/4232/3393
f 3521/4232/3394 3522/4231/3394 3524/4233/3394 3523/4234/3394
f 3523/4234/3395 3524/4233/3395 3526/4235/3395 3525/4236/3395
f 3525/4236/3396 3526/4235/3396 3528/4237/3396 3527/4238/3396
f 3527/4238/3397 3528/4237/3397 3530/4239/3397 3529/4240/3397
f 3529/4240/3398 3530/4239/3398 3532/4241/3398 3531/4242/3398
f 3531/4242/3399 3532/4241/3399 3534/4243/3399 3533/4244/3399
f 3533/4244/3400 3534/4243/3400 3536/4245/3400 3535/4246/3400
f 3535/4246/3401 3536/4245/3401 3538/4247/3401 3537/4248/3401
f 3537/4248/3402 3538/4247/3402 3540/4249/3402 3539/4250/3402
f 3539/4250/3403 3540/4249/3403 3542/4251/3403 3541/4252/3403
f 3541/4252/3404 3542/4251/3404 3544/4253/3404 3543/4254/3404
f 3543/4254/3405 3544/4253/3405 3546/4255/3405 3545/4256/3405
f 3488/4257/3406 3486/4258/3406 3548/4259/3406 3546/4260/3406 3544/4261/3406 3542/4262/3406 3540/4263/3406 3538/4264/3406 3536/4265/3406 3534/4266/3406 3532/4267/3406 3530/4268/3406 3528/4269/3406 3526/4270/3406 3524/4271/3406 3522/4272/3406 3520/4273/3406 3518/4274/3406 3516/4275/3406 3514/4276/3406 3512/4277/3406 3510/4278/3406 3508/4279/3406 3506/4280/3406 3504/4281/3406 3502/4282/3406 3500/4283/3406 3498/4284/3406 3496/4285/3406 3494/4286/3406 3492/4287/3406 3490/4288/3406
f 3545/4256/3407 3546/4255/3407 3548/4289/3407 3547/4290/3407
f 3547/4290/3408 3548/4289/3408 3486/4291/3408 3485/4292/3408
f 3485/4293/3409 3487/4294/3409 3489/4295/3409 3491/4296/3409 3493/4297/3409 3495/4298/3409 3497/4299/3409 3499/4300/3409 3501/4301/3409 3503/4302/3409 3505/4303/3409 3507/4304/3409 3509/4305/3409 3511/4306/3409 3513/4307/3409 3515/4308/3409 3517/4309/3409 3519/4310/3409 3521/4311/3409 3523/4312/3409 3525/4313/3409 3527/4314/3409 3529/4315/3409 3531/4316/3409 3533/4317/3409 3535/4318/3409 3537/4319/3409 3539/4320/3409 3541/4321/3409 3543/4322/3409 3545/4323/3409 3547/4324/3409
o 35_WaterproofSeals
v -0.035300 -0.003400 0.073300
v -0.035300 0.003400 0.073300
v -0.035300 -0.003400 -0.073300
v -0.035300 0.003400 -0.073300
v 0.035300 -0.003400 0.073300
v 0.035300 0.003400 0.073300
v 0.035300 -0.003400 -0.073300
v 0.035300 0.003400 -0.073300
vn -1.0000 -0.0000 -0.0000
vn -0.0000 -0.0000 -1.0000
vn 1.0000 -0.0000 -0.0000
vn -0.0000 -0.0000 1.0000
vn -0.0000 -1.0000 -0.0000
vn -0.0000 1.0000 -0.0000
vt 0.375000 0.000000
vt 0.625000 0.000000
vt 0.625000 0.250000
vt 0.375000 0.250000
vt 0.625000 0.500000
vt 0.375000 0.500000
vt 0.625000 0.750000
vt 0.375000 0.750000
vt 0.625000 1.000000
vt 0.375000 1.000000
vt 0.125000 0.500000
vt 0.125000 0.750000
vt 0.875000 0.500000
vt 0.875000 0.750000
s 0
usemtl Plastic
f 3549/4325/3410 3550/4326/3410 3552/4327/3410 3551/4328/3410
f 3551/4328/3411 3552/4327/3411 3556/4329/3411 3555/4330/3411
f 3555/4330/3412 3556/4329/3412 3554/4331/3412 3553/4332/3412
f 3553/4332/3413 3554/4331/3413 3550/4333/3413 3549/4334/3413
f 3551/4335/3414 3555/4330/3414 3553/4332/3414 3549/4336/3414
f 3556/4329/3415 3552/4337/3415 3550/4338/3415 3554/4331/3415
o 7_CameraBump
v -0.030650 -0.006650 -0.033950
v -0.030650 -0.006500 -0.033800
v -0.030800 -0.006500 -0.033950
v -0.030650 -0.006639 -0.033893
v -0.030650 -0.006606 -0.033844
v -0.030707 -0.006639 -0.033950
v -0.030709 -0.006625 -0.033891
v -0.030706 -0.006598 -0.033852
v -0.030737 -0.006587 -0.033863
v -0.030707 -0.006500 -0.033811
v -0.030756 -0.006500 -0.033844
v -0.030650 -0.006557 -0.033811
v -0.030709 -0.006559 -0.033825
v -0.030748 -0.006556 -0.033852
v -0.030789 -0.006557 -0.033950
v -0.030756 -0.006606 -0.033950
v -0.030789 -0.006500 -0.033893
v -0.030775 -0.006559 -0.033891
v -0.030748 -0.006598 -0.033894
v -0.030650 -0.005300 -0.033800
v -0.030650 -0.005150 -0.033950
v -0.030800 -0.005300 -0.033950
v -0.030650 -0.005243 -0.033811
v -0.030650 -0.005194 -0.033844
v -0.030707 -0.005300 -0.033811
v -0.030709 -0.005241 -0.033825
v -0.030706 -0.005202 -0.033852
v -0.030737 -0.005213 -0.033863
v -0.030707 -0.005161 -0.033950
v -0.030756 -0.005194 -0.033950
v -0.030650 -0.005161 -0.033893
v -0.030709 -0.005175 -0.033891
v -0.030748 -0.005202 -0.033894
v -0.030789 -0.005300 -0.033893
v -0.030756 -0.005300 -0.033844
v -0.030789 -0.005243 -0.033950
v -0.030775 -0.005241 -0.033891
v -0.030748 -0.005244 -0.033852
v -0.030650 -0.006650 -0.068650
v -0.030800 -0.006500 -0.068650
v -0.030650 -0.006500 -0.068800
v -0.030707 -0.006639 -0.068650
v -0.030756 -0.006606 -0.068650
v -0.030650 -0.006639 -0.068707
v -0.030709 -0.006625 -0.068709
v -0.030748 -0.006598 -0.068706
v -0.030737 -0.006587 -0.068737
v -0.030789 -0.006500 -0.068707
v -0.030756 -0.006500 -0.068756
v -0.030789 -0.006557 -0.068650
v -0.030775 -0.006559 -0.068709
v -0.030748 -0.006556 -0.068748
v -0.030650 -0.006557 -0.068789
v -0.030650 -0.006606 -0.068756
v -0.030707 -0.006500 -0.068789
v -0.030709 -0.006559 -0.068775
v -0.030706 -0.006598 -0.068748
v -0.030650 -0.005150 -0.068650
v -0.030650 -0.005300 -0.068800
v -0.030800 -0.005300 -0.068650
v -0.030650 -0.005161 -0.068707
v -0.030650 -0.005194 -0.068756
v -0.030707 -0.005161 -0.068650
v -0.030709 -0.005175 -0.068709
v -0.030706 -0.005202 -0.068748
v -0.030737 -0.005213 -0.068737
v -0.030707 -0.005300 -0.068789
v -0.030756 -0.005300 -0.068756
v -0.030650 -0.005243 -0.068789
v -0.030709 -0.005241 -0.068775
v -0.030748 -0.005244 -0.068748
v -0.030789 -0.005243 -0.068650
v -0.030756 -0.005194 -0.068650
v -0.030789 -0.005300 -0.068707
v -0.030775 -0.005241 -0.068709
v -0.030748 -0.005202 -0.068706
v 0.004050 -0.006650 -0.033950
v 0.004200 -0.006500 -0.033950
v 0.004050 -0.006500 -0.033800
v 0.004107 -0.006639 -0.033950
v 0.004156 -0.006606 -0.033950
v 0.004050 -0.006639 -0.033893
v 0.004109 -0.006625 -0.033891
v 0.004148 -0.006598 -0.033894
v 0.004137 -0.006587 -0.033863
v 0.004189 -0.006500 -0.033893
v 0.004156 -0.006500 -0.033844
v 0.004189 -0.006557 -0.033950
v 0.004175 -0.006559 -0.033891
v 0.004148 -0.006556 -0.033852
v 0.004050 -0.006557 -0.033811
v 0.004050 -0.006606 -0.033844
v 0.004107 -0.006500 -0.033811
v 0.004109 -0.006559 -0.033825
v 0.004106 -0.006598 -0.033852
v 0.004050 -0.005150 -0.033950
v 0.004050 -0.005300 -0.033800
v 0.004200 -0.005300 -0.033950
v 0.004050 -0.005161 -0.033893
v 0.004050 -0.005194 -0.033844
v 0.004107 -0.005161 -0.033950
v 0.004109 -0.005175 -0.033891
v 0.004106 -0.005202 -0.033852
v 0.004137 -0.005213 -0.033863
v 0.004107 -0.005300 -0.033811
v 0.004156 -0.005300 -0.033844
v 0.004050 -0.005243 -0.033811
v 0.004109 -0.005241 -0.033825
v 0.004148 -0.005244 -0.033852
v 0.004189 -0.005243 -0.033950
v 0.004156 -0.005194 -0.033950
v 0.004189 -0.005300 -0.033893
v 0.004175 -0.005241 -0.033891
v 0.004148 -0.005202 -0.033894
v 0.004050 -0.006650 -0.068650
v 0.004050 -0.006500 -0.068800
v 0.004200 -0.006500 -0.068650
v 0.004050 -0.006639 -0.068707
v 0.004050 -0.006606 -0.068756
v 0.004107 -0.006639 -0.068650
v 0.004109 -0.006625 -0.068709
v 0.004106 -0.006598 -0.068748
v 0.004137 -0.006587 -0.068737
v 0.004107 -0.006500 -0.068789
v 0.004156 -0.006500 -0.068756
v 0.004050 -0.006557 -0.068789
v 0.004109 -0.006559 -0.068775
v 0.004148 -0.006556 -0.068748
v 0.004189 -0.006557 -0.068650
v 0.004156 -0.006606 -0.068650
v 0.004189 -0.006500 -0.068707
v 0.004175 -0.006559 -0.068709
v 0.004148 -0.006598 -0.068706
v 0.004050 -0.005150 -0.068650
v 0.004200 -0.005300 -0.068650
v 0.004050 -0.005300 -0.068800
v 0.004107 -0.005161 -0.068650
v 0.004156 -0.005194 -0.068650
v 0.004050 -0.005161 -0.068707
v 0.004109 -0.005175 -0.068709
v 0.004148 -0.005202 -0.068706
v 0.004137 -0.005213 -0.068737
v 0.004189 -0.005300 -0.068707
v 0.004156 -0.005300 -0.068756
v 0.004189 -0.005243 -0.068650
v 0.004175 -0.005241 -0.068709
v 0.004148 -0.005244 -0.068748
v 0.004050 -0.005243 -0.068789
v 0.004050 -0.005194 -0.068756
v 0.004107 -0.005300 -0.068789
v 0.004109 -0.005241 -0.068775
v 0.004106 -0.005202 -0.068748
vn -0.2049 -0.9571 0.2049
vn -0.1818 -0.8152 0.5500
vn -0.5500 -0.8152 0.1818
vn -0.4931 -0.7167 0.4931
vn -0.2049 -0.2049 0.9571
vn -0.5500 -0.1818 0.8152
vn -0.1818 -0.5500 0.8151
vn -0.4931 -0.4931 0.7167
vn -0.9571 -0.2049 0.2049
vn -0.8152 -0.5500 0.1818
vn -0.8152 -0.1818 0.5500
vn -0.7167 -0.4931 0.4931
vn -0.2049 0.2049 0.9571
vn -0.1818 0.5500 0.8151
vn -0.5500 0.1818 0.8152
vn -0.4931 0.4931 0.7168
vn -0.2049 0.9571 0.2049
vn -0.5500 0.8152 0.1818
vn -0.1818 0.8152 0.5500
vn -0.4931 0.7167 0.4931
vn -0.9571 0.2049 0.2049
vn -0.8152 0.1818 0.5500
vn -0.8152 0.5500 0.1818
vn -0.7167 0.4931 0.4931
vn -0.2049 -0.9571 -0.2049
vn -0.5500 -0.8152 -0.1818
vn -0.1818 -0.8152 -0.5500
vn -0.4931 -0.7167 -0.4931
vn -0.9571 -0.2049 -0.2049
vn -0.8152 -0.1818 -0.5500
vn -0.8152 -0.5500 -0.1818
vn -0.7167 -0.4931 -0.4931
vn -0.2049 -0.2049 -0.9571
vn -0.1818 -0.5500 -0.8151
vn -0.5500 -0.1818 -0.8152
vn -0.4931 -0.4931 -0.7168
vn -0.2049 0.9571 -0.2049
vn -0.1818 0.8152 -0.5500
vn -0.5500 0.8152 -0.1818
vn -0.4931 0.7167 -0.4931
vn -0.2049 0.2049 -0.9571
vn -0.5500 0.1818 -0.8152
vn -0.1818 0.5500 -0.8151
vn -0.4931 0.4931 -0.7167
vn -0.9571 0.2049 -0.2049
vn -0.8152 0.5500 -0.1818
vn -0.8152 0.1818 -0.5500
vn -0.7167 0.4931 -0.4931
vn 0.2049 -0.9571 0.2049
vn 0.5500 -0.8152 0.1818
vn 0.1818 -0.8152 0.5500
vn 0.4931 -0.7167 0.4931
vn 0.9571 -0.2049 0.2049
vn 0.8152 -0.1818 0.5500
vn 0.8152 -0.5500 0.1818
vn 0.7167 -0.4931 0.4931
vn 0.2049 -0.2049 0.9571
vn 0.1818 -0.5500 0.8151
vn 0.5500 -0.1818 0.8152
vn 0.4931 -0.4931 0.7168
vn 0.2049 0.9571 0.2049
vn 0.1818 0.8152 0.5500
vn 0.5500 0.8152 0.1818
vn 0.4931 0.7167 0.4931
vn 0.2049 0.2049 0.9571
vn 0.5500 0.1818 0.8152
vn 0.1818 0.5500 0.8151
vn 0.4931 0.4931 0.7167
vn 0.9571 0.2049 0.2049
vn 0.8152 0.5500 0.1818
vn 0.8152 0.1818 0.5500
vn 0.7167 0.4931 0.4931
vn 0.2049 -0.9571 -0.2049
vn 0.1818 -0.8152 -0.5500
vn 0.5500 -0.8152 -0.1818
vn 0.4931 -0.7167 -0.4931
vn 0.2049 -0.2049 -0.9571
vn 0.5500 -0.1818 -0.8152
vn 0.1818 -0.5500 -0.8151
vn 0.4931 -0.4931 -0.7167
vn 0.9571 -0.2049 -0.2049
vn 0.8152 -0.5500 -0.1818
vn 0.8152 -0.1818 -0.5500
vn 0.7167 -0.4931 -0.4931
vn 0.2049 0.9571 -0.2049
vn 0.5500 0.8152 -0.1818
vn 0.1818 0.8152 -0.5500
vn 0.4931 0.7167 -0.4931
vn 0.9571 0.2049 -0.2049
vn 0.8152 0.1818 -0.5500
vn 0.8152 0.5500 -0.1818
vn 0.7167 0.4931 -0.4931
vn 0.2049 0.2049 -0.9571
vn 0.1818 0.5500 -0.8151
vn 0.5500 0.1818 -0.8152
vn 0.4931 0.4931 -0.7168
vn -0.1951 -0.9808 -0.0000
vn -0.5556 -0.8315 -0.0000
vn -0.8315 -0.5556 -0.0000
vn -0.9808 -0.1951 -0.0000
vn -0.1951 -0.0000 0.9808
vn -0.5556 -0.0000 0.8315
vn -0.8315 -0.0000 0.5556
vn -0.9808 -0.0000 0.1951
vn -0.1951 0.9808 -0.0000
vn -0.5556 0.8315 -0.0000
vn -0.8315 0.5556 -0.0000
vn -0.9808 0.1951 -0.0000
vn -0.1951 -0.0000 -0.9808
vn -0.5556 -0.0000 -0.8315
vn -0.8315 -0.0000 -0.5556
vn -0.9808 -0.0000 -0.1951
vn -0.0000 -0.9808 -0.1951
vn -0.0000 -0.8315 -0.5556
vn -0.0000 -0.5556 -0.8315
vn -0.0000 -0.1951 -0.9808
vn -0.0000 0.9808 -0.1951
vn -0.0000 0.8315 -0.5556
vn -0.0000 0.5556 -0.8315
vn -0.0000 0.1951 -0.9808
vn 0.9808 -0.0000 -0.1951
vn 0.8315 -0.0000 -0.5556
vn 0.5556 -0.0000 -0.8315
vn 0.1951 -0.0000 -0.9808
vn 0.1951 -0.9808 -0.0000
vn 0.5556 -0.8315 -0.0000
vn 0.8315 -0.5556 -0.0000
vn 0.9808 -0.1951 -0.0000
vn 0.1951 0.9808 -0.0000
vn 0.5556 0.8315 -0.0000
vn 0.8315 0.5556 -0.0000
vn 0.9808 0.1951 -0.0000
vn 0.1951 -0.0000 0.9808
vn 0.5556 -0.0000 0.8315
vn 0.8315 -0.0000 0.5556
vn 0.9808 -0.0000 0.1951
vn -0.0000 -0.9808 0.1951
vn -0.0000 -0.8315 0.5556
vn -0.0000 -0.5556 0.8315
vn -0.0000 -0.1951 0.9808
vn -0.0000 0.9808 0.1951
vn -0.0000 0.8315 0.5556
vn -0.0000 0.5556 0.8315
vn -0.0000 0.1951 0.9808
vn -0.0000 -1.0000 -0.0000
vn -1.0000 -0.0000 -0.0000
vn -0.0000 -0.0000 1.0000
vn -0.0000 1.0000 -0.0000
vn -0.0000 -0.0000 -1.0000
vn 1.0000 -0.0000 -0.0000
vt 0.126071 0.748928
vt 0.126071 0.749339
vt 0.125651 0.749349
vt 0.125661 0.748929
vt 0.126071 0.750000
vt 0.125672 0.750000
vt 0.125000 0.749327
vt 0.125000 0.748929
vt 0.125453 0.750000
vt 0.400000 0.998929
vt 0.400000 0.999339
vt 0.390193 0.999349
vt 0.390433 0.998929
vt 0.400000 1.000000
vt 0.390691 1.000000
vt 0.375000 0.999327
vt 0.375000 0.998929
vt 0.385566 1.000000
vt 0.400000 0.001071
vt 0.390433 0.001071
vt 0.390193 0.000651
vt 0.400000 0.000661
vt 0.375000 0.001071
vt 0.375000 0.000672
vt 0.390691 0.000000
vt 0.400000 0.000000
vt 0.375000 0.000453
vt 0.600000 0.998929
vt 0.609567 0.998929
vt 0.609807 0.999349
vt 0.600000 0.999339
vt 0.625000 0.998929
vt 0.625000 0.999328
vt 0.609309 1.000000
vt 0.600000 1.000000
vt 0.625000 0.999547
vt 0.873929 0.748929
vt 0.874339 0.748928
vt 0.874349 0.749349
vt 0.873929 0.749339
vt 0.875000 0.748929
vt 0.875000 0.749328
vt 0.874327 0.750000
vt 0.873929 0.750000
vt 0.875000 0.749547
vt 0.600000 0.001071
vt 0.600000 0.000661
vt 0.609807 0.000651
vt 0.609567 0.001071
vt 0.600000 0.000000
vt 0.609309 0.000000
vt 0.625000 0.000672
vt 0.625000 0.001071
vt 0.614434 0.000000
vt 0.126071 0.501071
vt 0.125661 0.501071
vt 0.125651 0.500651
vt 0.126071 0.500661
vt 0.125000 0.501071
vt 0.125000 0.500672
vt 0.125672 0.500000
vt 0.126071 0.500000
vt 0.125000 0.500453
vt 0.400000 0.248929
vt 0.400000 0.249339
vt 0.390193 0.249349
vt 0.390433 0.248929
vt 0.400000 0.250000
vt 0.390691 0.250000
vt 0.375000 0.249328
vt 0.375000 0.248929
vt 0.380283 0.250226
vt 0.400000 0.251071
vt 0.390433 0.251071
vt 0.390193 0.250651
vt 0.400000 0.250661
vt 0.375000 0.251071
vt 0.375000 0.250672
vt 0.873929 0.501071
vt 0.873929 0.500661
vt 0.874349 0.500651
vt 0.874339 0.501071
vt 0.873929 0.500000
vt 0.874328 0.500000
vt 0.875000 0.500672
vt 0.875000 0.501071
vt 0.874547 0.500000
vt 0.600000 0.251071
vt 0.600000 0.250661
vt 0.609807 0.250651
vt 0.609567 0.251071
vt 0.600000 0.250000
vt 0.609309 0.250000
vt 0.625000 0.250672
vt 0.625000 0.251071
vt 0.619717 0.249774
vt 0.600000 0.248929
vt 0.609567 0.248929
vt 0.609807 0.249349
vt 0.600000 0.249339
vt 0.625000 0.248929
vt 0.625000 0.249328
vt 0.373929 0.748929
vt 0.374339 0.748928
vt 0.374349 0.749349
vt 0.373929 0.749339
vt 0.375000 0.748929
vt 0.375000 0.749328
vt 0.374664 0.750336
vt 0.374464 0.750536
vt 0.378522 0.750000
vt 0.400000 0.748929
vt 0.400000 0.749339
vt 0.390193 0.749349
vt 0.390433 0.748929
vt 0.400000 0.750000
vt 0.390691 0.750000
vt 0.400000 0.751071
vt 0.390433 0.751071
vt 0.390193 0.750651
vt 0.400000 0.750661
vt 0.626071 0.748928
vt 0.626071 0.749339
vt 0.625651 0.749349
vt 0.625661 0.748929
vt 0.625536 0.750536
vt 0.625336 0.750336
vt 0.625000 0.749328
vt 0.625000 0.748929
vt 0.621629 0.749849
vt 0.600000 0.751071
vt 0.600000 0.750661
vt 0.609807 0.750651
vt 0.609567 0.751071
vt 0.600000 0.750000
vt 0.609309 0.750000
vt 0.600000 0.748929
vt 0.609567 0.748929
vt 0.609807 0.749349
vt 0.600000 0.749339
vt 0.373929 0.501071
vt 0.373929 0.500661
vt 0.374349 0.500651
vt 0.374339 0.501071
vt 0.374464 0.499464
vt 0.374664 0.499664
vt 0.375000 0.500672
vt 0.375000 0.501071
vt 0.378371 0.500151
vt 0.400000 0.498929
vt 0.400000 0.499339
vt 0.390193 0.499349
vt 0.390433 0.498929
vt 0.400000 0.500000
vt 0.390691 0.500000
vt 0.400000 0.501071
vt 0.390433 0.501071
vt 0.390193 0.500651
vt 0.400000 0.500661
vt 0.626071 0.501071
vt 0.625661 0.501071
vt 0.625651 0.500651
vt 0.626071 0.500661
vt 0.625000 0.501071
vt 0.625000 0.500672
vt 0.625336 0.499664
vt 0.625536 0.499464
vt 0.621478 0.500000
vt 0.600000 0.501071
vt 0.600000 0.500661
vt 0.609807 0.500651
vt 0.609567 0.501071
vt 0.600000 0.500000
vt 0.609309 0.500000
vt 0.600000 0.498929
vt 0.609567 0.498929
vt 0.609807 0.499349
vt 0.600000 0.499339
s 0
usemtl RearGlass
f 3557/4339/3416 3560/4340/3416 3563/4341/3416 3562/4342/3416
f 3560/4340/3417 3561/4343/3417 3564/4344/3417 3563/4341/3417
f 3562/4342/3418 3563/4341/3418 3575/4345/3418 3572/4346/3418
f 3563/4341/3419 3564/4344/3419 3565/4347/3419 3575/4345/3419
f 3558/4348/3420 3566/4349/3420 3569/4350/3420 3568/4351/3420
f 3566/4349/3421 3567/4352/3421 3570/4353/3421 3569/4350/3421
f 3568/4351/3422 3569/4350/3422 3564/4354/3422 3561/4355/3422
f 3569/4350/3423 3570/4353/3423 3565/4356/3423 3564/4354/3423
f 3559/4357/3424 3571/4358/3424 3574/4359/3424 3573/4360/3424
f 3571/4358/3425 3572/4361/3425 3575/4362/3425 3574/4359/3425
f 3573/4360/3426 3574/4359/3426 3570/4363/3426 3567/4364/3426
f 3574/4359/3427 3575/4362/3427 3565/4365/3427 3570/4363/3427
f 3576/4366/3428 3579/4367/3428 3582/4368/3428 3581/4369/3428
f 3579/4367/3429 3580/4370/3429 3583/4371/3429 3582/4368/3429
f 3581/4369/3430 3582/4368/3430 3594/4372/3430 3591/4373/3430
f 3582/4368/3431 3583/4371/3431 3584/4374/3431 3594/4372/3431
f 3577/4375/3432 3585/4376/3432 3588/4377/3432 3587/4378/3432
f 3585/4376/3433 3586/4379/3433 3589/4380/3433 3588/4377/3433
f 3587/4378/3434 3588/4377/3434 3583/4381/3434 3580/4382/3434
f 3588/4377/3435 3589/4380/3435 3584/4383/3435 3583/4381/3435
f 3578/4384/3436 3590/4385/3436 3593/4386/3436 3592/4387/3436
f 3590/4385/3437 3591/4388/3437 3594/4389/3437 3593/4386/3437
f 3592/4387/3438 3593/4386/3438 3589/4390/3438 3586/4391/3438
f 3593/4386/3439 3594/4389/3439 3584/4392/3439 3589/4390/3439
f 3595/4393/3440 3598/4394/3440 3601/4395/3440 3600/4396/3440
f 3598/4394/3441 3599/4397/3441 3602/4398/3441 3601/4395/3441
f 3600/4396/3442 3601/4395/3442 3613/4399/3442 3610/4400/3442
f 3601/4395/3443 3602/4398/3443 3603/4401/3443 3613/4399/3443
f 3596/4402/3444 3604/4403/3444 3607/4404/3444 3606/4405/3444
f 3604/4403/3445 3605/4406/3445 3608/4407/3445 3607/4404/3445
f 3606/4405/3446 3607/4404/3446 3602/4408/3446 3599/4409/3446
f 3607/4404/3447 3608/4407/3447 3603/4410/3447 3602/4408/3447
f 3597/4411/3448 3609/4412/3448 3612/4413/3448 3611/4414/3448
f 3609/4412/3449 3610/4415/3449 3613/4416/3449 3612/4413/3449
f 3611/4414/3450 3612/4413/3450 3608/4407/3450 3605/4406/3450
f 3612/4413/3451 3613/4416/3451 3603/4410/3451 3608/4407/3451
f 3614/4417/3452 3617/4418/3452 3620/4419/3452 3619/4420/3452
f 3617/4418/3453 3618/4421/3453 3621/4422/3453 3620/4419/3453
f 3619/4420/3454 3620/4419/3454 3632/4423/3454 3629/4424/3454
f 3620/4419/3455 3621/4422/3455 3622/4425/3455 3632/4423/3455
f 3615/4426/3456 3623/4427/3456 3626/4428/3456 3625/4429/3456
f 3623/4427/3457 3624/4430/3457 3627/4431/3457 3626/4428/3457
f 3625/4429/3458 3626/4428/3458 3621/4432/3458 3618/4433/3458
f 3626/4428/3459 3627/4431/3459 3622/4434/3459 3621/4432/3459
f 3616/4435/3460 3628/4436/3460 3631/4437/3460 3630/4438/3460
f 3628/4436/3461 3629/4439/3461 3632/4440/3461 3631/4437/3461
f 3630/4438/3462 3631/4437/3462 3627/4431/3462 3624/4430/3462
f 3631/4437/3463 3632/4440/3463 3622/4434/3463 3627/4431/3463
f 3633/4441/3464 3636/4442/3464 3639/4443/3464 3638/4444/3464
f 3636/4442/3465 3637/4445/3465 3640/4446/3465 3639/4443/3465
f 3638/4444/3466 3639/4443/3466 3651/4447/3466 3648/4448/3466
f 3639/4443/3467 3640/4446/3467 3641/4449/3467 3651/4447/3467
f 3634/4450/3468 3642/4451/3468 3645/4452/3468 3644/4453/3468
f 3642/4451/3469 3643/4454/3469 3646/4455/3469 3645/4452/3469
f 3644/4453/3470 3645/4452/3470 3640/4446/3470 3637/4445/3470
f 3645/4452/3471 3646/4455/3471 3641/4449/3471 3640/4446/3471
f 3635/4456/3472 3647/4457/3472 3650/4458/3472 3649/4459/3472
f 3647/4457/3473 3648/4448/3473 3651/4447/3473 3650/4458/3473
f 3649/4459/3474 3650/4458/3474 3646/4455/3474 3643/4454/3474
f 3650/4458/3475 3651/4447/3475 3641/4449/3475 3646/4455/3475
f 3652/4460/3476 3655/4461/3476 3658/4462/3476 3657/4463/3476
f 3655/4461/3477 3656/4464/3477 3659/4465/3477 3658/4462/3477
f 3657/4463/3478 3658/4462/3478 3670/4466/3478 3667/4467/3478
f 3658/4462/3479 3659/4465/3479 3660/4468/3479 3670/4466/3479
f 3653/4469/3480 3661/4470/3480 3664/4471/3480 3663/4472/3480
f 3661/4470/3481 3662/4473/3481 3665/4474/3481 3664/4471/3481
f 3663/4472/3482 3664/4471/3482 3659/4465/3482 3656/4464/3482
f 3664/4471/3483 3665/4474/3483 3660/4468/3483 3659/4465/3483
f 3654/4475/3484 3666/4476/3484 3669/4477/3484 3668/4478/3484
f 3666/4476/3485 3667/4467/3485 3670/4466/3485 3669/4477/3485
f 3668/4478/3486 3669/4477/3486 3665/4474/3486 3662/4473/3486
f 3669/4477/3487 3670/4466/3487 3660/4468/3487 3665/4474/3487
f 3671/4479/3488 3674/4480/3488 3677/4481/3488 3676/4482/3488
f 3674/4480/3489 3675/4483/3489 3678/4484/3489 3677/4481/3489
f 3676/4482/3490 3677/4481/3490 3689/4485/3490 3686/4486/3490
f 3677/4481/3491 3678/4484/3491 3679/4487/3491 3689/4485/3491
f 3672/4488/3492 3680/4489/3492 3683/4490/3492 3682/4491/3492
f 3680/4489/3493 3681/4492/3493 3684/4493/3493 3683/4490/3493
f 3682/4491/3494 3683/4490/3494 3678/4484/3494 3675/4483/3494
f 3683/4490/3495 3684/4493/3495 3679/4487/3495 3678/4484/3495
f 3673/4494/3496 3685/4495/3496 3688/4496/3496 3687/4497/3496
f 3685/4495/3497 3686/4486/3497 3689/4485/3497 3688/4496/3497
f 3687/4497/3498 3688/4496/3498 3684/4493/3498 3681/4492/3498
f 3688/4496/3499 3689/4485/3499 3679/4487/3499 3684/4493/3499
f 3690/4498/3500 3693/4499/3500 3696/4500/3500 3695/4501/3500
f 3693/4499/3501 3694/4502/3501 3697/4503/3501 3696/4500/3501
f 3695/4501/3502 3696/4500/3502 3708/4504/3502 3705/4505/3502
f 3696/4500/3503 3697/4503/3503 3698/4506/3503 3708/4504/3503
f 3691/4507/3504 3699/4508/3504 3702/4509/3504 3701/4510/3504
f 3699/4508/3505 3700/4511/3505 3703/4512/3505 3702/4509/3505
f 3701/4510/3506 3702/4509/3506 3697/4503/3506 3694/4502/3506
f 3702/4509/3507 3703/4512/3507 3698/4506/3507 3697/4503/3507
f 3692/4513/3508 3704/4514/3508 3707/4515/3508 3706/4516/3508
f 3704/4514/3509 3705/4505/3509 3708/4504/3509 3707/4515/3509
f 3706/4516/3510 3707/4515/3510 3703/4512/3510 3700/4511/3510
f 3707/4515/3511 3708/4504/3511 3698/4506/3511 3703/4512/3511
f 3595/4393/3512 3557/4339/3512 3562/4342/3512 3598/4394/3512
f 3598/4394/3513 3562/4342/3513 3572/4346/3513 3599/4397/3513
f 3599/4409/3514 3572/4361/3514 3571/4358/3514 3606/4405/3514
f 3606/4405/3515 3571/4358/3515 3559/4357/3515 3596/4402/3515
f 3558/4348/3516 3576/4366/3516 3581/4369/3516 3566/4349/3516
f 3566/4349/3517 3581/4369/3517 3591/4373/3517 3567/4352/3517
f 3567/4364/3518 3591/4388/3518 3590/4385/3518 3573/4360/3518
f 3573/4360/3519 3590/4385/3519 3578/4384/3519 3559/4357/3519
f 3577/4375/3520 3614/4417/3520 3619/4420/3520 3585/4376/3520
f 3585/4376/3521 3619/4420/3521 3629/4424/3521 3586/4379/3521
f 3586/4391/3522 3629/4439/3522 3628/4436/3522 3592/4387/3522
f 3592/4387/3523 3628/4436/3523 3616/4435/3523 3578/4384/3523
f 3615/4426/3524 3597/4411/3524 3611/4414/3524 3623/4427/3524
f 3623/4427/3525 3611/4414/3525 3605/4406/3525 3624/4430/3525
f 3624/4430/3526 3605/4406/3526 3604/4403/3526 3630/4438/3526
f 3630/4438/3527 3604/4403/3527 3596/4402/3527 3616/4435/3527
f 3671/4479/3528 3595/4393/3528 3600/4396/3528 3674/4480/3528
f 3674/4480/3529 3600/4396/3529 3610/4400/3529 3675/4483/3529
f 3675/4483/3530 3610/4415/3530 3609/4412/3530 3682/4491/3530
f 3682/4491/3531 3609/4412/3531 3597/4411/3531 3672/4488/3531
f 3614/4417/3532 3690/4498/3532 3695/4501/3532 3617/4418/3532
f 3617/4418/3533 3695/4501/3533 3705/4505/3533 3618/4421/3533
f 3618/4433/3534 3705/4505/3534 3704/4514/3534 3625/4429/3534
f 3625/4429/3535 3704/4514/3535 3692/4513/3535 3615/4426/3535
f 3691/4507/3536 3673/4494/3536 3687/4497/3536 3699/4508/3536
f 3699/4508/3537 3687/4497/3537 3681/4492/3537 3700/4511/3537
f 3700/4511/3538 3681/4492/3538 3680/4489/3538 3706/4516/3538
f 3706/4516/3539 3680/4489/3539 3672/4488/3539 3692/4513/3539
f 3633/4441/3540 3671/4479/3540 3676/4482/3540 3636/4442/3540
f 3636/4442/3541 3676/4482/3541 3686/4486/3541 3637/4445/3541
f 3637/4445/3542 3686/4486/3542 3685/4495/3542 3644/4453/3542
f 3644/4453/3543 3685/4495/3543 3673/4494/3543 3634/4450/3543
f 3690/4498/3544 3652/4460/3544 3657/4463/3544 3693/4499/3544
f 3693/4499/3545 3657/4463/3545 3667/4467/3545 3694/4502/3545
f 3694/4502/3546 3667/4467/3546 3666/4476/3546 3701/4510/3546
f 3701/4510/3547 3666/4476/3547 3654/4475/3547 3691/4507/3547
f 3653/4469/3548 3635/4456/3548 3649/4459/3548 3661/4470/3548
f 3661/4470/3549 3649/4459/3549 3643/4454/3549 3662/4473/3549
f 3662/4473/3550 3643/4454/3550 3642/4451/3550 3668/4478/3550
f 3668/4478/3551 3642/4451/3551 3634/4450/3551 3654/4475/3551
f 3557/4339/3552 3633/4441/3552 3638/4444/3552 3560/4340/3552
f 3560/4340/3553 3638/4444/3553 3648/4448/3553 3561/4343/3553
f 3561/4355/3554 3648/4448/3554 3647/4457/3554 3568/4351/3554
f 3568/4351/3555 3647/4457/3555 3635/4456/3555 3558/4348/3555
f 3652/4460/3556 3577/4375/3556 3587/4378/3556 3655/4461/3556
f 3655/4461/3557 3587/4378/3557 3580/4382/3557 3656/4464/3557
f 3656/4464/3558 3580/4370/3558 3579/4367/3558 3663/4472/3558
f 3663/4472/3559 3579/4367/3559 3576/4366/3559 3653/4469/3559
f 3595/4393/3560 3671/4479/3560 3633/4441/3560 3557/4339/3560
f 3559/4357/3561 3578/4384/3561 3616/4435/3561 3596/4402/3561
f 3635/4456/3562 3653/4469/3562 3576/4366/3562 3558/4348/3562
f 3690/4498/3563 3614/4417/3563 3577/4375/3563 3652/4460/3563
f 3597/4411/3564 3615/4426/3564 3692/4513/3564 3672/4488/3564
f 3673/4494/3565 3691/4507/3565 3654/4475/3565 3634/4450/3565
o 8_IndividualCameraRings
v -0.020800 -0.007900 -0.071300
v -0.020800 -0.005900 -0.071300
v -0.019337 -0.007900 -0.071156
v -0.019337 -0.005900 -0.071156
v -0.017930 -0.007900 -0.070729
v -0.017930 -0.005900 -0.070729
v -0.016633 -0.007900 -0.070036
v -0.016633 -0.005900 -0.070036
v -0.015497 -0.007900 -0.069103
v -0.015497 -0.005900 -0.069103
v -0.014564 -0.007900 -0.067967
v -0.014564 -0.005900 -0.067967
v -0.013871 -0.007900 -0.066670
v -0.013871 -0.005900 -0.066670
v -0.013444 -0.007900 -0.065263
v -0.013444 -0.005900 -0.065263
v -0.013300 -0.007900 -0.063800
v -0.013300 -0.005900 -0.063800
v -0.013444 -0.007900 -0.062337
v -0.013444 -0.005900 -0.062337
v -0.013871 -0.007900 -0.060930
v -0.013871 -0.005900 -0.060930
v -0.014564 -0.007900 -0.059633
v -0.014564 -0.005900 -0.059633
v -0.015497 -0.007900 -0.058497
v -0.015497 -0.005900 -0.058497
v -0.016633 -0.007900 -0.057564
v -0.016633 -0.005900 -0.057564
v -0.017930 -0.007900 -0.056871
v -0.017930 -0.005900 -0.056871
v -0.019337 -0.007900 -0.056444
v -0.019337 -0.005900 -0.056444
v -0.020800 -0.007900 -0.056300
v -0.020800 -0.005900 -0.056300
v -0.022263 -0.007900 -0.056444
v -0.022263 -0.005900 -0.056444
v -0.023670 -0.007900 -0.056871
v -0.023670 -0.005900 -0.056871
v -0.024967 -0.007900 -0.057564
v -0.024967 -0.005900 -0.057564
v -0.026103 -0.007900 -0.058497
v -0.026103 -0.005900 -0.058497
v -0.027036 -0.007900 -0.059633
v -0.027036 -0.005900 -0.059633
v -0.027729 -0.007900 -0.060930
v -0.027729 -0.005900 -0.060930
v -0.028156 -0.007900 -0.062337
v -0.028156 -0.005900 -0.062337
v -0.028300 -0.007900 -0.063800
v -0.028300 -0.005900 -0.063800
v -0.028156 -0.007900 -0.065263
v -0.028156 -0.005900 -0.065263
v -0.027729 -0.007900 -0.066670
v -0.027729 -0.005900 -0.066670
v -0.027036 -0.007900 -0.067967
v -0.027036 -0.005900 -0.067967
v -0.026103 -0.007900 -0.069103
v -0.026103 -0.005900 -0.069103
v -0.024967 -0.007900 -0.070036
v -0.024967 -0.005900 -0.070036
v -0.023670 -0.007900 -0.070729
v -0.023670 -0.005900 -0.070729
v -0.022263 -0.007900 -0.071156
v -0.022263 -0.005900 -0.071156
vn 0.0980 -0.0000 -0.9952
vn 0.2903 -0.0000 -0.9569
vn 0.4714 -0.0000 -0.8819
vn 0.6344 -0.0000 -0.7730
vn 0.7730 -0.0000 -0.6344
vn 0.8819 -0.0000 -0.4714
vn 0.9569 -0.0000 -0.2903
vn 0.9952 -0.0000 -0.0980
vn 0.9952 -0.0000 0.0980
vn 0.9569 -0.0000 0.2903
vn 0.8819 -0.0000 0.4714
vn 0.7730 -0.0000 0.6344
vn 0.6344 -0.0000 0.7730
vn 0.4714 -0.0000 0.8819
vn 0.2903 -0.0000 0.9569
vn 0.0980 -0.0000 0.9952
vn -0.0980 -0.0000 0.9952
vn -0.2903 -0.0000 0.9569
vn -0.4714 -0.0000 0.8819
vn -0.6344 -0.0000 0.7730
vn -0.7730 -0.0000 0.6344
vn -0.8819 -0.0000 0.4714
vn -0.9569 -0.0000 0.2903
vn -0.9952 -0.0000 0.0980
vn -0.9952 -0.0000 -0.0980
vn -0.9569 -0.0000 -0.2903
vn -0.8819 -0.0000 -0.4714
vn -0.7730 -0.0000 -0.6344
vn -0.6344 -0.0000 -0.7730
vn -0.4714 -0.0000 -0.8819
vn -0.0000 1.0000 -0.0000
vn -0.2903 -0.0000 -0.9569
vn -0.0980 -0.0000 -0.9952
vn -0.0000 -1.0000 -0.0000
vt 1.000000 0.500000
vt 1.000000 1.000000
vt 0.968750 1.000000
vt 0.968750 0.500000
vt 0.937500 1.000000
vt 0.937500 0.500000
vt 0.906250 1.000000
vt 0.906250 0.500000
vt 0.875000 1.000000
vt 0.875000 0.500000
vt 0.843750 1.000000
vt 0.843750 0.500000
vt 0.812500 1.000000
vt 0.812500 0.500000
vt 0.781250 1.000000
vt 0.781250 0.500000
vt 0.750000 1.000000
vt 0.750000 0.500000
vt 0.718750 1.000000
vt 0.718750 0.500000
vt 0.687500 1.000000
vt 0.687500 0.500000
vt 0.656250 1.000000
vt 0.656250 0.500000
vt 0.625000 1.000000
vt 0.625000 0.500000
vt 0.593750 1.000000
vt 0.593750 0.500000
vt 0.562500 1.000000
vt 0.562500 0.500000
vt 0.531250 1.000000
vt 0.531250 0.500000
vt 0.500000 1.000000
vt 0.500000 0.500000
vt 0.468750 1.000000
vt 0.468750 0.500000
vt 0.437500 1.000000
vt 0.437500 0.500000
vt 0.406250 1.000000
vt 0.406250 0.500000
vt 0.375000 1.000000
vt 0.375000 0.500000
vt 0.343750 1.000000
vt 0.343750 0.500000
vt 0.312500 1.000000
vt 0.312500 0.500000
vt 0.281250 1.000000
vt 0.281250 0.500000
vt 0.250000 1.000000
vt 0.250000 0.500000
vt 0.218750 1.000000
vt 0.218750 0.500000
vt 0.187500 1.000000
vt 0.187500 0.500000
vt 0.156250 1.000000
vt 0.156250 0.500000
vt 0.125000 1.000000
vt 0.125000 0.500000
vt 0.093750 1.000000
vt 0.093750 0.500000
vt 0.062500 1.000000
vt 0.062500 0.500000
vt 0.296822 0.485388
vt 0.250000 0.490000
vt 0.203178 0.485388
vt 0.158156 0.471731
vt 0.116663 0.449553
vt 0.080294 0.419706
vt 0.050447 0.383337
vt 0.028269 0.341844
vt 0.014612 0.296822
vt 0.010000 0.250000
vt 0.014612 0.203178
vt 0.028269 0.158156
vt 0.050447 0.116663
vt 0.080294 0.080294
vt 0.116663 0.050447
vt 0.158156 0.028269
vt 0.203178 0.014612
vt 0.250000 0.010000
vt 0.296822 0.014612
vt 0.341844 0.028269
vt 0.383337 0.050447
vt 0.419706 0.080294
vt 0.449553 0.116663
vt 0.471731 0.158156
vt 0.485388 0.203178
vt 0.490000 0.250000
vt 0.485388 0.296822
vt 0.471731 0.341844
vt 0.449553 0.383337
vt 0.419706 0.419706
vt 0.383337 0.449553
vt 0.341844 0.471731
vt 0.031250 1.000000
vt 0.031250 0.500000
vt 0.000000 1.000000
vt 0.000000 0.500000
vt 0.750000 0.490000
vt 0.796822 0.485388
vt 0.841844 0.471731
vt 0.883337 0.449553
vt 0.919706 0.419706
vt 0.949553 0.383337
vt 0.971731 0.341844
vt 0.985388 0.296822
vt 0.990000 0.250000
vt 0.985388 0.203178
vt 0.971731 0.158156
vt 0.949553 0.116663
vt 0.919706 0.080294
vt 0.883337 0.050447
vt 0.841844 0.028269
vt 0.796822 0.014612
vt 0.750000 0.010000
vt 0.703178 0.014612
vt 0.658156 0.028269
vt 0.616663 0.050447
vt 0.580294 0.080294
vt 0.550447 0.116663
vt 0.528269 0.158156
vt 0.514612 0.203178
vt 0.510000 0.250000
vt 0.514612 0.296822
vt 0.528269 0.341844
vt 0.550447 0.383337
vt 0.580294 0.419706
vt 0.616663 0.449553
vt 0.658156 0.471731
vt 0.703178 0.485388
s 0
usemtl MatteBlackTitanium
f 3709/4517/3566 3710/4518/3566 3712/4519/3566 3711/4520/3566
f 3711/4520/3567 3712/4519/3567 3714/4521/3567 3713/4522/3567
f 3713/4522/3568 3714/4521/3568 3716/4523/3568 3715/4524/3568
f 3715/4524/3569 3716/4523/3569 3718/4525/3569 3717/4526/3569
f 3717/4526/3570 3718/4525/3570 3720/4527/3570 3719/4528/3570
f 3719/4528/3571 3720/4527/3571 3722/4529/3571 3721/4530/3571
f 3721/4530/3572 3722/4529/3572 3724/4531/3572 3723/4532/3572
f 3723/4532/3573 3724/4531/3573 3726/4533/3573 3725/4534/3573
f 3725/4534/3574 3726/4533/3574 3728/4535/3574 3727/4536/3574
f 3727/4536/3575 3728/4535/3575 3730/4537/3575 3729/4538/3575
f 3729/4538/3576 3730/4537/3576 3732/4539/3576 3731/4540/3576
f 3731/4540/3577 3732/4539/3577 3734/4541/3577 3733/4542/3577
f 3733/4542/3578 3734/4541/3578 3736/4543/3578 3735/4544/3578
f 3735/4544/3579 3736/4543/3579 3738/4545/3579 3737/4546/3579
f 3737/4546/3580 3738/4545/3580 3740/4547/3580 3739/4548/3580
f 3739/4548/3581 3740/4547/3581 3742/4549/3581 3741/4550/3581
f 3741/4550/3582 3742/4549/3582 3744/4551/3582 3743/4552/3582
f 3743/4552/3583 3744/4551/3583 3746/4553/3583 3745/4554/3583
f 3745/4554/3584 3746/4553/3584 3748/4555/3584 3747/4556/3584
f 3747/4556/3585 3748/4555/3585 3750/4557/3585 3749/4558/3585
f 3749/4558/3586 3750/4557/3586 3752/4559/3586 3751/4560/3586
f 3751/4560/3587 3752/4559/3587 3754/4561/3587 3753/4562/3587
f 3753/4562/3588 3754/4561/3588 3756/4563/3588 3755/4564/3588
f 3755/4564/3589 3756/4563/3589 3758/4565/3589 3757/4566/3589
f 3757/4566/3590 3758/4565/3590 3760/4567/3590 3759/4568/3590
f 3759/4568/3591 3760/4567/3591 3762/4569/3591 3761/4570/3591
f 3761/4570/3592 3762/4569/3592 3764/4571/3592 3763/4572/3592
f 3763/4572/3593 3764/4571/3593 3766/4573/3593 3765/4574/3593
f 3765/4574/3594 3766/4573/3594 3768/4575/3594 3767/4576/3594
f 3767/4576/3595 3768/4575/3595 3770/4577/3595 3769/4578/3595
f 3712/4579/3596 3710/4580/3596 3772/4581/3596 3770/4582/3596 3768/4583/3596 3766/4584/3596 3764/4585/3596 3762/4586/3596 3760/4587/3596 3758/4588/3596 3756/4589/3596 3754/4590/3596 3752/4591/3596 3750/4592/3596 3748/4593/3596 3746/4594/3596 3744/4595/3596 3742/4596/3596 3740/4597/3596 3738/4598/3596 3736/4599/3596 3734/4600/3596 3732/4601/3596 3730/4602/3596 3728/4603/3596 3726/4604/3596 3724/4605/3596 3722/4606/3596 3720/4607/3596 3718/4608/3596 3716/4609/3596 3714/4610/3596
f 3769/4578/3597 3770/4577/3597 3772/4611/3597 3771/4612/3597
f 3771/4612/3598 3772/4611/3598 3710/4613/3598 3709/4614/3598
f 3709/4615/3599 3711/4616/3599 3713/4617/3599 3715/4618/3599 3717/4619/3599 3719/4620/3599 3721/4621/3599 3723/4622/3599 3725/4623/3599 3727/4624/3599 3729/4625/3599 3731/4626/3599 3733/4627/3599 3735/4628/3599 3737/4629/3599 3739/4630/3599 3741/4631/3599 3743/4632/3599 3745/4633/3599 3747/4634/3599 3749/4635/3599 3751/4636/3599 3753/4637/3599 3755/4638/3599 3757/4639/3599 3759/4640/3599 3761/4641/3599 3763/4642/3599 3765/4643/3599 3767/4644/3599 3769/4645/3599 3771/4646/3599
o 9_MainCamera
v -0.020800 -0.007950 -0.069800
v -0.020800 -0.005850 -0.069800
v -0.019629 -0.007950 -0.069685
v -0.019629 -0.005850 -0.069685
v -0.018504 -0.007950 -0.069343
v -0.018504 -0.005850 -0.069343
v -0.017467 -0.007950 -0.068789
v -0.017467 -0.005850 -0.068789
v -0.016557 -0.007950 -0.068043
v -0.016557 -0.005850 -0.068043
v -0.015811 -0.007950 -0.067133
v -0.015811 -0.005850 -0.067133
v -0.015257 -0.007950 -0.066096
v -0.015257 -0.005850 -0.066096
v -0.014915 -0.007950 -0.064971
v -0.014915 -0.005850 -0.064971
v -0.014800 -0.007950 -0.063800
v -0.014800 -0.005850 -0.063800
v -0.014915 -0.007950 -0.062629
v -0.014915 -0.005850 -0.062629
v -0.015257 -0.007950 -0.061504
v -0.015257 -0.005850 -0.061504
v -0.015811 -0.007950 -0.060467
v -0.015811 -0.005850 -0.060467
v -0.016557 -0.007950 -0.059557
v -0.016557 -0.005850 -0.059557
v -0.017467 -0.007950 -0.058811
v -0.017467 -0.005850 -0.058811
v -0.018504 -0.007950 -0.058257
v -0.018504 -0.005850 -0.058257
v -0.019629 -0.007950 -0.057915
v -0.019629 -0.005850 -0.057915
v -0.020800 -0.007950 -0.057800
v -0.020800 -0.005850 -0.057800
v -0.021971 -0.007950 -0.057915
v -0.021971 -0.005850 -0.057915
v -0.023096 -0.007950 -0.058257
v -0.023096 -0.005850 -0.058257
v -0.024133 -0.007950 -0.058811
v -0.024133 -0.005850 -0.058811
v -0.025043 -0.007950 -0.059557
v -0.025043 -0.005850 -0.059557
v -0.025789 -0.007950 -0.060467
v -0.025789 -0.005850 -0.060467
v -0.026343 -0.007950 -0.061504
v -0.026343 -0.005850 -0.061504
v -0.026685 -0.007950 -0.062629
v -0.026685 -0.005850 -0.062629
v -0.026800 -0.007950 -0.063800
v -0.026800 -0.005850 -0.063800
v -0.026685 -0.007950 -0.064971
v -0.026685 -0.005850 -0.064971
v -0.026343 -0.007950 -0.066096
v -0.026343 -0.005850 -0.066096
v -0.025789 -0.007950 -0.067133
v -0.025789 -0.005850 -0.067133
v -0.025043 -0.007950 -0.068043
v -0.025043 -0.005850 -0.068043
v -0.024133 -0.007950 -0.068789
v -0.024133 -0.005850 -0.068789
v -0.023096 -0.007950 -0.069343
v -0.023096 -0.005850 -0.069343
v -0.021971 -0.007950 -0.069685
v -0.021971 -0.005850 -0.069685
vn 0.0980 -0.0000 -0.9952
vn 0.2903 -0.0000 -0.9569
vn 0.4714 -0.0000 -0.8819
vn 0.6344 -0.0000 -0.7730
vn 0.7730 -0.0000 -0.6344
vn 0.8819 -0.0000 -0.4714
vn 0.9569 -0.0000 -0.2903
vn 0.9952 -0.0000 -0.0980
vn 0.9952 -0.0000 0.0980
vn 0.9569 -0.0000 0.2903
vn 0.8819 -0.0000 0.4714
vn 0.7730 -0.0000 0.6344
vn 0.6344 -0.0000 0.7730
vn 0.4714 -0.0000 0.8819
vn 0.2903 -0.0000 0.9569
vn 0.0980 -0.0000 0.9952
vn -0.0980 -0.0000 0.9952
vn -0.2903 -0.0000 0.9569
vn -0.4714 -0.0000 0.8819
vn -0.6344 -0.0000 0.7730
vn -0.7730 -0.0000 0.6344
vn -0.8819 -0.0000 0.4714
vn -0.9569 -0.0000 0.2903
vn -0.9952 -0.0000 0.0980
vn -0.9952 -0.0000 -0.0980
vn -0.9569 -0.0000 -0.2903
vn -0.8819 -0.0000 -0.4714
vn -0.7730 -0.0000 -0.6344
vn -0.6344 -0.0000 -0.7730
vn -0.4714 -0.0000 -0.8819
vn -0.0000 1.0000 -0.0000
vn -0.2903 -0.0000 -0.9569
vn -0.0980 -0.0000 -0.9952
vn -0.0000 -1.0000 -0.0000
vt 1.000000 0.500000
vt 1.000000 1.000000
vt 0.968750 1.000000
vt 0.968750 0.500000
vt 0.937500 1.000000
vt 0.937500 0.500000
vt 0.906250 1.000000
vt 0.906250 0.500000
vt 0.875000 1.000000
vt 0.875000 0.500000
vt 0.843750 1.000000
vt 0.843750 0.500000
vt 0.812500 1.000000
vt 0.812500 0.500000
vt 0.781250 1.000000
vt 0.781250 0.500000
vt 0.750000 1.000000
vt 0.750000 0.500000
vt 0.718750 1.000000
vt 0.718750 0.500000
vt 0.687500 1.000000
vt 0.687500 0.500000
vt 0.656250 1.000000
vt 0.656250 0.500000
vt 0.625000 1.000000
vt 0.625000 0.500000
vt 0.593750 1.000000
vt 0.593750 0.500000
vt 0.562500 1.000000
vt 0.562500 0.500000
vt 0.531250 1.000000
vt 0.531250 0.500000
vt 0.500000 1.000000
vt 0.500000 0.500000
vt 0.468750 1.000000
vt 0.468750 0.500000
vt 0.437500 1.000000
vt 0.437500 0.500000
vt 0.406250 1.000000
vt 0.406250 0.500000
vt 0.375000 1.000000
vt 0.375000 0.500000
vt 0.343750 1.000000
vt 0.343750 0.500000
vt 0.312500 1.000000
vt 0.312500 0.500000
vt 0.281250 1.000000
vt 0.281250 0.500000
vt 0.250000 1.000000
vt 0.250000 0.500000
vt 0.218750 1.000000
vt 0.218750 0.500000
vt 0.187500 1.000000
vt 0.187500 0.500000
vt 0.156250 1.000000
vt 0.156250 0.500000
vt 0.125000 1.000000
vt 0.125000 0.500000
vt 0.093750 1.000000
vt 0.093750 0.500000
vt 0.062500 1.000000
vt 0.062500 0.500000
vt 0.296822 0.485388
vt 0.250000 0.490000
vt 0.203178 0.485388
vt 0.158156 0.471731
vt 0.116663 0.449553
vt 0.080294 0.419706
vt 0.050447 0.383337
vt 0.028269 0.341844
vt 0.014612 0.296822
vt 0.010000 0.250000
vt 0.014612 0.203178
vt 0.028269 0.158156
vt 0.050447 0.116663
vt 0.080294 0.080294
vt 0.116663 0.050447
vt 0.158156 0.028269
vt 0.203178 0.014612
vt 0.250000 0.010000
vt 0.296822 0.014612
vt 0.341844 0.028269
vt 0.383337 0.050447
vt 0.419706 0.080294
vt 0.449553 0.116663
vt 0.471731 0.158156
vt 0.485388 0.203178
vt 0.490000 0.250000
vt 0.485388 0.296822
vt 0.471731 0.341844
vt 0.449553 0.383337
vt 0.419706 0.419706
vt 0.383337 0.449553
vt 0.341844 0.471731
vt 0.031250 1.000000
vt 0.031250 0.500000
vt 0.000000 1.000000
vt 0.000000 0.500000
vt 0.750000 0.490000
vt 0.796822 0.485388
vt 0.841844 0.471731
vt 0.883337 0.449553
vt 0.919706 0.419706
vt 0.949553 0.383337
vt 0.971731 0.341844
vt 0.985388 0.296822
vt 0.990000 0.250000
vt 0.985388 0.203178
vt 0.971731 0.158156
vt 0.949553 0.116663
vt 0.919706 0.080294
vt 0.883337 0.050447
vt 0.841844 0.028269
vt 0.796822 0.014612
vt 0.750000 0.010000
vt 0.703178 0.014612
vt 0.658156 0.028269
vt 0.616663 0.050447
vt 0.580294 0.080294
vt 0.550447 0.116663
vt 0.528269 0.158156
vt 0.514612 0.203178
vt 0.510000 0.250000
vt 0.514612 0.296822
vt 0.528269 0.341844
vt 0.550447 0.383337
vt 0.580294 0.419706
vt 0.616663 0.449553
vt 0.658156 0.471731
vt 0.703178 0.485388
s 0
usemtl FrontGlass
f 3773/4647/3600 3774/4648/3600 3776/4649/3600 3775/4650/3600
f 3775/4650/3601 3776/4649/3601 3778/4651/3601 3777/4652/3601
f 3777/4652/3602 3778/4651/3602 3780/4653/3602 3779/4654/3602
f 3779/4654/3603 3780/4653/3603 3782/4655/3603 3781/4656/3603
f 3781/4656/3604 3782/4655/3604 3784/4657/3604 3783/4658/3604
f 3783/4658/3605 3784/4657/3605 3786/4659/3605 3785/4660/3605
f 3785/4660/3606 3786/4659/3606 3788/4661/3606 3787/4662/3606
f 3787/4662/3607 3788/4661/3607 3790/4663/3607 3789/4664/3607
f 3789/4664/3608 3790/4663/3608 3792/4665/3608 3791/4666/3608
f 3791/4666/3609 3792/4665/3609 3794/4667/3609 3793/4668/3609
f 3793/4668/3610 3794/4667/3610 3796/4669/3610 3795/4670/3610
f 3795/4670/3611 3796/4669/3611 3798/4671/3611 3797/4672/3611
f 3797/4672/3612 3798/4671/3612 3800/4673/3612 3799/4674/3612
f 3799/4674/3613 3800/4673/3613 3802/4675/3613 3801/4676/3613
f 3801/4676/3614 3802/4675/3614 3804/4677/3614 3803/4678/3614
f 3803/4678/3615 3804/4677/3615 3806/4679/3615 3805/4680/3615
f 3805/4680/3616 3806/4679/3616 3808/4681/3616 3807/4682/3616
f 3807/4682/3617 3808/4681/3617 3810/4683/3617 3809/4684/3617
f 3809/4684/3618 3810/4683/3618 3812/4685/3618 3811/4686/3618
f 3811/4686/3619 3812/4685/3619 3814/4687/3619 3813/4688/3619
f 3813/4688/3620 3814/4687/3620 3816/4689/3620 3815/4690/3620
f 3815/4690/3621 3816/4689/3621 3818/4691/3621 3817/4692/3621
f 3817/4692/3622 3818/4691/3622 3820/4693/3622 3819/4694/3622
f 3819/4694/3623 3820/4693/3623 3822/4695/3623 3821/4696/3623
f 3821/4696/3624 3822/4695/3624 3824/4697/3624 3823/4698/3624
f 3823/4698/3625 3824/4697/3625 3826/4699/3625 3825/4700/3625
f 3825/4700/3626 3826/4699/3626 3828/4701/3626 3827/4702/3626
f 3827/4702/3627 3828/4701/3627 3830/4703/3627 3829/4704/3627
f 3829/4704/3628 3830/4703/3628 3832/4705/3628 3831/4706/3628
f 3831/4706/3629 3832/4705/3629 3834/4707/3629 3833/4708/3629
f 3776/4709/3630 3774/4710/3630 3836/4711/3630 3834/4712/3630 3832/4713/3630 3830/4714/3630 3828/4715/3630 3826/4716/3630 3824/4717/3630 3822/4718/3630 3820/4719/3630 3818/4720/3630 3816/4721/3630 3814/4722/3630 3812/4723/3630 3810/4724/3630 3808/4725/3630 3806/4726/3630 3804/4727/3630 3802/4728/3630 3800/4729/3630 3798/4730/3630 3796/4731/3630 3794/4732/3630 3792/4733/3630 3790/4734/3630 3788/4735/3630 3786/4736/3630 3784/4737/3630 3782/4738/3630 3780/4739/3630 3778/4740/3630
f 3833/4708/3631 3834/4707/3631 3836/4741/3631 3835/4742/3631
f 3835/4742/3632 3836/4741/3632 3774/4743/3632 3773/4744/3632
f 3773/4745/3633 3775/4746/3633 3777/4747/3633 3779/4748/3633 3781/4749/3633 3783/4750/3633 3785/4751/3633 3787/4752/3633 3789/4753/3633 3791/4754/3633 3793/4755/3633 3795/4756/3633 3797/4757/3633 3799/4758/3633 3801/4759/3633 3803/4760/3633 3805/4761/3633 3807/4762/3633 3809/4763/3633 3811/4764/3633 3813/4765/3633 3815/4766/3633 3817/4767/3633 3819/4768/3633 3821/4769/3633 3823/4770/3633 3825/4771/3633 3827/4772/3633 3829/4773/3633 3831/4774/3633 3833/4775/3633 3835/4776/3633
o 10_UltraWideCamera
v -0.020800 -0.007950 -0.054800
v -0.020800 -0.005850 -0.054800
v -0.019629 -0.007950 -0.054685
v -0.019629 -0.005850 -0.054685
v -0.018504 -0.007950 -0.054343
v -0.018504 -0.005850 -0.054343
v -0.017467 -0.007950 -0.053789
v -0.017467 -0.005850 -0.053789
v -0.016557 -0.007950 -0.053043
v -0.016557 -0.005850 -0.053043
v -0.015811 -0.007950 -0.052133
v -0.015811 -0.005850 -0.052133
v -0.015257 -0.007950 -0.051096
v -0.015257 -0.005850 -0.051096
v -0.014915 -0.007950 -0.049971
v -0.014915 -0.005850 -0.049971
v -0.014800 -0.007950 -0.048800
v -0.014800 -0.005850 -0.048800
v -0.014915 -0.007950 -0.047629
v -0.014915 -0.005850 -0.047629
v -0.015257 -0.007950 -0.046504
v -0.015257 -0.005850 -0.046504
v -0.015811 -0.007950 -0.045467
v -0.015811 -0.005850 -0.045467
v -0.016557 -0.007950 -0.044557
v -0.016557 -0.005850 -0.044557
v -0.017467 -0.007950 -0.043811
v -0.017467 -0.005850 -0.043811
v -0.018504 -0.007950 -0.043257
v -0.018504 -0.005850 -0.043257
v -0.019629 -0.007950 -0.042915
v -0.019629 -0.005850 -0.042915
v -0.020800 -0.007950 -0.042800
v -0.020800 -0.005850 -0.042800
v -0.021971 -0.007950 -0.042915
v -0.021971 -0.005850 -0.042915
v -0.023096 -0.007950 -0.043257
v -0.023096 -0.005850 -0.043257
v -0.024133 -0.007950 -0.043811
v -0.024133 -0.005850 -0.043811
v -0.025043 -0.007950 -0.044557
v -0.025043 -0.005850 -0.044557
v -0.025789 -0.007950 -0.045467
v -0.025789 -0.005850 -0.045467
v -0.026343 -0.007950 -0.046504
v -0.026343 -0.005850 -0.046504
v -0.026685 -0.007950 -0.047629
v -0.026685 -0.005850 -0.047629
v -0.026800 -0.007950 -0.048800
v -0.026800 -0.005850 -0.048800
v -0.026685 -0.007950 -0.049971
v -0.026685 -0.005850 -0.049971
v -0.026343 -0.007950 -0.051096
v -0.026343 -0.005850 -0.051096
v -0.025789 -0.007950 -0.052133
v -0.025789 -0.005850 -0.052133
v -0.025043 -0.007950 -0.053043
v -0.025043 -0.005850 -0.053043
v -0.024133 -0.007950 -0.053789
v -0.024133 -0.005850 -0.053789
v -0.023096 -0.007950 -0.054343
v -0.023096 -0.005850 -0.054343
v -0.021971 -0.007950 -0.054685
v -0.021971 -0.005850 -0.054685
vn 0.0980 -0.0000 -0.9952
vn 0.2903 -0.0000 -0.9569
vn 0.4714 -0.0000 -0.8819
vn 0.6344 -0.0000 -0.7730
vn 0.7730 -0.0000 -0.6344
vn 0.8819 -0.0000 -0.4714
vn 0.9569 -0.0000 -0.2903
vn 0.9952 -0.0000 -0.0980
vn 0.9952 -0.0000 0.0980
vn 0.9569 -0.0000 0.2903
vn 0.8819 -0.0000 0.4714
vn 0.7730 -0.0000 0.6344
vn 0.6344 -0.0000 0.7730
vn 0.4714 -0.0000 0.8819
vn 0.2903 -0.0000 0.9569
vn 0.0980 -0.0000 0.9952
vn -0.0980 -0.0000 0.9952
vn -0.2903 -0.0000 0.9569
vn -0.4714 -0.0000 0.8819
vn -0.6344 -0.0000 0.7730
vn -0.7730 -0.0000 0.6344
vn -0.8819 -0.0000 0.4714
vn -0.9569 -0.0000 0.2903
vn -0.9952 -0.0000 0.0980
vn -0.9952 -0.0000 -0.0980
vn -0.9569 -0.0000 -0.2903
vn -0.8819 -0.0000 -0.4714
vn -0.7730 -0.0000 -0.6344
vn -0.6344 -0.0000 -0.7730
vn -0.4714 -0.0000 -0.8819
vn -0.0000 1.0000 -0.0000
vn -0.2903 -0.0000 -0.9569
vn -0.0980 -0.0000 -0.9952
vn -0.0000 -1.0000 -0.0000
vt 1.000000 0.500000
vt 1.000000 1.000000
vt 0.968750 1.000000
vt 0.968750 0.500000
vt 0.937500 1.000000
vt 0.937500 0.500000
vt 0.906250 1.000000
vt 0.906250 0.500000
vt 0.875000 1.000000
vt 0.875000 0.500000
vt 0.843750 1.000000
vt 0.843750 0.500000
vt 0.812500 1.000000
vt 0.812500 0.500000
vt 0.781250 1.000000
vt 0.781250 0.500000
vt 0.750000 1.000000
vt 0.750000 0.500000
vt 0.718750 1.000000
vt 0.718750 0.500000
vt 0.687500 1.000000
vt 0.687500 0.500000
vt 0.656250 1.000000
vt 0.656250 0.500000
vt 0.625000 1.000000
vt 0.625000 0.500000
vt 0.593750 1.000000
vt 0.593750 0.500000
vt 0.562500 1.000000
vt 0.562500 0.500000
vt 0.531250 1.000000
vt 0.531250 0.500000
vt 0.500000 1.000000
vt 0.500000 0.500000
vt 0.468750 1.000000
vt 0.468750 0.500000
vt 0.437500 1.000000
vt 0.437500 0.500000
vt 0.406250 1.000000
vt 0.406250 0.500000
vt 0.375000 1.000000
vt 0.375000 0.500000
vt 0.343750 1.000000
vt 0.343750 0.500000
vt 0.312500 1.000000
vt 0.312500 0.500000
vt 0.281250 1.000000
vt 0.281250 0.500000
vt 0.250000 1.000000
vt 0.250000 0.500000
vt 0.218750 1.000000
vt 0.218750 0.500000
vt 0.187500 1.000000
vt 0.187500 0.500000
vt 0.156250 1.000000
vt 0.156250 0.500000
vt 0.125000 1.000000
vt 0.125000 0.500000
vt 0.093750 1.000000
vt 0.093750 0.500000
vt 0.062500 1.000000
vt 0.062500 0.500000
vt 0.296822 0.485388
vt 0.250000 0.490000
vt 0.203178 0.485388
vt 0.158156 0.471731
vt 0.116663 0.449553
vt 0.080294 0.419706
vt 0.050447 0.383337
vt 0.028269 0.341844
vt 0.014612 0.296822
vt 0.010000 0.250000
vt 0.014612 0.203178
vt 0.028269 0.158156
vt 0.050447 0.116663
vt 0.080294 0.080294
vt 0.116663 0.050447
vt 0.158156 0.028269
vt 0.203178 0.014612
vt 0.250000 0.010000
vt 0.296822 0.014612
vt 0.341844 0.028269
vt 0.383337 0.050447
vt 0.419706 0.080294
vt 0.449553 0.116663
vt 0.471731 0.158156
vt 0.485388 0.203178
vt 0.490000 0.250000
vt 0.485388 0.296822
vt 0.471731 0.341844
vt 0.449553 0.383337
vt 0.419706 0.419706
vt 0.383337 0.449553
vt 0.341844 0.471731
vt 0.031250 1.000000
vt 0.031250 0.500000
vt 0.000000 1.000000
vt 0.000000 0.500000
vt 0.750000 0.490000
vt 0.796822 0.485388
vt 0.841844 0.471731
vt 0.883337 0.449553
vt 0.919706 0.419706
vt 0.949553 0.383337
vt 0.971731 0.341844
vt 0.985388 0.296822
vt 0.990000 0.250000
vt 0.985388 0.203178
vt 0.971731 0.158156
vt 0.949553 0.116663
vt 0.919706 0.080294
vt 0.883337 0.050447
vt 0.841844 0.028269
vt 0.796822 0.014612
vt 0.750000 0.010000
vt 0.703178 0.014612
vt 0.658156 0.028269
vt 0.616663 0.050447
vt 0.580294 0.080294
vt 0.550447 0.116663
vt 0.528269 0.158156
vt 0.514612 0.203178
vt 0.510000 0.250000
vt 0.514612 0.296822
vt 0.528269 0.341844
vt 0.550447 0.383337
vt 0.580294 0.419706
vt 0.616663 0.449553
vt 0.658156 0.471731
vt 0.703178 0.485388
s 0
usemtl FrontGlass
f 3837/4777/3634 3838/4778/3634 3840/4779/3634 3839/4780/3634
f 3839/4780/3635 3840/4779/3635 3842/4781/3635 3841/4782/3635
f 3841/4782/3636 3842/4781/3636 3844/4783/3636 3843/4784/3636
f 3843/4784/3637 3844/4783/3637 3846/4785/3637 3845/4786/3637
f 3845/4786/3638 3846/4785/3638 3848/4787/3638 3847/4788/3638
f 3847/4788/3639 3848/4787/3639 3850/4789/3639 3849/4790/3639
f 3849/4790/3640 3850/4789/3640 3852/4791/3640 3851/4792/3640
f 3851/4792/3641 3852/4791/3641 3854/4793/3641 3853/4794/3641
f 3853/4794/3642 3854/4793/3642 3856/4795/3642 3855/4796/3642
f 3855/4796/3643 3856/4795/3643 3858/4797/3643 3857/4798/3643
f 3857/4798/3644 3858/4797/3644 3860/4799/3644 3859/4800/3644
f 3859/4800/3645 3860/4799/3645 3862/4801/3645 3861/4802/3645
f 3861/4802/3646 3862/4801/3646 3864/4803/3646 3863/4804/3646
f 3863/4804/3647 3864/4803/3647 3866/4805/3647 3865/4806/3647
f 3865/4806/3648 3866/4805/3648 3868/4807/3648 3867/4808/3648
f 3867/4808/3649 3868/4807/3649 3870/4809/3649 3869/4810/3649
f 3869/4810/3650 3870/4809/3650 3872/4811/3650 3871/4812/3650
f 3871/4812/3651 3872/4811/3651 3874/4813/3651 3873/4814/3651
f 3873/4814/3652 3874/4813/3652 3876/4815/3652 3875/4816/3652
f 3875/4816/3653 3876/4815/3653 3878/4817/3653 3877/4818/3653
f 3877/4818/3654 3878/4817/3654 3880/4819/3654 3879/4820/3654
f 3879/4820/3655 3880/4819/3655 3882/4821/3655 3881/4822/3655
f 3881/4822/3656 3882/4821/3656 3884/4823/3656 3883/4824/3656
f 3883/4824/3657 3884/4823/3657 3886/4825/3657 3885/4826/3657
f 3885/4826/3658 3886/4825/3658 3888/4827/3658 3887/4828/3658
f 3887/4828/3659 3888/4827/3659 3890/4829/3659 3889/4830/3659
f 3889/4830/3660 3890/4829/3660 3892/4831/3660 3891/4832/3660
f 3891/4832/3661 3892/4831/3661 3894/4833/3661 3893/4834/3661
f 3893/4834/3662 3894/4833/3662 3896/4835/3662 3895/4836/3662
f 3895/4836/3663 3896/4835/3663 3898/4837/3663 3897/4838/3663
f 3840/4839/3664 3838/4840/3664 3900/4841/3664 3898/4842/3664 3896/4843/3664 3894/4844/3664 3892/4845/3664 3890/4846/3664 3888/4847/3664 3886/4848/3664 3884/4849/3664 3882/4850/3664 3880/4851/3664 3878/4852/3664 3876/4853/3664 3874/4854/3664 3872/4855/3664 3870/4856/3664 3868/4857/3664 3866/4858/3664 3864/4859/3664 3862/4860/3664 3860/4861/3664 3858/4862/3664 3856/4863/3664 3854/4864/3664 3852/4865/3664 3850/4866/3664 3848/4867/3664 3846/4868/3664 3844/4869/3664 3842/4870/3664
f 3897/4838/3665 3898/4837/3665 3900/4871/3665 3899/4872/3665
f 3899/4872/3666 3900/4871/3666 3838/4873/3666 3837/4874/3666
f 3837/4875/3667 3839/4876/3667 3841/4877/3667 3843/4878/3667 3845/4879/3667 3847/4880/3667 3849/4881/3667 3851/4882/3667 3853/4883/3667 3855/4884/3667 3857/4885/3667 3859/4886/3667 3861/4887/3667 3863/4888/3667 3865/4889/3667 3867/4890/3667 3869/4891/3667 3871/4892/3667 3873/4893/3667 3875/4894/3667 3877/4895/3667 3879/4896/3667 3881/4897/3667 3883/4898/3667 3885/4899/3667 3887/4900/3667 3889/4901/3667 3891/4902/3667 3893/4903/3667 3895/4904/3667 3897/4905/3667 3899/4906/3667
o 11_TelephotoCamera
v -0.005800 -0.007950 -0.062300
v -0.005800 -0.005850 -0.062300
v -0.004629 -0.007950 -0.062185
v -0.004629 -0.005850 -0.062185
v -0.003504 -0.007950 -0.061843
v -0.003504 -0.005850 -0.061843
v -0.002467 -0.007950 -0.061289
v -0.002467 -0.005850 -0.061289
v -0.001557 -0.007950 -0.060543
v -0.001557 -0.005850 -0.060543
v -0.000811 -0.007950 -0.059633
v -0.000811 -0.005850 -0.059633
v -0.000257 -0.007950 -0.058596
v -0.000257 -0.005850 -0.058596
v 0.000085 -0.007950 -0.057471
v 0.000085 -0.005850 -0.057471
v 0.000200 -0.007950 -0.056300
v 0.000200 -0.005850 -0.056300
v 0.000085 -0.007950 -0.055129
v 0.000085 -0.005850 -0.055129
v -0.000257 -0.007950 -0.054004
v -0.000257 -0.005850 -0.054004
v -0.000811 -0.007950 -0.052967
v -0.000811 -0.005850 -0.052967
v -0.001557 -0.007950 -0.052057
v -0.001557 -0.005850 -0.052057
v -0.002467 -0.007950 -0.051311
v -0.002467 -0.005850 -0.051311
v -0.003504 -0.007950 -0.050757
v -0.003504 -0.005850 -0.050757
v -0.004629 -0.007950 -0.050415
v -0.004629 -0.005850 -0.050415
v -0.005800 -0.007950 -0.050300
v -0.005800 -0.005850 -0.050300
v -0.006971 -0.007950 -0.050415
v -0.006971 -0.005850 -0.050415
v -0.008096 -0.007950 -0.050757
v -0.008096 -0.005850 -0.050757
v -0.009133 -0.007950 -0.051311
v -0.009133 -0.005850 -0.051311
v -0.010043 -0.007950 -0.052057
v -0.010043 -0.005850 -0.052057
v -0.010789 -0.007950 -0.052967
v -0.010789 -0.005850 -0.052967
v -0.011343 -0.007950 -0.054004
v -0.011343 -0.005850 -0.054004
v -0.011685 -0.007950 -0.055129
v -0.011685 -0.005850 -0.055129
v -0.011800 -0.007950 -0.056300
v -0.011800 -0.005850 -0.056300
v -0.011685 -0.007950 -0.057471
v -0.011685 -0.005850 -0.057471
v -0.011343 -0.007950 -0.058596
v -0.011343 -0.005850 -0.058596
v -0.010789 -0.007950 -0.059633
v -0.010789 -0.005850 -0.059633
v -0.010043 -0.007950 -0.060543
v -0.010043 -0.005850 -0.060543
v -0.009133 -0.007950 -0.061289
v -0.009133 -0.005850 -0.061289
v -0.008096 -0.007950 -0.061843
v -0.008096 -0.005850 -0.061843
v -0.006971 -0.007950 -0.062185
v -0.006971 -0.005850 -0.062185
vn 0.0980 -0.0000 -0.9952
vn 0.2903 -0.0000 -0.9569
vn 0.4714 -0.0000 -0.8819
vn 0.6344 -0.0000 -0.7730
vn 0.7730 -0.0000 -0.6344
vn 0.8819 -0.0000 -0.4714
vn 0.9569 -0.0000 -0.2903
vn 0.9952 -0.0000 -0.0980
vn 0.9952 -0.0000 0.0980
vn 0.9569 -0.0000 0.2903
vn 0.8819 -0.0000 0.4714
vn 0.7730 -0.0000 0.6344
vn 0.6344 -0.0000 0.7730
vn 0.4714 -0.0000 0.8819
vn 0.2903 -0.0000 0.9569
vn 0.0980 -0.0000 0.9952
vn -0.0980 -0.0000 0.9952
vn -0.2903 -0.0000 0.9569
vn -0.4714 -0.0000 0.8819
vn -0.6344 -0.0000 0.7730
vn -0.7730 -0.0000 0.6344
vn -0.8819 -0.0000 0.4714
vn -0.9569 -0.0000 0.2903
vn -0.9952 -0.0000 0.0980
vn -0.9952 -0.0000 -0.0980
vn -0.9569 -0.0000 -0.2903
vn -0.8819 -0.0000 -0.4714
vn -0.7730 -0.0000 -0.6344
vn -0.6344 -0.0000 -0.7730
vn -0.4714 -0.0000 -0.8819
vn -0.0000 1.0000 -0.0000
vn -0.2903 -0.0000 -0.9569
vn -0.0980 -0.0000 -0.9952
vn -0.0000 -1.0000 -0.0000
vt 1.000000 0.500000
vt 1.000000 1.000000
vt 0.968750 1.000000
vt 0.968750 0.500000
vt 0.937500 1.000000
vt 0.937500 0.500000
vt 0.906250 1.000000
vt 0.906250 0.500000
vt 0.875000 1.000000
vt 0.875000 0.500000
vt 0.843750 1.000000
vt 0.843750 0.500000
vt 0.812500 1.000000
vt 0.812500 0.500000
vt 0.781250 1.000000
vt 0.781250 0.500000
vt 0.750000 1.000000
vt 0.750000 0.500000
vt 0.718750 1.000000
vt 0.718750 0.500000
vt 0.687500 1.000000
vt 0.687500 0.500000
vt 0.656250 1.000000
vt 0.656250 0.500000
vt 0.625000 1.000000
vt 0.625000 0.500000
vt 0.593750 1.000000
vt 0.593750 0.500000
vt 0.562500 1.000000
vt 0.562500 0.500000
vt 0.531250 1.000000
vt 0.531250 0.500000
vt 0.500000 1.000000
vt 0.500000 0.500000
vt 0.468750 1.000000
vt 0.468750 0.500000
vt 0.437500 1.000000
vt 0.437500 0.500000
vt 0.406250 1.000000
vt 0.406250 0.500000
vt 0.375000 1.000000
vt 0.375000 0.500000
vt 0.343750 1.000000
vt 0.343750 0.500000
vt 0.312500 1.000000
vt 0.312500 0.500000
vt 0.281250 1.000000
vt 0.281250 0.500000
vt 0.250000 1.000000
vt 0.250000 0.500000
vt 0.218750 1.000000
vt 0.218750 0.500000
vt 0.187500 1.000000
vt 0.187500 0.500000
vt 0.156250 1.000000
vt 0.156250 0.500000
vt 0.125000 1.000000
vt 0.125000 0.500000
vt 0.093750 1.000000
vt 0.093750 0.500000
vt 0.062500 1.000000
vt 0.062500 0.500000
vt 0.296822 0.485388
vt 0.250000 0.490000
vt 0.203178 0.485388
vt 0.158156 0.471731
vt 0.116663 0.449553
vt 0.080294 0.419706
vt 0.050447 0.383337
vt 0.028269 0.341844
vt 0.014612 0.296822
vt 0.010000 0.250000
vt 0.014612 0.203178
vt 0.028269 0.158156
vt 0.050447 0.116663
vt 0.080294 0.080294
vt 0.116663 0.050447
vt 0.158156 0.028269
vt 0.203178 0.014612
vt 0.250000 0.010000
vt 0.296822 0.014612
vt 0.341844 0.028269
vt 0.383337 0.050447
vt 0.419706 0.080294
vt 0.449553 0.116663
vt 0.471731 0.158156
vt 0.485388 0.203178
vt 0.490000 0.250000
vt 0.485388 0.296822
vt 0.471731 0.341844
vt 0.449553 0.383337
vt 0.419706 0.419706
vt 0.383337 0.449553
vt 0.341844 0.471731
vt 0.031250 1.000000
vt 0.031250 0.500000
vt 0.000000 1.000000
vt 0.000000 0.500000
vt 0.750000 0.490000
vt 0.796822 0.485388
vt 0.841844 0.471731
vt 0.883337 0.449553
vt 0.919706 0.419706
vt 0.949553 0.383337
vt 0.971731 0.341844
vt 0.985388 0.296822
vt 0.990000 0.250000
vt 0.985388 0.203178
vt 0.971731 0.158156
vt 0.949553 0.116663
vt 0.919706 0.080294
vt 0.883337 0.050447
vt 0.841844 0.028269
vt 0.796822 0.014612
vt 0.750000 0.010000
vt 0.703178 0.014612
vt 0.658156 0.028269
vt 0.616663 0.050447
vt 0.580294 0.080294
vt 0.550447 0.116663
vt 0.528269 0.158156
vt 0.514612 0.203178
vt 0.510000 0.250000
vt 0.514612 0.296822
vt 0.528269 0.341844
vt 0.550447 0.383337
vt 0.580294 0.419706
vt 0.616663 0.449553
vt 0.658156 0.471731
vt 0.703178 0.485388
s 0
usemtl FrontGlass
f 3901/4907/3668 3902/4908/3668 3904/4909/3668 3903/4910/3668
f 3903/4910/3669 3904/4909/3669 3906/4911/3669 3905/4912/3669
f 3905/4912/3670 3906/4911/3670 3908/4913/3670 3907/4914/3670
f 3907/4914/3671 3908/4913/3671 3910/4915/3671 3909/4916/3671
f 3909/4916/3672 3910/4915/3672 3912/4917/3672 3911/4918/3672
f 3911/4918/3673 3912/4917/3673 3914/4919/3673 3913/4920/3673
f 3913/4920/3674 3914/4919/3674 3916/4921/3674 3915/4922/3674
f 3915/4922/3675 3916/4921/3675 3918/4923/3675 3917/4924/3675
f 3917/4924/3676 3918/4923/3676 3920/4925/3676 3919/4926/3676
f 3919/4926/3677 3920/4925/3677 3922/4927/3677 3921/4928/3677
f 3921/4928/3678 3922/4927/3678 3924/4929/3678 3923/4930/3678
f 3923/4930/3679 3924/4929/3679 3926/4931/3679 3925/4932/3679
f 3925/4932/3680 3926/4931/3680 3928/4933/3680 3927/4934/3680
f 3927/4934/3681 3928/4933/3681 3930/4935/3681 3929/4936/3681
f 3929/4936/3682 3930/4935/3682 3932/4937/3682 3931/4938/3682
f 3931/4938/3683 3932/4937/3683 3934/4939/3683 3933/4940/3683
f 3933/4940/3684 3934/4939/3684 3936/4941/3684 3935/4942/3684
f 3935/4942/3685 3936/4941/3685 3938/4943/3685 3937/4944/3685
f 3937/4944/3686 3938/4943/3686 3940/4945/3686 3939/4946/3686
f 3939/4946/3687 3940/4945/3687 3942/4947/3687 3941/4948/3687
f 3941/4948/3688 3942/4947/3688 3944/4949/3688 3943/4950/3688
f 3943/4950/3689 3944/4949/3689 3946/4951/3689 3945/4952/3689
f 3945/4952/3690 3946/4951/3690 3948/4953/3690 3947/4954/3690
f 3947/4954/3691 3948/4953/3691 3950/4955/3691 3949/4956/3691
f 3949/4956/3692 3950/4955/3692 3952/4957/3692 3951/4958/3692
f 3951/4958/3693 3952/4957/3693 3954/4959/3693 3953/4960/3693
f 3953/4960/3694 3954/4959/3694 3956/4961/3694 3955/4962/3694
f 3955/4962/3695 3956/4961/3695 3958/4963/3695 3957/4964/3695
f 3957/4964/3696 3958/4963/3696 3960/4965/3696 3959/4966/3696
f 3959/4966/3697 3960/4965/3697 3962/4967/3697 3961/4968/3697
f 3904/4969/3698 3902/4970/3698 3964/4971/3698 3962/4972/3698 3960/4973/3698 3958/4974/3698 3956/4975/3698 3954/4976/3698 3952/4977/3698 3950/4978/3698 3948/4979/3698 3946/4980/3698 3944/4981/3698 3942/4982/3698 3940/4983/3698 3938/4984/3698 3936/4985/3698 3934/4986/3698 3932/4987/3698 3930/4988/3698 3928/4989/3698 3926/4990/3698 3924/4991/3698 3922/4992/3698 3920/4993/3698 3918/4994/3698 3916/4995/3698 3914/4996/3698 3912/4997/3698 3910/4998/3698 3908/4999/3698 3906/5000/3698
f 3961/4968/3699 3962/4967/3699 3964/5001/3699 3963/5002/3699
f 3963/5002/3700 3964/5001/3700 3902/5003/3700 3901/5004/3700
f 3901/5005/3701 3903/5006/3701 3905/5007/3701 3907/5008/3701 3909/5009/3701 3911/5010/3701 3913/5011/3701 3915/5012/3701 3917/5013/3701 3919/5014/3701 3921/5015/3701 3923/5016/3701 3925/5017/3701 3927/5018/3701 3929/5019/3701 3931/5020/3701 3933/5021/3701 3935/5022/3701 3937/5023/3701 3939/5024/3701 3941/5025/3701 3943/5026/3701 3945/5027/3701 3947/5028/3701 3949/5029/3701 3951/5030/3701 3953/5031/3701 3955/5032/3701 3957/5033/3701 3959/5034/3701 3961/5035/3701 3963/5036/3701
o 12_LiDARSensor
v -0.005800 -0.007950 -0.046300
v -0.005800 -0.005850 -0.046300
v -0.005312 -0.007950 -0.046252
v -0.005312 -0.005850 -0.046252
v -0.004843 -0.007950 -0.046110
v -0.004843 -0.005850 -0.046110
v -0.004411 -0.007950 -0.045879
v -0.004411 -0.005850 -0.045879
v -0.004032 -0.007950 -0.045568
v -0.004032 -0.005850 -0.045568
v -0.003721 -0.007950 -0.045189
v -0.003721 -0.005850 -0.045189
v -0.003490 -0.007950 -0.044757
v -0.003490 -0.005850 -0.044757
v -0.003348 -0.007950 -0.044288
v -0.003348 -0.005850 -0.044288
v -0.003300 -0.007950 -0.043800
v -0.003300 -0.005850 -0.043800
v -0.003348 -0.007950 -0.043312
v -0.003348 -0.005850 -0.043312
v -0.003490 -0.007950 -0.042843
v -0.003490 -0.005850 -0.042843
v -0.003721 -0.007950 -0.042411
v -0.003721 -0.005850 -0.042411
v -0.004032 -0.007950 -0.042032
v -0.004032 -0.005850 -0.042032
v -0.004411 -0.007950 -0.041721
v -0.004411 -0.005850 -0.041721
v -0.004843 -0.007950 -0.041490
v -0.004843 -0.005850 -0.041490
v -0.005312 -0.007950 -0.041348
v -0.005312 -0.005850 -0.041348
v -0.005800 -0.007950 -0.041300
v -0.005800 -0.005850 -0.041300
v -0.006288 -0.007950 -0.041348
v -0.006288 -0.005850 -0.041348
v -0.006757 -0.007950 -0.041490
v -0.006757 -0.005850 -0.041490
v -0.007189 -0.007950 -0.041721
v -0.007189 -0.005850 -0.041721
v -0.007568 -0.007950 -0.042032
v -0.007568 -0.005850 -0.042032
v -0.007879 -0.007950 -0.042411
v -0.007879 -0.005850 -0.042411
v -0.008110 -0.007950 -0.042843
v -0.008110 -0.005850 -0.042843
v -0.008252 -0.007950 -0.043312
v -0.008252 -0.005850 -0.043312
v -0.008300 -0.007950 -0.043800
v -0.008300 -0.005850 -0.043800
v -0.008252 -0.007950 -0.044288
v -0.008252 -0.005850 -0.044288
v -0.008110 -0.007950 -0.044757
v -0.008110 -0.005850 -0.044757
v -0.007879 -0.007950 -0.045189
v -0.007879 -0.005850 -0.045189
v -0.007568 -0.007950 -0.045568
v -0.007568 -0.005850 -0.045568
v -0.007189 -0.007950 -0.045879
v -0.007189 -0.005850 -0.045879
v -0.006757 -0.007950 -0.046110
v -0.006757 -0.005850 -0.046110
v -0.006288 -0.007950 -0.046252
v -0.006288 -0.005850 -0.046252
vn 0.0980 -0.0000 -0.9952
vn 0.2903 -0.0000 -0.9569
vn 0.4714 -0.0000 -0.8819
vn 0.6344 -0.0000 -0.7730
vn 0.7730 -0.0000 -0.6344
vn 0.8819 -0.0000 -0.4714
vn 0.9569 -0.0000 -0.2903
vn 0.9952 -0.0000 -0.0980
vn 0.9952 -0.0000 0.0980
vn 0.9569 -0.0000 0.2903
vn 0.8819 -0.0000 0.4714
vn 0.7730 -0.0000 0.6344
vn 0.6344 -0.0000 0.7730
vn 0.4714 -0.0000 0.8819
vn 0.2903 -0.0000 0.9569
vn 0.0980 -0.0000 0.9952
vn -0.0980 -0.0000 0.9952
vn -0.2903 -0.0000 0.9569
vn -0.4714 -0.0000 0.8819
vn -0.6344 -0.0000 0.7730
vn -0.7730 -0.0000 0.6344
vn -0.8819 -0.0000 0.4714
vn -0.9569 -0.0000 0.2903
vn -0.9952 -0.0000 0.0980
vn -0.9952 -0.0000 -0.0980
vn -0.9569 -0.0000 -0.2903
vn -0.8819 -0.0000 -0.4714
vn -0.7730 -0.0000 -0.6344
vn -0.6344 -0.0000 -0.7730
vn -0.4714 -0.0000 -0.8819
vn -0.0000 1.0000 -0.0000
vn -0.2903 -0.0000 -0.9569
vn -0.0980 -0.0000 -0.9952
vn -0.0000 -1.0000 -0.0000
vt 1.000000 0.500000
vt 1.000000 1.000000
vt 0.968750 1.000000
vt 0.968750 0.500000
vt 0.937500 1.000000
vt 0.937500 0.500000
vt 0.906250 1.000000
vt 0.906250 0.500000
vt 0.875000 1.000000
vt 0.875000 0.500000
vt 0.843750 1.000000
vt 0.843750 0.500000
vt 0.812500 1.000000
vt 0.812500 0.500000
vt 0.781250 1.000000
vt 0.781250 0.500000
vt 0.750000 1.000000
vt 0.750000 0.500000
vt 0.718750 1.000000
vt 0.718750 0.500000
vt 0.687500 1.000000
vt 0.687500 0.500000
vt 0.656250 1.000000
vt 0.656250 0.500000
vt 0.625000 1.000000
vt 0.625000 0.500000
vt 0.593750 1.000000
vt 0.593750 0.500000
vt 0.562500 1.000000
vt 0.562500 0.500000
vt 0.531250 1.000000
vt 0.531250 0.500000
vt 0.500000 1.000000
vt 0.500000 0.500000
vt 0.468750 1.000000
vt 0.468750 0.500000
vt 0.437500 1.000000
vt 0.437500 0.500000
vt 0.406250 1.000000
vt 0.406250 0.500000
vt 0.375000 1.000000
vt 0.375000 0.500000
vt 0.343750 1.000000
vt 0.343750 0.500000
vt 0.312500 1.000000
vt 0.312500 0.500000
vt 0.281250 1.000000
vt 0.281250 0.500000
vt 0.250000 1.000000
vt 0.250000 0.500000
vt 0.218750 1.000000
vt 0.218750 0.500000
vt 0.187500 1.000000
vt 0.187500 0.500000
vt 0.156250 1.000000
vt 0.156250 0.500000
vt 0.125000 1.000000
vt 0.125000 0.500000
vt 0.093750 1.000000
vt 0.093750 0.500000
vt 0.062500 1.000000
vt 0.062500 0.500000
vt 0.296822 0.485388
vt 0.250000 0.490000
vt 0.203178 0.485388
vt 0.158156 0.471731
vt 0.116663 0.449553
vt 0.080294 0.419706
vt 0.050447 0.383337
vt 0.028269 0.341844
vt 0.014612 0.296822
vt 0.010000 0.250000
vt 0.014612 0.203178
vt 0.028269 0.158156
vt 0.050447 0.116663
vt 0.080294 0.080294
vt 0.116663 0.050447
vt 0.158156 0.028269
vt 0.203178 0.014612
vt 0.250000 0.010000
vt 0.296822 0.014612
vt 0.341844 0.028269
vt 0.383337 0.050447
vt 0.419706 0.080294
vt 0.449553 0.116663
vt 0.471731 0.158156
vt 0.485388 0.203178
vt 0.490000 0.250000
vt 0.485388 0.296822
vt 0.471731 0.341844
vt 0.449553 0.383337
vt 0.419706 0.419706
vt 0.383337 0.449553
vt 0.341844 0.471731
vt 0.031250 1.000000
vt 0.031250 0.500000
vt 0.000000 1.000000
vt 0.000000 0.500000
vt 0.750000 0.490000
vt 0.796822 0.485388
vt 0.841844 0.471731
vt 0.883337 0.449553
vt 0.919706 0.419706
vt 0.949553 0.383337
vt 0.971731 0.341844
vt 0.985388 0.296822
vt 0.990000 0.250000
vt 0.985388 0.203178
vt 0.971731 0.158156
vt 0.949553 0.116663
vt 0.919706 0.080294
vt 0.883337 0.050447
vt 0.841844 0.028269
vt 0.796822 0.014612
vt 0.750000 0.010000
vt 0.703178 0.014612
vt 0.658156 0.028269
vt 0.616663 0.050447
vt 0.580294 0.080294
vt 0.550447 0.116663
vt 0.528269 0.158156
vt 0.514612 0.203178
vt 0.510000 0.250000
vt 0.514612 0.296822
vt 0.528269 0.341844
vt 0.550447 0.383337
vt 0.580294 0.419706
vt 0.616663 0.449553
vt 0.658156 0.471731
vt 0.703178 0.485388
s 0
usemtl FrontGlass
f 3965/5037/3702 3966/5038/3702 3968/5039/3702 3967/5040/3702
f 3967/5040/3703 3968/5039/3703 3970/5041/3703 3969/5042/3703
f 3969/5042/3704 3970/5041/3704 3972/5043/3704 3971/5044/3704
f 3971/5044/3705 3972/5043/3705 3974/5045/3705 3973/5046/3705
f 3973/5046/3706 3974/5045/3706 3976/5047/3706 3975/5048/3706
f 3975/5048/3707 3976/5047/3707 3978/5049/3707 3977/5050/3707
f 3977/5050/3708 3978/5049/3708 3980/5051/3708 3979/5052/3708
f 3979/5052/3709 3980/5051/3709 3982/5053/3709 3981/5054/3709
f 3981/5054/3710 3982/5053/3710 3984/5055/3710 3983/5056/3710
f 3983/5056/3711 3984/5055/3711 3986/5057/3711 3985/5058/3711
f 3985/5058/3712 3986/5057/3712 3988/5059/3712 3987/5060/3712
f 3987/5060/3713 3988/5059/3713 3990/5061/3713 3989/5062/3713
f 3989/5062/3714 3990/5061/3714 3992/5063/3714 3991/5064/3714
f 3991/5064/3715 3992/5063/3715 3994/5065/3715 3993/5066/3715
f 3993/5066/3716 3994/5065/3716 3996/5067/3716 3995/5068/3716
f 3995/5068/3717 3996/5067/3717 3998/5069/3717 3997/5070/3717
f 3997/5070/3718 3998/5069/3718 4000/5071/3718 3999/5072/3718
f 3999/5072/3719 4000/5071/3719 4002/5073/3719 4001/5074/3719
f 4001/5074/3720 4002/5073/3720 4004/5075/3720 4003/5076/3720
f 4003/5076/3721 4004/5075/3721 4006/5077/3721 4005/5078/3721
f 4005/5078/3722 4006/5077/3722 4008/5079/3722 4007/5080/3722
f 4007/5080/3723 4008/5079/3723 4010/5081/3723 4009/5082/3723
f 4009/5082/3724 4010/5081/3724 4012/5083/3724 4011/5084/3724
f 4011/5084/3725 4012/5083/3725 4014/5085/3725 4013/5086/3725
f 4013/5086/3726 4014/5085/3726 4016/5087/3726 4015/5088/3726
f 4015/5088/3727 4016/5087/3727 4018/5089/3727 4017/5090/3727
f 4017/5090/3728 4018/5089/3728 4020/5091/3728 4019/5092/3728
f 4019/5092/3729 4020/5091/3729 4022/5093/3729 4021/5094/3729
f 4021/5094/3730 4022/5093/3730 4024/5095/3730 4023/5096/3730
f 4023/5096/3731 4024/5095/3731 4026/5097/3731 4025/5098/3731
f 3968/5099/3732 3966/5100/3732 4028/5101/3732 4026/5102/3732 4024/5103/3732 4022/5104/3732 4020/5105/3732 4018/5106/3732 4016/5107/3732 4014/5108/3732 4012/5109/3732 4010/5110/3732 4008/5111/3732 4006/5112/3732 4004/5113/3732 4002/5114/3732 4000/5115/3732 3998/5116/3732 3996/5117/3732 3994/5118/3732 3992/5119/3732 3990/5120/3732 3988/5121/3732 3986/5122/3732 3984/5123/3732 3982/5124/3732 3980/5125/3732 3978/5126/3732 3976/5127/3732 3974/5128/3732 3972/5129/3732 3970/5130/3732
f 4025/5098/3733 4026/5097/3733 4028/5131/3733 4027/5132/3733
f 4027/5132/3734 4028/5131/3734 3966/5133/3734 3965/5134/3734
f 3965/5135/3735 3967/5136/3735 3969/5137/3735 3971/5138/3735 3973/5139/3735 3975/5140/3735 3977/5141/3735 3979/5142/3735 3981/5143/3735 3983/5144/3735 3985/5145/3735 3987/5146/3735 3989/5147/3735 3991/5148/3735 3993/5149/3735 3995/5150/3735 3997/5151/3735 3999/5152/3735 4001/5153/3735 4003/5154/3735 4005/5155/3735 4007/5156/3735 4009/5157/3735 4011/5158/3735 4013/5159/3735 4015/5160/3735 4017/5161/3735 4019/5162/3735 4021/5163/3735 4023/5164/3735 4025/5165/3735 4027/5166/3735
o 13_Flash
v -0.005800 -0.007950 -0.070800
v -0.005800 -0.005850 -0.070800
v -0.005410 -0.007950 -0.070762
v -0.005410 -0.005850 -0.070762
v -0.005035 -0.007950 -0.070648
v -0.005035 -0.005850 -0.070648
v -0.004689 -0.007950 -0.070463
v -0.004689 -0.005850 -0.070463
v -0.004386 -0.007950 -0.070214
v -0.004386 -0.005850 -0.070214
v -0.004137 -0.007950 -0.069911
v -0.004137 -0.005850 -0.069911
v -0.003952 -0.007950 -0.069565
v -0.003952 -0.005850 -0.069565
v -0.003838 -0.007950 -0.069190
v -0.003838 -0.005850 -0.069190
v -0.003800 -0.007950 -0.068800
v -0.003800 -0.005850 -0.068800
v -0.003838 -0.007950 -0.068410
v -0.003838 -0.005850 -0.068410
v -0.003952 -0.007950 -0.068035
v -0.003952 -0.005850 -0.068035
v -0.004137 -0.007950 -0.067689
v -0.004137 -0.005850 -0.067689
v -0.004386 -0.007950 -0.067386
v -0.004386 -0.005850 -0.067386
v -0.004689 -0.007950 -0.067137
v -0.004689 -0.005850 -0.067137
v -0.005035 -0.007950 -0.066952
v -0.005035 -0.005850 -0.066952
v -0.005410 -0.007950 -0.066838
v -0.005410 -0.005850 -0.066838
v -0.005800 -0.007950 -0.066800
v -0.005800 -0.005850 -0.066800
v -0.006190 -0.007950 -0.066838
v -0.006190 -0.005850 -0.066838
v -0.006565 -0.007950 -0.066952
v -0.006565 -0.005850 -0.066952
v -0.006911 -0.007950 -0.067137
v -0.006911 -0.005850 -0.067137
v -0.007214 -0.007950 -0.067386
v -0.007214 -0.005850 -0.067386
v -0.007463 -0.007950 -0.067689
v -0.007463 -0.005850 -0.067689
v -0.007648 -0.007950 -0.068035
v -0.007648 -0.005850 -0.068035
v -0.007762 -0.007950 -0.068410
v -0.007762 -0.005850 -0.068410
v -0.007800 -0.007950 -0.068800
v -0.007800 -0.005850 -0.068800
v -0.007762 -0.007950 -0.069190
v -0.007762 -0.005850 -0.069190
v -0.007648 -0.007950 -0.069565
v -0.007648 -0.005850 -0.069565
v -0.007463 -0.007950 -0.069911
v -0.007463 -0.005850 -0.069911
v -0.007214 -0.007950 -0.070214
v -0.007214 -0.005850 -0.070214
v -0.006911 -0.007950 -0.070463
v -0.006911 -0.005850 -0.070463
v -0.006565 -0.007950 -0.070648
v -0.006565 -0.005850 -0.070648
v -0.006190 -0.007950 -0.070762
v -0.006190 -0.005850 -0.070762
vn 0.0980 -0.0000 -0.9952
vn 0.2903 -0.0000 -0.9569
vn 0.4714 -0.0000 -0.8819
vn 0.6344 -0.0000 -0.7730
vn 0.7730 -0.0000 -0.6344
vn 0.8819 -0.0000 -0.4714
vn 0.9569 -0.0000 -0.2903
vn 0.9952 -0.0000 -0.0980
vn 0.9952 -0.0000 0.0980
vn 0.9569 -0.0000 0.2903
vn 0.8819 -0.0000 0.4714
vn 0.7730 -0.0000 0.6344
vn 0.6344 -0.0000 0.7730
vn 0.4714 -0.0000 0.8819
vn 0.2903 -0.0000 0.9569
vn 0.0980 -0.0000 0.9952
vn -0.0980 -0.0000 0.9952
vn -0.2903 -0.0000 0.9569
vn -0.4714 -0.0000 0.8819
vn -0.6344 -0.0000 0.7730
vn -0.7730 -0.0000 0.6344
vn -0.8819 -0.0000 0.4714
vn -0.9569 -0.0000 0.2903
vn -0.9952 -0.0000 0.0980
vn -0.9952 -0.0000 -0.0980
vn -0.9569 -0.0000 -0.2903
vn -0.8819 -0.0000 -0.4714
vn -0.7730 -0.0000 -0.6344
vn -0.6344 -0.0000 -0.7730
vn -0.4714 -0.0000 -0.8819
vn -0.0000 1.0000 -0.0000
vn -0.2903 -0.0000 -0.9569
vn -0.0980 -0.0000 -0.9952
vn -0.0000 -1.0000 -0.0000
vt 1.000000 0.500000
vt 1.000000 1.000000
vt 0.968750 1.000000
vt 0.968750 0.500000
vt 0.937500 1.000000
vt 0.937500 0.500000
vt 0.906250 1.000000
vt 0.906250 0.500000
vt 0.875000 1.000000
vt 0.875000 0.500000
vt 0.843750 1.000000
vt 0.843750 0.500000
vt 0.812500 1.000000
vt 0.812500 0.500000
vt 0.781250 1.000000
vt 0.781250 0.500000
vt 0.750000 1.000000
vt 0.750000 0.500000
vt 0.718750 1.000000
vt 0.718750 0.500000
vt 0.687500 1.000000
vt 0.687500 0.500000
vt 0.656250 1.000000
vt 0.656250 0.500000
vt 0.625000 1.000000
vt 0.625000 0.500000
vt 0.593750 1.000000
vt 0.593750 0.500000
vt 0.562500 1.000000
vt 0.562500 0.500000
vt 0.531250 1.000000
vt 0.531250 0.500000
vt 0.500000 1.000000
vt 0.500000 0.500000
vt 0.468750 1.000000
vt 0.468750 0.500000
vt 0.437500 1.000000
vt 0.437500 0.500000
vt 0.406250 1.000000
vt 0.406250 0.500000
vt 0.375000 1.000000
vt 0.375000 0.500000
vt 0.343750 1.000000
vt 0.343750 0.500000
vt 0.312500 1.000000
vt 0.312500 0.500000
vt 0.281250 1.000000
vt 0.281250 0.500000
vt 0.250000 1.000000
vt 0.250000 0.500000
vt 0.218750 1.000000
vt 0.218750 0.500000
vt 0.187500 1.000000
vt 0.187500 0.500000
vt 0.156250 1.000000
vt 0.156250 0.500000
vt 0.125000 1.000000
vt 0.125000 0.500000
vt 0.093750 1.000000
vt 0.093750 0.500000
vt 0.062500 1.000000
vt 0.062500 0.500000
vt 0.296822 0.485388
vt 0.250000 0.490000
vt 0.203178 0.485388
vt 0.158156 0.471731
vt 0.116663 0.449553
vt 0.080294 0.419706
vt 0.050447 0.383337
vt 0.028269 0.341844
vt 0.014612 0.296822
vt 0.010000 0.250000
vt 0.014612 0.203178
vt 0.028269 0.158156
vt 0.050447 0.116663
vt 0.080294 0.080294
vt 0.116663 0.050447
vt 0.158156 0.028269
vt 0.203178 0.014612
vt 0.250000 0.010000
vt 0.296822 0.014612
vt 0.341844 0.028269
vt 0.383337 0.050447
vt 0.419706 0.080294
vt 0.449553 0.116663
vt 0.471731 0.158156
vt 0.485388 0.203178
vt 0.490000 0.250000
vt 0.485388 0.296822
vt 0.471731 0.341844
vt 0.449553 0.383337
vt 0.419706 0.419706
vt 0.383337 0.449553
vt 0.341844 0.471731
vt 0.031250 1.000000
vt 0.031250 0.500000
vt 0.000000 1.000000
vt 0.000000 0.500000
vt 0.750000 0.490000
vt 0.796822 0.485388
vt 0.841844 0.471731
vt 0.883337 0.449553
vt 0.919706 0.419706
vt 0.949553 0.383337
vt 0.971731 0.341844
vt 0.985388 0.296822
vt 0.990000 0.250000
vt 0.985388 0.203178
vt 0.971731 0.158156
vt 0.949553 0.116663
vt 0.919706 0.080294
vt 0.883337 0.050447
vt 0.841844 0.028269
vt 0.796822 0.014612
vt 0.750000 0.010000
vt 0.703178 0.014612
vt 0.658156 0.028269
vt 0.616663 0.050447
vt 0.580294 0.080294
vt 0.550447 0.116663
vt 0.528269 0.158156
vt 0.514612 0.203178
vt 0.510000 0.250000
vt 0.514612 0.296822
vt 0.528269 0.341844
vt 0.550447 0.383337
vt 0.580294 0.419706
vt 0.616663 0.449553
vt 0.658156 0.471731
vt 0.703178 0.485388
s 0
usemtl Plastic
f 4029/5167/3736 4030/5168/3736 4032/5169/3736 4031/5170/3736
f 4031/5170/3737 4032/5169/3737 4034/5171/3737 4033/5172/3737
f 4033/5172/3738 4034/5171/3738 4036/5173/3738 4035/5174/3738
f 4035/5174/3739 4036/5173/3739 4038/5175/3739 4037/5176/3739
f 4037/5176/3740 4038/5175/3740 4040/5177/3740 4039/5178/3740
f 4039/5178/3741 4040/5177/3741 4042/5179/3741 4041/5180/3741
f 4041/5180/3742 4042/5179/3742 4044/5181/3742 4043/5182/3742
f 4043/5182/3743 4044/5181/3743 4046/5183/3743 4045/5184/3743
f 4045/5184/3744 4046/5183/3744 4048/5185/3744 4047/5186/3744
f 4047/5186/3745 4048/5185/3745 4050/5187/3745 4049/5188/3745
f 4049/5188/3746 4050/5187/3746 4052/5189/3746 4051/5190/3746
f 4051/5190/3747 4052/5189/3747 4054/5191/3747 4053/5192/3747
f 4053/5192/3748 4054/5191/3748 4056/5193/3748 4055/5194/3748
f 4055/5194/3749 4056/5193/3749 4058/5195/3749 4057/5196/3749
f 4057/5196/3750 4058/5195/3750 4060/5197/3750 4059/5198/3750
f 4059/5198/3751 4060/5197/3751 4062/5199/3751 4061/5200/3751
f 4061/5200/3752 4062/5199/3752 4064/5201/3752 4063/5202/3752
f 4063/5202/3753 4064/5201/3753 4066/5203/3753 4065/5204/3753
f 4065/5204/3754 4066/5203/3754 4068/5205/3754 4067/5206/3754
f 4067/5206/3755 4068/5205/3755 4070/5207/3755 4069/5208/3755
f 4069/5208/3756 4070/5207/3756 4072/5209/3756 4071/5210/3756
f 4071/5210/3757 4072/5209/3757 4074/5211/3757 4073/5212/3757
f 4073/5212/3758 4074/5211/3758 4076/5213/3758 4075/5214/3758
f 4075/5214/3759 4076/5213/3759 4078/5215/3759 4077/5216/3759
f 4077/5216/3760 4078/5215/3760 4080/5217/3760 4079/5218/3760
f 4079/5218/3761 4080/5217/3761 4082/5219/3761 4081/5220/3761
f 4081/5220/3762 4082/5219/3762 4084/5221/3762 4083/5222/3762
f 4083/5222/3763 4084/5221/3763 4086/5223/3763 4085/5224/3763
f 4085/5224/3764 4086/5223/3764 4088/5225/3764 4087/5226/3764
f 4087/5226/3765 4088/5225/3765 4090/5227/3765 4089/5228/3765
f 4032/5229/3766 4030/5230/3766 4092/5231/3766 4090/5232/3766 4088/5233/3766 4086/5234/3766 4084/5235/3766 4082/5236/3766 4080/5237/3766 4078/5238/3766 4076/5239/3766 4074/5240/3766 4072/5241/3766 4070/5242/3766 4068/5243/3766 4066/5244/3766 4064/5245/3766 4062/5246/3766 4060/5247/3766 4058/5248/3766 4056/5249/3766 4054/5250/3766 4052/5251/3766 4050/5252/3766 4048/5253/3766 4046/5254/3766 4044/5255/3766 4042/5256/3766 4040/5257/3766 4038/5258/3766 4036/5259/3766 4034/5260/3766
f 4089/5228/3767 4090/5227/3767 4092/5261/3767 4091/5262/3767
f 4091/5262/3768 4092/5261/3768 4030/5263/3768 4029/5264/3768
f 4029/5265/3769 4031/5266/3769 4033/5267/3769 4035/5268/3769 4037/5269/3769 4039/5270/3769 4041/5271/3769 4043/5272/3769 4045/5273/3769 4047/5274/3769 4049/5275/3769 4051/5276/3769 4053/5277/3769 4055/5278/3769 4057/5279/3769 4059/5280/3769 4061/5281/3769 4063/5282/3769 4065/5283/3769 4067/5284/3769 4069/5285/3769 4071/5286/3769 4073/5287/3769 4075/5288/3769 4077/5289/3769 4079/5290/3769 4081/5291/3769 4083/5292/3769 4085/5293/3769 4087/5294/3769 4089/5295/3769 4091/5296/3769
o 14_RearMicrophone
v -0.010800 -0.007950 -0.059300
v -0.010800 -0.005850 -0.059300
v -0.010702 -0.007950 -0.059290
v -0.010702 -0.005850 -0.059290
v -0.010609 -0.007950 -0.059262
v -0.010609 -0.005850 -0.059262
v -0.010522 -0.007950 -0.059216
v -0.010522 -0.005850 -0.059216
v -0.010446 -0.007950 -0.059154
v -0.010446 -0.005850 -0.059154
v -0.010384 -0.007950 -0.059078
v -0.010384 -0.005850 -0.059078
v -0.010338 -0.007950 -0.058991
v -0.010338 -0.005850 -0.058991
v -0.010310 -0.007950 -0.058898
v -0.010310 -0.005850 -0.058898
v -0.010300 -0.007950 -0.058800
v -0.010300 -0.005850 -0.058800
v -0.010310 -0.007950 -0.058702
v -0.010310 -0.005850 -0.058702
v -0.010338 -0.007950 -0.058609
v -0.010338 -0.005850 -0.058609
v -0.010384 -0.007950 -0.058522
v -0.010384 -0.005850 -0.058522
v -0.010446 -0.007950 -0.058446
v -0.010446 -0.005850 -0.058446
v -0.010522 -0.007950 -0.058384
v -0.010522 -0.005850 -0.058384
v -0.010609 -0.007950 -0.058338
v -0.010609 -0.005850 -0.058338
v -0.010702 -0.007950 -0.058310
v -0.010702 -0.005850 -0.058310
v -0.010800 -0.007950 -0.058300
v -0.010800 -0.005850 -0.058300
v -0.010898 -0.007950 -0.058310
v -0.010898 -0.005850 -0.058310
v -0.010991 -0.007950 -0.058338
v -0.010991 -0.005850 -0.058338
v -0.011078 -0.007950 -0.058384
v -0.011078 -0.005850 -0.058384
v -0.011154 -0.007950 -0.058446
v -0.011154 -0.005850 -0.058446
v -0.011216 -0.007950 -0.058522
v -0.011216 -0.005850 -0.058522
v -0.011262 -0.007950 -0.058609
v -0.011262 -0.005850 -0.058609
v -0.011290 -0.007950 -0.058702
v -0.011290 -0.005850 -0.058702
v -0.011300 -0.007950 -0.058800
v -0.011300 -0.005850 -0.058800
v -0.011290 -0.007950 -0.058898
v -0.011290 -0.005850 -0.058898
v -0.011262 -0.007950 -0.058991
v -0.011262 -0.005850 -0.058991
v -0.011216 -0.007950 -0.059078
v -0.011216 -0.005850 -0.059078
v -0.011154 -0.007950 -0.059154
v -0.011154 -0.005850 -0.059154
v -0.011078 -0.007950 -0.059216
v -0.011078 -0.005850 -0.059216
v -0.010991 -0.007950 -0.059262
v -0.010991 -0.005850 -0.059262
v -0.010898 -0.007950 -0.059290
v -0.010898 -0.005850 -0.059290
vn 0.0980 -0.0000 -0.9952
vn 0.2903 -0.0000 -0.9569
vn 0.4714 -0.0000 -0.8819
vn 0.6344 -0.0000 -0.7730
vn 0.7730 -0.0000 -0.6344
vn 0.8819 -0.0000 -0.4714
vn 0.9569 -0.0000 -0.2903
vn 0.9952 -0.0000 -0.0980
vn 0.9952 -0.0000 0.0980
vn 0.9569 -0.0000 0.2903
vn 0.8819 -0.0000 0.4714
vn 0.7730 -0.0000 0.6344
vn 0.6344 -0.0000 0.7730
vn 0.4714 -0.0000 0.8819
vn 0.2903 -0.0000 0.9569
vn 0.0980 -0.0000 0.9952
vn -0.0980 -0.0000 0.9952
vn -0.2903 -0.0000 0.9569
vn -0.4714 -0.0000 0.8819
vn -0.6344 -0.0000 0.7730
vn -0.7730 -0.0000 0.6344
vn -0.8819 -0.0000 0.4714
vn -0.9569 -0.0000 0.2903
vn -0.9952 -0.0000 0.0980
vn -0.9952 -0.0000 -0.0980
vn -0.9569 -0.0000 -0.2903
vn -0.8819 -0.0000 -0.4714
vn -0.7730 -0.0000 -0.6344
vn -0.6344 -0.0000 -0.7730
vn -0.4714 -0.0000 -0.8819
vn -0.0000 1.0000 -0.0000
vn -0.2903 -0.0000 -0.9569
vn -0.0980 -0.0000 -0.9952
vn -0.0000 -1.0000 -0.0000
vt 1.000000 0.500000
vt 1.000000 1.000000
vt 0.968750 1.000000
vt 0.968750 0.500000
vt 0.937500 1.000000
vt 0.937500 0.500000
vt 0.906250 1.000000
vt 0.906250 0.500000
vt 0.875000 1.000000
vt 0.875000 0.500000
vt 0.843750 1.000000
vt 0.843750 0.500000
vt 0.812500 1.000000
vt 0.812500 0.500000
vt 0.781250 1.000000
vt 0.781250 0.500000
vt 0.750000 1.000000
vt 0.750000 0.500000
vt 0.718750 1.000000
vt 0.718750 0.500000
vt 0.687500 1.000000
vt 0.687500 0.500000
vt 0.656250 1.000000
vt 0.656250 0.500000
vt 0.625000 1.000000
vt 0.625000 0.500000
vt 0.593750 1.000000
vt 0.593750 0.500000
vt 0.562500 1.000000
vt 0.562500 0.500000
vt 0.531250 1.000000
vt 0.531250 0.500000
vt 0.500000 1.000000
vt 0.500000 0.500000
vt 0.468750 1.000000
vt 0.468750 0.500000
vt 0.437500 1.000000
vt 0.437500 0.500000
vt 0.406250 1.000000
vt 0.406250 0.500000
vt 0.375000 1.000000
vt 0.375000 0.500000
vt 0.343750 1.000000
vt 0.343750 0.500000
vt 0.312500 1.000000
vt 0.312500 0.500000
vt 0.281250 1.000000
vt 0.281250 0.500000
vt 0.250000 1.000000
vt 0.250000 0.500000
vt 0.218750 1.000000
vt 0.218750 0.500000
vt 0.187500 1.000000
vt 0.187500 0.500000
vt 0.156250 1.000000
vt 0.156250 0.500000
vt 0.125000 1.000000
vt 0.125000 0.500000
vt 0.093750 1.000000
vt 0.093750 0.500000
vt 0.062500 1.000000
vt 0.062500 0.500000
vt 0.296822 0.485388
vt 0.250000 0.490000
vt 0.203178 0.485388
vt 0.158156 0.471731
vt 0.116663 0.449553
vt 0.080294 0.419706
vt 0.050447 0.383337
vt 0.028269 0.341844
vt 0.014612 0.296822
vt 0.010000 0.250000
vt 0.014612 0.203178
vt 0.028269 0.158156
vt 0.050447 0.116663
vt 0.080294 0.080294
vt 0.116663 0.050447
vt 0.158156 0.028269
vt 0.203178 0.014612
vt 0.250000 0.010000
vt 0.296822 0.014612
vt 0.341844 0.028269
vt 0.383337 0.050447
vt 0.419706 0.080294
vt 0.449553 0.116663
vt 0.471731 0.158156
vt 0.485388 0.203178
vt 0.490000 0.250000
vt 0.485388 0.296822
vt 0.471731 0.341844
vt 0.449553 0.383337
vt 0.419706 0.419706
vt 0.383337 0.449553
vt 0.341844 0.471731
vt 0.031250 1.000000
vt 0.031250 0.500000
vt 0.000000 1.000000
vt 0.000000 0.500000
vt 0.750000 0.490000
vt 0.796822 0.485388
vt 0.841844 0.471731
vt 0.883337 0.449553
vt 0.919706 0.419706
vt 0.949553 0.383337
vt 0.971731 0.341844
vt 0.985388 0.296822
vt 0.990000 0.250000
vt 0.985388 0.203178
vt 0.971731 0.158156
vt 0.949553 0.116663
vt 0.919706 0.080294
vt 0.883337 0.050447
vt 0.841844 0.028269
vt 0.796822 0.014612
vt 0.750000 0.010000
vt 0.703178 0.014612
vt 0.658156 0.028269
vt 0.616663 0.050447
vt 0.580294 0.080294
vt 0.550447 0.116663
vt 0.528269 0.158156
vt 0.514612 0.203178
vt 0.510000 0.250000
vt 0.514612 0.296822
vt 0.528269 0.341844
vt 0.550447 0.383337
vt 0.580294 0.419706
vt 0.616663 0.449553
vt 0.658156 0.471731
vt 0.703178 0.485388
s 0
usemtl MatteBlackTitanium
f 4093/5297/3770 4094/5298/3770 4096/5299/3770 4095/5300/3770
f 4095/5300/3771 4096/5299/3771 4098/5301/3771 4097/5302/3771
f 4097/5302/3772 4098/5301/3772 4100/5303/3772 4099/5304/3772
f 4099/5304/3773 4100/5303/3773 4102/5305/3773 4101/5306/3773
f 4101/5306/3774 4102/5305/3774 4104/5307/3774 4103/5308/3774
f 4103/5308/3775 4104/5307/3775 4106/5309/3775 4105/5310/3775
f 4105/5310/3776 4106/5309/3776 4108/5311/3776 4107/5312/3776
f 4107/5312/3777 4108/5311/3777 4110/5313/3777 4109/5314/3777
f 4109/5314/3778 4110/5313/3778 4112/5315/3778 4111/5316/3778
f 4111/5316/3779 4112/5315/3779 4114/5317/3779 4113/5318/3779
f 4113/5318/3780 4114/5317/3780 4116/5319/3780 4115/5320/3780
f 4115/5320/3781 4116/5319/3781 4118/5321/3781 4117/5322/3781
f 4117/5322/3782 4118/5321/3782 4120/5323/3782 4119/5324/3782
f 4119/5324/3783 4120/5323/3783 4122/5325/3783 4121/5326/3783
f 4121/5326/3784 4122/5325/3784 4124/5327/3784 4123/5328/3784
f 4123/5328/3785 4124/5327/3785 4126/5329/3785 4125/5330/3785
f 4125/5330/3786 4126/5329/3786 4128/5331/3786 4127/5332/3786
f 4127/5332/3787 4128/5331/3787 4130/5333/3787 4129/5334/3787
f 4129/5334/3788 4130/5333/3788 4132/5335/3788 4131/5336/3788
f 4131/5336/3789 4132/5335/3789 4134/5337/3789 4133/5338/3789
f 4133/5338/3790 4134/5337/3790 4136/5339/3790 4135/5340/3790
f 4135/5340/3791 4136/5339/3791 4138/5341/3791 4137/5342/3791
f 4137/5342/3792 4138/5341/3792 4140/5343/3792 4139/5344/3792
f 4139/5344/3793 4140/5343/3793 4142/5345/3793 4141/5346/3793
f 4141/5346/3794 4142/5345/3794 4144/5347/3794 4143/5348/3794
f 4143/5348/3795 4144/5347/3795 4146/5349/3795 4145/5350/3795
f 4145/5350/3796 4146/5349/3796 4148/5351/3796 4147/5352/3796
f 4147/5352/3797 4148/5351/3797 4150/5353/3797 4149/5354/3797
f 4149/5354/3798 4150/5353/3798 4152/5355/3798 4151/5356/3798
f 4151/5356/3799 4152/5355/3799 4154/5357/3799 4153/5358/3799
f 4096/5359/3800 4094/5360/3800 4156/5361/3800 4154/5362/3800 4152/5363/3800 4150/5364/3800 4148/5365/3800 4146/5366/3800 4144/5367/3800 4142/5368/3800 4140/5369/3800 4138/5370/3800 4136/5371/3800 4134/5372/3800 4132/5373/3800 4130/5374/3800 4128/5375/3800 4126/5376/3800 4124/5377/3800 4122/5378/3800 4120/5379/3800 4118/5380/3800 4116/5381/3800 4114/5382/3800 4112/5383/3800 4110/5384/3800 4108/5385/3800 4106/5386/3800 4104/5387/3800 4102/5388/3800 4100/5389/3800 4098/5390/3800
f 4153/5358/3801 4154/5357/3801 4156/5391/3801 4155/5392/3801
f 4155/5392/3802 4156/5391/3802 4094/5393/3802 4093/5394/3802
f 4093/5395/3803 4095/5396/3803 4097/5397/3803 4099/5398/3803 4101/5399/3803 4103/5400/3803 4105/5401/3803 4107/5402/3803 4109/5403/3803 4111/5404/3803 4113/5405/3803 4115/5406/3803 4117/5407/3803 4119/5408/3803 4121/5409/3803 4123/5410/3803 4125/5411/3803 4127/5412/3803 4129/5413/3803 4131/5414/3803 4133/5415/3803 4135/5416/3803 4137/5417/3803 4139/5418/3803 4141/5419/3803 4143/5420/3803 4145/5421/3803 4147/5422/3803 4149/5423/3803 4151/5424/3803 4153/5425/3803 4155/5426/3803
o 36_CreamSiliconeCase
v -0.037410 -0.004900 0.075410
v -0.037410 -0.004510 0.075800
v -0.037800 -0.004510 0.075410
v -0.037410 -0.004870 0.075559
v -0.037410 -0.004786 0.075686
v -0.037559 -0.004870 0.075410
v -0.037563 -0.004834 0.075563
v -0.037555 -0.004766 0.075666
v -0.037635 -0.004735 0.075635
v -0.037559 -0.004510 0.075770
v -0.037686 -0.004510 0.075686
v -0.037410 -0.004659 0.075770
v -0.037563 -0.004663 0.075734
v -0.037666 -0.004655 0.075666
v -0.037770 -0.004659 0.075410
v -0.037686 -0.004786 0.075410
v -0.037770 -0.004510 0.075559
v -0.037734 -0.004663 0.075563
v -0.037666 -0.004766 0.075555
v -0.037410 -0.001390 0.075800
v -0.037410 -0.001000 0.075410
v -0.037800 -0.001390 0.075410
v -0.037410 -0.001241 0.075770
v -0.037410 -0.001114 0.075686
v -0.037559 -0.001390 0.075770
v -0.037563 -0.001237 0.075734
v -0.037555 -0.001134 0.075666
v -0.037635 -0.001165 0.075635
v -0.037559 -0.001030 0.075410
v -0.037686 -0.001114 0.075410
v -0.037410 -0.001030 0.075559
v -0.037563 -0.001066 0.075563
v -0.037666 -0.001134 0.075555
v -0.037770 -0.001390 0.075559
v -0.037686 -0.001390 0.075686
v -0.037770 -0.001241 0.075410
v -0.037734 -0.001237 0.075563
v -0.037666 -0.001245 0.075666
v -0.037410 -0.004900 -0.075410
v -0.037800 -0.004510 -0.075410
v -0.037410 -0.004510 -0.075800
v -0.037559 -0.004870 -0.075410
v -0.037686 -0.004786 -0.075410
v -0.037410 -0.004870 -0.075559
v -0.037563 -0.004834 -0.075563
v -0.037666 -0.004766 -0.075555
v -0.037635 -0.004735 -0.075635
v -0.037770 -0.004510 -0.075559
v -0.037686 -0.004510 -0.075686
v -0.037770 -0.004659 -0.075410
v -0.037734 -0.004663 -0.075563
v -0.037666 -0.004655 -0.075666
v -0.037410 -0.004659 -0.075770
v -0.037410 -0.004786 -0.075686
v -0.037559 -0.004510 -0.075770
v -0.037563 -0.004663 -0.075734
v -0.037555 -0.004766 -0.075666
v -0.037410 -0.001000 -0.075410
v -0.037410 -0.001390 -0.075800
v -0.037800 -0.001390 -0.075410
v -0.037410 -0.001030 -0.075559
v -0.037410 -0.001114 -0.075686
v -0.037559 -0.001030 -0.075410
v -0.037563 -0.001066 -0.075563
v -0.037555 -0.001134 -0.075666
v -0.037635 -0.001165 -0.075635
v -0.037559 -0.001390 -0.075770
v -0.037686 -0.001390 -0.075686
v -0.037410 -0.001241 -0.075770
v -0.037563 -0.001237 -0.075734
v -0.037666 -0.001245 -0.075666
v -0.037770 -0.001241 -0.075410
v -0.037686 -0.001114 -0.075410
v -0.037770 -0.001390 -0.075559
v -0.037734 -0.001237 -0.075563
v -0.037666 -0.001134 -0.075555
v 0.037410 -0.004900 0.075410
v 0.037800 -0.004510 0.075410
v 0.037410 -0.004510 0.075800
v 0.037559 -0.004870 0.075410
v 0.037686 -0.004786 0.075410
v 0.037410 -0.004870 0.075559
v 0.037563 -0.004834 0.075563
v 0.037666 -0.004766 0.075555
v 0.037635 -0.004735 0.075635
v 0.037770 -0.004510 0.075559
v 0.037686 -0.004510 0.075686
v 0.037770 -0.004659 0.075410
v 0.037734 -0.004663 0.075563
v 0.037666 -0.004655 0.075666
v 0.037410 -0.004659 0.075770
v 0.037410 -0.004786 0.075686
v 0.037559 -0.004510 0.075770
v 0.037563 -0.004663 0.075734
v 0.037555 -0.004766 0.075666
v 0.037410 -0.001000 0.075410
v 0.037410 -0.001390 0.075800
v 0.037800 -0.001390 0.075410
v 0.037410 -0.001030 0.075559
v 0.037410 -0.001114 0.075686
v 0.037559 -0.001030 0.075410
v 0.037563 -0.001066 0.075563
v 0.037555 -0.001134 0.075666
v 0.037635 -0.001165 0.075635
v 0.037559 -0.001390 0.075770
v 0.037686 -0.001390 0.075686
v 0.037410 -0.001241 0.075770
v 0.037563 -0.001237 0.075734
v 0.037666 -0.001245 0.075666
v 0.037770 -0.001241 0.075410
v 0.037686 -0.001114 0.075410
v 0.037770 -0.001390 0.075559
v 0.037734 -0.001237 0.075563
v 0.037666 -0.001134 0.075555
v 0.037410 -0.004900 -0.075410
v 0.037410 -0.004510 -0.075800
v 0.037800 -0.004510 -0.075410
v 0.037410 -0.004870 -0.075559
v 0.037410 -0.004786 -0.075686
v 0.037559 -0.004870 -0.075410
v 0.037563 -0.004834 -0.075563
v 0.037555 -0.004766 -0.075666
v 0.037635 -0.004735 -0.075635
v 0.037559 -0.004510 -0.075770
v 0.037686 -0.004510 -0.075686
v 0.037410 -0.004659 -0.075770
v 0.037563 -0.004663 -0.075734
v 0.037666 -0.004655 -0.075666
v 0.037770 -0.004659 -0.075410
v 0.037686 -0.004786 -0.075410
v 0.037770 -0.004510 -0.075559
v 0.037734 -0.004663 -0.075563
v 0.037666 -0.004766 -0.075555
v 0.037410 -0.001000 -0.075410
v 0.037800 -0.001390 -0.075410
v 0.037410 -0.001390 -0.075800
v 0.037559 -0.001030 -0.075410
v 0.037686 -0.001114 -0.075410
v 0.037410 -0.001030 -0.075559
v 0.037563 -0.001066 -0.075563
v 0.037666 -0.001134 -0.075555
v 0.037635 -0.001165 -0.075635
v 0.037770 -0.001390 -0.075559
v 0.037686 -0.001390 -0.075686
v 0.037770 -0.001241 -0.075410
v 0.037734 -0.001237 -0.075563
v 0.037666 -0.001245 -0.075666
v 0.037410 -0.001241 -0.075770
v 0.037410 -0.001114 -0.075686
v 0.037559 -0.001390 -0.075770
v 0.037563 -0.001237 -0.075734
v 0.037555 -0.001134 -0.075666
vn -0.2049 -0.9571 0.2049
vn -0.1818 -0.8152 0.5500
vn -0.5499 -0.8152 0.1818
vn -0.4931 -0.7167 0.4931
vn -0.2049 -0.2049 0.9571
vn -0.5499 -0.1818 0.8152
vn -0.1818 -0.5499 0.8152
vn -0.4931 -0.4932 0.7167
vn -0.9571 -0.2049 0.2050
vn -0.8152 -0.5499 0.1818
vn -0.8152 -0.1818 0.5499
vn -0.7167 -0.4931 0.4931
vn -0.2049 0.2049 0.9571
vn -0.1818 0.5499 0.8152
vn -0.5499 0.1818 0.8152
vn -0.4931 0.4931 0.7167
vn -0.2049 0.9571 0.2049
vn -0.5499 0.8152 0.1818
vn -0.1818 0.8152 0.5500
vn -0.4931 0.7167 0.4931
vn -0.9571 0.2049 0.2050
vn -0.8152 0.1818 0.5499
vn -0.8152 0.5499 0.1818
vn -0.7167 0.4931 0.4931
vn -0.2049 -0.9571 -0.2049
vn -0.5500 -0.8152 -0.1818
vn -0.1818 -0.8152 -0.5500
vn -0.4931 -0.7167 -0.4931
vn -0.9571 -0.2049 -0.2050
vn -0.8152 -0.1818 -0.5499
vn -0.8152 -0.5499 -0.1818
vn -0.7167 -0.4931 -0.4931
vn -0.2049 -0.2050 -0.9571
vn -0.1818 -0.5499 -0.8152
vn -0.5499 -0.1818 -0.8152
vn -0.4931 -0.4931 -0.7167
vn -0.2049 0.9571 -0.2049
vn -0.1818 0.8152 -0.5500
vn -0.5499 0.8152 -0.1818
vn -0.4931 0.7167 -0.4931
vn -0.2049 0.2049 -0.9571
vn -0.5499 0.1818 -0.8152
vn -0.1818 0.5499 -0.8152
vn -0.4931 0.4932 -0.7167
vn -0.9571 0.2049 -0.2050
vn -0.8152 0.5499 -0.1818
vn -0.8152 0.1818 -0.5499
vn -0.7167 0.4931 -0.4931
vn 0.2049 -0.9571 0.2049
vn 0.5500 -0.8152 0.1818
vn 0.1818 -0.8152 0.5500
vn 0.4931 -0.7167 0.4931
vn 0.9571 -0.2049 0.2050
vn 0.8152 -0.1818 0.5499
vn 0.8152 -0.5499 0.1818
vn 0.7167 -0.4931 0.4931
vn 0.2049 -0.2050 0.9571
vn 0.1818 -0.5499 0.8152
vn 0.5499 -0.1818 0.8152
vn 0.4931 -0.4931 0.7167
vn 0.2049 0.9571 0.2049
vn 0.1818 0.8152 0.5500
vn 0.5499 0.8152 0.1818
vn 0.4931 0.7167 0.4931
vn 0.2049 0.2049 0.9571
vn 0.5499 0.1818 0.8152
vn 0.1818 0.5499 0.8152
vn 0.4931 0.4932 0.7167
vn 0.9571 0.2049 0.2050
vn 0.8152 0.5499 0.1818
vn 0.8152 0.1818 0.5499
vn 0.7167 0.4931 0.4931
vn 0.2049 -0.9571 -0.2049
vn 0.1818 -0.8152 -0.5500
vn 0.5499 -0.8152 -0.1818
vn 0.4931 -0.7167 -0.4931
vn 0.2049 -0.2049 -0.9571
vn 0.5499 -0.1818 -0.8152
vn 0.1818 -0.5499 -0.8152
vn 0.4931 -0.4932 -0.7167
vn 0.9571 -0.2049 -0.2050
vn 0.8152 -0.5499 -0.1818
vn 0.8152 -0.1818 -0.5499
vn 0.7167 -0.4931 -0.4931
vn 0.2049 0.9571 -0.2049
vn 0.5500 0.8152 -0.1818
vn 0.1818 0.8152 -0.5500
vn 0.4931 0.7167 -0.4931
vn 0.9571 0.2049 -0.2050
vn 0.8152 0.1818 -0.5499
vn 0.8152 0.5499 -0.1818
vn 0.7167 0.4931 -0.4931
vn 0.2049 0.2050 -0.9571
vn 0.1818 0.5499 -0.8152
vn 0.5499 0.1818 -0.8152
vn 0.4931 0.4931 -0.7167
vn -0.1951 -0.9808 -0.0000
vn -0.5556 -0.8315 -0.0000
vn -0.8315 -0.5556 -0.0000
vn -0.9808 -0.1951 -0.0000
vn -0.1951 -0.0000 0.9808
vn -0.5555 -0.0000 0.8315
vn -0.8315 -0.0000 0.5556
vn -0.9808 -0.0000 0.1951
vn -0.1951 0.9808 -0.0000
vn -0.5556 0.8315 -0.0000
vn -0.8315 0.5556 -0.0000
vn -0.9808 0.1951 -0.0000
vn -0.1951 -0.0000 -0.9808
vn -0.5555 -0.0000 -0.8315
vn -0.8315 -0.0000 -0.5556
vn -0.9808 -0.0000 -0.1951
vn -0.0000 -0.9808 -0.1951
vn -0.0000 -0.8315 -0.5556
vn -0.0000 -0.5556 -0.8315
vn -0.0000 -0.1951 -0.9808
vn -0.0000 0.9808 -0.1951
vn -0.0000 0.8315 -0.5556
vn -0.0000 0.5556 -0.8315
vn -0.0000 0.1951 -0.9808
vn 0.9808 -0.0000 -0.1951
vn 0.8315 -0.0000 -0.5556
vn 0.5555 -0.0000 -0.8315
vn 0.1951 -0.0000 -0.9808
vn 0.1951 -0.9808 -0.0000
vn 0.5556 -0.8315 -0.0000
vn 0.8315 -0.5556 -0.0000
vn 0.9808 -0.1951 -0.0000
vn 0.1951 0.9808 -0.0000
vn 0.5556 0.8315 -0.0000
vn 0.8315 0.5556 -0.0000
vn 0.9808 0.1951 -0.0000
vn 0.1951 -0.0000 0.9808
vn 0.5555 -0.0000 0.8315
vn 0.8315 -0.0000 0.5556
vn 0.9808 -0.0000 0.1951
vn -0.0000 -0.9808 0.1951
vn -0.0000 -0.8315 0.5556
vn -0.0000 -0.5556 0.8315
vn -0.0000 -0.1951 0.9808
vn -0.0000 0.9808 0.1951
vn -0.0000 0.8315 0.5556
vn -0.0000 0.5556 0.8315
vn -0.0000 0.1951 0.9808
vn -0.0000 -1.0000 -0.0000
vn -1.0000 -0.0000 -0.0000
vn -0.0000 -0.0000 1.0000
vn -0.0000 1.0000 -0.0000
vn -0.0000 -0.0000 -1.0000
vn 1.0000 -0.0000 -0.0000
vt 0.126290 0.749357
vt 0.126290 0.749603
vt 0.125784 0.749609
vt 0.125796 0.749357
vt 0.126290 0.750000
vt 0.125809 0.750000
vt 0.125000 0.749596
vt 0.125000 0.749357
vt 0.125545 0.750000
vt 0.400000 0.998710
vt 0.400000 0.999204
vt 0.390193 0.999216
vt 0.390433 0.998710
vt 0.400000 1.000000
vt 0.390691 1.000000
vt 0.375000 0.999191
vt 0.375000 0.998710
vt 0.385566 1.000000
vt 0.400000 0.000643
vt 0.390433 0.000643
vt 0.390193 0.000391
vt 0.400000 0.000397
vt 0.375000 0.000643
vt 0.375000 0.000404
vt 0.390691 0.000000
vt 0.400000 0.000000
vt 0.375000 0.000272
vt 0.600000 0.998710
vt 0.609567 0.998710
vt 0.609807 0.999216
vt 0.600000 0.999204
vt 0.625000 0.998710
vt 0.625000 0.999191
vt 0.609309 1.000000
vt 0.600000 1.000000
vt 0.625000 0.999455
vt 0.873710 0.749357
vt 0.874204 0.749357
vt 0.874216 0.749609
vt 0.873710 0.749603
vt 0.875000 0.749357
vt 0.875000 0.749596
vt 0.874190 0.750000
vt 0.873710 0.750000
vt 0.875000 0.749728
vt 0.600000 0.000643
vt 0.600000 0.000397
vt 0.609807 0.000391
vt 0.609567 0.000643
vt 0.600000 0.000000
vt 0.609309 0.000000
vt 0.625000 0.000404
vt 0.625000 0.000643
vt 0.614434 0.000000
vt 0.126290 0.500643
vt 0.125796 0.500643
vt 0.125784 0.500391
vt 0.126290 0.500397
vt 0.125000 0.500643
vt 0.125000 0.500404
vt 0.125809 0.500000
vt 0.126290 0.500000
vt 0.125000 0.500272
vt 0.400000 0.249357
vt 0.400000 0.249603
vt 0.390193 0.249609
vt 0.390433 0.249357
vt 0.400000 0.250000
vt 0.390691 0.250000
vt 0.375000 0.249596
vt 0.375000 0.249357
vt 0.380283 0.250273
vt 0.400000 0.251290
vt 0.390433 0.251290
vt 0.390193 0.250784
vt 0.400000 0.250796
vt 0.375000 0.251290
vt 0.375000 0.250809
vt 0.873710 0.500643
vt 0.873710 0.500397
vt 0.874216 0.500391
vt 0.874204 0.500643
vt 0.873710 0.500000
vt 0.874191 0.500000
vt 0.875000 0.500404
vt 0.875000 0.500643
vt 0.874455 0.500000
vt 0.600000 0.251290
vt 0.600000 0.250796
vt 0.609807 0.250784
vt 0.609567 0.251290
vt 0.600000 0.250000
vt 0.609309 0.250000
vt 0.625000 0.250809
vt 0.625000 0.251290
vt 0.619717 0.249864
vt 0.600000 0.249357
vt 0.609567 0.249357
vt 0.609807 0.249609
vt 0.600000 0.249603
vt 0.625000 0.249357
vt 0.625000 0.249596
vt 0.373710 0.749357
vt 0.374204 0.749357
vt 0.374216 0.749609
vt 0.373710 0.749603
vt 0.375000 0.749357
vt 0.375000 0.749596
vt 0.374595 0.750405
vt 0.374355 0.750645
vt 0.378522 0.750091
vt 0.400000 0.749357
vt 0.400000 0.749603
vt 0.390193 0.749609
vt 0.390433 0.749357
vt 0.400000 0.750000
vt 0.390691 0.750000
vt 0.400000 0.751290
vt 0.390433 0.751290
vt 0.390193 0.750784
vt 0.400000 0.750796
vt 0.626290 0.749357
vt 0.626290 0.749603
vt 0.625784 0.749609
vt 0.625796 0.749357
vt 0.625645 0.750645
vt 0.625405 0.750405
vt 0.625000 0.749596
vt 0.625000 0.749357
vt 0.621660 0.749909
vt 0.600000 0.751290
vt 0.600000 0.750796
vt 0.609807 0.750784
vt 0.609567 0.751290
vt 0.600000 0.750000
vt 0.609309 0.750000
vt 0.600000 0.749357
vt 0.609567 0.749357
vt 0.609807 0.749609
vt 0.600000 0.749603
vt 0.373710 0.500643
vt 0.373710 0.500397
vt 0.374216 0.500391
vt 0.374204 0.500643
vt 0.374355 0.499355
vt 0.374595 0.499595
vt 0.375000 0.500404
vt 0.375000 0.500643
vt 0.378340 0.500091
vt 0.400000 0.498710
vt 0.400000 0.499204
vt 0.390193 0.499216
vt 0.390433 0.498710
vt 0.400000 0.500000
vt 0.390691 0.500000
vt 0.400000 0.500643
vt 0.390433 0.500643
vt 0.390193 0.500391
vt 0.400000 0.500397
vt 0.626290 0.500643
vt 0.625796 0.500643
vt 0.625784 0.500391
vt 0.626290 0.500397
vt 0.625000 0.500643
vt 0.625000 0.500404
vt 0.625405 0.499595
vt 0.625645 0.499355
vt 0.621478 0.499909
vt 0.600000 0.500643
vt 0.600000 0.500397
vt 0.609807 0.500391
vt 0.609567 0.500643
vt 0.600000 0.500000
vt 0.609309 0.500000
vt 0.600000 0.498710
vt 0.609567 0.498710
vt 0.609807 0.499216
vt 0.600000 0.499204
s 0
usemtl SiliconeCreamGlass
f 4157/5427/3804 4160/5428/3804 4163/5429/3804 4162/5430/3804
f 4160/5428/3805 4161/5431/3805 4164/5432/3805 4163/5429/3805
f 4162/5430/3806 4163/5429/3806 4175/5433/3806 4172/5434/3806
f 4163/5429/3807 4164/5432/3807 4165/5435/3807 4175/5433/3807
f 4158/5436/3808 4166/5437/3808 4169/5438/3808 4168/5439/3808
f 4166/5437/3809 4167/5440/3809 4170/5441/3809 4169/5438/3809
f 4168/5439/3810 4169/5438/3810 4164/5442/3810 4161/5443/3810
f 4169/5438/3811 4170/5441/3811 4165/5444/3811 4164/5442/3811
f 4159/5445/3812 4171/5446/3812 4174/5447/3812 4173/5448/3812
f 4171/5446/3813 4172/5449/3813 4175/5450/3813 4174/5447/3813
f 4173/5448/3814 4174/5447/3814 4170/5451/3814 4167/5452/3814
f 4174/5447/3815 4175/5450/3815 4165/5453/3815 4170/5451/3815
f 4176/5454/3816 4179/5455/3816 4182/5456/3816 4181/5457/3816
f 4179/5455/3817 4180/5458/3817 4183/5459/3817 4182/5456/3817
f 4181/5457/3818 4182/5456/3818 4194/5460/3818 4191/5461/3818
f 4182/5456/3819 4183/5459/3819 4184/5462/3819 4194/5460/3819
f 4177/5463/3820 4185/5464/3820 4188/5465/3820 4187/5466/3820
f 4185/5464/3821 4186/5467/3821 4189/5468/3821 4188/5465/3821
f 4187/5466/3822 4188/5465/3822 4183/5469/3822 4180/5470/3822
f 4188/5465/3823 4189/5468/3823 4184/5471/3823 4183/5469/3823
f 4178/5472/3824 4190/5473/3824 4193/5474/3824 4192/5475/3824
f 4190/5473/3825 4191/5476/3825 4194/5477/3825 4193/5474/3825
f 4192/5475/3826 4193/5474/3826 4189/5478/3826 4186/5479/3826
f 4193/5474/3827 4194/5477/3827 4184/5480/3827 4189/5478/3827
f 4195/5481/3828 4198/5482/3828 4201/5483/3828 4200/5484/3828
f 4198/5482/3829 4199/5485/3829 4202/5486/3829 4201/5483/3829
f 4200/5484/3830 4201/5483/3830 4213/5487/3830 4210/5488/3830
f 4201/5483/3831 4202/5486/3831 4203/5489/3831 4213/5487/3831
f 4196/5490/3832 4204/5491/3832 4207/5492/3832 4206/5493/3832
f 4204/5491/3833 4205/5494/3833 4208/5495/3833 4207/5492/3833
f 4206/5493/3834 4207/5492/3834 4202/5496/3834 4199/5497/3834
f 4207/5492/3835 4208/5495/3835 4203/5498/3835 4202/5496/3835
f 4197/5499/3836 4209/5500/3836 4212/5501/3836 4211/5502/3836
f 4209/5500/3837 4210/5503/3837 4213/5504/3837 4212/5501/3837
f 4211/5502/3838 4212/5501/3838 4208/5495/3838 4205/5494/3838
f 4212/5501/3839 4213/5504/3839 4203/5498/3839 4208/5495/3839
f 4214/5505/3840 4217/5506/3840 4220/5507/3840 4219/5508/3840
f 4217/5506/3841 4218/5509/3841 4221/5510/3841 4220/5507/3841
f 4219/5508/3842 4220/5507/3842 4232/5511/3842 4229/5512/3842
f 4220/5507/3843 4221/5510/3843 4222/5513/3843 4232/5511/3843
f 4215/5514/3844 4223/5515/3844 4226/5516/3844 4225/5517/3844
f 4223/5515/3845 4224/5518/3845 4227/5519/3845 4226/5516/3845
f 4225/5517/3846 4226/5516/3846 4221/5520/3846 4218/5521/3846
f 4226/5516/3847 4227/5519/3847 4222/5522/3847 4221/5520/3847
f 4216/5523/3848 4228/5524/3848 4231/5525/3848 4230/5526/3848
f 4228/5524/3849 4229/5527/3849 4232/5528/3849 4231/5525/3849
f 4230/5526/3850 4231/5525/3850 4227/5519/3850 4224/5518/3850
f 4231/5525/3851 4232/5528/3851 4222/5522/3851 4227/5519/3851
f 4233/5529/3852 4236/5530/3852 4239/5531/3852 4238/5532/3852
f 4236/5530/3853 4237/5533/3853 4240/5534/3853 4239/5531/3853
f 4238/5532/3854 4239/5531/3854 4251/5535/3854 4248/5536/3854
f 4239/5531/3855 4240/5534/3855 4241/5537/3855 4251/5535/3855
f 4234/5538/3856 4242/5539/3856 4245/5540/3856 4244/5541/3856
f 4242/5539/3857 4243/5542/3857 4246/5543/3857 4245/5540/3857
f 4244/5541/3858 4245/5540/3858 4240/5534/3858 4237/5533/3858
f 4245/5540/3859 4246/5543/3859 4241/5537/3859 4240/5534/3859
f 4235/5544/3860 4247/5545/3860 4250/5546/3860 4249/5547/3860
f 4247/5545/3861 4248/5536/3861 4251/5535/3861 4250/5546/3861
f 4249/5547/3862 4250/5546/3862 4246/5543/3862 4243/5542/3862
f 4250/5546/3863 4251/5535/3863 4241/5537/3863 4246/5543/3863
f 4252/5548/3864 4255/5549/3864 4258/5550/3864 4257/5551/3864
f 4255/5549/3865 4256/5552/3865 4259/5553/3865 4258/5550/3865
f 4257/5551/3866 4258/5550/3866 4270/5554/3866 4267/5555/3866
f 4258/5550/3867 4259/5553/3867 4260/5556/3867 4270/5554/3867
f 4253/5557/3868 4261/5558/3868 4264/5559/3868 4263/5560/3868
f 4261/5558/3869 4262/5561/3869 4265/5562/3869 4264/5559/3869
f 4263/5560/3870 4264/5559/3870 4259/5553/3870 4256/5552/3870
f 4264/5559/3871 4265/5562/3871 4260/5556/3871 4259/5553/3871
f 4254/5563/3872 4266/5564/3872 4269/5565/3872 4268/5566/3872
f 4266/5564/3873 4267/5555/3873 4270/5554/3873 4269/5565/3873
f 4268/5566/3874 4269/5565/3874 4265/5562/3874 4262/5561/3874
f 4269/5565/3875 4270/5554/3875 4260/5556/3875 4265/5562/3875
f 4271/5567/3876 4274/5568/3876 4277/5569/3876 4276/5570/3876
f 4274/5568/3877 4275/5571/3877 4278/5572/3877 4277/5569/3877
f 4276/5570/3878 4277/5569/3878 4289/5573/3878 4286/5574/3878
f 4277/5569/3879 4278/5572/3879 4279/5575/3879 4289/5573/3879
f 4272/5576/3880 4280/5577/3880 4283/5578/3880 4282/5579/3880
f 4280/5577/3881 4281/5580/3881 4284/5581/3881 4283/5578/3881
f 4282/5579/3882 4283/5578/3882 4278/5572/3882 4275/5571/3882
f 4283/5578/3883 4284/5581/3883 4279/5575/3883 4278/5572/3883
f 4273/5582/3884 4285/5583/3884 4288/5584/3884 4287/5585/3884
f 4285/5583/3885 4286/5574/3885 4289/5573/3885 4288/5584/3885
f 4287/5585/3886 4288/5584/3886 4284/5581/3886 4281/5580/3886
f 4288/5584/3887 4289/5573/3887 4279/5575/3887 4284/5581/3887
f 4290/5586/3888 4293/5587/3888 4296/5588/3888 4295/5589/3888
f 4293/5587/3889 4294/5590/3889 4297/5591/3889 4296/5588/3889
f 4295/5589/3890 4296/5588/3890 4308/5592/3890 4305/5593/3890
f 4296/5588/3891 4297/5591/3891 4298/5594/3891 4308/5592/3891
f 4291/5595/3892 4299/5596/3892 4302/5597/3892 4301/5598/3892
f 4299/5596/3893 4300/5599/3893 4303/5600/3893 4302/5597/3893
f 4301/5598/3894 4302/5597/3894 4297/5591/3894 4294/5590/3894
f 4302/5597/3895 4303/5600/3895 4298/5594/3895 4297/5591/3895
f 4292/5601/3896 4304/5602/3896 4307/5603/3896 4306/5604/3896
f 4304/5602/3897 4305/5593/3897 4308/5592/3897 4307/5603/3897
f 4306/5604/3898 4307/5603/3898 4303/5600/3898 4300/5599/3898
f 4307/5603/3899 4308/5592/3899 4298/5594/3899 4303/5600/3899
f 4195/5481/3900 4157/5427/3900 4162/5430/3900 4198/5482/3900
f 4198/5482/3901 4162/5430/3901 4172/5434/3901 4199/5485/3901
f 4199/5497/3902 4172/5449/3902 4171/5446/3902 4206/5493/3902
f 4206/5493/3903 4171/5446/3903 4159/5445/3903 4196/5490/3903
f 4158/5436/3904 4176/5454/3904 4181/5457/3904 4166/5437/3904
f 4166/5437/3905 4181/5457/3905 4191/5461/3905 4167/5440/3905
f 4167/5452/3906 4191/5476/3906 4190/5473/3906 4173/5448/3906
f 4173/5448/3907 4190/5473/3907 4178/5472/3907 4159/5445/3907
f 4177/5463/3908 4214/5505/3908 4219/5508/3908 4185/5464/3908
f 4185/5464/3909 4219/5508/3909 4229/5512/3909 4186/5467/3909
f 4186/5479/3910 4229/5527/3910 4228/5524/3910 4192/5475/3910
f 4192/5475/3911 4228/5524/3911 4216/5523/3911 4178/5472/3911
f 4215/5514/3912 4197/5499/3912 4211/5502/3912 4223/5515/3912
f 4223/5515/3913 4211/5502/3913 4205/5494/3913 4224/5518/3913
f 4224/5518/3914 4205/5494/3914 4204/5491/3914 4230/5526/3914
f 4230/5526/3915 4204/5491/3915 4196/5490/3915 4216/5523/3915
f 4271/5567/3916 4195/5481/3916 4200/5484/3916 4274/5568/3916
f 4274/5568/3917 4200/5484/3917 4210/5488/3917 4275/5571/3917
f 4275/5571/3918 4210/5503/3918 4209/5500/3918 4282/5579/3918
f 4282/5579/3919 4209/5500/3919 4197/5499/3919 4272/5576/3919
f 4214/5505/3920 4290/5586/3920 4295/5589/3920 4217/5506/3920
f 4217/5506/3921 4295/5589/3921 4305/5593/3921 4218/5509/3921
f 4218/5521/3922 4305/5593/3922 4304/5602/3922 4225/5517/3922
f 4225/5517/3923 4304/5602/3923 4292/5601/3923 4215/5514/3923
f 4291/5595/3924 4273/5582/3924 4287/5585/3924 4299/5596/3924
f 4299/5596/3925 4287/5585/3925 4281/5580/3925 4300/5599/3925
f 4300/5599/3926 4281/5580/3926 4280/5577/3926 4306/5604/3926
f 4306/5604/3927 4280/5577/3927 4272/5576/3927 4292/5601/3927
f 4233/5529/3928 4271/5567/3928 4276/5570/3928 4236/5530/3928
f 4236/5530/3929 4276/5570/3929 4286/5574/3929 4237/5533/3929
f 4237/5533/3930 4286/5574/3930 4285/5583/3930 4244/5541/3930
f 4244/5541/3931 4285/5583/3931 4273/5582/3931 4234/5538/3931
f 4290/5586/3932 4252/5548/3932 4257/5551/3932 4293/5587/3932
f 4293/5587/3933 4257/5551/3933 4267/5555/3933 4294/5590/3933
f 4294/5590/3934 4267/5555/3934 4266/5564/3934 4301/5598/3934
f 4301/5598/3935 4266/5564/3935 4254/5563/3935 4291/5595/3935
f 4253/5557/3936 4235/5544/3936 4249/5547/3936 4261/5558/3936
f 4261/5558/3937 4249/5547/3937 4243/5542/3937 4262/5561/3937
f 4262/5561/3938 4243/5542/3938 4242/5539/3938 4268/5566/3938
f 4268/5566/3939 4242/5539/3939 4234/5538/3939 4254/5563/3939
f 4157/5427/3940 4233/5529/3940 4238/5532/3940 4160/5428/3940
f 4160/5428/3941 4238/5532/3941 4248/5536/3941 4161/5431/3941
f 4161/5443/3942 4248/5536/3942 4247/5545/3942 4168/5439/3942
f 4168/5439/3943 4247/5545/3943 4235/5544/3943 4158/5436/3943
f 4252/5548/3944 4177/5463/3944 4187/5466/3944 4255/5549/3944
f 4255/5549/3945 4187/5466/3945 4180/5470/3945 4256/5552/3945
f 4256/5552/3946 4180/5458/3946 4179/5455/3946 4263/5560/3946
f 4263/5560/3947 4179/5455/3947 4176/5454/3947 4253/5557/3947
f 4195/5481/3948 4271/5567/3948 4233/5529/3948 4157/5427/3948
f 4159/5445/3949 4178/5472/3949 4216/5523/3949 4196/5490/3949
f 4235/5544/3950 4253/5557/3950 4176/5454/3950 4158/5436/3950
f 4290/5586/3951 4214/5505/3951 4177/5463/3951 4252/5548/3951
f 4197/5499/3952 4215/5514/3952 4292/5601/3952 4272/5576/3952
f 4273/5582/3953 4291/5595/3953 4254/5563/3953 4234/5538/3953
o 37_CaseInnerMicrofiberLining
v -0.036700 -0.004400 0.074700
v -0.036700 -0.004300 0.074800
v -0.036800 -0.004300 0.074700
v -0.036700 -0.004392 0.074738
v -0.036700 -0.004371 0.074771
v -0.036738 -0.004392 0.074700
v -0.036739 -0.004383 0.074739
v -0.036737 -0.004366 0.074766
v -0.036758 -0.004358 0.074758
v -0.036738 -0.004300 0.074792
v -0.036771 -0.004300 0.074771
v -0.036700 -0.004338 0.074792
v -0.036739 -0.004339 0.074783
v -0.036766 -0.004337 0.074766
v -0.036792 -0.004338 0.074700
v -0.036771 -0.004371 0.074700
v -0.036792 -0.004300 0.074738
v -0.036783 -0.004339 0.074739
v -0.036766 -0.004366 0.074737
v -0.036700 -0.003500 0.074800
v -0.036700 -0.003400 0.074700
v -0.036800 -0.003500 0.074700
v -0.036700 -0.003462 0.074792
v -0.036700 -0.003429 0.074771
v -0.036738 -0.003500 0.074792
v -0.036739 -0.003461 0.074783
v -0.036737 -0.003434 0.074766
v -0.036758 -0.003442 0.074758
v -0.036738 -0.003408 0.074700
v -0.036771 -0.003429 0.074700
v -0.036700 -0.003408 0.074738
v -0.036739 -0.003417 0.074739
v -0.036766 -0.003434 0.074737
v -0.036792 -0.003500 0.074738
v -0.036771 -0.003500 0.074771
v -0.036792 -0.003462 0.074700
v -0.036783 -0.003461 0.074739
v -0.036766 -0.003463 0.074766
v -0.036700 -0.004400 -0.074700
v -0.036800 -0.004300 -0.074700
v -0.036700 -0.004300 -0.074800
v -0.036738 -0.004392 -0.074700
v -0.036771 -0.004371 -0.074700
v -0.036700 -0.004392 -0.074738
v -0.036739 -0.004383 -0.074739
v -0.036766 -0.004366 -0.074737
v -0.036758 -0.004358 -0.074758
v -0.036792 -0.004300 -0.074738
v -0.036771 -0.004300 -0.074771
v -0.036792 -0.004338 -0.074700
v -0.036783 -0.004339 -0.074739
v -0.036766 -0.004337 -0.074766
v -0.036700 -0.004338 -0.074792
v -0.036700 -0.004371 -0.074771
v -0.036738 -0.004300 -0.074792
v -0.036739 -0.004339 -0.074783
v -0.036737 -0.004366 -0.074766
v -0.036700 -0.003400 -0.074700
v -0.036700 -0.003500 -0.074800
v -0.036800 -0.003500 -0.074700
v -0.036700 -0.003408 -0.074738
v -0.036700 -0.003429 -0.074771
v -0.036738 -0.003408 -0.074700
v -0.036739 -0.003417 -0.074739
v -0.036737 -0.003434 -0.074766
v -0.036758 -0.003442 -0.074758
v -0.036738 -0.003500 -0.074792
v -0.036771 -0.003500 -0.074771
v -0.036700 -0.003462 -0.074792
v -0.036739 -0.003461 -0.074783
v -0.036766 -0.003463 -0.074766
v -0.036792 -0.003462 -0.074700
v -0.036771 -0.003429 -0.074700
v -0.036792 -0.003500 -0.074738
v -0.036783 -0.003461 -0.074739
v -0.036766 -0.003434 -0.074737
v 0.036700 -0.004400 0.074700
v 0.036800 -0.004300 0.074700
v 0.036700 -0.004300 0.074800
v 0.036738 -0.004392 0.074700
v 0.036771 -0.004371 0.074700
v 0.036700 -0.004392 0.074738
v 0.036739 -0.004383 0.074739
v 0.036766 -0.004366 0.074737
v 0.036758 -0.004358 0.074758
v 0.036792 -0.004300 0.074738
v 0.036771 -0.004300 0.074771
v 0.036792 -0.004338 0.074700
v 0.036783 -0.004339 0.074739
v 0.036766 -0.004337 0.074766
v 0.036700 -0.004338 0.074792
v 0.036700 -0.004371 0.074771
v 0.036738 -0.004300 0.074792
v 0.036739 -0.004339 0.074783
v 0.036737 -0.004366 0.074766
v 0.036700 -0.003400 0.074700
v 0.036700 -0.003500 0.074800
v 0.036800 -0.003500 0.074700
v 0.036700 -0.003408 0.074738
v 0.036700 -0.003429 0.074771
v 0.036738 -0.003408 0.074700
v 0.036739 -0.003417 0.074739
v 0.036737 -0.003434 0.074766
v 0.036758 -0.003442 0.074758
v 0.036738 -0.003500 0.074792
v 0.036771 -0.003500 0.074771
v 0.036700 -0.003462 0.074792
v 0.036739 -0.003461 0.074783
v 0.036766 -0.003463 0.074766
v 0.036792 -0.003462 0.074700
v 0.036771 -0.003429 0.074700
v 0.036792 -0.003500 0.074738
v 0.036783 -0.003461 0.074739
v 0.036766 -0.003434 0.074737
v 0.036700 -0.004400 -0.074700
v 0.036700 -0.004300 -0.074800
v 0.036800 -0.004300 -0.074700
v 0.036700 -0.004392 -0.074738
v 0.036700 -0.004371 -0.074771
v 0.036738 -0.004392 -0.074700
v 0.036739 -0.004383 -0.074739
v 0.036737 -0.004366 -0.074766
v 0.036758 -0.004358 -0.074758
v 0.036738 -0.004300 -0.074792
v 0.036771 -0.004300 -0.074771
v 0.036700 -0.004338 -0.074792
v 0.036739 -0.004339 -0.074783
v 0.036766 -0.004337 -0.074766
v 0.036792 -0.004338 -0.074700
v 0.036771 -0.004371 -0.074700
v 0.036792 -0.004300 -0.074738
v 0.036783 -0.004339 -0.074739
v 0.036766 -0.004366 -0.074737
v 0.036700 -0.003400 -0.074700
v 0.036800 -0.003500 -0.074700
v 0.036700 -0.003500 -0.074800
v 0.036738 -0.003408 -0.074700
v 0.036771 -0.003429 -0.074700
v 0.036700 -0.003408 -0.074738
v 0.036739 -0.003417 -0.074739
v 0.036766 -0.003434 -0.074737
v 0.036758 -0.003442 -0.074758
v 0.036792 -0.003500 -0.074738
v 0.036771 -0.003500 -0.074771
v 0.036792 -0.003462 -0.074700
v 0.036783 -0.003461 -0.074739
v 0.036766 -0.003463 -0.074766
v 0.036700 -0.003462 -0.074792
v 0.036700 -0.003429 -0.074771
v 0.036738 -0.003500 -0.074792
v 0.036739 -0.003461 -0.074783
v 0.036737 -0.003434 -0.074766
vn -0.2049 -0.9571 0.2049
vn -0.1818 -0.8152 0.5499
vn -0.5498 -0.8152 0.1819
vn -0.4932 -0.7166 0.4932
vn -0.2050 -0.2048 0.9571
vn -0.5499 -0.1819 0.8152
vn -0.1819 -0.5499 0.8152
vn -0.4930 -0.4936 0.7165
vn -0.9571 -0.2048 0.2049
vn -0.8151 -0.5500 0.1819
vn -0.8151 -0.1820 0.5499
vn -0.7167 -0.4930 0.4933
vn -0.2050 0.2048 0.9571
vn -0.1818 0.5499 0.8152
vn -0.5499 0.1819 0.8152
vn -0.4930 0.4935 0.7165
vn -0.2049 0.9571 0.2049
vn -0.5499 0.8152 0.1819
vn -0.1818 0.8152 0.5499
vn -0.4932 0.7166 0.4932
vn -0.9571 0.2048 0.2049
vn -0.8151 0.1820 0.5499
vn -0.8151 0.5500 0.1819
vn -0.7167 0.4930 0.4933
vn -0.2049 -0.9571 -0.2049
vn -0.5499 -0.8152 -0.1819
vn -0.1818 -0.8152 -0.5499
vn -0.4932 -0.7166 -0.4932
vn -0.9571 -0.2048 -0.2049
vn -0.8151 -0.1820 -0.5499
vn -0.8151 -0.5500 -0.1819
vn -0.7167 -0.4930 -0.4933
vn -0.2050 -0.2048 -0.9571
vn -0.1818 -0.5499 -0.8152
vn -0.5499 -0.1819 -0.8152
vn -0.4930 -0.4935 -0.7165
vn -0.2049 0.9571 -0.2049
vn -0.1818 0.8152 -0.5499
vn -0.5498 0.8152 -0.1819
vn -0.4932 0.7166 -0.4932
vn -0.2050 0.2048 -0.9571
vn -0.5499 0.1819 -0.8152
vn -0.1819 0.5499 -0.8152
vn -0.4930 0.4936 -0.7165
vn -0.9571 0.2048 -0.2049
vn -0.8151 0.5500 -0.1819
vn -0.8151 0.1820 -0.5499
vn -0.7167 0.4930 -0.4933
vn 0.2049 -0.9571 0.2049
vn 0.5499 -0.8152 0.1819
vn 0.1818 -0.8152 0.5499
vn 0.4932 -0.7166 0.4932
vn 0.9571 -0.2048 0.2049
vn 0.8151 -0.1820 0.5499
vn 0.8151 -0.5500 0.1819
vn 0.7167 -0.4930 0.4933
vn 0.2050 -0.2048 0.9571
vn 0.1818 -0.5499 0.8152
vn 0.5499 -0.1819 0.8152
vn 0.4930 -0.4935 0.7165
vn 0.2049 0.9571 0.2049
vn 0.1818 0.8152 0.5499
vn 0.5498 0.8152 0.1819
vn 0.4932 0.7166 0.4932
vn 0.2050 0.2048 0.9571
vn 0.5499 0.1819 0.8152
vn 0.1819 0.5499 0.8152
vn 0.4930 0.4936 0.7165
vn 0.9571 0.2048 0.2049
vn 0.8151 0.5500 0.1819
vn 0.8151 0.1820 0.5499
vn 0.7167 0.4930 0.4933
vn 0.2049 -0.9571 -0.2049
vn 0.1818 -0.8152 -0.5499
vn 0.5498 -0.8152 -0.1819
vn 0.4932 -0.7166 -0.4932
vn 0.2050 -0.2048 -0.9571
vn 0.5499 -0.1819 -0.8152
vn 0.1819 -0.5499 -0.8152
vn 0.4930 -0.4936 -0.7165
vn 0.9571 -0.2048 -0.2049
vn 0.8151 -0.5500 -0.1819
vn 0.8151 -0.1820 -0.5499
vn 0.7167 -0.4930 -0.4933
vn 0.2049 0.9571 -0.2049
vn 0.5499 0.8152 -0.1819
vn 0.1818 0.8152 -0.5499
vn 0.4932 0.7166 -0.4932
vn 0.9571 0.2048 -0.2049
vn 0.8151 0.1820 -0.5499
vn 0.8151 0.5500 -0.1819
vn 0.7167 0.4930 -0.4933
vn 0.2050 0.2048 -0.9571
vn 0.1818 0.5499 -0.8152
vn 0.5499 0.1819 -0.8152
vn 0.4930 0.4935 -0.7165
vn -0.1951 -0.9808 -0.0000
vn -0.5556 -0.8315 -0.0000
vn -0.8315 -0.5556 -0.0000
vn -0.9808 -0.1950 -0.0000
vn -0.1951 -0.0000 0.9808
vn -0.5555 -0.0000 0.8315
vn -0.8315 -0.0000 0.5555
vn -0.9808 -0.0000 0.1950
vn -0.1951 0.9808 -0.0000
vn -0.5556 0.8315 -0.0000
vn -0.8315 0.5556 -0.0000
vn -0.9808 0.1950 -0.0000
vn -0.1951 -0.0000 -0.9808
vn -0.5555 -0.0000 -0.8315
vn -0.8315 -0.0000 -0.5555
vn -0.9808 -0.0000 -0.1950
vn -0.0000 -0.9808 -0.1951
vn -0.0000 -0.8315 -0.5555
vn -0.0000 -0.5555 -0.8315
vn -0.0000 -0.1953 -0.9807
vn -0.0000 0.9808 -0.1951
vn -0.0000 0.8315 -0.5555
vn -0.0000 0.5555 -0.8315
vn -0.0000 0.1953 -0.9807
vn 0.9808 -0.0000 -0.1950
vn 0.8315 -0.0000 -0.5555
vn 0.5555 -0.0000 -0.8315
vn 0.1951 -0.0000 -0.9808
vn 0.1951 -0.9808 -0.0000
vn 0.5556 -0.8315 -0.0000
vn 0.8315 -0.5556 -0.0000
vn 0.9808 -0.1950 -0.0000
vn 0.1951 0.9808 -0.0000
vn 0.5556 0.8315 -0.0000
vn 0.8315 0.5556 -0.0000
vn 0.9808 0.1950 -0.0000
vn 0.1951 -0.0000 0.9808
vn 0.5555 -0.0000 0.8315
vn 0.8315 -0.0000 0.5555
vn 0.9808 -0.0000 0.1950
vn -0.0000 -0.9808 0.1951
vn -0.0000 -0.8315 0.5555
vn -0.0000 -0.5555 0.8315
vn -0.0000 -0.1953 0.9807
vn -0.0000 0.9808 0.1951
vn -0.0000 0.8315 0.5555
vn -0.0000 0.5555 0.8315
vn -0.0000 0.1953 0.9807
vn -0.0000 -1.0000 -0.0000
vn -1.0000 -0.0000 -0.0000
vn -0.0000 -0.0000 1.0000
vn -0.0000 1.0000 -0.0000
vn -0.0000 -0.0000 -1.0000
vn 1.0000 -0.0000 -0.0000
vt 0.125340 0.749833
vt 0.125340 0.749897
vt 0.125206 0.749898
vt 0.125210 0.749833
vt 0.125340 0.750000
vt 0.125213 0.750000
vt 0.125000 0.749895
vt 0.125000 0.749833
vt 0.125144 0.750000
vt 0.400000 0.999660
vt 0.400000 0.999790
vt 0.390193 0.999794
vt 0.390433 0.999660
vt 0.400000 1.000000
vt 0.390691 1.000000
vt 0.375000 0.999787
vt 0.375000 0.999660
vt 0.385566 1.000000
vt 0.400000 0.000167
vt 0.390433 0.000167
vt 0.390193 0.000102
vt 0.400000 0.000103
vt 0.375000 0.000167
vt 0.375000 0.000105
vt 0.390691 0.000000
vt 0.400000 0.000000
vt 0.375000 0.000071
vt 0.600000 0.999660
vt 0.609567 0.999660
vt 0.609807 0.999794
vt 0.600000 0.999790
vt 0.625000 0.999660
vt 0.625000 0.999787
vt 0.609309 1.000000
vt 0.600000 1.000000
vt 0.625000 0.999856
vt 0.874660 0.749833
vt 0.874790 0.749833
vt 0.874794 0.749898
vt 0.874660 0.749897
vt 0.875000 0.749833
vt 0.875000 0.749895
vt 0.874787 0.750000
vt 0.874660 0.750000
vt 0.875000 0.749929
vt 0.600000 0.000167
vt 0.600000 0.000103
vt 0.609807 0.000102
vt 0.609567 0.000167
vt 0.600000 0.000000
vt 0.609309 0.000000
vt 0.625000 0.000105
vt 0.625000 0.000167
vt 0.614434 0.000000
vt 0.125340 0.500167
vt 0.125210 0.500167
vt 0.125206 0.500102
vt 0.125340 0.500103
vt 0.125000 0.500167
vt 0.125000 0.500105
vt 0.125213 0.500000
vt 0.125340 0.500000
vt 0.125000 0.500071
vt 0.400000 0.249833
vt 0.400000 0.249897
vt 0.390193 0.249898
vt 0.390433 0.249833
vt 0.400000 0.250000
vt 0.390691 0.250000
vt 0.375000 0.249895
vt 0.375000 0.249833
vt 0.380283 0.250072
vt 0.400000 0.250340
vt 0.390433 0.250340
vt 0.390193 0.250206
vt 0.400000 0.250210
vt 0.375000 0.250340
vt 0.375000 0.250213
vt 0.874660 0.500167
vt 0.874660 0.500103
vt 0.874794 0.500102
vt 0.874790 0.500167
vt 0.874660 0.500000
vt 0.874787 0.500000
vt 0.875000 0.500105
vt 0.875000 0.500167
vt 0.874856 0.500000
vt 0.600000 0.250340
vt 0.600000 0.250210
vt 0.609807 0.250206
vt 0.609567 0.250340
vt 0.600000 0.250000
vt 0.609309 0.250000
vt 0.625000 0.250213
vt 0.625000 0.250340
vt 0.619717 0.249965
vt 0.600000 0.249833
vt 0.609567 0.249833
vt 0.609807 0.249898
vt 0.600000 0.249897
vt 0.625000 0.249833
vt 0.625000 0.249895
vt 0.374660 0.749833
vt 0.374790 0.749833
vt 0.374794 0.749898
vt 0.374660 0.749897
vt 0.375000 0.749833
vt 0.375000 0.749895
vt 0.374893 0.750107
vt 0.374830 0.750170
vt 0.378522 0.750024
vt 0.400000 0.749833
vt 0.400000 0.749897
vt 0.390193 0.749898
vt 0.390433 0.749833
vt 0.400000 0.750000
vt 0.390691 0.750000
vt 0.400000 0.750340
vt 0.390433 0.750340
vt 0.390193 0.750206
vt 0.400000 0.750210
vt 0.625340 0.749833
vt 0.625340 0.749897
vt 0.625206 0.749898
vt 0.625210 0.749833
vt 0.625170 0.750170
vt 0.625107 0.750107
vt 0.625000 0.749895
vt 0.625000 0.749833
vt 0.621526 0.749977
vt 0.600000 0.750340
vt 0.600000 0.750210
vt 0.609807 0.750206
vt 0.609567 0.750340
vt 0.600000 0.750000
vt 0.609309 0.750000
vt 0.600000 0.749833
vt 0.609567 0.749833
vt 0.609807 0.749898
vt 0.600000 0.749897
vt 0.374660 0.500167
vt 0.374660 0.500103
vt 0.374794 0.500102
vt 0.374790 0.500167
vt 0.374830 0.499830
vt 0.374893 0.499893
vt 0.375000 0.500105
vt 0.375000 0.500167
vt 0.378474 0.500024
vt 0.400000 0.499660
vt 0.400000 0.499790
vt 0.390193 0.499794
vt 0.390433 0.499660
vt 0.400000 0.500000
vt 0.390691 0.500000
vt 0.400000 0.500167
vt 0.390433 0.500167
vt 0.390193 0.500102
vt 0.400000 0.500103
vt 0.625340 0.500167
vt 0.625210 0.500167
vt 0.625206 0.500102
vt 0.625340 0.500103
vt 0.625000 0.500167
vt 0.625000 0.500105
vt 0.625107 0.499893
vt 0.625170 0.499830
vt 0.621478 0.499976
vt 0.600000 0.500167
vt 0.600000 0.500103
vt 0.609807 0.500102
vt 0.609567 0.500167
vt 0.600000 0.500000
vt 0.609309 0.500000
vt 0.600000 0.499660
vt 0.609567 0.499660
vt 0.609807 0.499794
vt 0.600000 0.499790
s 0
usemtl Plastic
f 4309/5605/3954 4312/5606/3954 4315/5607/3954 4314/5608/3954
f 4312/5606/3955 4313/5609/3955 4316/5610/3955 4315/5607/3955
f 4314/5608/3956 4315/5607/3956 4327/5611/3956 4324/5612/3956
f 4315/5607/3957 4316/5610/3957 4317/5613/3957 4327/5611/3957
f 4310/5614/3958 4318/5615/3958 4321/5616/3958 4320/5617/3958
f 4318/5615/3959 4319/5618/3959 4322/5619/3959 4321/5616/3959
f 4320/5617/3960 4321/5616/3960 4316/5620/3960 4313/5621/3960
f 4321/5616/3961 4322/5619/3961 4317/5622/3961 4316/5620/3961
f 4311/5623/3962 4323/5624/3962 4326/5625/3962 4325/5626/3962
f 4323/5624/3963 4324/5627/3963 4327/5628/3963 4326/5625/3963
f 4325/5626/3964 4326/5625/3964 4322/5629/3964 4319/5630/3964
f 4326/5625/3965 4327/5628/3965 4317/5631/3965 4322/5629/3965
f 4328/5632/3966 4331/5633/3966 4334/5634/3966 4333/5635/3966
f 4331/5633/3967 4332/5636/3967 4335/5637/3967 4334/5634/3967
f 4333/5635/3968 4334/5634/3968 4346/5638/3968 4343/5639/3968
f 4334/5634/3969 4335/5637/3969 4336/5640/3969 4346/5638/3969
f 4329/5641/3970 4337/5642/3970 4340/5643/3970 4339/5644/3970
f 4337/5642/3971 4338/5645/3971 4341/5646/3971 4340/5643/3971
f 4339/5644/3972 4340/5643/3972 4335/5647/3972 4332/5648/3972
f 4340/5643/3973 4341/5646/3973 4336/5649/3973 4335/5647/3973
f 4330/5650/3974 4342/5651/3974 4345/5652/3974 4344/5653/3974
f 4342/5651/3975 4343/5654/3975 4346/5655/3975 4345/5652/3975
f 4344/5653/3976 4345/5652/3976 4341/5656/3976 4338/5657/3976
f 4345/5652/3977 4346/5655/3977 4336/5658/3977 4341/5656/3977
f 4347/5659/3978 4350/5660/3978 4353/5661/3978 4352/5662/3978
f 4350/5660/3979 4351/5663/3979 4354/5664/3979 4353/5661/3979
f 4352/5662/3980 4353/5661/3980 4365/5665/3980 4362/5666/3980
f 4353/5661/3981 4354/5664/3981 4355/5667/3981 4365/5665/3981
f 4348/5668/3982 4356/5669/3982 4359/5670/3982 4358/5671/3982
f 4356/5669/3983 4357/5672/3983 4360/5673/3983 4359/5670/3983
f 4358/5671/3984 4359/5670/3984 4354/5674/3984 4351/5675/3984
f 4359/5670/3985 4360/5673/3985 4355/5676/3985 4354/5674/3985
f 4349/5677/3986 4361/5678/3986 4364/5679/3986 4363/5680/3986
f 4361/5678/3987 4362/5681/3987 4365/5682/3987 4364/5679/3987
f 4363/5680/3988 4364/5679/3988 4360/5673/3988 4357/5672/3988
f 4364/5679/3989 4365/5682/3989 4355/5676/3989 4360/5673/3989
f 4366/5683/3990 4369/5684/3990 4372/5685/3990 4371/5686/3990
f 4369/5684/3991 4370/5687/3991 4373/5688/3991 4372/5685/3991
f 4371/5686/3992 4372/5685/3992 4384/5689/3992 4381/5690/3992
f 4372/5685/3993 4373/5688/3993 4374/5691/3993 4384/5689/3993
f 4367/5692/3994 4375/5693/3994 4378/5694/3994 4377/5695/3994
f 4375/5693/3995 4376/5696/3995 4379/5697/3995 4378/5694/3995
f 4377/5695/3996 4378/5694/3996 4373/5698/3996 4370/5699/3996
f 4378/5694/3997 4379/5697/3997 4374/5700/3997 4373/5698/3997
f 4368/5701/3998 4380/5702/3998 4383/5703/3998 4382/5704/3998
f 4380/5702/3999 4381/5705/3999 4384/5706/3999 4383/5703/3999
f 4382/5704/4000 4383/5703/4000 4379/5697/4000 4376/5696/4000
f 4383/5703/4001 4384/5706/4001 4374/5700/4001 4379/5697/4001
f 4385/5707/4002 4388/5708/4002 4391/5709/4002 4390/5710/4002
f 4388/5708/4003 4389/5711/4003 4392/5712/4003 4391/5709/4003
f 4390/5710/4004 4391/5709/4004 4403/5713/4004 4400/5714/4004
f 4391/5709/4005 4392/5712/4005 4393/5715/4005 4403/5713/4005
f 4386/5716/4006 4394/5717/4006 4397/5718/4006 4396/5719/4006
f 4394/5717/4007 4395/5720/4007 4398/5721/4007 4397/5718/4007
f 4396/5719/4008 4397/5718/4008 4392/5712/4008 4389/5711/4008
f 4397/5718/4009 4398/5721/4009 4393/5715/4009 4392/5712/4009
f 4387/5722/4010 4399/5723/4010 4402/5724/4010 4401/5725/4010
f 4399/5723/4011 4400/5714/4011 4403/5713/4011 4402/5724/4011
f 4401/5725/4012 4402/5724/4012 4398/5721/4012 4395/5720/4012
f 4402/5724/4013 4403/5713/4013 4393/5715/4013 4398/5721/4013
f 4404/5726/4014 4407/5727/4014 4410/5728/4014 4409/5729/4014
f 4407/5727/4015 4408/5730/4015 4411/5731/4015 4410/5728/4015
f 4409/5729/4016 4410/5728/4016 4422/5732/4016 4419/5733/4016
f 4410/5728/4017 4411/5731/4017 4412/5734/4017 4422/5732/4017
f 4405/5735/4018 4413/5736/4018 4416/5737/4018 4415/5738/4018
f 4413/5736/4019 4414/5739/4019 4417/5740/4019 4416/5737/4019
f 4415/5738/4020 4416/5737/4020 4411/5731/4020 4408/5730/4020
f 4416/5737/4021 4417/5740/4021 4412/5734/4021 4411/5731/4021
f 4406/5741/4022 4418/5742/4022 4421/5743/4022 4420/5744/4022
f 4418/5742/4023 4419/5733/4023 4422/5732/4023 4421/5743/4023
f 4420/5744/4024 4421/5743/4024 4417/5740/4024 4414/5739/4024
f 4421/5743/4025 4422/5732/4025 4412/5734/4025 4417/5740/4025
f 4423/5745/4026 4426/5746/4026 4429/5747/4026 4428/5748/4026
f 4426/5746/4027 4427/5749/4027 4430/5750/4027 4429/5747/4027
f 4428/5748/4028 4429/5747/4028 4441/5751/4028 4438/5752/4028
f 4429/5747/4029 4430/5750/4029 4431/5753/4029 4441/5751/4029
f 4424/5754/4030 4432/5755/4030 4435/5756/4030 4434/5757/4030
f 4432/5755/4031 4433/5758/4031 4436/5759/4031 4435/5756/4031
f 4434/5757/4032 4435/5756/4032 4430/5750/4032 4427/5749/4032
f 4435/5756/4033 4436/5759/4033 4431/5753/4033 4430/5750/4033
f 4425/5760/4034 4437/5761/4034 4440/5762/4034 4439/5763/4034
f 4437/5761/4035 4438/5752/4035 4441/5751/4035 4440/5762/4035
f 4439/5763/4036 4440/5762/4036 4436/5759/4036 4433/5758/4036
f 4440/5762/4037 4441/5751/4037 4431/5753/4037 4436/5759/4037
f 4442/5764/4038 4445/5765/4038 4448/5766/4038 4447/5767/4038
f 4445/5765/4039 4446/5768/4039 4449/5769/4039 4448/5766/4039
f 4447/5767/4040 4448/5766/4040 4460/5770/4040 4457/5771/4040
f 4448/5766/4041 4449/5769/4041 4450/5772/4041 4460/5770/4041
f 4443/5773/4042 4451/5774/4042 4454/5775/4042 4453/5776/4042
f 4451/5774/4043 4452/5777/4043 4455/5778/4043 4454/5775/4043
f 4453/5776/4044 4454/5775/4044 4449/5769/4044 4446/5768/4044
f 4454/5775/4045 4455/5778/4045 4450/5772/4045 4449/5769/4045
f 4444/5779/4046 4456/5780/4046 4459/5781/4046 4458/5782/4046
f 4456/5780/4047 4457/5771/4047 4460/5770/4047 4459/5781/4047
f 4458/5782/4048 4459/5781/4048 4455/5778/4048 4452/5777/4048
f 4459/5781/4049 4460/5770/4049 4450/5772/4049 4455/5778/4049
f 4347/5659/4050 4309/5605/4050 4314/5608/4050 4350/5660/4050
f 4350/5660/4051 4314/5608/4051 4324/5612/4051 4351/5663/4051
f 4351/5675/4052 4324/5627/4052 4323/5624/4052 4358/5671/4052
f 4358/5671/4053 4323/5624/4053 4311/5623/4053 4348/5668/4053
f 4310/5614/4054 4328/5632/4054 4333/5635/4054 4318/5615/4054
f 4318/5615/4055 4333/5635/4055 4343/5639/4055 4319/5618/4055
f 4319/5630/4056 4343/5654/4056 4342/5651/4056 4325/5626/4056
f 4325/5626/4057 4342/5651/4057 4330/5650/4057 4311/5623/4057
f 4329/5641/4058 4366/5683/4058 4371/5686/4058 4337/5642/4058
f 4337/5642/4059 4371/5686/4059 4381/5690/4059 4338/5645/4059
f 4338/5657/4060 4381/5705/4060 4380/5702/4060 4344/5653/4060
f 4344/5653/4061 4380/5702/4061 4368/5701/4061 4330/5650/4061
f 4367/5692/4062 4349/5677/4062 4363/5680/4062 4375/5693/4062
f 4375/5693/4063 4363/5680/4063 4357/5672/4063 4376/5696/4063
f 4376/5696/4064 4357/5672/4064 4356/5669/4064 4382/5704/4064
f 4382/5704/4065 4356/5669/4065 4348/5668/4065 4368/5701/4065
f 4423/5745/4066 4347/5659/4066 4352/5662/4066 4426/5746/4066
f 4426/5746/4067 4352/5662/4067 4362/5666/4067 4427/5749/4067
f 4427/5749/4068 4362/5681/4068 4361/5678/4068 4434/5757/4068
f 4434/5757/4069 4361/5678/4069 4349/5677/4069 4424/5754/4069
f 4366/5683/4070 4442/5764/4070 4447/5767/4070 4369/5684/4070
f 4369/5684/4071 4447/5767/4071 4457/5771/4071 4370/5687/4071
f 4370/5699/4072 4457/5771/4072 4456/5780/4072 4377/5695/4072
f 4377/5695/4073 4456/5780/4073 4444/5779/4073 4367/5692/4073
f 4443/5773/4074 4425/5760/4074 4439/5763/4074 4451/5774/4074
f 4451/5774/4075 4439/5763/4075 4433/5758/4075 4452/5777/4075
f 4452/5777/4076 4433/5758/4076 4432/5755/4076 4458/5782/4076
f 4458/5782/4077 4432/5755/4077 4424/5754/4077 4444/5779/4077
f 4385/5707/4078 4423/5745/4078 4428/5748/4078 4388/5708/4078
f 4388/5708/4079 4428/5748/4079 4438/5752/4079 4389/5711/4079
f 4389/5711/4080 4438/5752/4080 4437/5761/4080 4396/5719/4080
f 4396/5719/4081 4437/5761/4081 4425/5760/4081 4386/5716/4081
f 4442/5764/4082 4404/5726/4082 4409/5729/4082 4445/5765/4082
f 4445/5765/4083 4409/5729/4083 4419/5733/4083 4446/5768/4083
f 4446/5768/4084 4419/5733/4084 4418/5742/4084 4453/5776/4084
f 4453/5776/4085 4418/5742/4085 4406/5741/4085 4443/5773/4085
f 4405/5735/4086 4387/5722/4086 4401/5725/4086 4413/5736/4086
f 4413/5736/4087 4401/5725/4087 4395/5720/4087 4414/5739/4087
f 4414/5739/4088 4395/5720/4088 4394/5717/4088 4420/5744/4088
f 4420/5744/4089 4394/5717/4089 4386/5716/4089 4406/5741/4089
f 4309/5605/4090 4385/5707/4090 4390/5710/4090 4312/5606/4090
f 4312/5606/4091 4390/5710/4091 4400/5714/4091 4313/5609/4091
f 4313/5621/4092 4400/5714/4092 4399/5723/4092 4320/5617/4092
f 4320/5617/4093 4399/5723/4093 4387/5722/4093 4310/5614/4093
f 4404/5726/4094 4329/5641/4094 4339/5644/4094 4407/5727/4094
f 4407/5727/4095 4339/5644/4095 4332/5648/4095 4408/5730/4095
f 4408/5730/4096 4332/5636/4096 4331/5633/4096 4415/5738/4096
f 4415/5738/4097 4331/5633/4097 4328/5632/4097 4405/5735/4097
f 4347/5659/4098 4423/5745/4098 4385/5707/4098 4309/5605/4098
f 4311/5623/4099 4330/5650/4099 4368/5701/4099 4348/5668/4099
f 4387/5722/4100 4405/5735/4100 4328/5632/4100 4310/5614/4100
f 4442/5764/4101 4366/5683/4101 4329/5641/4101 4404/5726/4101
f 4349/5677/4102 4367/5692/4102 4444/5779/4102 4424/5754/4102
f 4425/5760/4103 4443/5773/4103 4406/5741/4103 4386/5716/4103
o 38_CaseCameraCutout
v -0.031300 -0.009400 -0.033300
v -0.031300 -0.008900 -0.032800
v -0.031800 -0.008900 -0.033300
v -0.031300 -0.009362 -0.033109
v -0.031300 -0.009254 -0.032946
v -0.031491 -0.009362 -0.033300
v -0.031496 -0.009316 -0.033104
v -0.031486 -0.009228 -0.032972
v -0.031589 -0.009189 -0.033011
v -0.031491 -0.008900 -0.032838
v -0.031654 -0.008900 -0.032946
v -0.031300 -0.009091 -0.032838
v -0.031496 -0.009096 -0.032884
v -0.031628 -0.009086 -0.032972
v -0.031762 -0.009091 -0.033300
v -0.031654 -0.009254 -0.033300
v -0.031762 -0.008900 -0.033109
v -0.031716 -0.009096 -0.033104
v -0.031628 -0.009228 -0.033114
v -0.031300 -0.004900 -0.032800
v -0.031300 -0.004400 -0.033300
v -0.031800 -0.004900 -0.033300
v -0.031300 -0.004709 -0.032838
v -0.031300 -0.004546 -0.032946
v -0.031491 -0.004900 -0.032838
v -0.031496 -0.004704 -0.032884
v -0.031486 -0.004572 -0.032972
v -0.031589 -0.004611 -0.033011
v -0.031491 -0.004438 -0.033300
v -0.031654 -0.004546 -0.033300
v -0.031300 -0.004438 -0.033109
v -0.031496 -0.004484 -0.033104
v -0.031628 -0.004572 -0.033114
v -0.031762 -0.004900 -0.033109
v -0.031654 -0.004900 -0.032946
v -0.031762 -0.004709 -0.033300
v -0.031716 -0.004704 -0.033104
v -0.031628 -0.004714 -0.032972
v -0.031300 -0.009400 -0.069300
v -0.031800 -0.008900 -0.069300
v -0.031300 -0.008900 -0.069800
v -0.031491 -0.009362 -0.069300
v -0.031654 -0.009254 -0.069300
v -0.031300 -0.009362 -0.069491
v -0.031496 -0.009316 -0.069496
v -0.031628 -0.009228 -0.069486
v -0.031589 -0.009189 -0.069589
v -0.031762 -0.008900 -0.069491
v -0.031654 -0.008900 -0.069654
v -0.031762 -0.009091 -0.069300
v -0.031716 -0.009096 -0.069496
v -0.031628 -0.009086 -0.069628
v -0.031300 -0.009091 -0.069762
v -0.031300 -0.009254 -0.069654
v -0.031491 -0.008900 -0.069762
v -0.031496 -0.009096 -0.069716
v -0.031486 -0.009228 -0.069628
v -0.031300 -0.004400 -0.069300
v -0.031300 -0.004900 -0.069800
v -0.031800 -0.004900 -0.069300
v -0.031300 -0.004438 -0.069491
v -0.031300 -0.004546 -0.069654
v -0.031491 -0.004438 -0.069300
v -0.031496 -0.004484 -0.069496
v -0.031486 -0.004572 -0.069628
v -0.031589 -0.004611 -0.069589
v -0.031491 -0.004900 -0.069762
v -0.031654 -0.004900 -0.069654
v -0.031300 -0.004709 -0.069762
v -0.031496 -0.004704 -0.069716
v -0.031628 -0.004714 -0.069628
v -0.031762 -0.004709 -0.069300
v -0.031654 -0.004546 -0.069300
v -0.031762 -0.004900 -0.069491
v -0.031716 -0.004704 -0.069496
v -0.031628 -0.004572 -0.069486
v 0.004700 -0.009400 -0.033300
v 0.005200 -0.008900 -0.033300
v 0.004700 -0.008900 -0.032800
v 0.004891 -0.009362 -0.033300
v 0.005054 -0.009254 -0.033300
v 0.004700 -0.009362 -0.033109
v 0.004896 -0.009316 -0.033104
v 0.005028 -0.009228 -0.033114
v 0.004989 -0.009189 -0.033011
v 0.005162 -0.008900 -0.033109
v 0.005054 -0.008900 -0.032946
v 0.005162 -0.009091 -0.033300
v 0.005116 -0.009096 -0.033104
v 0.005028 -0.009086 -0.032972
v 0.004700 -0.009091 -0.032838
v 0.004700 -0.009254 -0.032946
v 0.004891 -0.008900 -0.032838
v 0.004896 -0.009096 -0.032884
v 0.004886 -0.009228 -0.032972
v 0.004700 -0.004400 -0.033300
v 0.004700 -0.004900 -0.032800
v 0.005200 -0.004900 -0.033300
v 0.004700 -0.004438 -0.033109
v 0.004700 -0.004546 -0.032946
v 0.004891 -0.004438 -0.033300
v 0.004896 -0.004484 -0.033104
v 0.004886 -0.004572 -0.032972
v 0.004989 -0.004611 -0.033011
v 0.004891 -0.004900 -0.032838
v 0.005054 -0.004900 -0.032946
v 0.004700 -0.004709 -0.032838
v 0.004896 -0.004704 -0.032884
v 0.005028 -0.004714 -0.032972
v 0.005162 -0.004709 -0.033300
v 0.005054 -0.004546 -0.033300
v 0.005162 -0.004900 -0.033109
v 0.005116 -0.004704 -0.033104
v 0.005028 -0.004572 -0.033114
v 0.004700 -0.009400 -0.069300
v 0.004700 -0.008900 -0.069800
v 0.005200 -0.008900 -0.069300
v 0.004700 -0.009362 -0.069491
v 0.004700 -0.009254 -0.069654
v 0.004891 -0.009362 -0.069300
v 0.004896 -0.009316 -0.069496
v 0.004886 -0.009228 -0.069628
v 0.004989 -0.009189 -0.069589
v 0.004891 -0.008900 -0.069762
v 0.005054 -0.008900 -0.069654
v 0.004700 -0.009091 -0.069762
v 0.004896 -0.009096 -0.069716
v 0.005028 -0.009086 -0.069628
v 0.005162 -0.009091 -0.069300
v 0.005054 -0.009254 -0.069300
v 0.005162 -0.008900 -0.069491
v 0.005116 -0.009096 -0.069496
v 0.005028 -0.009228 -0.069486
v 0.004700 -0.004400 -0.069300
v 0.005200 -0.004900 -0.069300
v 0.004700 -0.004900 -0.069800
v 0.004891 -0.004438 -0.069300
v 0.005054 -0.004546 -0.069300
v 0.004700 -0.004438 -0.069491
v 0.004896 -0.004484 -0.069496
v 0.005028 -0.004572 -0.069486
v 0.004989 -0.004611 -0.069589
v 0.005162 -0.004900 -0.069491
v 0.005054 -0.004900 -0.069654
v 0.005162 -0.004709 -0.069300
v 0.005116 -0.004704 -0.069496
v 0.005028 -0.004714 -0.069628
v 0.004700 -0.004709 -0.069762
v 0.004700 -0.004546 -0.069654
v 0.004891 -0.004900 -0.069762
v 0.004896 -0.004704 -0.069716
v 0.004886 -0.004572 -0.069628
vn -0.2049 -0.9571 0.2049
vn -0.1818 -0.8152 0.5500
vn -0.5500 -0.8152 0.1818
vn -0.4931 -0.7167 0.4931
vn -0.2049 -0.2049 0.9571
vn -0.5500 -0.1818 0.8152
vn -0.1818 -0.5500 0.8152
vn -0.4931 -0.4931 0.7167
vn -0.9571 -0.2049 0.2049
vn -0.8152 -0.5500 0.1818
vn -0.8152 -0.1818 0.5500
vn -0.7167 -0.4931 0.4931
vn -0.2049 0.2049 0.9571
vn -0.1818 0.5500 0.8152
vn -0.5500 0.1818 0.8152
vn -0.4931 0.4931 0.7167
vn -0.2049 0.9571 0.2049
vn -0.5500 0.8152 0.1818
vn -0.1818 0.8152 0.5500
vn -0.4931 0.7167 0.4931
vn -0.9571 0.2049 0.2049
vn -0.8152 0.1818 0.5500
vn -0.8152 0.5500 0.1818
vn -0.7167 0.4931 0.4931
vn -0.2049 -0.9571 -0.2049
vn -0.5500 -0.8152 -0.1818
vn -0.1818 -0.8152 -0.5500
vn -0.4931 -0.7167 -0.4931
vn -0.9571 -0.2049 -0.2049
vn -0.8152 -0.1818 -0.5500
vn -0.8152 -0.5500 -0.1818
vn -0.7167 -0.4931 -0.4931
vn -0.2049 -0.2049 -0.9571
vn -0.1818 -0.5500 -0.8152
vn -0.5500 -0.1818 -0.8152
vn -0.4931 -0.4931 -0.7167
vn -0.2049 0.9571 -0.2049
vn -0.1818 0.8152 -0.5500
vn -0.5500 0.8152 -0.1818
vn -0.4931 0.7167 -0.4931
vn -0.2049 0.2049 -0.9571
vn -0.5500 0.1818 -0.8152
vn -0.1818 0.5500 -0.8152
vn -0.4931 0.4931 -0.7167
vn -0.9571 0.2049 -0.2049
vn -0.8152 0.5500 -0.1818
vn -0.8152 0.1818 -0.5500
vn -0.7167 0.4931 -0.4931
vn 0.2049 -0.9571 0.2049
vn 0.5500 -0.8152 0.1818
vn 0.1818 -0.8152 0.5500
vn 0.4931 -0.7167 0.4931
vn 0.9571 -0.2049 0.2049
vn 0.8152 -0.1818 0.5500
vn 0.8152 -0.5500 0.1818
vn 0.7167 -0.4931 0.4931
vn 0.2049 -0.2049 0.9571
vn 0.1818 -0.5500 0.8152
vn 0.5500 -0.1818 0.8152
vn 0.4931 -0.4931 0.7167
vn 0.2049 0.9571 0.2049
vn 0.1818 0.8152 0.5500
vn 0.5500 0.8152 0.1818
vn 0.4931 0.7167 0.4931
vn 0.2049 0.2049 0.9571
vn 0.5500 0.1818 0.8152
vn 0.1818 0.5500 0.8152
vn 0.4931 0.4931 0.7167
vn 0.9571 0.2049 0.2049
vn 0.8152 0.5500 0.1818
vn 0.8152 0.1818 0.5500
vn 0.7167 0.4931 0.4931
vn 0.2049 -0.9571 -0.2049
vn 0.1818 -0.8152 -0.5500
vn 0.5500 -0.8152 -0.1818
vn 0.4931 -0.7167 -0.4931
vn 0.2049 -0.2049 -0.9571
vn 0.5500 -0.1818 -0.8152
vn 0.1818 -0.5500 -0.8152
vn 0.4931 -0.4931 -0.7167
vn 0.9571 -0.2049 -0.2049
vn 0.8152 -0.5500 -0.1818
vn 0.8152 -0.1818 -0.5500
vn 0.7167 -0.4931 -0.4931
vn 0.2049 0.9571 -0.2049
vn 0.5500 0.8152 -0.1818
vn 0.1818 0.8152 -0.5500
vn 0.4931 0.7167 -0.4931
vn 0.9571 0.2049 -0.2049
vn 0.8152 0.1818 -0.5500
vn 0.8152 0.5500 -0.1818
vn 0.7167 0.4931 -0.4931
vn 0.2049 0.2049 -0.9571
vn 0.1818 0.5500 -0.8152
vn 0.5500 0.1818 -0.8152
vn 0.4931 0.4931 -0.7167
vn -0.1951 -0.9808 -0.0000
vn -0.5556 -0.8315 -0.0000
vn -0.8315 -0.5556 -0.0000
vn -0.9808 -0.1951 -0.0000
vn -0.1951 -0.0000 0.9808
vn -0.5556 -0.0000 0.8315
vn -0.8315 -0.0000 0.5556
vn -0.9808 -0.0000 0.1951
vn -0.1951 0.9808 -0.0000
vn -0.5556 0.8315 -0.0000
vn -0.8315 0.5556 -0.0000
vn -0.9808 0.1951 -0.0000
vn -0.1951 -0.0000 -0.9808
vn -0.5556 -0.0000 -0.8315
vn -0.8315 -0.0000 -0.5556
vn -0.9808 -0.0000 -0.1951
vn -0.0000 -0.9808 -0.1951
vn -0.0000 -0.8315 -0.5556
vn -0.0000 -0.5556 -0.8315
vn -0.0000 -0.1951 -0.9808
vn -0.0000 0.9808 -0.1951
vn -0.0000 0.8315 -0.5556
vn -0.0000 0.5556 -0.8315
vn -0.0000 0.1951 -0.9808
vn 0.9808 -0.0000 -0.1951
vn 0.8315 -0.0000 -0.5556
vn 0.5556 -0.0000 -0.8315
vn 0.1951 -0.0000 -0.9808
vn 0.1951 -0.9808 -0.0000
vn 0.5556 -0.8315 -0.0000
vn 0.8315 -0.5556 -0.0000
vn 0.9808 -0.1951 -0.0000
vn 0.1951 0.9808 -0.0000
vn 0.5556 0.8315 -0.0000
vn 0.8315 0.5556 -0.0000
vn 0.9808 0.1951 -0.0000
vn 0.1951 -0.0000 0.9808
vn 0.5556 -0.0000 0.8315
vn 0.8315 -0.0000 0.5556
vn 0.9808 -0.0000 0.1951
vn -0.0000 -0.9808 0.1951
vn -0.0000 -0.8315 0.5556
vn -0.0000 -0.5556 0.8315
vn -0.0000 -0.1951 0.9808
vn -0.0000 0.9808 0.1951
vn -0.0000 0.8315 0.5556
vn -0.0000 0.5556 0.8315
vn -0.0000 0.1951 0.9808
vn -0.0000 -1.0000 -0.0000
vn -1.0000 -0.0000 -0.0000
vn -0.0000 -0.0000 1.0000
vn -0.0000 1.0000 -0.0000
vn -0.0000 -0.0000 -1.0000
vn 1.0000 -0.0000 -0.0000
vt 0.128378 0.746622
vt 0.128378 0.747914
vt 0.127053 0.747947
vt 0.127086 0.746622
vt 0.128378 0.750000
vt 0.127120 0.750000
vt 0.125000 0.747880
vt 0.125000 0.746622
vt 0.126428 0.750000
vt 0.400000 0.996622
vt 0.400000 0.997914
vt 0.390193 0.997947
vt 0.390433 0.996622
vt 0.400000 1.000000
vt 0.390691 1.000000
vt 0.375000 0.997880
vt 0.375000 0.996622
vt 0.385566 1.000000
vt 0.400000 0.003378
vt 0.390433 0.003378
vt 0.390193 0.002053
vt 0.400000 0.002086
vt 0.375000 0.003378
vt 0.375000 0.002120
vt 0.390691 0.000000
vt 0.400000 0.000000
vt 0.375000 0.001428
vt 0.600000 0.996622
vt 0.609567 0.996622
vt 0.609807 0.997947
vt 0.600000 0.997914
vt 0.625000 0.996622
vt 0.625000 0.997880
vt 0.609309 1.000000
vt 0.600000 1.000000
vt 0.625000 0.998572
vt 0.871622 0.746622
vt 0.872915 0.746622
vt 0.872947 0.747947
vt 0.871622 0.747914
vt 0.875000 0.746622
vt 0.875000 0.747880
vt 0.872880 0.750000
vt 0.871622 0.750000
vt 0.875000 0.748572
vt 0.600000 0.003378
vt 0.600000 0.002086
vt 0.609807 0.002053
vt 0.609567 0.003378
vt 0.600000 0.000000
vt 0.609309 0.000000
vt 0.625000 0.002120
vt 0.625000 0.003378
vt 0.614434 0.000000
vt 0.128378 0.503378
vt 0.127086 0.503378
vt 0.127053 0.502053
vt 0.128378 0.502086
vt 0.125000 0.503378
vt 0.125000 0.502120
vt 0.127120 0.500000
vt 0.128378 0.500000
vt 0.125000 0.501428
vt 0.400000 0.246622
vt 0.400000 0.247914
vt 0.390193 0.247947
vt 0.390433 0.246622
vt 0.400000 0.250000
vt 0.390691 0.250000
vt 0.375000 0.247880
vt 0.375000 0.246622
vt 0.380283 0.250714
vt 0.400000 0.253378
vt 0.390433 0.253378
vt 0.390193 0.252053
vt 0.400000 0.252086
vt 0.375000 0.253378
vt 0.375000 0.252120
vt 0.871622 0.503378
vt 0.871622 0.502086
vt 0.872947 0.502053
vt 0.872915 0.503378
vt 0.871622 0.500000
vt 0.872880 0.500000
vt 0.875000 0.502120
vt 0.875000 0.503378
vt 0.873572 0.500000
vt 0.600000 0.253378
vt 0.600000 0.252086
vt 0.609807 0.252053
vt 0.609567 0.253378
vt 0.600000 0.250000
vt 0.609309 0.250000
vt 0.625000 0.252120
vt 0.625000 0.253378
vt 0.619717 0.249286
vt 0.600000 0.246622
vt 0.609567 0.246622
vt 0.609807 0.247947
vt 0.600000 0.247914
vt 0.625000 0.246622
vt 0.625000 0.247880
vt 0.371622 0.746622
vt 0.372914 0.746622
vt 0.372947 0.747947
vt 0.371622 0.747914
vt 0.375000 0.746622
vt 0.375000 0.747880
vt 0.373940 0.751060
vt 0.373311 0.751689
vt 0.378522 0.750000
vt 0.400000 0.746622
vt 0.400000 0.747914
vt 0.390193 0.747947
vt 0.390433 0.746622
vt 0.400000 0.750000
vt 0.390691 0.750000
vt 0.400000 0.753378
vt 0.390433 0.753378
vt 0.390193 0.752053
vt 0.400000 0.752085
vt 0.628378 0.746622
vt 0.628378 0.747914
vt 0.627053 0.747947
vt 0.627085 0.746622
vt 0.626689 0.751689
vt 0.626060 0.751060
vt 0.625000 0.747880
vt 0.625000 0.746622
vt 0.621954 0.749524
vt 0.600000 0.753378
vt 0.600000 0.752086
vt 0.609807 0.752053
vt 0.609567 0.753378
vt 0.600000 0.750000
vt 0.609309 0.750000
vt 0.600000 0.746622
vt 0.609567 0.746622
vt 0.609807 0.747947
vt 0.600000 0.747914
vt 0.371622 0.503378
vt 0.371622 0.502086
vt 0.372947 0.502053
vt 0.372915 0.503378
vt 0.373311 0.498311
vt 0.373940 0.498940
vt 0.375000 0.502120
vt 0.375000 0.503378
vt 0.378046 0.500476
vt 0.400000 0.496622
vt 0.400000 0.497914
vt 0.390193 0.497947
vt 0.390433 0.496622
vt 0.400000 0.500000
vt 0.390691 0.500000
vt 0.400000 0.503378
vt 0.390433 0.503378
vt 0.390193 0.502053
vt 0.400000 0.502086
vt 0.628378 0.503378
vt 0.627086 0.503378
vt 0.627053 0.502053
vt 0.628378 0.502086
vt 0.625000 0.503378
vt 0.625000 0.502120
vt 0.626060 0.498940
vt 0.626689 0.498311
vt 0.621478 0.500000
vt 0.600000 0.503378
vt 0.600000 0.502086
vt 0.609807 0.502053
vt 0.609567 0.503378
vt 0.600000 0.500000
vt 0.609309 0.500000
vt 0.600000 0.496622
vt 0.609567 0.496622
vt 0.609807 0.497947
vt 0.600000 0.497914
s 0
usemtl SiliconeCreamGlass
f 4461/5783/4104 4464/5784/4104 4467/5785/4104 4466/5786/4104
f 4464/5784/4105 4465/5787/4105 4468/5788/4105 4467/5785/4105
f 4466/5786/4106 4467/5785/4106 4479/5789/4106 4476/5790/4106
f 4467/5785/4107 4468/5788/4107 4469/5791/4107 4479/5789/4107
f 4462/5792/4108 4470/5793/4108 4473/5794/4108 4472/5795/4108
f 4470/5793/4109 4471/5796/4109 4474/5797/4109 4473/5794/4109
f 4472/5795/4110 4473/5794/4110 4468/5798/4110 4465/5799/4110
f 4473/5794/4111 4474/5797/4111 4469/5800/4111 4468/5798/4111
f 4463/5801/4112 4475/5802/4112 4478/5803/4112 4477/5804/4112
f 4475/5802/4113 4476/5805/4113 4479/5806/4113 4478/5803/4113
f 4477/5804/4114 4478/5803/4114 4474/5807/4114 4471/5808/4114
f 4478/5803/4115 4479/5806/4115 4469/5809/4115 4474/5807/4115
f 4480/5810/4116 4483/5811/4116 4486/5812/4116 4485/5813/4116
f 4483/5811/4117 4484/5814/4117 4487/5815/4117 4486/5812/4117
f 4485/5813/4118 4486/5812/4118 4498/5816/4118 4495/5817/4118
f 4486/5812/4119 4487/5815/4119 4488/5818/4119 4498/5816/4119
f 4481/5819/4120 4489/5820/4120 4492/5821/4120 4491/5822/4120
f 4489/5820/4121 4490/5823/4121 4493/5824/4121 4492/5821/4121
f 4491/5822/4122 4492/5821/4122 4487/5825/4122 4484/5826/4122
f 4492/5821/4123 4493/5824/4123 4488/5827/4123 4487/5825/4123
f 4482/5828/4124 4494/5829/4124 4497/5830/4124 4496/5831/4124
f 4494/5829/4125 4495/5832/4125 4498/5833/4125 4497/5830/4125
f 4496/5831/4126 4497/5830/4126 4493/5834/4126 4490/5835/4126
f 4497/5830/4127 4498/5833/4127 4488/5836/4127 4493/5834/4127
f 4499/5837/4128 4502/5838/4128 4505/5839/4128 4504/5840/4128
f 4502/5838/4129 4503/5841/4129 4506/5842/4129 4505/5839/4129
f 4504/5840/4130 4505/5839/4130 4517/5843/4130 4514/5844/4130
f 4505/5839/4131 4506/5842/4131 4507/5845/4131 4517/5843/4131
f 4500/5846/4132 4508/5847/4132 4511/5848/4132 4510/5849/4132
f 4508/5847/4133 4509/5850/4133 4512/5851/4133 4511/5848/4133
f 4510/5849/4134 4511/5848/4134 4506/5852/4134 4503/5853/4134
f 4511/5848/4135 4512/5851/4135 4507/5854/4135 4506/5852/4135
f 4501/5855/4136 4513/5856/4136 4516/5857/4136 4515/5858/4136
f 4513/5856/4137 4514/5859/4137 4517/5860/4137 4516/5857/4137
f 4515/5858/4138 4516/5857/4138 4512/5851/4138 4509/5850/4138
f 4516/5857/4139 4517/5860/4139 4507/5854/4139 4512/5851/4139
f 4518/5861/4140 4521/5862/4140 4524/5863/4140 4523/5864/4140
f 4521/5862/4141 4522/5865/4141 4525/5866/4141 4524/5863/4141
f 4523/5864/4142 4524/5863/4142 4536/5867/4142 4533/5868/4142
f 4524/5863/4143 4525/5866/4143 4526/5869/4143 4536/5867/4143
f 4519/5870/4144 4527/5871/4144 4530/5872/4144 4529/5873/4144
f 4527/5871/4145 4528/5874/4145 4531/5875/4145 4530/5872/4145
f 4529/5873/4146 4530/5872/4146 4525/5876/4146 4522/5877/4146
f 4530/5872/4147 4531/5875/4147 4526/5878/4147 4525/5876/4147
f 4520/5879/4148 4532/5880/4148 4535/5881/4148 4534/5882/4148
f 4532/5880/4149 4533/5883/4149 4536/5884/4149 4535/5881/4149
f 4534/5882/4150 4535/5881/4150 4531/5875/4150 4528/5874/4150
f 4535/5881/4151 4536/5884/4151 4526/5878/4151 4531/5875/4151
f 4537/5885/4152 4540/5886/4152 4543/5887/4152 4542/5888/4152
f 4540/5886/4153 4541/5889/4153 4544/5890/4153 4543/5887/4153
f 4542/5888/4154 4543/5887/4154 4555/5891/4154 4552/5892/4154
f 4543/5887/4155 4544/5890/4155 4545/5893/4155 4555/5891/4155
f 4538/5894/4156 4546/5895/4156 4549/5896/4156 4548/5897/4156
f 4546/5895/4157 4547/5898/4157 4550/5899/4157 4549/5896/4157
f 4548/5897/4158 4549/5896/4158 4544/5890/4158 4541/5889/4158
f 4549/5896/4159 4550/5899/4159 4545/5893/4159 4544/5890/4159
f 4539/5900/4160 4551/5901/4160 4554/5902/4160 4553/5903/4160
f 4551/5901/4161 4552/5892/4161 4555/5891/4161 4554/5902/4161
f 4553/5903/4162 4554/5902/4162 4550/5899/4162 4547/5898/4162
f 4554/5902/4163 4555/5891/4163 4545/5893/4163 4550/5899/4163
f 4556/5904/4164 4559/5905/4164 4562/5906/4164 4561/5907/4164
f 4559/5905/4165 4560/5908/4165 4563/5909/4165 4562/5906/4165
f 4561/5907/4166 4562/5906/4166 4574/5910/4166 4571/5911/4166
f 4562/5906/4167 4563/5909/4167 4564/5912/4167 4574/5910/4167
f 4557/5913/4168 4565/5914/4168 4568/5915/4168 4567/5916/4168
f 4565/5914/4169 4566/5917/4169 4569/5918/4169 4568/5915/4169
f 4567/5916/4170 4568/5915/4170 4563/5909/4170 4560/5908/4170
f 4568/5915/4171 4569/5918/4171 4564/5912/4171 4563/5909/4171
f 4558/5919/4172 4570/5920/4172 4573/5921/4172 4572/5922/4172
f 4570/5920/4173 4571/5911/4173 4574/5910/4173 4573/5921/4173
f 4572/5922/4174 4573/5921/4174 4569/5918/4174 4566/5917/4174
f 4573/5921/4175 4574/5910/4175 4564/5912/4175 4569/5918/4175
f 4575/5923/4176 4578/5924/4176 4581/5925/4176 4580/5926/4176
f 4578/5924/4177 4579/5927/4177 4582/5928/4177 4581/5925/4177
f 4580/5926/4178 4581/5925/4178 4593/5929/4178 4590/5930/4178
f 4581/5925/4179 4582/5928/4179 4583/5931/4179 4593/5929/4179
f 4576/5932/4180 4584/5933/4180 4587/5934/4180 4586/5935/4180
f 4584/5933/4181 4585/5936/4181 4588/5937/4181 4587/5934/4181
f 4586/5935/4182 4587/5934/4182 4582/5928/4182 4579/5927/4182
f 4587/5934/4183 4588/5937/4183 4583/5931/4183 4582/5928/4183
f 4577/5938/4184 4589/5939/4184 4592/5940/4184 4591/5941/4184
f 4589/5939/4185 4590/5930/4185 4593/5929/4185 4592/5940/4185
f 4591/5941/4186 4592/5940/4186 4588/5937/4186 4585/5936/4186
f 4592/5940/4187 4593/5929/4187 4583/5931/4187 4588/5937/4187
f 4594/5942/4188 4597/5943/4188 4600/5944/4188 4599/5945/4188
f 4597/5943/4189 4598/5946/4189 4601/5947/4189 4600/5944/4189
f 4599/5945/4190 4600/5944/4190 4612/5948/4190 4609/5949/4190
f 4600/5944/4191 4601/5947/4191 4602/5950/4191 4612/5948/4191
f 4595/5951/4192 4603/5952/4192 4606/5953/4192 4605/5954/4192
f 4603/5952/4193 4604/5955/4193 4607/5956/4193 4606/5953/4193
f 4605/5954/4194 4606/5953/4194 4601/5947/4194 4598/5946/4194
f 4606/5953/4195 4607/5956/4195 4602/5950/4195 4601/5947/4195
f 4596/5957/4196 4608/5958/4196 4611/5959/4196 4610/5960/4196
f 4608/5958/4197 4609/5949/4197 4612/5948/4197 4611/5959/4197
f 4610/5960/4198 4611/5959/4198 4607/5956/4198 4604/5955/4198
f 4611/5959/4199 4612/5948/4199 4602/5950/4199 4607/5956/4199
f 4499/5837/4200 4461/5783/4200 4466/5786/4200 4502/5838/4200
f 4502/5838/4201 4466/5786/4201 4476/5790/4201 4503/5841/4201
f 4503/5853/4202 4476/5805/4202 4475/5802/4202 4510/5849/4202
f 4510/5849/4203 4475/5802/4203 4463/5801/4203 4500/5846/4203
f 4462/5792/4204 4480/5810/4204 4485/5813/4204 4470/5793/4204
f 4470/5793/4205 4485/5813/4205 4495/5817/4205 4471/5796/4205
f 4471/5808/4206 4495/5832/4206 4494/5829/4206 4477/5804/4206
f 4477/5804/4207 4494/5829/4207 4482/5828/4207 4463/5801/4207
f 4481/5819/4208 4518/5861/4208 4523/5864/4208 4489/5820/4208
f 4489/5820/4209 4523/5864/4209 4533/5868/4209 4490/5823/4209
f 4490/5835/4210 4533/5883/4210 4532/5880/4210 4496/5831/4210
f 4496/5831/4211 4532/5880/4211 4520/5879/4211 4482/5828/4211
f 4519/5870/4212 4501/5855/4212 4515/5858/4212 4527/5871/4212
f 4527/5871/4213 4515/5858/4213 4509/5850/4213 4528/5874/4213
f 4528/5874/4214 4509/5850/4214 4508/5847/4214 4534/5882/4214
f 4534/5882/4215 4508/5847/4215 4500/5846/4215 4520/5879/4215
f 4575/5923/4216 4499/5837/4216 4504/5840/4216 4578/5924/4216
f 4578/5924/4217 4504/5840/4217 4514/5844/4217 4579/5927/4217
f 4579/5927/4218 4514/5859/4218 4513/5856/4218 4586/5935/4218
f 4586/5935/4219 4513/5856/4219 4501/5855/4219 4576/5932/4219
f 4518/5861/4220 4594/5942/4220 4599/5945/4220 4521/5862/4220
f 4521/5862/4221 4599/5945/4221 4609/5949/4221 4522/5865/4221
f 4522/5877/4222 4609/5949/4222 4608/5958/4222 4529/5873/4222
f 4529/5873/4223 4608/5958/4223 4596/5957/4223 4519/5870/4223
f 4595/5951/4224 4577/5938/4224 4591/5941/4224 4603/5952/4224
f 4603/5952/4225 4591/5941/4225 4585/5936/4225 4604/5955/4225
f 4604/5955/4226 4585/5936/4226 4584/5933/4226 4610/5960/4226
f 4610/5960/4227 4584/5933/4227 4576/5932/4227 4596/5957/4227
f 4537/5885/4228 4575/5923/4228 4580/5926/4228 4540/5886/4228
f 4540/5886/4229 4580/5926/4229 4590/5930/4229 4541/5889/4229
f 4541/5889/4230 4590/5930/4230 4589/5939/4230 4548/5897/4230
f 4548/5897/4231 4589/5939/4231 4577/5938/4231 4538/5894/4231
f 4594/5942/4232 4556/5904/4232 4561/5907/4232 4597/5943/4232
f 4597/5943/4233 4561/5907/4233 4571/5911/4233 4598/5946/4233
f 4598/5946/4234 4571/5911/4234 4570/5920/4234 4605/5954/4234
f 4605/5954/4235 4570/5920/4235 4558/5919/4235 4595/5951/4235
f 4557/5913/4236 4539/5900/4236 4553/5903/4236 4565/5914/4236
f 4565/5914/4237 4553/5903/4237 4547/5898/4237 4566/5917/4237
f 4566/5917/4238 4547/5898/4238 4546/5895/4238 4572/5922/4238
f 4572/5922/4239 4546/5895/4239 4538/5894/4239 4558/5919/4239
f 4461/5783/4240 4537/5885/4240 4542/5888/4240 4464/5784/4240
f 4464/5784/4241 4542/5888/4241 4552/5892/4241 4465/5787/4241
f 4465/5799/4242 4552/5892/4242 4551/5901/4242 4472/5795/4242
f 4472/5795/4243 4551/5901/4243 4539/5900/4243 4462/5792/4243
f 4556/5904/4244 4481/5819/4244 4491/5822/4244 4559/5905/4244
f 4559/5905/4245 4491/5822/4245 4484/5826/4245 4560/5908/4245
f 4560/5908/4246 4484/5814/4246 4483/5811/4246 4567/5916/4246
f 4567/5916/4247 4483/5811/4247 4480/5810/4247 4557/5913/4247
f 4499/5837/4248 4575/5923/4248 4537/5885/4248 4461/5783/4248
f 4463/5801/4249 4482/5828/4249 4520/5879/4249 4500/5846/4249
f 4539/5900/4250 4557/5913/4250 4480/5810/4250 4462/5792/4250
f 4594/5942/4251 4518/5861/4251 4481/5819/4251 4556/5904/4251
f 4501/5855/4252 4519/5870/4252 4596/5957/4252 4576/5932/4252
f 4577/5938/4253 4595/5951/4253 4558/5919/4253 4538/5894/4253
o 39_CaseButtonCovers
v -0.039400 -0.003950 -0.015400
v -0.039400 -0.003550 -0.015000
v -0.039800 -0.003550 -0.015400
v -0.039400 -0.003920 -0.015247
v -0.039400 -0.003833 -0.015117
v -0.039553 -0.003920 -0.015400
v -0.039557 -0.003883 -0.015243
v -0.039549 -0.003813 -0.015138
v -0.039631 -0.003781 -0.015169
v -0.039553 -0.003550 -0.015030
v -0.039683 -0.003550 -0.015117
v -0.039400 -0.003703 -0.015030
v -0.039557 -0.003707 -0.015067
v -0.039663 -0.003699 -0.015138
v -0.039770 -0.003703 -0.015400
v -0.039683 -0.003833 -0.015400
v -0.039770 -0.003550 -0.015247
v -0.039733 -0.003707 -0.015243
v -0.039663 -0.003813 -0.015251
v -0.039400 -0.000350 -0.015000
v -0.039400 0.000050 -0.015400
v -0.039800 -0.000350 -0.015400
v -0.039400 -0.000197 -0.015030
v -0.039400 -0.000067 -0.015117
v -0.039553 -0.000350 -0.015030
v -0.039557 -0.000193 -0.015067
v -0.039549 -0.000087 -0.015138
v -0.039631 -0.000119 -0.015169
v -0.039553 0.000020 -0.015400
v -0.039683 -0.000067 -0.015400
v -0.039400 0.000020 -0.015247
v -0.039557 -0.000017 -0.015243
v -0.039663 -0.000087 -0.015251
v -0.039770 -0.000350 -0.015247
v -0.039683 -0.000350 -0.015117
v -0.039770 -0.000197 -0.015400
v -0.039733 -0.000193 -0.015243
v -0.039663 -0.000201 -0.015138
v -0.039400 -0.003950 -0.044600
v -0.039800 -0.003550 -0.044600
v -0.039400 -0.003550 -0.045000
v -0.039553 -0.003920 -0.044600
v -0.039683 -0.003833 -0.044600
v -0.039400 -0.003920 -0.044753
v -0.039557 -0.003883 -0.044757
v -0.039663 -0.003813 -0.044749
v -0.039631 -0.003781 -0.044831
v -0.039770 -0.003550 -0.044753
v -0.039683 -0.003550 -0.044883
v -0.039770 -0.003703 -0.044600
v -0.039733 -0.003707 -0.044757
v -0.039663 -0.003699 -0.044863
v -0.039400 -0.003703 -0.044970
v -0.039400 -0.003833 -0.044883
v -0.039553 -0.003550 -0.044970
v -0.039557 -0.003707 -0.044933
v -0.039549 -0.003813 -0.044863
v -0.039400 0.000050 -0.044600
v -0.039400 -0.000350 -0.045000
v -0.039800 -0.000350 -0.044600
v -0.039400 0.000020 -0.044753
v -0.039400 -0.000067 -0.044883
v -0.039553 0.000020 -0.044600
v -0.039557 -0.000017 -0.044757
v -0.039549 -0.000087 -0.044862
v -0.039631 -0.000119 -0.044831
v -0.039553 -0.000350 -0.044970
v -0.039683 -0.000350 -0.044883
v -0.039400 -0.000197 -0.044970
v -0.039557 -0.000193 -0.044933
v -0.039663 -0.000201 -0.044862
v -0.039770 -0.000197 -0.044600
v -0.039683 -0.000067 -0.044600
v -0.039770 -0.000350 -0.044753
v -0.039733 -0.000193 -0.044757
v -0.039663 -0.000087 -0.044749
v -0.036200 -0.003950 -0.015400
v -0.035800 -0.003550 -0.015400
v -0.036200 -0.003550 -0.015000
v -0.036047 -0.003920 -0.015400
v -0.035917 -0.003833 -0.015400
v -0.036200 -0.003920 -0.015247
v -0.036043 -0.003883 -0.015243
v -0.035937 -0.003813 -0.015251
v -0.035969 -0.003781 -0.015169
v -0.035830 -0.003550 -0.015247
v -0.035917 -0.003550 -0.015117
v -0.035830 -0.003703 -0.015400
v -0.035867 -0.003707 -0.015243
v -0.035937 -0.003699 -0.015137
v -0.036200 -0.003703 -0.015030
v -0.036200 -0.003833 -0.015117
v -0.036047 -0.003550 -0.015030
v -0.036043 -0.003707 -0.015067
v -0.036051 -0.003813 -0.015137
v -0.036200 0.000050 -0.015400
v -0.036200 -0.000350 -0.015000
v -0.035800 -0.000350 -0.015400
v -0.036200 0.000020 -0.015247
v -0.036200 -0.000067 -0.015117
v -0.036047 0.000020 -0.015400
v -0.036043 -0.000017 -0.015243
v -0.036051 -0.000087 -0.015138
v -0.035969 -0.000119 -0.015169
v -0.036047 -0.000350 -0.015030
v -0.035917 -0.000350 -0.015117
v -0.036200 -0.000197 -0.015030
v -0.036043 -0.000193 -0.015067
v -0.035937 -0.000201 -0.015138
v -0.035830 -0.000197 -0.015400
v -0.035917 -0.000067 -0.015400
v -0.035830 -0.000350 -0.015247
v -0.035867 -0.000193 -0.015243
v -0.035937 -0.000087 -0.015251
v -0.036200 -0.003950 -0.044600
v -0.036200 -0.003550 -0.045000
v -0.035800 -0.003550 -0.044600
v -0.036200 -0.003920 -0.044753
v -0.036200 -0.003833 -0.044883
v -0.036047 -0.003920 -0.044600
v -0.036043 -0.003883 -0.044757
v -0.036051 -0.003813 -0.044862
v -0.035969 -0.003781 -0.044831
v -0.036047 -0.003550 -0.044970
v -0.035917 -0.003550 -0.044883
v -0.036200 -0.003703 -0.044970
v -0.036043 -0.003707 -0.044933
v -0.035937 -0.003699 -0.044862
v -0.035830 -0.003703 -0.044600
v -0.035917 -0.003833 -0.044600
v -0.035830 -0.003550 -0.044753
v -0.035867 -0.003707 -0.044757
v -0.035937 -0.003813 -0.044749
v -0.036200 0.000050 -0.044600
v -0.035800 -0.000350 -0.044600
v -0.036200 -0.000350 -0.045000
v -0.036047 0.000020 -0.044600
v -0.035917 -0.000067 -0.044600
v -0.036200 0.000020 -0.044753
v -0.036043 -0.000017 -0.044757
v -0.035937 -0.000087 -0.044749
v -0.035969 -0.000119 -0.044831
v -0.035830 -0.000350 -0.044753
v -0.035917 -0.000350 -0.044883
v -0.035830 -0.000197 -0.044600
v -0.035867 -0.000193 -0.044757
v -0.035937 -0.000201 -0.044863
v -0.036200 -0.000197 -0.044970
v -0.036200 -0.000067 -0.044883
v -0.036047 -0.000350 -0.044970
v -0.036043 -0.000193 -0.044933
v -0.036051 -0.000087 -0.044863
vn -0.2049 -0.9571 0.2049
vn -0.1818 -0.8152 0.5500
vn -0.5500 -0.8152 0.1818
vn -0.4931 -0.7167 0.4931
vn -0.2049 -0.2049 0.9571
vn -0.5500 -0.1818 0.8152
vn -0.1818 -0.5500 0.8152
vn -0.4931 -0.4931 0.7167
vn -0.9571 -0.2049 0.2049
vn -0.8152 -0.5500 0.1818
vn -0.8152 -0.1818 0.5500
vn -0.7167 -0.4931 0.4931
vn -0.2049 0.2049 0.9571
vn -0.1818 0.5500 0.8152
vn -0.5500 0.1818 0.8152
vn -0.4931 0.4931 0.7167
vn -0.2049 0.9571 0.2049
vn -0.5500 0.8152 0.1818
vn -0.1818 0.8152 0.5499
vn -0.4931 0.7167 0.4931
vn -0.9571 0.2049 0.2049
vn -0.8152 0.1818 0.5500
vn -0.8152 0.5500 0.1818
vn -0.7167 0.4931 0.4931
vn -0.2049 -0.9571 -0.2049
vn -0.5500 -0.8152 -0.1818
vn -0.1818 -0.8152 -0.5499
vn -0.4931 -0.7167 -0.4931
vn -0.9571 -0.2049 -0.2049
vn -0.8152 -0.1818 -0.5500
vn -0.8152 -0.5500 -0.1818
vn -0.7167 -0.4931 -0.4931
vn -0.2049 -0.2049 -0.9571
vn -0.1818 -0.5500 -0.8152
vn -0.5500 -0.1818 -0.8152
vn -0.4931 -0.4931 -0.7167
vn -0.2049 0.9571 -0.2049
vn -0.1818 0.8152 -0.5500
vn -0.5500 0.8152 -0.1818
vn -0.4931 0.7167 -0.4931
vn -0.2049 0.2049 -0.9571
vn -0.5500 0.1818 -0.8152
vn -0.1818 0.5500 -0.8152
vn -0.4931 0.4931 -0.7167
vn -0.9571 0.2049 -0.2049
vn -0.8152 0.5500 -0.1818
vn -0.8152 0.1818 -0.5500
vn -0.7167 0.4931 -0.4931
vn 0.2049 -0.9571 0.2049
vn 0.5500 -0.8152 0.1818
vn 0.1818 -0.8152 0.5499
vn 0.4931 -0.7167 0.4931
vn 0.9571 -0.2049 0.2049
vn 0.8152 -0.1818 0.5500
vn 0.8152 -0.5500 0.1818
vn 0.7167 -0.4931 0.4931
vn 0.2049 -0.2049 0.9571
vn 0.1818 -0.5500 0.8152
vn 0.5500 -0.1818 0.8152
vn 0.4931 -0.4931 0.7167
vn 0.2049 0.9571 0.2049
vn 0.1818 0.8152 0.5500
vn 0.5500 0.8152 0.1818
vn 0.4931 0.7167 0.4931
vn 0.2049 0.2049 0.9571
vn 0.5500 0.1818 0.8152
vn 0.1818 0.5500 0.8152
vn 0.4931 0.4931 0.7167
vn 0.9571 0.2049 0.2049
vn 0.8152 0.5500 0.1818
vn 0.8152 0.1818 0.5500
vn 0.7167 0.4931 0.4931
vn 0.2049 -0.9571 -0.2049
vn 0.1818 -0.8152 -0.5500
vn 0.5500 -0.8152 -0.1818
vn 0.4931 -0.7167 -0.4931
vn 0.2049 -0.2049 -0.9571
vn 0.5500 -0.1818 -0.8152
vn 0.1818 -0.5500 -0.8152
vn 0.4931 -0.4931 -0.7167
vn 0.9571 -0.2049 -0.2049
vn 0.8152 -0.5500 -0.1818
vn 0.8152 -0.1818 -0.5500
vn 0.7167 -0.4931 -0.4931
vn 0.2049 0.9571 -0.2049
vn 0.5500 0.8152 -0.1818
vn 0.1818 0.8152 -0.5499
vn 0.4931 0.7167 -0.4931
vn 0.9571 0.2049 -0.2049
vn 0.8152 0.1818 -0.5500
vn 0.8152 0.5500 -0.1818
vn 0.7167 0.4931 -0.4931
vn 0.2049 0.2049 -0.9571
vn 0.1818 0.5500 -0.8152
vn 0.5500 0.1818 -0.8152
vn 0.4931 0.4931 -0.7167
vn -0.1951 -0.9808 -0.0000
vn -0.5556 -0.8315 -0.0000
vn -0.8315 -0.5556 -0.0000
vn -0.9808 -0.1951 -0.0000
vn -0.1951 -0.0000 0.9808
vn -0.5556 -0.0000 0.8315
vn -0.8315 -0.0000 0.5556
vn -0.9808 -0.0000 0.1951
vn -0.1951 0.9808 -0.0000
vn -0.5556 0.8315 -0.0000
vn -0.8315 0.5556 -0.0000
vn -0.9808 0.1951 -0.0000
vn -0.1951 -0.0000 -0.9808
vn -0.5556 -0.0000 -0.8315
vn -0.8315 -0.0000 -0.5556
vn -0.9808 -0.0000 -0.1951
vn -0.0000 -0.9808 -0.1951
vn -0.0000 -0.8315 -0.5556
vn -0.0000 -0.5556 -0.8315
vn -0.0000 -0.1951 -0.9808
vn -0.0000 0.9808 -0.1951
vn -0.0000 0.8315 -0.5556
vn -0.0000 0.5556 -0.8315
vn -0.0000 0.1951 -0.9808
vn 0.9808 -0.0000 -0.1951
vn 0.8315 -0.0000 -0.5556
vn 0.5556 -0.0000 -0.8315
vn 0.1951 -0.0000 -0.9808
vn 0.1951 -0.9808 -0.0000
vn 0.5556 -0.8315 -0.0000
vn 0.8315 -0.5556 -0.0000
vn 0.9808 -0.1951 -0.0000
vn 0.1951 0.9808 -0.0000
vn 0.5556 0.8315 -0.0000
vn 0.8315 0.5556 -0.0000
vn 0.9808 0.1951 -0.0000
vn 0.1951 -0.0000 0.9808
vn 0.5556 -0.0000 0.8315
vn 0.8315 -0.0000 0.5556
vn 0.9808 -0.0000 0.1951
vn -0.0000 -0.9808 0.1951
vn -0.0000 -0.8315 0.5556
vn -0.0000 -0.5556 0.8315
vn -0.0000 -0.1951 0.9808
vn -0.0000 0.9808 0.1951
vn -0.0000 0.8315 0.5556
vn -0.0000 0.5556 0.8315
vn -0.0000 0.1951 0.9808
vn -0.0000 -1.0000 -0.0000
vn -1.0000 -0.0000 -0.0000
vn -0.0000 -0.0000 1.0000
vn -0.0000 1.0000 -0.0000
vn -0.0000 -0.0000 -1.0000
vn 1.0000 -0.0000 -0.0000
vt 0.150000 0.746667
vt 0.150000 0.747942
vt 0.140193 0.747974
vt 0.140433 0.746667
vt 0.150000 0.750000
vt 0.140691 0.750000
vt 0.125000 0.747908
vt 0.125000 0.746667
vt 0.135566 0.750000
vt 0.400000 0.975000
vt 0.400000 0.984567
vt 0.390193 0.984807
vt 0.390433 0.975000
vt 0.400000 1.000000
vt 0.390691 1.000000
vt 0.375000 0.984309
vt 0.375000 0.975000
vt 0.385566 1.000000
vt 0.400000 0.003333
vt 0.390433 0.003333
vt 0.390193 0.002026
vt 0.400000 0.002058
vt 0.375000 0.003333
vt 0.375000 0.002092
vt 0.390691 0.000000
vt 0.400000 0.000000
vt 0.375000 0.001409
vt 0.600000 0.975000
vt 0.609567 0.975000
vt 0.609807 0.984807
vt 0.600000 0.984567
vt 0.625000 0.975000
vt 0.625000 0.984309
vt 0.609309 1.000000
vt 0.600000 1.000000
vt 0.625000 0.989434
vt 0.850000 0.746667
vt 0.859567 0.746667
vt 0.859807 0.747974
vt 0.850000 0.747942
vt 0.875000 0.746667
vt 0.875000 0.747908
vt 0.859309 0.750000
vt 0.850000 0.750000
vt 0.875000 0.748591
vt 0.600000 0.003333
vt 0.600000 0.002058
vt 0.609807 0.002026
vt 0.609567 0.003333
vt 0.600000 0.000000
vt 0.609309 0.000000
vt 0.625000 0.002092
vt 0.625000 0.003333
vt 0.614434 0.000000
vt 0.150000 0.503333
vt 0.140433 0.503333
vt 0.140193 0.502026
vt 0.150000 0.502058
vt 0.125000 0.503333
vt 0.125000 0.502092
vt 0.140691 0.500000
vt 0.150000 0.500000
vt 0.125000 0.501409
vt 0.400000 0.246667
vt 0.400000 0.247942
vt 0.390193 0.247974
vt 0.390433 0.246667
vt 0.400000 0.250000
vt 0.390691 0.250000
vt 0.375000 0.247908
vt 0.375000 0.246667
vt 0.380283 0.255283
vt 0.400000 0.275000
vt 0.390433 0.275000
vt 0.390193 0.265193
vt 0.400000 0.265433
vt 0.375000 0.275000
vt 0.375000 0.265691
vt 0.850000 0.503333
vt 0.850000 0.502058
vt 0.859807 0.502026
vt 0.859567 0.503333
vt 0.850000 0.500000
vt 0.859309 0.500000
vt 0.875000 0.502092
vt 0.875000 0.503333
vt 0.864434 0.500000
vt 0.600000 0.275000
vt 0.600000 0.265433
vt 0.609807 0.265193
vt 0.609567 0.275000
vt 0.600000 0.250000
vt 0.609309 0.250000
vt 0.625000 0.265691
vt 0.625000 0.275000
vt 0.619717 0.249296
vt 0.600000 0.246667
vt 0.609567 0.246667
vt 0.609807 0.247974
vt 0.600000 0.247942
vt 0.625000 0.246667
vt 0.625000 0.247908
vt 0.350000 0.746667
vt 0.359567 0.746667
vt 0.359807 0.747974
vt 0.350000 0.747942
vt 0.375000 0.746667
vt 0.375000 0.747908
vt 0.367155 0.757845
vt 0.362500 0.762500
vt 0.378522 0.753052
vt 0.400000 0.746667
vt 0.400000 0.747942
vt 0.390193 0.747974
vt 0.390433 0.746667
vt 0.400000 0.750000
vt 0.390691 0.750000
vt 0.400000 0.775000
vt 0.390433 0.775000
vt 0.390193 0.765193
vt 0.400000 0.765433
vt 0.650000 0.746667
vt 0.650000 0.747942
vt 0.640193 0.747974
vt 0.640433 0.746667
vt 0.637500 0.762500
vt 0.632845 0.757845
vt 0.625000 0.747908
vt 0.625000 0.746667
vt 0.625000 0.749530
vt 0.600000 0.775000
vt 0.600000 0.765433
vt 0.609807 0.765193
vt 0.609567 0.775000
vt 0.600000 0.750000
vt 0.609309 0.750000
vt 0.600000 0.746667
vt 0.609567 0.746667
vt 0.609807 0.747974
vt 0.600000 0.747942
vt 0.350000 0.503333
vt 0.350000 0.502058
vt 0.359807 0.502026
vt 0.359567 0.503333
vt 0.362500 0.487500
vt 0.367155 0.492155
vt 0.375000 0.502092
vt 0.375000 0.503333
vt 0.375000 0.500470
vt 0.400000 0.475000
vt 0.400000 0.484567
vt 0.390193 0.484807
vt 0.390433 0.475000
vt 0.400000 0.500000
vt 0.390691 0.500000
vt 0.400000 0.503333
vt 0.390433 0.503333
vt 0.390193 0.502026
vt 0.400000 0.502058
vt 0.650000 0.503333
vt 0.640433 0.503333
vt 0.640193 0.502026
vt 0.650000 0.502058
vt 0.625000 0.503333
vt 0.625000 0.502092
vt 0.632845 0.492155
vt 0.637500 0.487500
vt 0.621478 0.496948
vt 0.600000 0.503333
vt 0.600000 0.502058
vt 0.609807 0.502026
vt 0.609567 0.503333
vt 0.600000 0.500000
vt 0.609309 0.500000
vt 0.600000 0.475000
vt 0.609567 0.475000
vt 0.609807 0.484807
vt 0.600000 0.484567
s 0
usemtl SiliconeCreamGlass
f 4613/5961/4254 4616/5962/4254 4619/5963/4254 4618/5964/4254
f 4616/5962/4255 4617/5965/4255 4620/5966/4255 4619/5963/4255
f 4618/5964/4256 4619/5963/4256 4631/5967/4256 4628/5968/4256
f 4619/5963/4257 4620/5966/4257 4621/5969/4257 4631/5967/4257
f 4614/5970/4258 4622/5971/4258 4625/5972/4258 4624/5973/4258
f 4622/5971/4259 4623/5974/4259 4626/5975/4259 4625/5972/4259
f 4624/5973/4260 4625/5972/4260 4620/5976/4260 4617/5977/4260
f 4625/5972/4261 4626/5975/4261 4621/5978/4261 4620/5976/4261
f 4615/5979/4262 4627/5980/4262 4630/5981/4262 4629/5982/4262
f 4627/5980/4263 4628/5983/4263 4631/5984/4263 4630/5981/4263
f 4629/5982/4264 4630/5981/4264 4626/5985/4264 4623/5986/4264
f 4630/5981/4265 4631/5984/4265 4621/5987/4265 4626/5985/4265
f 4632/5988/4266 4635/5989/4266 4638/5990/4266 4637/5991/4266
f 4635/5989/4267 4636/5992/4267 4639/5993/4267 4638/5990/4267
f 4637/5991/4268 4638/5990/4268 4650/5994/4268 4647/5995/4268
f 4638/5990/4269 4639/5993/4269 4640/5996/4269 4650/5994/4269
f 4633/5997/4270 4641/5998/4270 4644/5999/4270 4643/6000/4270
f 4641/5998/4271 4642/6001/4271 4645/6002/4271 4644/5999/4271
f 4643/6000/4272 4644/5999/4272 4639/6003/4272 4636/6004/4272
f 4644/5999/4273 4645/6002/4273 4640/6005/4273 4639/6003/4273
f 4634/6006/4274 4646/6007/4274 4649/6008/4274 4648/6009/4274
f 4646/6007/4275 4647/6010/4275 4650/6011/4275 4649/6008/4275
f 4648/6009/4276 4649/6008/4276 4645/6012/4276 4642/6013/4276
f 4649/6008/4277 4650/6011/4277 4640/6014/4277 4645/6012/4277
f 4651/6015/4278 4654/6016/4278 4657/6017/4278 4656/6018/4278
f 4654/6016/4279 4655/6019/4279 4658/6020/4279 4657/6017/4279
f 4656/6018/4280 4657/6017/4280 4669/6021/4280 4666/6022/4280
f 4657/6017/4281 4658/6020/4281 4659/6023/4281 4669/6021/4281
f 4652/6024/4282 4660/6025/4282 4663/6026/4282 4662/6027/4282
f 4660/6025/4283 4661/6028/4283 4664/6029/4283 4663/6026/4283
f 4662/6027/4284 4663/6026/4284 4658/6030/4284 4655/6031/4284
f 4663/6026/4285 4664/6029/4285 4659/6032/4285 4658/6030/4285
f 4653/6033/4286 4665/6034/4286 4668/6035/4286 4667/6036/4286
f 4665/6034/4287 4666/6037/4287 4669/6038/4287 4668/6035/4287
f 4667/6036/4288 4668/6035/4288 4664/6029/4288 4661/6028/4288
f 4668/6035/4289 4669/6038/4289 4659/6032/4289 4664/6029/4289
f 4670/6039/4290 4673/6040/4290 4676/6041/4290 4675/6042/4290
f 4673/6040/4291 4674/6043/4291 4677/6044/4291 4676/6041/4291
f 4675/6042/4292 4676/6041/4292 4688/6045/4292 4685/6046/4292
f 4676/6041/4293 4677/6044/4293 4678/6047/4293 4688/6045/4293
f 4671/6048/4294 4679/6049/4294 4682/6050/4294 4681/6051/4294
f 4679/6049/4295 4680/6052/4295 4683/6053/4295 4682/6050/4295
f 4681/6051/4296 4682/6050/4296 4677/6054/4296 4674/6055/4296
f 4682/6050/4297 4683/6053/4297 4678/6056/4297 4677/6054/4297
f 4672/6057/4298 4684/6058/4298 4687/6059/4298 4686/6060/4298
f 4684/6058/4299 4685/6061/4299 4688/6062/4299 4687/6059/4299
f 4686/6060/4300 4687/6059/4300 4683/6053/4300 4680/6052/4300
f 4687/6059/4301 4688/6062/4301 4678/6056/4301 4683/6053/4301
f 4689/6063/4302 4692/6064/4302 4695/6065/4302 4694/6066/4302
f 4692/6064/4303 4693/6067/4303 4696/6068/4303 4695/6065/4303
f 4694/6066/4304 4695/6065/4304 4707/6069/4304 4704/6070/4304
f 4695/6065/4305 4696/6068/4305 4697/6071/4305 4707/6069/4305
f 4690/6072/4306 4698/6073/4306 4701/6074/4306 4700/6075/4306
f 4698/6073/4307 4699/6076/4307 4702/6077/4307 4701/6074/4307
f 4700/6075/4308 4701/6074/4308 4696/6068/4308 4693/6067/4308
f 4701/6074/4309 4702/6077/4309 4697/6071/4309 4696/6068/4309
f 4691/6078/4310 4703/6079/4310 4706/6080/4310 4705/6081/4310
f 4703/6079/4311 4704/6070/4311 4707/6069/4311 4706/6080/4311
f 4705/6081/4312 4706/6080/4312 4702/6077/4312 4699/6076/4312
f 4706/6080/4313 4707/6069/4313 4697/6071/4313 4702/6077/4313
f 4708/6082/4314 4711/6083/4314 4714/6084/4314 4713/6085/4314
f 4711/6083/4315 4712/6086/4315 4715/6087/4315 4714/6084/4315
f 4713/6085/4316 4714/6084/4316 4726/6088/4316 4723/6089/4316
f 4714/6084/4317 4715/6087/4317 4716/6090/4317 4726/6088/4317
f 4709/6091/4318 4717/6092/4318 4720/6093/4318 4719/6094/4318
f 4717/6092/4319 4718/6095/4319 4721/6096/4319 4720/6093/4319
f 4719/6094/4320 4720/6093/4320 4715/6087/4320 4712/6086/4320
f 4720/6093/4321 4721/6096/4321 4716/6090/4321 4715/6087/4321
f 4710/6097/4322 4722/6098/4322 4725/6099/4322 4724/6100/4322
f 4722/6098/4323 4723/6089/4323 4726/6088/4323 4725/6099/4323
f 4724/6100/4324 4725/6099/4324 4721/6096/4324 4718/6095/4324
f 4725/6099/4325 4726/6088/4325 4716/6090/4325 4721/6096/4325
f 4727/6101/4326 4730/6102/4326 4733/6103/4326 4732/6104/4326
f 4730/6102/4327 4731/6105/4327 4734/6106/4327 4733/6103/4327
f 4732/6104/4328 4733/6103/4328 4745/6107/4328 4742/6108/4328
f 4733/6103/4329 4734/6106/4329 4735/6109/4329 4745/6107/4329
f 4728/6110/4330 4736/6111/4330 4739/6112/4330 4738/6113/4330
f 4736/6111/4331 4737/6114/4331 4740/6115/4331 4739/6112/4331
f 4738/6113/4332 4739/6112/4332 4734/6106/4332 4731/6105/4332
f 4739/6112/4333 4740/6115/4333 4735/6109/4333 4734/6106/4333
f 4729/6116/4334 4741/6117/4334 4744/6118/4334 4743/6119/4334
f 4741/6117/4335 4742/6108/4335 4745/6107/4335 4744/6118/4335
f 4743/6119/4336 4744/6118/4336 4740/6115/4336 4737/6114/4336
f 4744/6118/4337 4745/6107/4337 4735/6109/4337 4740/6115/4337
f 4746/6120/4338 4749/6121/4338 4752/6122/4338 4751/6123/4338
f 4749/6121/4339 4750/6124/4339 4753/6125/4339 4752/6122/4339
f 4751/6123/4340 4752/6122/4340 4764/6126/4340 4761/6127/4340
f 4752/6122/4341 4753/6125/4341 4754/6128/4341 4764/6126/4341
f 4747/6129/4342 4755/6130/4342 4758/6131/4342 4757/6132/4342
f 4755/6130/4343 4756/6133/4343 4759/6134/4343 4758/6131/4343
f 4757/6132/4344 4758/6131/4344 4753/6125/4344 4750/6124/4344
f 4758/6131/4345 4759/6134/4345 4754/6128/4345 4753/6125/4345
f 4748/6135/4346 4760/6136/4346 4763/6137/4346 4762/6138/4346
f 4760/6136/4347 4761/6127/4347 4764/6126/4347 4763/6137/4347
f 4762/6138/4348 4763/6137/4348 4759/6134/4348 4756/6133/4348
f 4763/6137/4349 4764/6126/4349 4754/6128/4349 4759/6134/4349
f 4651/6015/4350 4613/5961/4350 4618/5964/4350 4654/6016/4350
f 4654/6016/4351 4618/5964/4351 4628/5968/4351 4655/6019/4351
f 4655/6031/4352 4628/5983/4352 4627/5980/4352 4662/6027/4352
f 4662/6027/4353 4627/5980/4353 4615/5979/4353 4652/6024/4353
f 4614/5970/4354 4632/5988/4354 4637/5991/4354 4622/5971/4354
f 4622/5971/4355 4637/5991/4355 4647/5995/4355 4623/5974/4355
f 4623/5986/4356 4647/6010/4356 4646/6007/4356 4629/5982/4356
f 4629/5982/4357 4646/6007/4357 4634/6006/4357 4615/5979/4357
f 4633/5997/4358 4670/6039/4358 4675/6042/4358 4641/5998/4358
f 4641/5998/4359 4675/6042/4359 4685/6046/4359 4642/6001/4359
f 4642/6013/4360 4685/6061/4360 4684/6058/4360 4648/6009/4360
f 4648/6009/4361 4684/6058/4361 4672/6057/4361 4634/6006/4361
f 4671/6048/4362 4653/6033/4362 4667/6036/4362 4679/6049/4362
f 4679/6049/4363 4667/6036/4363 4661/6028/4363 4680/6052/4363
f 4680/6052/4364 4661/6028/4364 4660/6025/4364 4686/6060/4364
f 4686/6060/4365 4660/6025/4365 4652/6024/4365 4672/6057/4365
f 4727/6101/4366 4651/6015/4366 4656/6018/4366 4730/6102/4366
f 4730/6102/4367 4656/6018/4367 4666/6022/4367 4731/6105/4367
f 4731/6105/4368 4666/6037/4368 4665/6034/4368 4738/6113/4368
f 4738/6113/4369 4665/6034/4369 4653/6033/4369 4728/6110/4369
f 4670/6039/4370 4746/6120/4370 4751/6123/4370 4673/6040/4370
f 4673/6040/4371 4751/6123/4371 4761/6127/4371 4674/6043/4371
f 4674/6055/4372 4761/6127/4372 4760/6136/4372 4681/6051/4372
f 4681/6051/4373 4760/6136/4373 4748/6135/4373 4671/6048/4373
f 4747/6129/4374 4729/6116/4374 4743/6119/4374 4755/6130/4374
f 4755/6130/4375 4743/6119/4375 4737/6114/4375 4756/6133/4375
f 4756/6133/4376 4737/6114/4376 4736/6111/4376 4762/6138/4376
f 4762/6138/4377 4736/6111/4377 4728/6110/4377 4748/6135/4377
f 4689/6063/4378 4727/6101/4378 4732/6104/4378 4692/6064/4378
f 4692/6064/4379 4732/6104/4379 4742/6108/4379 4693/6067/4379
f 4693/6067/4380 4742/6108/4380 4741/6117/4380 4700/6075/4380
f 4700/6075/4381 4741/6117/4381 4729/6116/4381 4690/6072/4381
f 4746/6120/4382 4708/6082/4382 4713/6085/4382 4749/6121/4382
f 4749/6121/4383 4713/6085/4383 4723/6089/4383 4750/6124/4383
f 4750/6124/4384 4723/6089/4384 4722/6098/4384 4757/6132/4384
f 4757/6132/4385 4722/6098/4385 4710/6097/4385 4747/6129/4385
f 4709/6091/4386 4691/6078/4386 4705/6081/4386 4717/6092/4386
f 4717/6092/4387 4705/6081/4387 4699/6076/4387 4718/6095/4387
f 4718/6095/4388 4699/6076/4388 4698/6073/4388 4724/6100/4388
f 4724/6100/4389 4698/6073/4389 4690/6072/4389 4710/6097/4389
f 4613/5961/4390 4689/6063/4390 4694/6066/4390 4616/5962/4390
f 4616/5962/4391 4694/6066/4391 4704/6070/4391 4617/5965/4391
f 4617/5977/4392 4704/6070/4392 4703/6079/4392 4624/5973/4392
f 4624/5973/4393 4703/6079/4393 4691/6078/4393 4614/5970/4393
f 4708/6082/4394 4633/5997/4394 4643/6000/4394 4711/6083/4394
f 4711/6083/4395 4643/6000/4395 4636/6004/4395 4712/6086/4395
f 4712/6086/4396 4636/5992/4396 4635/5989/4396 4719/6094/4396
f 4719/6094/4397 4635/5989/4397 4632/5988/4397 4709/6091/4397
f 4651/6015/4398 4727/6101/4398 4689/6063/4398 4613/5961/4398
f 4615/5979/4399 4634/6006/4399 4672/6057/4399 4652/6024/4399
f 4691/6078/4400 4709/6091/4400 4632/5988/4400 4614/5970/4400
f 4746/6120/4401 4670/6039/4401 4633/5997/4401 4708/6082/4401
f 4653/6033/4402 4671/6048/4402 4748/6135/4402 4728/6110/4402
f 4729/6116/4403 4747/6129/4403 4710/6097/4403 4690/6072/4403
