# Blender 5.2.0 LTS
# www.blender.org
mtllib MacBook_Assembly.mtl
o 1_TopAluminumLid
v -0.156000 0.215328 -0.186152
v -0.156000 0.215507 -0.186537
v -0.156300 0.215225 -0.186434
v -0.156000 0.215428 -0.186213
v -0.156000 0.215497 -0.186307
v -0.156115 0.215320 -0.186174
v -0.156118 0.215421 -0.186240
v -0.156112 0.215478 -0.186316
v -0.156173 0.215447 -0.186331
v -0.156115 0.215486 -0.186529
v -0.156212 0.215425 -0.186507
v -0.156000 0.215525 -0.186421
v -0.156118 0.215500 -0.186409
v -0.156197 0.215449 -0.186397
v -0.156277 0.215265 -0.186326
v -0.156212 0.215298 -0.186235
v -0.156277 0.215333 -0.186473
v -0.156250 0.215376 -0.186364
v -0.156197 0.215398 -0.186287
v -0.156000 0.214687 -0.188792
v -0.156000 0.214302 -0.188971
v -0.156300 0.214405 -0.188689
v -0.156000 0.214626 -0.188892
v -0.156000 0.214531 -0.188961
v -0.156115 0.214665 -0.188784
v -0.156118 0.214599 -0.188885
v -0.156112 0.214522 -0.188942
v -0.156173 0.214508 -0.188911
v -0.156115 0.214310 -0.188950
v -0.156212 0.214332 -0.188889
v -0.156000 0.214418 -0.188989
v -0.156118 0.214430 -0.188964
v -0.156197 0.214442 -0.188913
v -0.156277 0.214513 -0.188729
v -0.156212 0.214604 -0.188762
v -0.156277 0.214365 -0.188797
v -0.156250 0.214475 -0.188840
v -0.156197 0.214551 -0.188862
v -0.156000 0.008032 -0.110703
v -0.156300 0.007929 -0.110985
v -0.156000 0.007647 -0.110882
v -0.156115 0.008024 -0.110724
v -0.156212 0.008002 -0.110785
v -0.156000 0.007916 -0.110685
v -0.156118 0.007904 -0.110710
v -0.156197 0.007892 -0.110761
v -0.156173 0.007826 -0.110763
v -0.156277 0.007821 -0.110945
v -0.156212 0.007730 -0.110912
v -0.156277 0.007969 -0.110877
v -0.156250 0.007859 -0.110834
v -0.156197 0.007783 -0.110812
v -0.156000 0.007708 -0.110782
v -0.156000 0.007803 -0.110713
v -0.156115 0.007669 -0.110890
v -0.156118 0.007735 -0.110789
v -0.156112 0.007812 -0.110732
v -0.156000 0.007006 -0.113522
v -0.156000 0.006827 -0.113137
v -0.156300 0.007108 -0.113240
v -0.156000 0.006906 -0.113461
v -0.156000 0.006837 -0.113367
v -0.156115 0.007014 -0.113500
v -0.156118 0.006912 -0.113434
v -0.156112 0.006856 -0.113357
v -0.156173 0.006886 -0.113343
v -0.156115 0.006848 -0.113145
v -0.156212 0.006909 -0.113167
v -0.156000 0.006809 -0.113253
v -0.156118 0.006834 -0.113265
v -0.156197 0.006885 -0.113277
v -0.156277 0.007069 -0.113348
v -0.156212 0.007036 -0.113439
v -0.156277 0.007001 -0.113201
v -0.156250 0.006958 -0.113310
v -0.156197 0.006936 -0.113387
v 0.156000 0.215328 -0.186152
v 0.156300 0.215225 -0.186434
v 0.156000 0.215507 -0.186537
v 0.156115 0.215320 -0.186174
v 0.156212 0.215298 -0.186235
v 0.156000 0.215428 -0.186213
v 0.156118 0.215421 -0.186240
v 0.156197 0.215398 -0.186287
v 0.156173 0.215447 -0.186331
v 0.156277 0.215333 -0.186473
v 0.156212 0.215425 -0.186507
v 0.156277 0.215265 -0.186326
v 0.156250 0.215376 -0.186364
v 0.156197 0.215449 -0.186397
v 0.156000 0.215525 -0.186421
v 0.156000 0.215497 -0.186307
v 0.156115 0.215486 -0.186529
v 0.156118 0.215500 -0.186409
v 0.156112 0.215478 -0.186316
v 0.156000 0.214302 -0.188971
v 0.156000 0.214687 -0.188792
v 0.156300 0.214405 -0.188689
v 0.156000 0.214418 -0.188989
v 0.156000 0.214531 -0.188961
v 0.156115 0.214310 -0.188950
v 0.156118 0.214430 -0.188964
v 0.156112 0.214522 -0.188942
v 0.156173 0.214508 -0.188911
v 0.156115 0.214665 -0.188784
v 0.156212 0.214604 -0.188762
v 0.156000 0.214626 -0.188892
v 0.156118 0.214599 -0.188885
v 0.156197 0.214551 -0.188862
v 0.156277 0.214365 -0.188797
v 0.156212 0.214332 -0.188889
v 0.156277 0.214513 -0.188729
v 0.156250 0.214475 -0.188840
v 0.156197 0.214442 -0.188913
v 0.156000 0.008032 -0.110703
v 0.156000 0.007647 -0.110882
v 0.156300 0.007929 -0.110985
v 0.156000 0.007916 -0.110685
v 0.156000 0.007803 -0.110713
v 0.156115 0.008024 -0.110724
v 0.156118 0.007904 -0.110710
v 0.156112 0.007812 -0.110732
v 0.156173 0.007826 -0.110763
v 0.156115 0.007669 -0.110890
v 0.156212 0.007730 -0.110912
v 0.156000 0.007708 -0.110782
v 0.156118 0.007735 -0.110789
v 0.156197 0.007783 -0.110812
v 0.156277 0.007969 -0.110877
v 0.156212 0.008002 -0.110785
v 0.156277 0.007821 -0.110945
v 0.156250 0.007859 -0.110834
v 0.156197 0.007892 -0.110761
v 0.156000 0.007006 -0.113522
v 0.156300 0.007108 -0.113240
v 0.156000 0.006827 -0.113137
v 0.156115 0.007014 -0.113500
v 0.156212 0.007036 -0.113439
v 0.156000 0.006906 -0.113461
v 0.156118 0.006912 -0.113434
v 0.156197 0.006936 -0.113387
v 0.156173 0.006886 -0.113343
v 0.156277 0.007001 -0.113201
v 0.156212 0.006909 -0.113167
v 0.156277 0.007069 -0.113348
v 0.156250 0.006958 -0.113310
v 0.156197 0.006885 -0.113277
v 0.156000 0.006809 -0.113253
v 0.156000 0.006837 -0.113367
v 0.156115 0.006848 -0.113145
v 0.156118 0.006834 -0.113265
v 0.156112 0.006856 -0.113357
vn -0.2049 0.5199 0.8293
vn -0.1819 0.7955 0.5780
vn -0.5501 0.4498 0.7037
vn -0.4931 0.7086 0.5047
vn -0.2049 0.9695 -0.1348
vn -0.5500 0.8282 -0.1079
vn -0.1818 0.9541 0.2380
vn -0.4931 0.8422 0.2182
vn -0.9571 0.2627 0.1224
vn -0.8151 0.3589 0.4547
vn -0.8152 0.5790 -0.0173
vn -0.7167 0.6320 0.2947
vn -0.2050 0.8293 -0.5199
vn -0.1818 0.5779 -0.7956
vn -0.5500 0.7037 -0.4497
vn -0.4932 0.5048 -0.7085
vn -0.2049 -0.1347 -0.9695
vn -0.5501 -0.1079 -0.8281
vn -0.1818 0.2380 -0.9541
vn -0.4931 0.2183 -0.8421
vn -0.9571 0.1225 -0.2626
vn -0.8151 0.4546 -0.3590
vn -0.8151 -0.0173 -0.5790
vn -0.7167 0.2947 -0.6321
vn -0.2049 0.1347 0.9695
vn -0.5500 0.1079 0.8281
vn -0.1818 -0.2380 0.9541
vn -0.4931 -0.2182 0.8422
vn -0.9571 -0.1225 0.2626
vn -0.8151 -0.4546 0.3590
vn -0.8151 0.0172 0.5790
vn -0.7167 -0.2947 0.6320
vn -0.2049 -0.8292 0.5200
vn -0.1818 -0.5779 0.7956
vn -0.5500 -0.7037 0.4497
vn -0.4931 -0.5049 0.7085
vn -0.2049 -0.5199 -0.8293
vn -0.1819 -0.7955 -0.5780
vn -0.5501 -0.4498 -0.7037
vn -0.4931 -0.7086 -0.5047
vn -0.2049 -0.9695 0.1348
vn -0.5500 -0.8282 0.1079
vn -0.1818 -0.9541 -0.2380
vn -0.4931 -0.8422 -0.2182
vn -0.9571 -0.2627 -0.1224
vn -0.8151 -0.3589 -0.4547
vn -0.8152 -0.5790 0.0173
vn -0.7167 -0.6320 -0.2947
vn 0.2049 0.5199 0.8293
vn 0.5500 0.4498 0.7037
vn 0.1819 0.7955 0.5780
vn 0.4932 0.7085 0.5048
vn 0.9571 0.2627 0.1223
vn 0.8151 0.5790 -0.0173
vn 0.8151 0.3589 0.4547
vn 0.7167 0.6320 0.2947
vn 0.2049 0.9695 -0.1348
vn 0.1818 0.9541 0.2380
vn 0.5500 0.8282 -0.1079
vn 0.4931 0.8421 0.2182
vn 0.2049 -0.1347 -0.9695
vn 0.1818 0.2380 -0.9541
vn 0.5501 -0.1079 -0.8281
vn 0.4931 0.2182 -0.8422
vn 0.2050 0.8292 -0.5199
vn 0.5500 0.7038 -0.4497
vn 0.1818 0.5779 -0.7956
vn 0.4932 0.5049 -0.7084
vn 0.9571 0.1225 -0.2626
vn 0.8151 -0.0173 -0.5790
vn 0.8151 0.4546 -0.3590
vn 0.7167 0.2947 -0.6321
vn 0.2049 0.1347 0.9695
vn 0.1818 -0.2380 0.9541
vn 0.5501 0.1079 0.8281
vn 0.4931 -0.2182 0.8422
vn 0.2050 -0.8292 0.5199
vn 0.5500 -0.7038 0.4497
vn 0.1818 -0.5779 0.7956
vn 0.4932 -0.5049 0.7084
vn 0.9571 -0.1225 0.2626
vn 0.8151 0.0173 0.5790
vn 0.8151 -0.4546 0.3590
vn 0.7167 -0.2947 0.6321
vn 0.2049 -0.5199 -0.8293
vn 0.5500 -0.4498 -0.7037
vn 0.1819 -0.7955 -0.5780
vn 0.4932 -0.7085 -0.5048
vn 0.9571 -0.2627 -0.1223
vn 0.8151 -0.5790 0.0173
vn 0.8151 -0.3589 -0.4547
vn 0.7167 -0.6320 -0.2947
vn 0.2049 -0.9695 0.1348
vn 0.1818 -0.9541 -0.2380
vn 0.5500 -0.8282 0.1079
vn 0.4931 -0.8421 -0.2182
vn -0.1951 0.3354 0.9216
vn -0.5556 0.2844 0.7813
vn -0.8315 0.1900 0.5220
vn -0.9808 0.0667 0.1834
vn -0.1952 0.9216 -0.3355
vn -0.5556 0.7813 -0.2843
vn -0.8315 0.5221 -0.1901
vn -0.9808 0.1834 -0.0667
vn -0.1950 -0.3354 -0.9217
vn -0.5556 -0.2844 -0.7813
vn -0.8315 -0.1900 -0.5221
vn -0.9808 -0.0667 -0.1832
vn -0.1951 -0.9216 0.3355
vn -0.5556 -0.7813 0.2844
vn -0.8315 -0.5221 0.1900
vn -0.9808 -0.1834 0.0668
vn -0.0000 0.1522 0.9884
vn -0.0000 -0.2377 0.9713
vn -0.0000 -0.5913 0.8065
vn -0.0000 -0.8549 0.5188
vn -0.0000 -0.5188 -0.8549
vn -0.0000 -0.8065 -0.5913
vn -0.0000 -0.9713 -0.2377
vn -0.0000 -0.9884 0.1521
vn 0.9808 -0.1834 0.0667
vn 0.8315 -0.5221 0.1901
vn 0.5556 -0.7813 0.2843
vn 0.1952 -0.9216 0.3355
vn 0.1950 0.3354 0.9217
vn 0.5556 0.2844 0.7813
vn 0.8315 0.1900 0.5221
vn 0.9808 0.0667 0.1832
vn 0.1950 -0.3354 -0.9217
vn 0.5556 -0.2844 -0.7813
vn 0.8315 -0.1900 -0.5221
vn 0.9808 -0.0667 -0.1832
vn 0.1952 0.9216 -0.3355
vn 0.5556 0.7813 -0.2843
vn 0.8315 0.5221 -0.1901
vn 0.9808 0.1834 -0.0667
vn -0.0000 0.5188 0.8549
vn -0.0000 0.8065 0.5913
vn -0.0000 0.9713 0.2377
vn -0.0000 0.9884 -0.1521
vn -0.0000 -0.1522 -0.9884
vn -0.0000 0.2377 -0.9713
vn -0.0000 0.5913 -0.8065
vn -0.0000 0.8549 -0.5188
vn -0.0000 0.3420 0.9397
vn -1.0000 -0.0000 -0.0000
vn -0.0000 0.9397 -0.3420
vn -0.0000 -0.3420 -0.9397
vn -0.0000 -0.9397 0.3420
vn 1.0000 -0.0000 -0.0000
vt 0.125240 0.749661
vt 0.125240 0.749791
vt 0.125146 0.749794
vt 0.125148 0.749661
vt 0.125240 0.750000
vt 0.125151 0.750000
vt 0.125000 0.749787
vt 0.125000 0.749661
vt 0.125101 0.750000
vt 0.400000 0.999760
vt 0.400000 0.999852
vt 0.390194 0.999854
vt 0.390433 0.999760
vt 0.400000 1.000000
vt 0.390691 1.000000
vt 0.375000 0.999849
vt 0.375000 0.999760
vt 0.385567 1.000000
vt 0.400000 0.000339
vt 0.390433 0.000339
vt 0.390193 0.000206
vt 0.400000 0.000209
vt 0.375000 0.000339
vt 0.375000 0.000213
vt 0.390691 0.000000
vt 0.400000 0.000000
vt 0.375000 0.000143
vt 0.600000 0.999760
vt 0.609568 0.999760
vt 0.609808 0.999854
vt 0.600001 0.999852
vt 0.625000 0.999760
vt 0.625000 0.999849
vt 0.609310 1.000000
vt 0.600001 1.000000
vt 0.625000 0.999899
vt 0.874760 0.749661
vt 0.874852 0.749661
vt 0.874854 0.749794
vt 0.874760 0.749791
vt 0.875000 0.749661
vt 0.875000 0.749787
vt 0.874849 0.750000
vt 0.874760 0.750000
vt 0.875000 0.749857
vt 0.600000 0.000339
vt 0.600001 0.000209
vt 0.609807 0.000206
vt 0.609568 0.000339
vt 0.600001 0.000000
vt 0.609310 0.000000
vt 0.625000 0.000213
vt 0.625000 0.000339
vt 0.614434 0.000000
vt 0.125240 0.500339
vt 0.125148 0.500339
vt 0.125146 0.500206
vt 0.125240 0.500209
vt 0.125000 0.500339
vt 0.125000 0.500213
vt 0.125151 0.500000
vt 0.125240 0.500000
vt 0.125000 0.500143
vt 0.400000 0.249661
vt 0.400000 0.249791
vt 0.390193 0.249794
vt 0.390433 0.249661
vt 0.400000 0.250000
vt 0.390691 0.250000
vt 0.375000 0.249787
vt 0.375000 0.249661
vt 0.380283 0.250051
vt 0.400000 0.250240
vt 0.390433 0.250240
vt 0.390193 0.250146
vt 0.400000 0.250148
vt 0.375000 0.250240
vt 0.375000 0.250151
vt 0.874760 0.500339
vt 0.874760 0.500209
vt 0.874854 0.500206
vt 0.874852 0.500339
vt 0.874760 0.500000
vt 0.874849 0.500000
vt 0.875000 0.500213
vt 0.875000 0.500339
vt 0.874899 0.500000
vt 0.600000 0.250240
vt 0.600000 0.250148
vt 0.609806 0.250146
vt 0.609567 0.250240
vt 0.600000 0.250000
vt 0.609309 0.250000
vt 0.625000 0.250151
vt 0.625000 0.250240
vt 0.619717 0.249928
vt 0.600000 0.249661
vt 0.609567 0.249661
vt 0.609807 0.249794
vt 0.600000 0.249791
vt 0.625000 0.249661
vt 0.625000 0.249787
vt 0.374760 0.749661
vt 0.374852 0.749661
vt 0.374854 0.749794
vt 0.374760 0.749791
vt 0.375000 0.749661
vt 0.375000 0.749787
vt 0.374925 0.750075
vt 0.374880 0.750120
vt 0.378522 0.749986
vt 0.400000 0.749661
vt 0.400000 0.749791
vt 0.390193 0.749794
vt 0.390433 0.749661
vt 0.400000 0.750000
vt 0.390691 0.750000
vt 0.400000 0.750240
vt 0.390433 0.750240
vt 0.390193 0.750146
vt 0.400000 0.750148
vt 0.625240 0.749661
vt 0.625240 0.749791
vt 0.625146 0.749794
vt 0.625148 0.749661
vt 0.625120 0.750120
vt 0.625075 0.750075
vt 0.625000 0.749787
vt 0.625000 0.749661
vt 0.621512 0.749952
vt 0.600000 0.750240
vt 0.600001 0.750148
vt 0.609808 0.750146
vt 0.609568 0.750240
vt 0.600001 0.750000
vt 0.609310 0.750000
vt 0.600000 0.749661
vt 0.609568 0.749661
vt 0.609807 0.749794
vt 0.600001 0.749791
vt 0.374760 0.500339
vt 0.374760 0.500209
vt 0.374854 0.500206
vt 0.374852 0.500339
vt 0.374880 0.499880
vt 0.374925 0.499925
vt 0.375000 0.500213
vt 0.375000 0.500339
vt 0.378488 0.500048
vt 0.400000 0.499760
vt 0.400000 0.499852
vt 0.390192 0.499854
vt 0.390432 0.499760
vt 0.399999 0.500000
vt 0.390690 0.500000
vt 0.400000 0.500339
vt 0.390432 0.500339
vt 0.390193 0.500206
vt 0.400000 0.500209
vt 0.625240 0.500339
vt 0.625148 0.500339
vt 0.625146 0.500206
vt 0.625240 0.500209
vt 0.625000 0.500339
vt 0.625000 0.500213
vt 0.625075 0.499925
vt 0.625120 0.499880
vt 0.621478 0.500014
vt 0.600000 0.500339
vt 0.600000 0.500209
vt 0.609807 0.500206
vt 0.609567 0.500339
vt 0.600000 0.500000
vt 0.609309 0.500000
vt 0.600000 0.499760
vt 0.609567 0.499760
vt 0.609807 0.499854
vt 0.600000 0.499852
s 0
usemtl MatteBlackAluminum
f 1/1/1 4/2/1 7/3/1 6/4/1
f 4/2/2 5/5/2 8/6/2 7/3/2
f 6/4/3 7/3/3 19/7/3 16/8/3
f 7/3/4 8/6/4 9/9/4 19/7/4
f 2/10/5 10/11/5 13/12/5 12/13/5
f 10/11/6 11/14/6 14/15/6 13/12/6
f 12/13/7 13/12/7 8/16/7 5/17/7
f 13/12/8 14/15/8 9/18/8 8/16/8
f 3/19/9 15/20/9 18/21/9 17/22/9
f 15/20/10 16/23/10 19/24/10 18/21/10
f 17/22/11 18/21/11 14/25/11 11/26/11
f 18/21/12 19/24/12 9/27/12 14/25/12
f 20/28/13 23/29/13 26/30/13 25/31/13
f 23/29/14 24/32/14 27/33/14 26/30/14
f 25/31/15 26/30/15 38/34/15 35/35/15
f 26/30/16 27/33/16 28/36/16 38/34/16
f 21/37/17 29/38/17 32/39/17 31/40/17
f 29/38/18 30/41/18 33/42/18 32/39/18
f 31/40/19 32/39/19 27/43/19 24/44/19
f 32/39/20 33/42/20 28/45/20 27/43/20
f 22/46/21 34/47/21 37/48/21 36/49/21
f 34/47/22 35/50/22 38/51/22 37/48/22
f 36/49/23 37/48/23 33/52/23 30/53/23
f 37/48/24 38/51/24 28/54/24 33/52/24
f 39/55/25 42/56/25 45/57/25 44/58/25
f 42/56/26 43/59/26 46/60/26 45/57/26
f 44/58/27 45/57/27 57/61/27 54/62/27
f 45/57/28 46/60/28 47/63/28 57/61/28
f 40/64/29 48/65/29 51/66/29 50/67/29
f 48/65/30 49/68/30 52/69/30 51/66/30
f 50/67/31 51/66/31 46/70/31 43/71/31
f 51/66/32 52/69/32 47/72/32 46/70/32
f 41/73/33 53/74/33 56/75/33 55/76/33
f 53/74/34 54/77/34 57/78/34 56/75/34
f 55/76/35 56/75/35 52/69/35 49/68/35
f 56/75/36 57/78/36 47/72/36 52/69/36
f 58/79/37 61/80/37 64/81/37 63/82/37
f 61/80/38 62/83/38 65/84/38 64/81/38
f 63/82/39 64/81/39 76/85/39 73/86/39
f 64/81/40 65/84/40 66/87/40 76/85/40
f 59/88/41 67/89/41 70/90/41 69/91/41
f 67/89/42 68/92/42 71/93/42 70/90/42
f 69/91/43 70/90/43 65/94/43 62/95/43
f 70/90/44 71/93/44 66/96/44 65/94/44
f 60/97/45 72/98/45 75/99/45 74/100/45
f 72/98/46 73/101/46 76/102/46 75/99/46
f 74/100/47 75/99/47 71/93/47 68/92/47
f 75/99/48 76/102/48 66/96/48 71/93/48
f 77/103/49 80/104/49 83/105/49 82/106/49
f 80/104/50 81/107/50 84/108/50 83/105/50
f 82/106/51 83/105/51 95/109/51 92/110/51
f 83/105/52 84/108/52 85/111/52 95/109/52
f 78/112/53 86/113/53 89/114/53 88/115/53
f 86/113/54 87/116/54 90/117/54 89/114/54
f 88/115/55 89/114/55 84/108/55 81/107/55
f 89/114/56 90/117/56 85/111/56 84/108/56
f 79/118/57 91/119/57 94/120/57 93/121/57
f 91/119/58 92/110/58 95/109/58 94/120/58
f 93/121/59 94/120/59 90/117/59 87/116/59
f 94/120/60 95/109/60 85/111/60 90/117/60
f 96/122/61 99/123/61 102/124/61 101/125/61
f 99/123/62 100/126/62 103/127/62 102/124/62
f 101/125/63 102/124/63 114/128/63 111/129/63
f 102/124/64 103/127/64 104/130/64 114/128/64
f 97/131/65 105/132/65 108/133/65 107/134/65
f 105/132/66 106/135/66 109/136/66 108/133/66
f 107/134/67 108/133/67 103/127/67 100/126/67
f 108/133/68 109/136/68 104/130/68 103/127/68
f 98/137/69 110/138/69 113/139/69 112/140/69
f 110/138/70 111/129/70 114/128/70 113/139/70
f 112/140/71 113/139/71 109/136/71 106/135/71
f 113/139/72 114/128/72 104/130/72 109/136/72
f 115/141/73 118/142/73 121/143/73 120/144/73
f 118/142/74 119/145/74 122/146/74 121/143/74
f 120/144/75 121/143/75 133/147/75 130/148/75
f 121/143/76 122/146/76 123/149/76 133/147/76
f 116/150/77 124/151/77 127/152/77 126/153/77
f 124/151/78 125/154/78 128/155/78 127/152/78
f 126/153/79 127/152/79 122/146/79 119/145/79
f 127/152/80 128/155/80 123/149/80 122/146/80
f 117/156/81 129/157/81 132/158/81 131/159/81
f 129/157/82 130/148/82 133/147/82 132/158/82
f 131/159/83 132/158/83 128/155/83 125/154/83
f 132/158/84 133/147/84 123/149/84 128/155/84
f 134/160/85 137/161/85 140/162/85 139/163/85
f 137/161/86 138/164/86 141/165/86 140/162/86
f 139/163/87 140/162/87 152/166/87 149/167/87
f 140/162/88 141/165/88 142/168/88 152/166/88
f 135/169/89 143/170/89 146/171/89 145/172/89
f 143/170/90 144/173/90 147/174/90 146/171/90
f 145/172/91 146/171/91 141/165/91 138/164/91
f 146/171/92 147/174/92 142/168/92 141/165/92
f 136/175/93 148/176/93 151/177/93 150/178/93
f 148/176/94 149/167/94 152/166/94 151/177/94
f 150/178/95 151/177/95 147/174/95 144/173/95
f 151/177/96 152/166/96 142/168/96 147/174/96
f 39/55/97 1/1/97 6/4/97 42/56/97
f 42/56/98 6/4/98 16/8/98 43/59/98
f 43/71/99 16/23/99 15/20/99 50/67/99
f 50/67/100 15/20/100 3/19/100 40/64/100
f 2/10/101 20/28/101 25/31/101 10/11/101
f 10/11/102 25/31/102 35/35/102 11/14/102
f 11/26/103 35/50/103 34/47/103 17/22/103
f 17/22/104 34/47/104 22/46/104 3/19/104
f 21/37/105 58/79/105 63/82/105 29/38/105
f 29/38/106 63/82/106 73/86/106 30/41/106
f 30/53/107 73/101/107 72/98/107 36/49/107
f 36/49/108 72/98/108 60/97/108 22/46/108
f 59/88/109 41/73/109 55/76/109 67/89/109
f 67/89/110 55/76/110 49/68/110 68/92/110
f 68/92/111 49/68/111 48/65/111 74/100/111
f 74/100/112 48/65/112 40/64/112 60/97/112
f 115/141/113 39/55/113 44/58/113 118/142/113
f 118/142/114 44/58/114 54/62/114 119/145/114
f 119/145/115 54/77/115 53/74/115 126/153/115
f 126/153/116 53/74/116 41/73/116 116/150/116
f 58/79/117 134/160/117 139/163/117 61/80/117
f 61/80/118 139/163/118 149/167/118 62/83/118
f 62/95/119 149/167/119 148/176/119 69/91/119
f 69/91/120 148/176/120 136/175/120 59/88/120
f 135/169/121 117/156/121 131/159/121 143/170/121
f 143/170/122 131/159/122 125/154/122 144/173/122
f 144/173/123 125/154/123 124/151/123 150/178/123
f 150/178/124 124/151/124 116/150/124 136/175/124
f 77/103/125 115/141/125 120/144/125 80/104/125
f 80/104/126 120/144/126 130/148/126 81/107/126
f 81/107/127 130/148/127 129/157/127 88/115/127
f 88/115/128 129/157/128 117/156/128 78/112/128
f 134/160/129 96/122/129 101/125/129 137/161/129
f 137/161/130 101/125/130 111/129/130 138/164/130
f 138/164/131 111/129/131 110/138/131 145/172/131
f 145/172/132 110/138/132 98/137/132 135/169/132
f 97/131/133 79/118/133 93/121/133 105/132/133
f 105/132/134 93/121/134 87/116/134 106/135/134
f 106/135/135 87/116/135 86/113/135 112/140/135
f 112/140/136 86/113/136 78/112/136 98/137/136
f 1/1/137 77/103/137 82/106/137 4/2/137
f 4/2/138 82/106/138 92/110/138 5/5/138
f 5/17/139 92/110/139 91/119/139 12/13/139
f 12/13/140 91/119/140 79/118/140 2/10/140
f 96/122/141 21/37/141 31/40/141 99/123/141
f 99/123/142 31/40/142 24/44/142 100/126/142
f 100/126/143 24/32/143 23/29/143 107/134/143
f 107/134/144 23/29/144 20/28/144 97/131/144
f 39/55/145 115/141/145 77/103/145 1/1/145
f 3/19/146 22/46/146 60/97/146 40/64/146
f 79/118/147 97/131/147 20/28/147 2/10/147
f 134/160/148 58/79/148 21/37/148 96/122/148
f 41/73/149 59/88/149 136/175/149 116/150/149
f 117/156/150 135/169/150 98/137/150 78/112/150
o 2_BottomAluminumChassis
v -0.155525 0.000000 0.109825
v -0.155525 0.000775 0.110600
v -0.156300 0.000775 0.109825
v -0.155525 0.000059 0.110122
v -0.155525 0.000227 0.110373
v -0.155822 0.000059 0.109825
v -0.155829 0.000130 0.110129
v -0.155814 0.000266 0.110334
v -0.155972 0.000328 0.110272
v -0.155822 0.000775 0.110541
v -0.156073 0.000775 0.110373
v -0.155525 0.000478 0.110541
v -0.155829 0.000471 0.110470
v -0.156034 0.000486 0.110334
v -0.156241 0.000478 0.109825
v -0.156073 0.000227 0.109825
v -0.156241 0.000775 0.110122
v -0.156170 0.000471 0.110129
v -0.156034 0.000266 0.110114
v -0.155525 0.006975 0.110600
v -0.155525 0.007750 0.109825
v -0.156300 0.006975 0.109825
v -0.155525 0.007272 0.110541
v -0.155525 0.007523 0.110373
v -0.155822 0.006975 0.110541
v -0.155829 0.007279 0.110470
v -0.155814 0.007484 0.110334
v -0.155972 0.007422 0.110272
v -0.155822 0.007691 0.109825
v -0.156073 0.007523 0.109825
v -0.155525 0.007691 0.110122
v -0.155829 0.007620 0.110129
v -0.156034 0.007484 0.110114
v -0.156241 0.006975 0.110122
v -0.156073 0.006975 0.110373
v -0.156241 0.007272 0.109825
v -0.156170 0.007279 0.110129
v -0.156034 0.007264 0.110334
v -0.155525 0.000000 -0.109825
v -0.156300 0.000775 -0.109825
v -0.155525 0.000775 -0.110600
v -0.155822 0.000059 -0.109825
v -0.156073 0.000227 -0.109825
v -0.155525 0.000059 -0.110122
v -0.155829 0.000130 -0.110129
v -0.156034 0.000266 -0.110114
v -0.155972 0.000328 -0.110272
v -0.156241 0.000775 -0.110122
v -0.156073 0.000775 -0.110373
v -0.156241 0.000478 -0.109825
v -0.156170 0.000471 -0.110129
v -0.156034 0.000486 -0.110334
v -0.155525 0.000478 -0.110541
v -0.155525 0.000227 -0.110373
v -0.155822 0.000775 -0.110541
v -0.155829 0.000471 -0.110470
v -0.155814 0.000266 -0.110334
v -0.155525 0.007750 -0.109825
v -0.155525 0.006975 -0.110600
v -0.156300 0.006975 -0.109825
v -0.155525 0.007691 -0.110122
v -0.155525 0.007523 -0.110373
v -0.155822 0.007691 -0.109825
v -0.155829 0.007620 -0.110129
v -0.155814 0.007484 -0.110334
v -0.155972 0.007422 -0.110272
v -0.155822 0.006975 -0.110541
v -0.156073 0.006975 -0.110373
v -0.155525 0.007272 -0.110541
v -0.155829 0.007279 -0.110470
v -0.156034 0.007264 -0.110334
v -0.156241 0.007272 -0.109825
v -0.156073 0.007523 -0.109825
v -0.156241 0.006975 -0.110122
v -0.156170 0.007279 -0.110129
v -0.156034 0.007484 -0.110114
v 0.155525 0.000000 0.109825
v 0.156300 0.000775 0.109825
v 0.155525 0.000775 0.110600
v 0.155822 0.000059 0.109825
v 0.156073 0.000227 0.109825
v 0.155525 0.000059 0.110122
v 0.155829 0.000130 0.110129
v 0.156034 0.000266 0.110114
v 0.155972 0.000328 0.110272
v 0.156241 0.000775 0.110122
v 0.156073 0.000775 0.110373
v 0.156241 0.000478 0.109825
v 0.156170 0.000471 0.110129
v 0.156034 0.000486 0.110334
v 0.155525 0.000478 0.110541
v 0.155525 0.000227 0.110373
v 0.155822 0.000775 0.110541
v 0.155829 0.000471 0.110470
v 0.155814 0.000266 0.110334
v 0.155525 0.007750 0.109825
v 0.155525 0.006975 0.110600
v 0.156300 0.006975 0.109825
v 0.155525 0.007691 0.110122
v 0.155525 0.007523 0.110373
v 0.155822 0.007691 0.109825
v 0.155829 0.007620 0.110129
v 0.155814 0.007484 0.110334
v 0.155972 0.007422 0.110272
v 0.155822 0.006975 0.110541
v 0.156073 0.006975 0.110373
v 0.155525 0.007272 0.110541
v 0.155829 0.007279 0.110470
v 0.156034 0.007264 0.110334
v 0.156241 0.007272 0.109825
v 0.156073 0.007523 0.109825
v 0.156241 0.006975 0.110122
v 0.156170 0.007279 0.110129
v 0.156034 0.007484 0.110114
v 0.155525 0.000000 -0.109825
v 0.155525 0.000775 -0.110600
v 0.156300 0.000775 -0.109825
v 0.155525 0.000059 -0.110122
v 0.155525 0.000227 -0.110373
v 0.155822 0.000059 -0.109825
v 0.155829 0.000130 -0.110129
v 0.155814 0.000266 -0.110334
v 0.155972 0.000328 -0.110272
v 0.155822 0.000775 -0.110541
v 0.156073 0.000775 -0.110373
v 0.155525 0.000478 -0.110541
v 0.155829 0.000471 -0.110470
v 0.156034 0.000486 -0.110334
v 0.156241 0.000478 -0.109825
v 0.156073 0.000227 -0.109825
v 0.156241 0.000775 -0.110122
v 0.156170 0.000471 -0.110129
v 0.156034 0.000266 -0.110114
v 0.155525 0.007750 -0.109825
v 0.156300 0.006975 -0.109825
v 0.155525 0.006975 -0.110600
v 0.155822 0.007691 -0.109825
v 0.156073 0.007523 -0.109825
v 0.155525 0.007691 -0.110122
v 0.155829 0.007620 -0.110129
v 0.156034 0.007484 -0.110114
v 0.155972 0.007422 -0.110272
v 0.156241 0.006975 -0.110122
v 0.156073 0.006975 -0.110373
v 0.156241 0.007272 -0.109825
v 0.156170 0.007279 -0.110129
v 0.156034 0.007264 -0.110334
v 0.155525 0.007272 -0.110541
v 0.155525 0.007523 -0.110373
v 0.155822 0.006975 -0.110541
v 0.155829 0.007279 -0.110470
v 0.155814 0.007484 -0.110334
vn -0.2049 -0.9571 0.2049
vn -0.1818 -0.8152 0.5500
vn -0.5500 -0.8152 0.1819
vn -0.4931 -0.7167 0.4931
vn -0.2049 -0.2049 0.9571
vn -0.5499 -0.1818 0.8152
vn -0.1818 -0.5500 0.8151
vn -0.4931 -0.4931 0.7167
vn -0.9571 -0.2049 0.2050
vn -0.8152 -0.5499 0.1818
vn -0.8152 -0.1818 0.5499
vn -0.7167 -0.4931 0.4931
vn -0.2049 0.2049 0.9571
vn -0.1818 0.5500 0.8151
vn -0.5499 0.1818 0.8152
vn -0.4931 0.4931 0.7167
vn -0.2049 0.9571 0.2049
vn -0.5499 0.8152 0.1819
vn -0.1818 0.8152 0.5499
vn -0.4931 0.7167 0.4931
vn -0.9571 0.2049 0.2050
vn -0.8152 0.1818 0.5499
vn -0.8152 0.5499 0.1818
vn -0.7167 0.4931 0.4931
vn -0.2049 -0.9571 -0.2049
vn -0.5500 -0.8152 -0.1819
vn -0.1818 -0.8152 -0.5499
vn -0.4931 -0.7167 -0.4931
vn -0.9571 -0.2049 -0.2050
vn -0.8152 -0.1818 -0.5499
vn -0.8152 -0.5500 -0.1818
vn -0.7167 -0.4931 -0.4931
vn -0.2049 -0.2050 -0.9571
vn -0.1818 -0.5500 -0.8151
vn -0.5499 -0.1818 -0.8152
vn -0.4931 -0.4931 -0.7167
vn -0.2049 0.9571 -0.2049
vn -0.1818 0.8152 -0.5500
vn -0.5500 0.8152 -0.1819
vn -0.4931 0.7167 -0.4931
vn -0.2049 0.2049 -0.9571
vn -0.5499 0.1818 -0.8152
vn -0.1818 0.5500 -0.8151
vn -0.4931 0.4931 -0.7167
vn -0.9571 0.2049 -0.2050
vn -0.8152 0.5499 -0.1818
vn -0.8152 0.1818 -0.5499
vn -0.7167 0.4931 -0.4931
vn 0.2049 -0.9571 0.2049
vn 0.5500 -0.8152 0.1819
vn 0.1818 -0.8152 0.5499
vn 0.4931 -0.7167 0.4931
vn 0.9571 -0.2049 0.2050
vn 0.8152 -0.1818 0.5499
vn 0.8152 -0.5500 0.1818
vn 0.7167 -0.4931 0.4931
vn 0.2049 -0.2050 0.9571
vn 0.1818 -0.5500 0.8151
vn 0.5499 -0.1818 0.8152
vn 0.4931 -0.4931 0.7167
vn 0.2049 0.9571 0.2049
vn 0.1818 0.8152 0.5500
vn 0.5500 0.8152 0.1819
vn 0.4931 0.7167 0.4931
vn 0.2049 0.2049 0.9571
vn 0.5499 0.1818 0.8152
vn 0.1818 0.5500 0.8151
vn 0.4931 0.4931 0.7167
vn 0.9571 0.2049 0.2050
vn 0.8152 0.5499 0.1818
vn 0.8152 0.1818 0.5499
vn 0.7167 0.4931 0.4931
vn 0.2049 -0.9571 -0.2049
vn 0.1818 -0.8152 -0.5500
vn 0.5500 -0.8152 -0.1819
vn 0.4931 -0.7167 -0.4931
vn 0.2049 -0.2049 -0.9571
vn 0.5499 -0.1818 -0.8152
vn 0.1818 -0.5500 -0.8151
vn 0.4931 -0.4931 -0.7167
vn 0.9571 -0.2049 -0.2050
vn 0.8152 -0.5499 -0.1818
vn 0.8152 -0.1818 -0.5499
vn 0.7167 -0.4931 -0.4931
vn 0.2049 0.9571 -0.2049
vn 0.5500 0.8152 -0.1819
vn 0.1818 0.8152 -0.5499
vn 0.4931 0.7167 -0.4931
vn 0.9571 0.2049 -0.2050
vn 0.8152 0.1818 -0.5499
vn 0.8152 0.5500 -0.1818
vn 0.7167 0.4931 -0.4931
vn 0.2049 0.2050 -0.9571
vn 0.1818 0.5500 -0.8151
vn 0.5499 0.1818 -0.8152
vn 0.4931 0.4931 -0.7167
vn -0.1951 -0.9808 -0.0000
vn -0.5556 -0.8315 -0.0000
vn -0.8315 -0.5556 -0.0000
vn -0.9808 -0.1951 -0.0000
vn -0.1950 -0.0000 0.9808
vn -0.5556 -0.0000 0.8315
vn -0.8315 -0.0000 0.5556
vn -0.9808 -0.0000 0.1951
vn -0.1951 0.9808 -0.0000
vn -0.5556 0.8315 -0.0000
vn -0.8315 0.5556 -0.0000
vn -0.9808 0.1951 -0.0000
vn -0.1951 -0.0000 -0.9808
vn -0.5556 -0.0000 -0.8315
vn -0.8315 -0.0000 -0.5556
vn -0.9808 -0.0000 -0.1951
vn -0.0000 -0.9808 -0.1951
vn -0.0000 -0.8315 -0.5556
vn -0.0000 -0.5556 -0.8315
vn -0.0000 -0.1951 -0.9808
vn -0.0000 0.9808 -0.1951
vn -0.0000 0.8315 -0.5556
vn -0.0000 0.5556 -0.8315
vn -0.0000 0.1951 -0.9808
vn 0.9808 -0.0000 -0.1951
vn 0.8315 -0.0000 -0.5556
vn 0.5556 -0.0000 -0.8315
vn 0.1951 -0.0000 -0.9808
vn 0.1951 -0.9808 -0.0000
vn 0.5556 -0.8315 -0.0000
vn 0.8315 -0.5556 -0.0000
vn 0.9808 -0.1951 -0.0000
vn 0.1951 0.9808 -0.0000
vn 0.5556 0.8315 -0.0000
vn 0.8315 0.5556 -0.0000
vn 0.9808 0.1951 -0.0000
vn 0.1951 -0.0000 0.9808
vn 0.5556 -0.0000 0.8315
vn 0.8315 -0.0000 0.5556
vn 0.9808 -0.0000 0.1951
vn -0.0000 -0.9808 0.1951
vn -0.0000 -0.8315 0.5556
vn -0.0000 -0.5556 0.8315
vn -0.0000 -0.1951 0.9808
vn -0.0000 0.9808 0.1951
vn -0.0000 0.8315 0.5556
vn -0.0000 0.5556 0.8315
vn -0.0000 0.1951 0.9808
vn -0.0000 -1.0000 -0.0000
vn -1.0000 -0.0000 -0.0000
vn -0.0000 -0.0000 1.0000
vn -0.0000 1.0000 -0.0000
vn -0.0000 -0.0000 -1.0000
vn 1.0000 -0.0000 -0.0000
vt 0.125620 0.749124
vt 0.125620 0.749459
vt 0.125377 0.749468
vt 0.125383 0.749124
vt 0.125620 0.750000
vt 0.125389 0.750000
vt 0.125000 0.749450
vt 0.125000 0.749124
vt 0.125262 0.750000
vt 0.400000 0.999380
vt 0.400000 0.999617
vt 0.390193 0.999623
vt 0.390433 0.999380
vt 0.400000 1.000000
vt 0.390691 1.000000
vt 0.375000 0.999611
vt 0.375000 0.999380
vt 0.385566 1.000000
vt 0.400000 0.000876
vt 0.390433 0.000876
vt 0.390193 0.000532
vt 0.400000 0.000541
vt 0.375000 0.000876
vt 0.375000 0.000550
vt 0.390691 0.000000
vt 0.400000 0.000000
vt 0.375000 0.000370
vt 0.600000 0.999380
vt 0.609567 0.999380
vt 0.609807 0.999623
vt 0.600000 0.999617
vt 0.625000 0.999380
vt 0.625000 0.999611
vt 0.609309 1.000000
vt 0.600000 1.000000
vt 0.625000 0.999738
vt 0.874380 0.749124
vt 0.874617 0.749124
vt 0.874623 0.749468
vt 0.874380 0.749459
vt 0.875000 0.749124
vt 0.875000 0.749450
vt 0.874611 0.750000
vt 0.874380 0.750000
vt 0.875000 0.749630
vt 0.600000 0.000876
vt 0.600000 0.000541
vt 0.609807 0.000532
vt 0.609567 0.000876
vt 0.600000 0.000000
vt 0.609309 0.000000
vt 0.625000 0.000550
vt 0.625000 0.000876
vt 0.614434 0.000000
vt 0.125620 0.500876
vt 0.125383 0.500876
vt 0.125377 0.500532
vt 0.125620 0.500541
vt 0.125000 0.500876
vt 0.125000 0.500550
vt 0.125389 0.500000
vt 0.125620 0.500000
vt 0.125000 0.500370
vt 0.400000 0.249124
vt 0.400000 0.249459
vt 0.390193 0.249468
vt 0.390433 0.249124
vt 0.400000 0.250000
vt 0.390691 0.250000
vt 0.375000 0.249450
vt 0.375000 0.249124
vt 0.380283 0.250131
vt 0.400000 0.250620
vt 0.390433 0.250620
vt 0.390193 0.250377
vt 0.400000 0.250383
vt 0.375000 0.250620
vt 0.375000 0.250389
vt 0.874380 0.500876
vt 0.874380 0.500541
vt 0.874623 0.500532
vt 0.874617 0.500876
vt 0.874380 0.500000
vt 0.874611 0.500000
vt 0.875000 0.500550
vt 0.875000 0.500876
vt 0.874738 0.500000
vt 0.600000 0.250620
vt 0.600000 0.250383
vt 0.609807 0.250377
vt 0.609567 0.250620
vt 0.600000 0.250000
vt 0.609309 0.250000
vt 0.625000 0.250389
vt 0.625000 0.250620
vt 0.619717 0.249815
vt 0.600000 0.249124
vt 0.609567 0.249124
vt 0.609807 0.249468
vt 0.600000 0.249459
vt 0.625000 0.249124
vt 0.625000 0.249450
vt 0.374380 0.749124
vt 0.374617 0.749124
vt 0.374623 0.749468
vt 0.374380 0.749459
vt 0.375000 0.749124
vt 0.375000 0.749450
vt 0.374806 0.750195
vt 0.374690 0.750310
vt 0.378522 0.749964
vt 0.400000 0.749124
vt 0.400000 0.749459
vt 0.390193 0.749468
vt 0.390433 0.749124
vt 0.400000 0.750000
vt 0.390691 0.750000
vt 0.400000 0.750620
vt 0.390433 0.750620
vt 0.390193 0.750377
vt 0.400000 0.750383
vt 0.625620 0.749124
vt 0.625620 0.749459
vt 0.625377 0.749468
vt 0.625383 0.749124
vt 0.625310 0.750310
vt 0.625195 0.750194
vt 0.625000 0.749450
vt 0.625000 0.749124
vt 0.621565 0.749877
vt 0.600000 0.750620
vt 0.600000 0.750383
vt 0.609807 0.750377
vt 0.609567 0.750620
vt 0.600000 0.750000
vt 0.609309 0.750000
vt 0.600000 0.749124
vt 0.609567 0.749124
vt 0.609807 0.749468
vt 0.600000 0.749459
vt 0.374380 0.500876
vt 0.374380 0.500541
vt 0.374623 0.500532
vt 0.374617 0.500876
vt 0.374690 0.499690
vt 0.374805 0.499806
vt 0.375000 0.500550
vt 0.375000 0.500876
vt 0.378435 0.500123
vt 0.400000 0.499380
vt 0.400000 0.499617
vt 0.390193 0.499623
vt 0.390433 0.499380
vt 0.400000 0.500000
vt 0.390691 0.500000
vt 0.400000 0.500876
vt 0.390433 0.500876
vt 0.390193 0.500532
vt 0.400000 0.500541
vt 0.625620 0.500876
vt 0.625383 0.500876
vt 0.625377 0.500532
vt 0.625620 0.500541
vt 0.625000 0.500876
vt 0.625000 0.500550
vt 0.625194 0.499806
vt 0.625310 0.499690
vt 0.621478 0.500036
vt 0.600000 0.500876
vt 0.600000 0.500541
vt 0.609807 0.500532
vt 0.609567 0.500876
vt 0.600000 0.500000
vt 0.609309 0.500000
vt 0.600000 0.499380
vt 0.609567 0.499380
vt 0.609807 0.499623
vt 0.600000 0.499617
s 0
usemtl GlassChassis
f 153/179/151 156/180/151 159/181/151 158/182/151
f 156/180/152 157/183/152 160/184/152 159/181/152
f 158/182/153 159/181/153 171/185/153 168/186/153
f 159/181/154 160/184/154 161/187/154 171/185/154
f 154/188/155 162/189/155 165/190/155 164/191/155
f 162/189/156 163/192/156 166/193/156 165/190/156
f 164/191/157 165/190/157 160/194/157 157/195/157
f 165/190/158 166/193/158 161/196/158 160/194/158
f 155/197/159 167/198/159 170/199/159 169/200/159
f 167/198/160 168/201/160 171/202/160 170/199/160
f 169/200/161 170/199/161 166/203/161 163/204/161
f 170/199/162 171/202/162 161/205/162 166/203/162
f 172/206/163 175/207/163 178/208/163 177/209/163
f 175/207/164 176/210/164 179/211/164 178/208/164
f 177/209/165 178/208/165 190/212/165 187/213/165
f 178/208/166 179/211/166 180/214/166 190/212/166
f 173/215/167 181/216/167 184/217/167 183/218/167
f 181/216/168 182/219/168 185/220/168 184/217/168
f 183/218/169 184/217/169 179/221/169 176/222/169
f 184/217/170 185/220/170 180/223/170 179/221/170
f 174/224/171 186/225/171 189/226/171 188/227/171
f 186/225/172 187/228/172 190/229/172 189/226/172
f 188/227/173 189/226/173 185/230/173 182/231/173
f 189/226/174 190/229/174 180/232/174 185/230/174
f 191/233/175 194/234/175 197/235/175 196/236/175
f 194/234/176 195/237/176 198/238/176 197/235/176
f 196/236/177 197/235/177 209/239/177 206/240/177
f 197/235/178 198/238/178 199/241/178 209/239/178
f 192/242/179 200/243/179 203/244/179 202/245/179
f 200/243/180 201/246/180 204/247/180 203/244/180
f 202/245/181 203/244/181 198/248/181 195/249/181
f 203/244/182 204/247/182 199/250/182 198/248/182
f 193/251/183 205/252/183 208/253/183 207/254/183
f 205/252/184 206/255/184 209/256/184 208/253/184
f 207/254/185 208/253/185 204/247/185 201/246/185
f 208/253/186 209/256/186 199/250/186 204/247/186
f 210/257/187 213/258/187 216/259/187 215/260/187
f 213/258/188 214/261/188 217/262/188 216/259/188
f 215/260/189 216/259/189 228/263/189 225/264/189
f 216/259/190 217/262/190 218/265/190 228/263/190
f 211/266/191 219/267/191 222/268/191 221/269/191
f 219/267/192 220/270/192 223/271/192 222/268/192
f 221/269/193 222/268/193 217/272/193 214/273/193
f 222/268/194 223/271/194 218/274/194 217/272/194
f 212/275/195 224/276/195 227/277/195 226/278/195
f 224/276/196 225/279/196 228/280/196 227/277/196
f 226/278/197 227/277/197 223/271/197 220/270/197
f 227/277/198 228/280/198 218/274/198 223/271/198
f 229/281/199 232/282/199 235/283/199 234/284/199
f 232/282/200 233/285/200 236/286/200 235/283/200
f 234/284/201 235/283/201 247/287/201 244/288/201
f 235/283/202 236/286/202 237/289/202 247/287/202
f 230/290/203 238/291/203 241/292/203 240/293/203
f 238/291/204 239/294/204 242/295/204 241/292/204
f 240/293/205 241/292/205 236/286/205 233/285/205
f 241/292/206 242/295/206 237/289/206 236/286/206
f 231/296/207 243/297/207 246/298/207 245/299/207
f 243/297/208 244/288/208 247/287/208 246/298/208
f 245/299/209 246/298/209 242/295/209 239/294/209
f 246/298/210 247/287/210 237/289/210 242/295/210
f 248/300/211 251/301/211 254/302/211 253/303/211
f 251/301/212 252/304/212 255/305/212 254/302/212
f 253/303/213 254/302/213 266/306/213 263/307/213
f 254/302/214 255/305/214 256/308/214 266/306/214
f 249/309/215 257/310/215 260/311/215 259/312/215
f 257/310/216 258/313/216 261/314/216 260/311/216
f 259/312/217 260/311/217 255/305/217 252/304/217
f 260/311/218 261/314/218 256/308/218 255/305/218
f 250/315/219 262/316/219 265/317/219 264/318/219
f 262/316/220 263/307/220 266/306/220 265/317/220
f 264/318/221 265/317/221 261/314/221 258/313/221
f 265/317/222 266/306/222 256/308/222 261/314/222
f 267/319/223 270/320/223 273/321/223 272/322/223
f 270/320/224 271/323/224 274/324/224 273/321/224
f 272/322/225 273/321/225 285/325/225 282/326/225
f 273/321/226 274/324/226 275/327/226 285/325/226
f 268/328/227 276/329/227 279/330/227 278/331/227
f 276/329/228 277/332/228 280/333/228 279/330/228
f 278/331/229 279/330/229 274/324/229 271/323/229
f 279/330/230 280/333/230 275/327/230 274/324/230
f 269/334/231 281/335/231 284/336/231 283/337/231
f 281/335/232 282/326/232 285/325/232 284/336/232
f 283/337/233 284/336/233 280/333/233 277/332/233
f 284/336/234 285/325/234 275/327/234 280/333/234
f 286/338/235 289/339/235 292/340/235 291/341/235
f 289/339/236 290/342/236 293/343/236 292/340/236
f 291/341/237 292/340/237 304/344/237 301/345/237
f 292/340/238 293/343/238 294/346/238 304/344/238
f 287/347/239 295/348/239 298/349/239 297/350/239
f 295/348/240 296/351/240 299/352/240 298/349/240
f 297/350/241 298/349/241 293/343/241 290/342/241
f 298/349/242 299/352/242 294/346/242 293/343/242
f 288/353/243 300/354/243 303/355/243 302/356/243
f 300/354/244 301/345/244 304/344/244 303/355/244
f 302/356/245 303/355/245 299/352/245 296/351/245
f 303/355/246 304/344/246 294/346/246 299/352/246
f 191/233/247 153/179/247 158/182/247 194/234/247
f 194/234/248 158/182/248 168/186/248 195/237/248
f 195/249/249 168/201/249 167/198/249 202/245/249
f 202/245/250 167/198/250 155/197/250 192/242/250
f 154/188/251 172/206/251 177/209/251 162/189/251
f 162/189/252 177/209/252 187/213/252 163/192/252
f 163/204/253 187/228/253 186/225/253 169/200/253
f 169/200/254 186/225/254 174/224/254 155/197/254
f 173/215/255 210/257/255 215/260/255 181/216/255
f 181/216/256 215/260/256 225/264/256 182/219/256
f 182/231/257 225/279/257 224/276/257 188/227/257
f 188/227/258 224/276/258 212/275/258 174/224/258
f 211/266/259 193/251/259 207/254/259 219/267/259
f 219/267/260 207/254/260 201/246/260 220/270/260
f 220/270/261 201/246/261 200/243/261 226/278/261
f 226/278/262 200/243/262 192/242/262 212/275/262
f 267/319/263 191/233/263 196/236/263 270/320/263
f 270/320/264 196/236/264 206/240/264 271/323/264
f 271/323/265 206/255/265 205/252/265 278/331/265
f 278/331/266 205/252/266 193/251/266 268/328/266
f 210/257/267 286/338/267 291/341/267 213/258/267
f 213/258/268 291/341/268 301/345/268 214/261/268
f 214/273/269 301/345/269 300/354/269 221/269/269
f 221/269/270 300/354/270 288/353/270 211/266/270
f 287/347/271 269/334/271 283/337/271 295/348/271
f 295/348/272 283/337/272 277/332/272 296/351/272
f 296/351/273 277/332/273 276/329/273 302/356/273
f 302/356/274 276/329/274 268/328/274 288/353/274
f 229/281/275 267/319/275 272/322/275 232/282/275
f 232/282/276 272/322/276 282/326/276 233/285/276
f 233/285/277 282/326/277 281/335/277 240/293/277
f 240/293/278 281/335/278 269/334/278 230/290/278
f 286/338/279 248/300/279 253/303/279 289/339/279
f 289/339/280 253/303/280 263/307/280 290/342/280
f 290/342/281 263/307/281 262/316/281 297/350/281
f 297/350/282 262/316/282 250/315/282 287/347/282
f 249/309/283 231/296/283 245/299/283 257/310/283
f 257/310/284 245/299/284 239/294/284 258/313/284
f 258/313/285 239/294/285 238/291/285 264/318/285
f 264/318/286 238/291/286 230/290/286 250/315/286
f 153/179/287 229/281/287 234/284/287 156/180/287
f 156/180/288 234/284/288 244/288/288 157/183/288
f 157/195/289 244/288/289 243/297/289 164/191/289
f 164/191/290 243/297/290 231/296/290 154/188/290
f 248/300/291 173/215/291 183/218/291 251/301/291
f 251/301/292 183/218/292 176/222/292 252/304/292
f 252/304/293 176/210/293 175/207/293 259/312/293
f 259/312/294 175/207/294 172/206/294 249/309/294
f 191/233/295 267/319/295 229/281/295 153/179/295
f 155/197/296 174/224/296 212/275/296 192/242/296
f 231/296/297 249/309/297 172/206/297 154/188/297
f 286/338/298 210/257/298 173/215/298 248/300/298
f 193/251/299 211/266/299 288/353/299 268/328/299
f 269/334/300 287/347/300 250/315/300 230/290/300
o 19_PalmRests
v -0.156100 0.007250 0.110400
v -0.156100 0.007450 0.110600
v -0.156300 0.007450 0.110400
v -0.156100 0.007265 0.110477
v -0.156100 0.007309 0.110541
v -0.156177 0.007265 0.110400
v -0.156178 0.007284 0.110478
v -0.156174 0.007319 0.110531
v -0.156215 0.007335 0.110515
v -0.156177 0.007450 0.110585
v -0.156241 0.007450 0.110541
v -0.156100 0.007373 0.110585
v -0.156178 0.007372 0.110566
v -0.156231 0.007376 0.110531
v -0.156285 0.007373 0.110400
v -0.156241 0.007309 0.110400
v -0.156285 0.007450 0.110477
v -0.156266 0.007372 0.110478
v -0.156231 0.007319 0.110474
v -0.156100 0.009050 0.110600
v -0.156100 0.009250 0.110400
v -0.156300 0.009050 0.110400
v -0.156100 0.009127 0.110585
v -0.156100 0.009191 0.110541
v -0.156177 0.009050 0.110585
v -0.156178 0.009128 0.110566
v -0.156174 0.009181 0.110531
v -0.156215 0.009165 0.110515
v -0.156177 0.009235 0.110400
v -0.156241 0.009191 0.110400
v -0.156100 0.009235 0.110477
v -0.156178 0.009216 0.110478
v -0.156231 0.009181 0.110474
v -0.156285 0.009050 0.110477
v -0.156241 0.009050 0.110541
v -0.156285 0.009127 0.110400
v -0.156266 0.009128 0.110478
v -0.156231 0.009124 0.110531
v -0.156100 0.007250 0.022320
v -0.156300 0.007450 0.022320
v -0.156100 0.007450 0.022120
v -0.156177 0.007265 0.022320
v -0.156241 0.007309 0.022320
v -0.156100 0.007265 0.022243
v -0.156178 0.007284 0.022242
v -0.156231 0.007319 0.022246
v -0.156215 0.007335 0.022205
v -0.156285 0.007450 0.022243
v -0.156241 0.007450 0.022179
v -0.156285 0.007373 0.022320
v -0.156266 0.007372 0.022242
v -0.156231 0.007376 0.022189
v -0.156100 0.007373 0.022135
v -0.156100 0.007309 0.022179
v -0.156177 0.007450 0.022135
v -0.156178 0.007372 0.022154
v -0.156174 0.007319 0.022189
v -0.156100 0.009250 0.022320
v -0.156100 0.009050 0.022120
v -0.156300 0.009050 0.022320
v -0.156100 0.009235 0.022243
v -0.156100 0.009191 0.022179
v -0.156177 0.009235 0.022320
v -0.156178 0.009216 0.022242
v -0.156174 0.009181 0.022189
v -0.156215 0.009165 0.022205
v -0.156177 0.009050 0.022135
v -0.156241 0.009050 0.022179
v -0.156100 0.009127 0.022135
v -0.156178 0.009128 0.022154
v -0.156231 0.009124 0.022189
v -0.156285 0.009127 0.022320
v -0.156241 0.009191 0.022320
v -0.156285 0.009050 0.022243
v -0.156266 0.009128 0.022242
v -0.156231 0.009181 0.022246
v 0.156100 0.007250 0.110400
v 0.156300 0.007450 0.110400
v 0.156100 0.007450 0.110600
v 0.156177 0.007265 0.110400
v 0.156241 0.007309 0.110400
v 0.156100 0.007265 0.110477
v 0.156178 0.007284 0.110478
v 0.156231 0.007319 0.110474
v 0.156215 0.007335 0.110515
v 0.156285 0.007450 0.110477
v 0.156241 0.007450 0.110541
v 0.156285 0.007373 0.110400
v 0.156266 0.007372 0.110478
v 0.156231 0.007376 0.110531
v 0.156100 0.007373 0.110585
v 0.156100 0.007309 0.110541
v 0.156177 0.007450 0.110585
v 0.156178 0.007372 0.110566
v 0.156174 0.007319 0.110531
v 0.156100 0.009250 0.110400
v 0.156100 0.009050 0.110600
v 0.156300 0.009050 0.110400
v 0.156100 0.009235 0.110477
v 0.156100 0.009191 0.110541
v 0.156177 0.009235 0.110400
v 0.156178 0.009216 0.110478
v 0.156174 0.009181 0.110531
v 0.156215 0.009165 0.110515
v 0.156177 0.009050 0.110585
v 0.156241 0.009050 0.110541
v 0.156100 0.009127 0.110585
v 0.156178 0.009128 0.110566
v 0.156231 0.009124 0.110531
v 0.156285 0.009127 0.110400
v 0.156241 0.009191 0.110400
v 0.156285 0.009050 0.110477
v 0.156266 0.009128 0.110478
v 0.156231 0.009181 0.110474
v 0.156100 0.007250 0.022320
v 0.156100 0.007450 0.022120
v 0.156300 0.007450 0.022320
v 0.156100 0.007265 0.022243
v 0.156100 0.007309 0.022179
v 0.156177 0.007265 0.022320
v 0.156178 0.007284 0.022242
v 0.156174 0.007319 0.022189
v 0.156215 0.007335 0.022205
v 0.156177 0.007450 0.022135
v 0.156241 0.007450 0.022179
v 0.156100 0.007373 0.022135
v 0.156178 0.007372 0.022154
v 0.156231 0.007376 0.022189
v 0.156285 0.007373 0.022320
v 0.156241 0.007309 0.022320
v 0.156285 0.007450 0.022243
v 0.156266 0.007372 0.022242
v 0.156231 0.007319 0.022246
v 0.156100 0.009250 0.022320
v 0.156300 0.009050 0.022320
v 0.156100 0.009050 0.022120
v 0.156177 0.009235 0.022320
v 0.156241 0.009191 0.022320
v 0.156100 0.009235 0.022243
v 0.156178 0.009216 0.022242
v 0.156231 0.009181 0.022246
v 0.156215 0.009165 0.022205
v 0.156285 0.009050 0.022243
v 0.156241 0.009050 0.022179
v 0.156285 0.009127 0.022320
v 0.156266 0.009128 0.022242
v 0.156231 0.009124 0.022189
v 0.156100 0.009127 0.022135
v 0.156100 0.009191 0.022179
v 0.156177 0.009050 0.022135
v 0.156178 0.009128 0.022154
v 0.156174 0.009181 0.022189
vn -0.2050 -0.9571 0.2049
vn -0.1818 -0.8152 0.5500
vn -0.5499 -0.8152 0.1820
vn -0.4932 -0.7168 0.4929
vn -0.2049 -0.2049 0.9571
vn -0.5499 -0.1818 0.8152
vn -0.1818 -0.5500 0.8151
vn -0.4931 -0.4931 0.7167
vn -0.9571 -0.2050 0.2050
vn -0.8152 -0.5500 0.1818
vn -0.8152 -0.1819 0.5499
vn -0.7165 -0.4930 0.4935
vn -0.2049 0.2049 0.9571
vn -0.1818 0.5500 0.8152
vn -0.5499 0.1818 0.8152
vn -0.4931 0.4931 0.7167
vn -0.2050 0.9571 0.2049
vn -0.5499 0.8152 0.1820
vn -0.1818 0.8151 0.5500
vn -0.4932 0.7168 0.4929
vn -0.9571 0.2050 0.2050
vn -0.8152 0.1819 0.5499
vn -0.8152 0.5500 0.1818
vn -0.7166 0.4930 0.4935
vn -0.2050 -0.9571 -0.2049
vn -0.5499 -0.8152 -0.1820
vn -0.1818 -0.8152 -0.5500
vn -0.4932 -0.7168 -0.4929
vn -0.9571 -0.2050 -0.2050
vn -0.8152 -0.1819 -0.5499
vn -0.8152 -0.5499 -0.1818
vn -0.7166 -0.4930 -0.4935
vn -0.2049 -0.2050 -0.9571
vn -0.1818 -0.5499 -0.8152
vn -0.5499 -0.1818 -0.8152
vn -0.4931 -0.4931 -0.7167
vn -0.2050 0.9571 -0.2049
vn -0.1818 0.8152 -0.5500
vn -0.5499 0.8152 -0.1820
vn -0.4932 0.7168 -0.4929
vn -0.2049 0.2049 -0.9571
vn -0.5499 0.1818 -0.8152
vn -0.1818 0.5500 -0.8151
vn -0.4931 0.4931 -0.7167
vn -0.9571 0.2050 -0.2050
vn -0.8152 0.5500 -0.1818
vn -0.8152 0.1819 -0.5499
vn -0.7165 0.4930 -0.4935
vn 0.2050 -0.9571 0.2049
vn 0.5499 -0.8152 0.1820
vn 0.1818 -0.8152 0.5500
vn 0.4932 -0.7168 0.4929
vn 0.9571 -0.2050 0.2050
vn 0.8152 -0.1819 0.5499
vn 0.8152 -0.5499 0.1818
vn 0.7166 -0.4930 0.4935
vn 0.2049 -0.2050 0.9571
vn 0.1818 -0.5499 0.8152
vn 0.5499 -0.1818 0.8152
vn 0.4931 -0.4931 0.7167
vn 0.2050 0.9571 0.2049
vn 0.1818 0.8152 0.5500
vn 0.5499 0.8152 0.1820
vn 0.4932 0.7168 0.4929
vn 0.2049 0.2049 0.9571
vn 0.5499 0.1818 0.8152
vn 0.1818 0.5500 0.8151
vn 0.4931 0.4931 0.7167
vn 0.9571 0.2050 0.2050
vn 0.8152 0.5500 0.1818
vn 0.8152 0.1819 0.5499
vn 0.7165 0.4930 0.4935
vn 0.2050 -0.9571 -0.2049
vn 0.1818 -0.8152 -0.5500
vn 0.5499 -0.8152 -0.1820
vn 0.4932 -0.7168 -0.4929
vn 0.2049 -0.2049 -0.9571
vn 0.5499 -0.1818 -0.8152
vn 0.1818 -0.5500 -0.8151
vn 0.4931 -0.4931 -0.7167
vn 0.9571 -0.2050 -0.2050
vn 0.8152 -0.5500 -0.1818
vn 0.8152 -0.1819 -0.5499
vn 0.7165 -0.4930 -0.4935
vn 0.2050 0.9571 -0.2049
vn 0.5499 0.8152 -0.1820
vn 0.1818 0.8152 -0.5500
vn 0.4932 0.7168 -0.4929
vn 0.9571 0.2050 -0.2050
vn 0.8152 0.1819 -0.5499
vn 0.8152 0.5499 -0.1818
vn 0.7166 0.4930 -0.4935
vn 0.2049 0.2050 -0.9571
vn 0.1818 0.5499 -0.8152
vn 0.5499 0.1818 -0.8152
vn 0.4931 0.4931 -0.7167
vn -0.1951 -0.9808 -0.0000
vn -0.5555 -0.8315 -0.0000
vn -0.8315 -0.5555 -0.0000
vn -0.9807 -0.1953 -0.0000
vn -0.1950 -0.0000 0.9808
vn -0.5555 -0.0000 0.8315
vn -0.8315 -0.0000 0.5555
vn -0.9808 -0.0000 0.1951
vn -0.1951 0.9808 -0.0000
vn -0.5555 0.8315 -0.0000
vn -0.8315 0.5555 -0.0000
vn -0.9807 0.1953 -0.0000
vn -0.1951 -0.0000 -0.9808
vn -0.5555 -0.0000 -0.8315
vn -0.8315 -0.0000 -0.5555
vn -0.9808 -0.0000 -0.1951
vn -0.0000 -0.9808 -0.1951
vn -0.0000 -0.8315 -0.5556
vn -0.0000 -0.5556 -0.8315
vn -0.0000 -0.1950 -0.9808
vn -0.0000 0.9808 -0.1951
vn -0.0000 0.8315 -0.5556
vn -0.0000 0.5556 -0.8315
vn -0.0000 0.1950 -0.9808
vn 0.9808 -0.0000 -0.1951
vn 0.8315 -0.0000 -0.5555
vn 0.5555 -0.0000 -0.8315
vn 0.1951 -0.0000 -0.9808
vn 0.1951 -0.9808 -0.0000
vn 0.5555 -0.8315 -0.0000
vn 0.8315 -0.5555 -0.0000
vn 0.9807 -0.1953 -0.0000
vn 0.1951 0.9808 -0.0000
vn 0.5555 0.8315 -0.0000
vn 0.8315 0.5555 -0.0000
vn 0.9807 0.1953 -0.0000
vn 0.1951 -0.0000 0.9808
vn 0.5555 -0.0000 0.8315
vn 0.8315 -0.0000 0.5555
vn 0.9808 -0.0000 0.1951
vn -0.0000 -0.9808 0.1951
vn -0.0000 -0.8315 0.5556
vn -0.0000 -0.5556 0.8315
vn -0.0000 -0.1950 0.9808
vn -0.0000 0.9808 0.1951
vn -0.0000 0.8315 0.5556
vn -0.0000 0.5556 0.8315
vn -0.0000 0.1950 0.9808
vn -0.0000 -1.0000 -0.0000
vn -1.0000 -0.0000 -0.0000
vn -0.0000 -0.0000 1.0000
vn -0.0000 1.0000 -0.0000
vn -0.0000 -0.0000 -1.0000
vn 1.0000 -0.0000 -0.0000
vt 0.125160 0.749435
vt 0.125160 0.749651
vt 0.125097 0.749657
vt 0.125099 0.749435
vt 0.125160 0.750000
vt 0.125100 0.750000
vt 0.125000 0.749645
vt 0.125000 0.749435
vt 0.125068 0.750000
vt 0.400000 0.999840
vt 0.400000 0.999901
vt 0.390193 0.999903
vt 0.390433 0.999840
vt 0.400000 1.000000
vt 0.390691 1.000000
vt 0.375000 0.999900
vt 0.375000 0.999840
vt 0.385566 1.000000
vt 0.400000 0.000565
vt 0.390433 0.000565
vt 0.390193 0.000343
vt 0.400000 0.000349
vt 0.375000 0.000565
vt 0.375000 0.000355
vt 0.390691 0.000000
vt 0.400000 0.000000
vt 0.375000 0.000239
vt 0.600000 0.999840
vt 0.609567 0.999840
vt 0.609807 0.999903
vt 0.600000 0.999901
vt 0.625000 0.999840
vt 0.625000 0.999900
vt 0.609309 1.000000
vt 0.600000 1.000000
vt 0.625000 0.999932
vt 0.874840 0.749435
vt 0.874901 0.749435
vt 0.874903 0.749657
vt 0.874840 0.749651
vt 0.875000 0.749435
vt 0.875000 0.749645
vt 0.874900 0.750000
vt 0.874840 0.750000
vt 0.875000 0.749761
vt 0.600000 0.000565
vt 0.600000 0.000349
vt 0.609807 0.000343
vt 0.609567 0.000565
vt 0.600000 0.000000
vt 0.609309 0.000000
vt 0.625000 0.000355
vt 0.625000 0.000565
vt 0.614434 0.000000
vt 0.125160 0.500565
vt 0.125099 0.500565
vt 0.125097 0.500343
vt 0.125160 0.500349
vt 0.125000 0.500565
vt 0.125000 0.500355
vt 0.125100 0.500000
vt 0.125160 0.500000
vt 0.125000 0.500239
vt 0.400000 0.249435
vt 0.400000 0.249651
vt 0.390193 0.249657
vt 0.390433 0.249435
vt 0.400000 0.250000
vt 0.390691 0.250000
vt 0.375000 0.249645
vt 0.375000 0.249435
vt 0.380283 0.250034
vt 0.400000 0.250160
vt 0.390433 0.250160
vt 0.390193 0.250097
vt 0.400000 0.250099
vt 0.375000 0.250160
vt 0.375000 0.250100
vt 0.874840 0.500565
vt 0.874840 0.500349
vt 0.874903 0.500343
vt 0.874901 0.500565
vt 0.874840 0.500000
vt 0.874900 0.500000
vt 0.875000 0.500355
vt 0.875000 0.500565
vt 0.874932 0.500000
vt 0.600000 0.250160
vt 0.600000 0.250099
vt 0.609807 0.250097
vt 0.609567 0.250160
vt 0.600000 0.250000
vt 0.609309 0.250000
vt 0.625000 0.250100
vt 0.625000 0.250160
vt 0.619717 0.249881
vt 0.600000 0.249435
vt 0.609567 0.249435
vt 0.609807 0.249657
vt 0.600000 0.249651
vt 0.625000 0.249435
vt 0.625000 0.249645
vt 0.374840 0.749435
vt 0.374901 0.749435
vt 0.374903 0.749657
vt 0.374840 0.749651
vt 0.375000 0.749435
vt 0.375000 0.749645
vt 0.374950 0.750050
vt 0.374920 0.750080
vt 0.378522 0.749943
vt 0.400000 0.749435
vt 0.400000 0.749651
vt 0.390193 0.749657
vt 0.390433 0.749435
vt 0.400000 0.750000
vt 0.390691 0.750000
vt 0.400000 0.750160
vt 0.390433 0.750160
vt 0.390193 0.750097
vt 0.400000 0.750099
vt 0.625160 0.749435
vt 0.625160 0.749651
vt 0.625097 0.749657
vt 0.625099 0.749435
vt 0.625080 0.750080
vt 0.625050 0.750050
vt 0.625000 0.749645
vt 0.625000 0.749435
vt 0.621500 0.749920
vt 0.600000 0.750160
vt 0.600000 0.750099
vt 0.609807 0.750097
vt 0.609567 0.750160
vt 0.600000 0.750000
vt 0.609309 0.750000
vt 0.600000 0.749435
vt 0.609567 0.749435
vt 0.609807 0.749657
vt 0.600000 0.749651
vt 0.374840 0.500565
vt 0.374840 0.500349
vt 0.374903 0.500343
vt 0.374901 0.500565
vt 0.374920 0.499920
vt 0.374950 0.499950
vt 0.375000 0.500355
vt 0.375000 0.500565
vt 0.378500 0.500080
vt 0.400000 0.499840
vt 0.400000 0.499901
vt 0.390193 0.499903
vt 0.390433 0.499840
vt 0.400000 0.500000
vt 0.390691 0.500000
vt 0.400000 0.500565
vt 0.390433 0.500565
vt 0.390193 0.500343
vt 0.400000 0.500349
vt 0.625160 0.500565
vt 0.625099 0.500565
vt 0.625097 0.500343
vt 0.625160 0.500349
vt 0.625000 0.500565
vt 0.625000 0.500355
vt 0.625050 0.499950
vt 0.625080 0.499920
vt 0.621478 0.500057
vt 0.600000 0.500565
vt 0.600000 0.500349
vt 0.609807 0.500343
vt 0.609567 0.500565
vt 0.600000 0.500000
vt 0.609309 0.500000
vt 0.600000 0.499840
vt 0.609567 0.499840
vt 0.609807 0.499903
vt 0.600000 0.499901
s 0
usemtl MatteBlackAluminum
f 305/357/301 308/358/301 311/359/301 310/360/301
f 308/358/302 309/361/302 312/362/302 311/359/302
f 310/360/303 311/359/303 323/363/303 320/364/303
f 311/359/304 312/362/304 313/365/304 323/363/304
f 306/366/305 314/367/305 317/368/305 316/369/305
f 314/367/306 315/370/306 318/371/306 317/368/306
f 316/369/307 317/368/307 312/372/307 309/373/307
f 317/368/308 318/371/308 313/374/308 312/372/308
f 307/375/309 319/376/309 322/377/309 321/378/309
f 319/376/310 320/379/310 323/380/310 322/377/310
f 321/378/311 322/377/311 318/381/311 315/382/311
f 322/377/312 323/380/312 313/383/312 318/381/312
f 324/384/313 327/385/313 330/386/313 329/387/313
f 327/385/314 328/388/314 331/389/314 330/386/314
f 329/387/315 330/386/315 342/390/315 339/391/315
f 330/386/316 331/389/316 332/392/316 342/390/316
f 325/393/317 333/394/317 336/395/317 335/396/317
f 333/394/318 334/397/318 337/398/318 336/395/318
f 335/396/319 336/395/319 331/399/319 328/400/319
f 336/395/320 337/398/320 332/401/320 331/399/320
f 326/402/321 338/403/321 341/404/321 340/405/321
f 338/403/322 339/406/322 342/407/322 341/404/322
f 340/405/323 341/404/323 337/408/323 334/409/323
f 341/404/324 342/407/324 332/410/324 337/408/324
f 343/411/325 346/412/325 349/413/325 348/414/325
f 346/412/326 347/415/326 350/416/326 349/413/326
f 348/414/327 349/413/327 361/417/327 358/418/327
f 349/413/328 350/416/328 351/419/328 361/417/328
f 344/420/329 352/421/329 355/422/329 354/423/329
f 352/421/330 353/424/330 356/425/330 355/422/330
f 354/423/331 355/422/331 350/426/331 347/427/331
f 355/422/332 356/425/332 351/428/332 350/426/332
f 345/429/333 357/430/333 360/431/333 359/432/333
f 357/430/334 358/433/334 361/434/334 360/431/334
f 359/432/335 360/431/335 356/425/335 353/424/335
f 360/431/336 361/434/336 351/428/336 356/425/336
f 362/435/337 365/436/337 368/437/337 367/438/337
f 365/436/338 366/439/338 369/440/338 368/437/338
f 367/438/339 368/437/339 380/441/339 377/442/339
f 368/437/340 369/440/340 370/443/340 380/441/340
f 363/444/341 371/445/341 374/446/341 373/447/341
f 371/445/342 372/448/342 375/449/342 374/446/342
f 373/447/343 374/446/343 369/450/343 366/451/343
f 374/446/344 375/449/344 370/452/344 369/450/344
f 364/453/345 376/454/345 379/455/345 378/456/345
f 376/454/346 377/457/346 380/458/346 379/455/346
f 378/456/347 379/455/347 375/449/347 372/448/347
f 379/455/348 380/458/348 370/452/348 375/449/348
f 381/459/349 384/460/349 387/461/349 386/462/349
f 384/460/350 385/463/350 388/464/350 387/461/350
f 386/462/351 387/461/351 399/465/351 396/466/351
f 387/461/352 388/464/352 389/467/352 399/465/352
f 382/468/353 390/469/353 393/470/353 392/471/353
f 390/469/354 391/472/354 394/473/354 393/470/354
f 392/471/355 393/470/355 388/464/355 385/463/355
f 393/470/356 394/473/356 389/467/356 388/464/356
f 383/474/357 395/475/357 398/476/357 397/477/357
f 395/475/358 396/466/358 399/465/358 398/476/358
f 397/477/359 398/476/359 394/473/359 391/472/359
f 398/476/360 399/465/360 389/467/360 394/473/360
f 400/478/361 403/479/361 406/480/361 405/481/361
f 403/479/362 404/482/362 407/483/362 406/480/362
f 405/481/363 406/480/363 418/484/363 415/485/363
f 406/480/364 407/483/364 408/486/364 418/484/364
f 401/487/365 409/488/365 412/489/365 411/490/365
f 409/488/366 410/491/366 413/492/366 412/489/366
f 411/490/367 412/489/367 407/483/367 404/482/367
f 412/489/368 413/492/368 408/486/368 407/483/368
f 402/493/369 414/494/369 417/495/369 416/496/369
f 414/494/370 415/485/370 418/484/370 417/495/370
f 416/496/371 417/495/371 413/492/371 410/491/371
f 417/495/372 418/484/372 408/486/372 413/492/372
f 419/497/373 422/498/373 425/499/373 424/500/373
f 422/498/374 423/501/374 426/502/374 425/499/374
f 424/500/375 425/499/375 437/503/375 434/504/375
f 425/499/376 426/502/376 427/505/376 437/503/376
f 420/506/377 428/507/377 431/508/377 430/509/377
f 428/507/378 429/510/378 432/511/378 431/508/378
f 430/509/379 431/508/379 426/502/379 423/501/379
f 431/508/380 432/511/380 427/505/380 426/502/380
f 421/512/381 433/513/381 436/514/381 435/515/381
f 433/513/382 434/504/382 437/503/382 436/514/382
f 435/515/383 436/514/383 432/511/383 429/510/383
f 436/514/384 437/503/384 427/505/384 432/511/384
f 438/516/385 441/517/385 444/518/385 443/519/385
f 441/517/386 442/520/386 445/521/386 444/518/386
f 443/519/387 444/518/387 456/522/387 453/523/387
f 444/518/388 445/521/388 446/524/388 456/522/388
f 439/525/389 447/526/389 450/527/389 449/528/389
f 447/526/390 448/529/390 451/530/390 450/527/390
f 449/528/391 450/527/391 445/521/391 442/520/391
f 450/527/392 451/530/392 446/524/392 445/521/392
f 440/531/393 452/532/393 455/533/393 454/534/393
f 452/532/394 453/523/394 456/522/394 455/533/394
f 454/534/395 455/533/395 451/530/395 448/529/395
f 455/533/396 456/522/396 446/524/396 451/530/396
f 343/411/397 305/357/397 310/360/397 346/412/397
f 346/412/398 310/360/398 320/364/398 347/415/398
f 347/427/399 320/379/399 319/376/399 354/423/399
f 354/423/400 319/376/400 307/375/400 344/420/400
f 306/366/401 324/384/401 329/387/401 314/367/401
f 314/367/402 329/387/402 339/391/402 315/370/402
f 315/382/403 339/406/403 338/403/403 321/378/403
f 321/378/404 338/403/404 326/402/404 307/375/404
f 325/393/405 362/435/405 367/438/405 333/394/405
f 333/394/406 367/438/406 377/442/406 334/397/406
f 334/409/407 377/457/407 376/454/407 340/405/407
f 340/405/408 376/454/408 364/453/408 326/402/408
f 363/444/409 345/429/409 359/432/409 371/445/409
f 371/445/410 359/432/410 353/424/410 372/448/410
f 372/448/411 353/424/411 352/421/411 378/456/411
f 378/456/412 352/421/412 344/420/412 364/453/412
f 419/497/413 343/411/413 348/414/413 422/498/413
f 422/498/414 348/414/414 358/418/414 423/501/414
f 423/501/415 358/433/415 357/430/415 430/509/415
f 430/509/416 357/430/416 345/429/416 420/506/416
f 362/435/417 438/516/417 443/519/417 365/436/417
f 365/436/418 443/519/418 453/523/418 366/439/418
f 366/451/419 453/523/419 452/532/419 373/447/419
f 373/447/420 452/532/420 440/531/420 363/444/420
f 439/525/421 421/512/421 435/515/421 447/526/421
f 447/526/422 435/515/422 429/510/422 448/529/422
f 448/529/423 429/510/423 428/507/423 454/534/423
f 454/534/424 428/507/424 420/506/424 440/531/424
f 381/459/425 419/497/425 424/500/425 384/460/425
f 384/460/426 424/500/426 434/504/426 385/463/426
f 385/463/427 434/504/427 433/513/427 392/471/427
f 392/471/428 433/513/428 421/512/428 382/468/428
f 438/516/429 400/478/429 405/481/429 441/517/429
f 441/517/430 405/481/430 415/485/430 442/520/430
f 442/520/431 415/485/431 414/494/431 449/528/431
f 449/528/432 414/494/432 402/493/432 439/525/432
f 401/487/433 383/474/433 397/477/433 409/488/433
f 409/488/434 397/477/434 391/472/434 410/491/434
f 410/491/435 391/472/435 390/469/435 416/496/435
f 416/496/436 390/469/436 382/468/436 402/493/436
f 305/357/437 381/459/437 386/462/437 308/358/437
f 308/358/438 386/462/438 396/466/438 309/361/438
f 309/373/439 396/466/439 395/475/439 316/369/439
f 316/369/440 395/475/440 383/474/440 306/366/440
f 400/478/441 325/393/441 335/396/441 403/479/441
f 403/479/442 335/396/442 328/400/442 404/482/442
f 404/482/443 328/388/443 327/385/443 411/490/443
f 411/490/444 327/385/444 324/384/444 401/487/444
f 343/411/445 419/497/445 381/459/445 305/357/445
f 307/375/446 326/402/446 364/453/446 344/420/446
f 383/474/447 401/487/447 324/384/447 306/366/447
f 438/516/448 362/435/448 325/393/448 400/478/448
f 345/429/449 363/444/449 440/531/449 420/506/449
f 421/512/450 439/525/450 402/493/450 382/468/450
o 20_SpeakerGrills
v 0.133055 0.007750 0.044040
v 0.133055 0.007950 0.044240
v 0.132855 0.007950 0.044040
v 0.133055 0.007765 0.044117
v 0.133055 0.007809 0.044181
v 0.132978 0.007765 0.044040
v 0.132977 0.007784 0.044118
v 0.132981 0.007819 0.044171
v 0.132940 0.007835 0.044155
v 0.132978 0.007950 0.044225
v 0.132914 0.007950 0.044181
v 0.133055 0.007873 0.044225
v 0.132977 0.007872 0.044206
v 0.132924 0.007876 0.044171
v 0.132870 0.007873 0.044040
v 0.132914 0.007809 0.044040
v 0.132870 0.007950 0.044117
v 0.132889 0.007872 0.044118
v 0.132924 0.007819 0.044114
v 0.133055 0.009550 0.044240
v 0.133055 0.009750 0.044040
v 0.132855 0.009550 0.044040
v 0.133055 0.009627 0.044225
v 0.133055 0.009691 0.044181
v 0.132978 0.009550 0.044225
v 0.132977 0.009628 0.044206
v 0.132981 0.009681 0.044171
v 0.132940 0.009665 0.044155
v 0.132978 0.009735 0.044040
v 0.132914 0.009691 0.044040
v 0.133055 0.009735 0.044117
v 0.132977 0.009716 0.044118
v 0.132924 0.009681 0.044114
v 0.132870 0.009550 0.044117
v 0.132914 0.009550 0.044181
v 0.132870 0.009627 0.044040
v 0.132889 0.009628 0.044118
v 0.132924 0.009624 0.044171
v 0.133055 0.007750 -0.044040
v 0.132855 0.007950 -0.044040
v 0.133055 0.007950 -0.044240
v 0.132978 0.007765 -0.044040
v 0.132914 0.007809 -0.044040
v 0.133055 0.007765 -0.044117
v 0.132977 0.007784 -0.044118
v 0.132924 0.007819 -0.044114
v 0.132940 0.007835 -0.044155
v 0.132870 0.007950 -0.044117
v 0.132914 0.007950 -0.044181
v 0.132870 0.007873 -0.044040
v 0.132889 0.007872 -0.044118
v 0.132924 0.007876 -0.044171
v 0.133055 0.007873 -0.044225
v 0.133055 0.007809 -0.044181
v 0.132978 0.007950 -0.044225
v 0.132977 0.007872 -0.044206
v 0.132981 0.007819 -0.044171
v 0.133055 0.009750 -0.044040
v 0.133055 0.009550 -0.044240
v 0.132855 0.009550 -0.044040
v 0.133055 0.009735 -0.044117
v 0.133055 0.009691 -0.044181
v 0.132978 0.009735 -0.044040
v 0.132977 0.009716 -0.044118
v 0.132981 0.009681 -0.044171
v 0.132940 0.009665 -0.044155
v 0.132978 0.009550 -0.044225
v 0.132914 0.009550 -0.044181
v 0.133055 0.009627 -0.044225
v 0.132977 0.009628 -0.044206
v 0.132924 0.009624 -0.044171
v 0.132870 0.009627 -0.044040
v 0.132914 0.009691 -0.044040
v 0.132870 0.009550 -0.044117
v 0.132889 0.009628 -0.044118
v 0.132924 0.009681 -0.044114
v 0.148285 0.007750 0.044040
v 0.148485 0.007950 0.044040
v 0.148285 0.007950 0.044240
v 0.148362 0.007765 0.044040
v 0.148426 0.007809 0.044040
v 0.148285 0.007765 0.044117
v 0.148363 0.007784 0.044118
v 0.148416 0.007819 0.044114
v 0.148400 0.007835 0.044155
v 0.148470 0.007950 0.044117
v 0.148426 0.007950 0.044181
v 0.148470 0.007873 0.044040
v 0.148451 0.007872 0.044118
v 0.148416 0.007876 0.044171
v 0.148285 0.007873 0.044225
v 0.148285 0.007809 0.044181
v 0.148362 0.007950 0.044225
v 0.148363 0.007872 0.044206
v 0.148359 0.007819 0.044171
v 0.148285 0.009750 0.044040
v 0.148285 0.009550 0.044240
v 0.148485 0.009550 0.044040
v 0.148285 0.009735 0.044117
v 0.148285 0.009691 0.044181
v 0.148362 0.009735 0.044040
v 0.148363 0.009716 0.044118
v 0.148359 0.009681 0.044171
v 0.148400 0.009665 0.044155
v 0.148362 0.009550 0.044225
v 0.148426 0.009550 0.044181
v 0.148285 0.009627 0.044225
v 0.148363 0.009628 0.044206
v 0.148416 0.009624 0.044171
v 0.148470 0.009627 0.044040
v 0.148426 0.009691 0.044040
v 0.148470 0.009550 0.044117
v 0.148451 0.009628 0.044118
v 0.148416 0.009681 0.044114
v 0.148285 0.007750 -0.044040
v 0.148285 0.007950 -0.044240
v 0.148485 0.007950 -0.044040
v 0.148285 0.007765 -0.044117
v 0.148285 0.007809 -0.044181
v 0.148362 0.007765 -0.044040
v 0.148363 0.007784 -0.044118
v 0.148359 0.007819 -0.044171
v 0.148400 0.007835 -0.044155
v 0.148362 0.007950 -0.044225
v 0.148426 0.007950 -0.044181
v 0.148285 0.007873 -0.044225
v 0.148363 0.007872 -0.044206
v 0.148416 0.007876 -0.044171
v 0.148470 0.007873 -0.044040
v 0.148426 0.007809 -0.044040
v 0.148470 0.007950 -0.044117
v 0.148451 0.007872 -0.044118
v 0.148416 0.007819 -0.044114
v 0.148285 0.009750 -0.044040
v 0.148485 0.009550 -0.044040
v 0.148285 0.009550 -0.044240
v 0.148362 0.009735 -0.044040
v 0.148426 0.009691 -0.044040
v 0.148285 0.009735 -0.044117
v 0.148363 0.009716 -0.044118
v 0.148416 0.009681 -0.044114
v 0.148400 0.009665 -0.044155
v 0.148470 0.009550 -0.044117
v 0.148426 0.009550 -0.044181
v 0.148470 0.009627 -0.044040
v 0.148451 0.009628 -0.044118
v 0.148416 0.009624 -0.044171
v 0.148285 0.009627 -0.044225
v 0.148285 0.009691 -0.044181
v 0.148362 0.009550 -0.044225
v 0.148363 0.009628 -0.044206
v 0.148359 0.009681 -0.044171
vn -0.2049 -0.9571 0.2049
vn -0.1818 -0.8152 0.5500
vn -0.5499 -0.8152 0.1818
vn -0.4931 -0.7167 0.4931
vn -0.2049 -0.2048 0.9571
vn -0.5500 -0.1818 0.8152
vn -0.1818 -0.5500 0.8152
vn -0.4931 -0.4931 0.7167
vn -0.9571 -0.2049 0.2049
vn -0.8152 -0.5499 0.1818
vn -0.8152 -0.1818 0.5500
vn -0.7167 -0.4931 0.4931
vn -0.2049 0.2048 0.9571
vn -0.1818 0.5500 0.8152
vn -0.5500 0.1818 0.8152
vn -0.4931 0.4931 0.7167
vn -0.2049 0.9571 0.2049
vn -0.5499 0.8152 0.1818
vn -0.1818 0.8152 0.5500
vn -0.4931 0.7167 0.4931
vn -0.9571 0.2049 0.2049
vn -0.8152 0.1818 0.5500
vn -0.8152 0.5499 0.1818
vn -0.7167 0.4931 0.4931
vn -0.2049 -0.9571 -0.2049
vn -0.5499 -0.8152 -0.1818
vn -0.1818 -0.8152 -0.5499
vn -0.4931 -0.7167 -0.4931
vn -0.9571 -0.2049 -0.2049
vn -0.8152 -0.1819 -0.5500
vn -0.8152 -0.5500 -0.1818
vn -0.7167 -0.4931 -0.4931
vn -0.2049 -0.2049 -0.9571
vn -0.1818 -0.5499 -0.8152
vn -0.5500 -0.1818 -0.8152
vn -0.4931 -0.4931 -0.7167
vn -0.2049 0.9571 -0.2049
vn -0.1818 0.8152 -0.5500
vn -0.5499 0.8152 -0.1818
vn -0.4931 0.7167 -0.4931
vn -0.2049 0.2048 -0.9571
vn -0.5500 0.1818 -0.8152
vn -0.1818 0.5500 -0.8152
vn -0.4931 0.4931 -0.7167
vn -0.9571 0.2049 -0.2049
vn -0.8152 0.5499 -0.1818
vn -0.8152 0.1818 -0.5500
vn -0.7167 0.4931 -0.4931
vn 0.2049 -0.9571 0.2049
vn 0.5499 -0.8152 0.1818
vn 0.1818 -0.8152 0.5499
vn 0.4931 -0.7167 0.4931
vn 0.9571 -0.2049 0.2049
vn 0.8152 -0.1819 0.5500
vn 0.8152 -0.5500 0.1818
vn 0.7167 -0.4931 0.4931
vn 0.2049 -0.2049 0.9571
vn 0.1818 -0.5499 0.8152
vn 0.5500 -0.1818 0.8152
vn 0.4931 -0.4931 0.7167
vn 0.2049 0.9571 0.2049
vn 0.1818 0.8152 0.5500
vn 0.5499 0.8152 0.1818
vn 0.4931 0.7167 0.4931
vn 0.2049 0.2048 0.9571
vn 0.5500 0.1818 0.8152
vn 0.1818 0.5500 0.8152
vn 0.4931 0.4931 0.7167
vn 0.9571 0.2049 0.2049
vn 0.8152 0.5499 0.1818
vn 0.8152 0.1818 0.5500
vn 0.7167 0.4931 0.4931
vn 0.2049 -0.9571 -0.2049
vn 0.1818 -0.8152 -0.5500
vn 0.5499 -0.8152 -0.1818
vn 0.4931 -0.7167 -0.4931
vn 0.2049 -0.2048 -0.9571
vn 0.5500 -0.1818 -0.8152
vn 0.1818 -0.5500 -0.8152
vn 0.4931 -0.4931 -0.7167
vn 0.9571 -0.2049 -0.2049
vn 0.8152 -0.5499 -0.1818
vn 0.8152 -0.1818 -0.5500
vn 0.7167 -0.4931 -0.4931
vn 0.2049 0.9571 -0.2049
vn 0.5499 0.8152 -0.1818
vn 0.1818 0.8152 -0.5499
vn 0.4931 0.7167 -0.4931
vn 0.9571 0.2049 -0.2049
vn 0.8152 0.1819 -0.5500
vn 0.8152 0.5500 -0.1818
vn 0.7167 0.4931 -0.4931
vn 0.2049 0.2049 -0.9571
vn 0.1818 0.5499 -0.8152
vn 0.5500 0.1818 -0.8152
vn 0.4931 0.4931 -0.7167
vn -0.1951 -0.9808 -0.0000
vn -0.5556 -0.8315 -0.0000
vn -0.8315 -0.5556 -0.0000
vn -0.9808 -0.1951 -0.0000
vn -0.1950 -0.0000 0.9808
vn -0.5556 -0.0000 0.8315
vn -0.8315 -0.0000 0.5556
vn -0.9808 -0.0000 0.1951
vn -0.1951 0.9808 -0.0000
vn -0.5556 0.8315 -0.0000
vn -0.8315 0.5556 -0.0000
vn -0.9808 0.1951 -0.0000
vn -0.1951 -0.0000 -0.9808
vn -0.5556 -0.0000 -0.8315
vn -0.8315 -0.0000 -0.5556
vn -0.9808 -0.0000 -0.1951
vn -0.0000 -0.9808 -0.1951
vn -0.0000 -0.8315 -0.5556
vn -0.0000 -0.5556 -0.8315
vn -0.0000 -0.1950 -0.9808
vn -0.0000 0.9808 -0.1951
vn -0.0000 0.8315 -0.5556
vn -0.0000 0.5556 -0.8315
vn -0.0000 0.1950 -0.9808
vn 0.9808 -0.0000 -0.1951
vn 0.8315 -0.0000 -0.5556
vn 0.5556 -0.0000 -0.8315
vn 0.1951 -0.0000 -0.9808
vn 0.1951 -0.9808 -0.0000
vn 0.5556 -0.8315 -0.0000
vn 0.8315 -0.5556 -0.0000
vn 0.9808 -0.1951 -0.0000
vn 0.1951 0.9808 -0.0000
vn 0.5556 0.8315 -0.0000
vn 0.8315 0.5556 -0.0000
vn 0.9808 0.1951 -0.0000
vn 0.1951 -0.0000 0.9808
vn 0.5556 -0.0000 0.8315
vn 0.8315 -0.0000 0.5556
vn 0.9808 -0.0000 0.1951
vn -0.0000 -0.9808 0.1951
vn -0.0000 -0.8315 0.5556
vn -0.0000 -0.5556 0.8315
vn -0.0000 -0.1950 0.9808
vn -0.0000 0.9808 0.1951
vn -0.0000 0.8315 0.5556
vn -0.0000 0.5555 0.8315
vn -0.0000 0.1950 0.9808
vn -0.0000 -1.0000 -0.0000
vn -1.0000 -0.0000 -0.0000
vn -0.0000 -0.0000 1.0000
vn -0.0000 1.0000 -0.0000
vn -0.0000 -0.0000 -1.0000
vn 1.0000 -0.0000 -0.0000
vt 0.128199 0.749435
vt 0.128199 0.749651
vt 0.126944 0.749657
vt 0.126975 0.749435
vt 0.128199 0.750000
vt 0.127008 0.750000
vt 0.125000 0.749645
vt 0.125000 0.749435
vt 0.126352 0.750000
vt 0.400000 0.996801
vt 0.400000 0.998025
vt 0.390193 0.998056
vt 0.390433 0.996801
vt 0.400000 1.000000
vt 0.390691 1.000000
vt 0.375000 0.997992
vt 0.375000 0.996801
vt 0.385566 1.000000
vt 0.400000 0.000565
vt 0.390433 0.000565
vt 0.390193 0.000343
vt 0.400000 0.000349
vt 0.375000 0.000565
vt 0.375000 0.000355
vt 0.390691 0.000000
vt 0.400000 0.000000
vt 0.375000 0.000239
vt 0.600000 0.996801
vt 0.609567 0.996801
vt 0.609807 0.998056
vt 0.600000 0.998025
vt 0.625000 0.996801
vt 0.625000 0.997992
vt 0.609309 1.000000
vt 0.600000 1.000000
vt 0.625000 0.998648
vt 0.871801 0.749435
vt 0.873025 0.749435
vt 0.873056 0.749657
vt 0.871801 0.749651
vt 0.875000 0.749435
vt 0.875000 0.749645
vt 0.872992 0.750000
vt 0.871801 0.750000
vt 0.875000 0.749761
vt 0.600000 0.000565
vt 0.600000 0.000349
vt 0.609807 0.000343
vt 0.609567 0.000565
vt 0.600000 0.000000
vt 0.609309 0.000000
vt 0.625000 0.000355
vt 0.625000 0.000565
vt 0.614434 0.000000
vt 0.128199 0.500565
vt 0.126975 0.500565
vt 0.126944 0.500343
vt 0.128199 0.500349
vt 0.125000 0.500565
vt 0.125000 0.500355
vt 0.127008 0.500000
vt 0.128199 0.500000
vt 0.125000 0.500239
vt 0.400000 0.249435
vt 0.400000 0.249651
vt 0.390193 0.249657
vt 0.390433 0.249435
vt 0.400000 0.250000
vt 0.390691 0.250000
vt 0.375000 0.249645
vt 0.375000 0.249435
vt 0.380283 0.250676
vt 0.400000 0.253199
vt 0.390433 0.253199
vt 0.390193 0.251944
vt 0.400000 0.251975
vt 0.375000 0.253199
vt 0.375000 0.252008
vt 0.871801 0.500565
vt 0.871801 0.500349
vt 0.873056 0.500343
vt 0.873025 0.500565
vt 0.871801 0.500000
vt 0.872992 0.500000
vt 0.875000 0.500355
vt 0.875000 0.500565
vt 0.873648 0.500000
vt 0.600000 0.253199
vt 0.600000 0.251975
vt 0.609807 0.251944
vt 0.609567 0.253199
vt 0.600000 0.250000
vt 0.609309 0.250000
vt 0.625000 0.252008
vt 0.625000 0.253199
vt 0.619717 0.249881
vt 0.600000 0.249435
vt 0.609567 0.249435
vt 0.609807 0.249657
vt 0.600000 0.249651
vt 0.625000 0.249435
vt 0.625000 0.249645
vt 0.371801 0.749435
vt 0.373025 0.749435
vt 0.373056 0.749657
vt 0.371801 0.749651
vt 0.375000 0.749435
vt 0.375000 0.749645
vt 0.373996 0.751004
vt 0.373401 0.751599
vt 0.378522 0.750371
vt 0.400000 0.749435
vt 0.400000 0.749651
vt 0.390193 0.749657
vt 0.390433 0.749435
vt 0.400000 0.750000
vt 0.390691 0.750000
vt 0.400000 0.753199
vt 0.390433 0.753199
vt 0.390193 0.751944
vt 0.400000 0.751975
vt 0.628199 0.749435
vt 0.628199 0.749651
vt 0.626944 0.749657
vt 0.626975 0.749435
vt 0.626600 0.751600
vt 0.626004 0.751004
vt 0.625000 0.749645
vt 0.625000 0.749435
vt 0.621929 0.749920
vt 0.600000 0.753199
vt 0.600000 0.751975
vt 0.609807 0.751944
vt 0.609567 0.753199
vt 0.600000 0.750000
vt 0.609309 0.750000
vt 0.600000 0.749435
vt 0.609567 0.749435
vt 0.609807 0.749657
vt 0.600000 0.749651
vt 0.371801 0.500565
vt 0.371801 0.500349
vt 0.373056 0.500343
vt 0.373025 0.500565
vt 0.373401 0.498401
vt 0.373996 0.498996
vt 0.375000 0.500355
vt 0.375000 0.500565
vt 0.378071 0.500080
vt 0.400000 0.496801
vt 0.400000 0.498025
vt 0.390193 0.498056
vt 0.390433 0.496801
vt 0.400000 0.500000
vt 0.390691 0.500000
vt 0.400000 0.500565
vt 0.390433 0.500565
vt 0.390193 0.500343
vt 0.400000 0.500349
vt 0.628199 0.500565
vt 0.626975 0.500565
vt 0.626944 0.500343
vt 0.628199 0.500349
vt 0.625000 0.500565
vt 0.625000 0.500355
vt 0.626004 0.498996
vt 0.626599 0.498401
vt 0.621478 0.499629
vt 0.600000 0.500565
vt 0.600000 0.500349
vt 0.609807 0.500343
vt 0.609567 0.500565
vt 0.600000 0.500000
vt 0.609309 0.500000
vt 0.600000 0.496801
vt 0.609567 0.496801
vt 0.609807 0.498056
vt 0.600000 0.498025
s 0
usemtl MatteBlackAluminum
f 457/535/451 460/536/451 463/537/451 462/538/451
f 460/536/452 461/539/452 464/540/452 463/537/452
f 462/538/453 463/537/453 475/541/453 472/542/453
f 463/537/454 464/540/454 465/543/454 475/541/454
f 458/544/455 466/545/455 469/546/455 468/547/455
f 466/545/456 467/548/456 470/549/456 469/546/456
f 468/547/457 469/546/457 464/550/457 461/551/457
f 469/546/458 470/549/458 465/552/458 464/550/458
f 459/553/459 471/554/459 474/555/459 473/556/459
f 471/554/460 472/557/460 475/558/460 474/555/460
f 473/556/461 474/555/461 470/559/461 467/560/461
f 474/555/462 475/558/462 465/561/462 470/559/462
f 476/562/463 479/563/463 482/564/463 481/565/463
f 479/563/464 480/566/464 483/567/464 482/564/464
f 481/565/465 482/564/465 494/568/465 491/569/465
f 482/564/466 483/567/466 484/570/466 494/568/466
f 477/571/467 485/572/467 488/573/467 487/574/467
f 485/572/468 486/575/468 489/576/468 488/573/468
f 487/574/469 488/573/469 483/577/469 480/578/469
f 488/573/470 489/576/470 484/579/470 483/577/470
f 478/580/471 490/581/471 493/582/471 492/583/471
f 490/581/472 491/584/472 494/585/472 493/582/472
f 492/583/473 493/582/473 489/586/473 486/587/473
f 493/582/474 494/585/474 484/588/474 489/586/474
f 495/589/475 498/590/475 501/591/475 500/592/475
f 498/590/476 499/593/476 502/594/476 501/591/476
f 500/592/477 501/591/477 513/595/477 510/596/477
f 501/591/478 502/594/478 503/597/478 513/595/478
f 496/598/479 504/599/479 507/600/479 506/601/479
f 504/599/480 505/602/480 508/603/480 507/600/480
f 506/601/481 507/600/481 502/604/481 499/605/481
f 507/600/482 508/603/482 503/606/482 502/604/482
f 497/607/483 509/608/483 512/609/483 511/610/483
f 509/608/484 510/611/484 513/612/484 512/609/484
f 511/610/485 512/609/485 508/603/485 505/602/485
f 512/609/486 513/612/486 503/606/486 508/603/486
f 514/613/487 517/614/487 520/615/487 519/616/487
f 517/614/488 518/617/488 521/618/488 520/615/488
f 519/616/489 520/615/489 532/619/489 529/620/489
f 520/615/490 521/618/490 522/621/490 532/619/490
f 515/622/491 523/623/491 526/624/491 525/625/491
f 523/623/492 524/626/492 527/627/492 526/624/492
f 525/625/493 526/624/493 521/628/493 518/629/493
f 526/624/494 527/627/494 522/630/494 521/628/494
f 516/631/495 528/632/495 531/633/495 530/634/495
f 528/632/496 529/635/496 532/636/496 531/633/496
f 530/634/497 531/633/497 527/627/497 524/626/497
f 531/633/498 532/636/498 522/630/498 527/627/498
f 533/637/499 536/638/499 539/639/499 538/640/499
f 536/638/500 537/641/500 540/642/500 539/639/500
f 538/640/501 539/639/501 551/643/501 548/644/501
f 539/639/502 540/642/502 541/645/502 551/643/502
f 534/646/503 542/647/503 545/648/503 544/649/503
f 542/647/504 543/650/504 546/651/504 545/648/504
f 544/649/505 545/648/505 540/642/505 537/641/505
f 545/648/506 546/651/506 541/645/506 540/642/506
f 535/652/507 547/653/507 550/654/507 549/655/507
f 547/653/508 548/644/508 551/643/508 550/654/508
f 549/655/509 550/654/509 546/651/509 543/650/509
f 550/654/510 551/643/510 541/645/510 546/651/510
f 552/656/511 555/657/511 558/658/511 557/659/511
f 555/657/512 556/660/512 559/661/512 558/658/512
f 557/659/513 558/658/513 570/662/513 567/663/513
f 558/658/514 559/661/514 560/664/514 570/662/514
f 553/665/515 561/666/515 564/667/515 563/668/515
f 561/666/516 562/669/516 565/670/516 564/667/516
f 563/668/517 564/667/517 559/661/517 556/660/517
f 564/667/518 565/670/518 560/664/518 559/661/518
f 554/671/519 566/672/519 569/673/519 568/674/519
f 566/672/520 567/663/520 570/662/520 569/673/520
f 568/674/521 569/673/521 565/670/521 562/669/521
f 569/673/522 570/662/522 560/664/522 565/670/522
f 571/675/523 574/676/523 577/677/523 576/678/523
f 574/676/524 575/679/524 578/680/524 577/677/524
f 576/678/525 577/677/525 589/681/525 586/682/525
f 577/677/526 578/680/526 579/683/526 589/681/526
f 572/684/527 580/685/527 583/686/527 582/687/527
f 580/685/528 581/688/528 584/689/528 583/686/528
f 582/687/529 583/686/529 578/680/529 575/679/529
f 583/686/530 584/689/530 579/683/530 578/680/530
f 573/690/531 585/691/531 588/692/531 587/693/531
f 585/691/532 586/682/532 589/681/532 588/692/532
f 587/693/533 588/692/533 584/689/533 581/688/533
f 588/692/534 589/681/534 579/683/534 584/689/534
f 590/694/535 593/695/535 596/696/535 595/697/535
f 593/695/536 594/698/536 597/699/536 596/696/536
f 595/697/537 596/696/537 608/700/537 605/701/537
f 596/696/538 597/699/538 598/702/538 608/700/538
f 591/703/539 599/704/539 602/705/539 601/706/539
f 599/704/540 600/707/540 603/708/540 602/705/540
f 601/706/541 602/705/541 597/699/541 594/698/541
f 602/705/542 603/708/542 598/702/542 597/699/542
f 592/709/543 604/710/543 607/711/543 606/712/543
f 604/710/544 605/701/544 608/700/544 607/711/544
f 606/712/545 607/711/545 603/708/545 600/707/545
f 607/711/546 608/700/546 598/702/546 603/708/546
f 495/589/547 457/535/547 462/538/547 498/590/547
f 498/590/548 462/538/548 472/542/548 499/593/548
f 499/605/549 472/557/549 471/554/549 506/601/549
f 506/601/550 471/554/550 459/553/550 496/598/550
f 458/544/551 476/562/551 481/565/551 466/545/551
f 466/545/552 481/565/552 491/569/552 467/548/552
f 467/560/553 491/584/553 490/581/553 473/556/553
f 473/556/554 490/581/554 478/580/554 459/553/554
f 477/571/555 514/613/555 519/616/555 485/572/555
f 485/572/556 519/616/556 529/620/556 486/575/556
f 486/587/557 529/635/557 528/632/557 492/583/557
f 492/583/558 528/632/558 516/631/558 478/580/558
f 515/622/559 497/607/559 511/610/559 523/623/559
f 523/623/560 511/610/560 505/602/560 524/626/560
f 524/626/561 505/602/561 504/599/561 530/634/561
f 530/634/562 504/599/562 496/598/562 516/631/562
f 571/675/563 495/589/563 500/592/563 574/676/563
f 574/676/564 500/592/564 510/596/564 575/679/564
f 575/679/565 510/611/565 509/608/565 582/687/565
f 582/687/566 509/608/566 497/607/566 572/684/566
f 514/613/567 590/694/567 595/697/567 517/614/567
f 517/614/568 595/697/568 605/701/568 518/617/568
f 518/629/569 605/701/569 604/710/569 525/625/569
f 525/625/570 604/710/570 592/709/570 515/622/570
f 591/703/571 573/690/571 587/693/571 599/704/571
f 599/704/572 587/693/572 581/688/572 600/707/572
f 600/707/573 581/688/573 580/685/573 606/712/573
f 606/712/574 580/685/574 572/684/574 592/709/574
f 533/637/575 571/675/575 576/678/575 536/638/575
f 536/638/576 576/678/576 586/682/576 537/641/576
f 537/641/577 586/682/577 585/691/577 544/649/577
f 544/649/578 585/691/578 573/690/578 534/646/578
f 590/694/579 552/656/579 557/659/579 593/695/579
f 593/695/580 557/659/580 567/663/580 594/698/580
f 594/698/581 567/663/581 566/672/581 601/706/581
f 601/706/582 566/672/582 554/671/582 591/703/582
f 553/665/583 535/652/583 549/655/583 561/666/583
f 561/666/584 549/655/584 543/650/584 562/669/584
f 562/669/585 543/650/585 542/647/585 568/674/585
f 568/674/586 542/647/586 534/646/586 554/671/586
f 457/535/587 533/637/587 538/640/587 460/536/587
f 460/536/588 538/640/588 548/644/588 461/539/588
f 461/551/589 548/644/589 547/653/589 468/547/589
f 468/547/590 547/653/590 535/652/590 458/544/590
f 552/656/591 477/571/591 487/574/591 555/657/591
f 555/657/592 487/574/592 480/578/592 556/660/592
f 556/660/593 480/566/593 479/563/593 563/668/593
f 563/668/594 479/563/594 476/562/594 553/665/594
f 495/589/595 571/675/595 533/637/595 457/535/595
f 459/553/596 478/580/596 516/631/596 496/598/596
f 535/652/597 553/665/597 476/562/597 458/544/597
f 590/694/598 514/613/598 477/571/598 552/656/598
f 497/607/599 515/622/599 592/709/599 572/684/599
f 573/690/600 591/703/600 554/671/600 534/646/600
o 35_USBCPorts
v -0.158500 0.002375 -0.045300
v -0.158500 0.002675 -0.045000
v -0.158800 0.002675 -0.045300
v -0.158500 0.002398 -0.045185
v -0.158500 0.002463 -0.045088
v -0.158615 0.002398 -0.045300
v -0.158618 0.002425 -0.045182
v -0.158612 0.002478 -0.045103
v -0.158673 0.002502 -0.045127
v -0.158615 0.002675 -0.045023
v -0.158712 0.002675 -0.045088
v -0.158500 0.002560 -0.045023
v -0.158618 0.002557 -0.045050
v -0.158697 0.002563 -0.045103
v -0.158777 0.002560 -0.045300
v -0.158712 0.002463 -0.045300
v -0.158777 0.002675 -0.045185
v -0.158750 0.002557 -0.045182
v -0.158697 0.002478 -0.045188
v -0.158500 0.005075 -0.045000
v -0.158500 0.005375 -0.045300
v -0.158800 0.005075 -0.045300
v -0.158500 0.005190 -0.045023
v -0.158500 0.005287 -0.045088
v -0.158615 0.005075 -0.045023
v -0.158618 0.005193 -0.045050
v -0.158612 0.005272 -0.045103
v -0.158673 0.005248 -0.045127
v -0.158615 0.005352 -0.045300
v -0.158712 0.005287 -0.045300
v -0.158500 0.005352 -0.045185
v -0.158618 0.005325 -0.045182
v -0.158697 0.005272 -0.045188
v -0.158777 0.005075 -0.045185
v -0.158712 0.005075 -0.045088
v -0.158777 0.005190 -0.045300
v -0.158750 0.005193 -0.045182
v -0.158697 0.005187 -0.045103
v -0.158500 0.002375 -0.054700
v -0.158800 0.002675 -0.054700
v -0.158500 0.002675 -0.055000
v -0.158615 0.002398 -0.054700
v -0.158712 0.002463 -0.054700
v -0.158500 0.002398 -0.054815
v -0.158618 0.002425 -0.054818
v -0.158697 0.002478 -0.054812
v -0.158673 0.002502 -0.054873
v -0.158777 0.002675 -0.054815
v -0.158712 0.002675 -0.054912
v -0.158777 0.002560 -0.054700
v -0.158750 0.002557 -0.054818
v -0.158697 0.002563 -0.054897
v -0.158500 0.002560 -0.054977
v -0.158500 0.002463 -0.054912
v -0.158615 0.002675 -0.054977
v -0.158618 0.002557 -0.054950
v -0.158612 0.002478 -0.054897
v -0.158500 0.005375 -0.054700
v -0.158500 0.005075 -0.055000
v -0.158800 0.005075 -0.054700
v -0.158500 0.005352 -0.054815
v -0.158500 0.005287 -0.054912
v -0.158615 0.005352 -0.054700
v -0.158618 0.005325 -0.054818
v -0.158612 0.005272 -0.054897
v -0.158673 0.005248 -0.054873
v -0.158615 0.005075 -0.054977
v -0.158712 0.005075 -0.054912
v -0.158500 0.005190 -0.054977
v -0.158618 0.005193 -0.054950
v -0.158697 0.005187 -0.054897
v -0.158777 0.005190 -0.054700
v -0.158712 0.005287 -0.054700
v -0.158777 0.005075 -0.054815
v -0.158750 0.005193 -0.054818
v -0.158697 0.005272 -0.054812
v -0.154100 0.002375 -0.045300
v -0.153800 0.002675 -0.045300
v -0.154100 0.002675 -0.045000
v -0.153985 0.002398 -0.045300
v -0.153888 0.002463 -0.045300
v -0.154100 0.002398 -0.045185
v -0.153982 0.002425 -0.045182
v -0.153903 0.002478 -0.045188
v -0.153927 0.002502 -0.045127
v -0.153823 0.002675 -0.045185
v -0.153888 0.002675 -0.045088
v -0.153823 0.002560 -0.045300
v -0.153850 0.002557 -0.045182
v -0.153903 0.002563 -0.045103
v -0.154100 0.002560 -0.045023
v -0.154100 0.002463 -0.045088
v -0.153985 0.002675 -0.045023
v -0.153982 0.002557 -0.045050
v -0.153988 0.002478 -0.045103
v -0.154100 0.005375 -0.045300
v -0.154100 0.005075 -0.045000
v -0.153800 0.005075 -0.045300
v -0.154100 0.005352 -0.045185
v -0.154100 0.005287 -0.045088
v -0.153985 0.005352 -0.045300
v -0.153982 0.005325 -0.045182
v -0.153988 0.005272 -0.045103
v -0.153927 0.005248 -0.045127
v -0.153985 0.005075 -0.045023
v -0.153888 0.005075 -0.045088
v -0.154100 0.005190 -0.045023
v -0.153982 0.005193 -0.045050
v -0.153903 0.005187 -0.045103
v -0.153823 0.005190 -0.045300
v -0.153888 0.005287 -0.045300
v -0.153823 0.005075 -0.045185
v -0.153850 0.005193 -0.045182
v -0.153903 0.005272 -0.045188
v -0.154100 0.002375 -0.054700
v -0.154100 0.002675 -0.055000
v -0.153800 0.002675 -0.054700
v -0.154100 0.002398 -0.054815
v -0.154100 0.002463 -0.054912
v -0.153985 0.002398 -0.054700
v -0.153982 0.002425 -0.054818
v -0.153988 0.002478 -0.054897
v -0.153927 0.002502 -0.054873
v -0.153985 0.002675 -0.054977
v -0.153888 0.002675 -0.054912
v -0.154100 0.002560 -0.054977
v -0.153982 0.002557 -0.054950
v -0.153903 0.002563 -0.054897
v -0.153823 0.002560 -0.054700
v -0.153888 0.002463 -0.054700
v -0.153823 0.002675 -0.054815
v -0.153850 0.002557 -0.054818
v -0.153903 0.002478 -0.054812
v -0.154100 0.005375 -0.054700
v -0.153800 0.005075 -0.054700
v -0.154100 0.005075 -0.055000
v -0.153985 0.005352 -0.054700
v -0.153888 0.005287 -0.054700
v -0.154100 0.005352 -0.054815
v -0.153982 0.005325 -0.054818
v -0.153903 0.005272 -0.054812
v -0.153927 0.005248 -0.054873
v -0.153823 0.005075 -0.054815
v -0.153888 0.005075 -0.054912
v -0.153823 0.005190 -0.054700
v -0.153850 0.005193 -0.054818
v -0.153903 0.005187 -0.054897
v -0.154100 0.005190 -0.054977
v -0.154100 0.005287 -0.054912
v -0.153985 0.005075 -0.054977
v -0.153982 0.005193 -0.054950
v -0.153988 0.005272 -0.054897
vn -0.2049 -0.9571 0.2049
vn -0.1818 -0.8152 0.5500
vn -0.5500 -0.8152 0.1818
vn -0.4931 -0.7167 0.4931
vn -0.2049 -0.2049 0.9571
vn -0.5500 -0.1818 0.8152
vn -0.1818 -0.5500 0.8152
vn -0.4931 -0.4931 0.7167
vn -0.9571 -0.2049 0.2049
vn -0.8152 -0.5500 0.1818
vn -0.8152 -0.1818 0.5500
vn -0.7167 -0.4931 0.4931
vn -0.2049 0.2049 0.9571
vn -0.1818 0.5500 0.8152
vn -0.5500 0.1818 0.8152
vn -0.4931 0.4931 0.7167
vn -0.2049 0.9571 0.2049
vn -0.5500 0.8152 0.1818
vn -0.1818 0.8152 0.5500
vn -0.4931 0.7167 0.4931
vn -0.9571 0.2049 0.2049
vn -0.8152 0.1818 0.5500
vn -0.8152 0.5500 0.1818
vn -0.7167 0.4931 0.4931
vn -0.2049 -0.9571 -0.2049
vn -0.5500 -0.8152 -0.1818
vn -0.1818 -0.8152 -0.5500
vn -0.4931 -0.7167 -0.4931
vn -0.9571 -0.2049 -0.2049
vn -0.8152 -0.1818 -0.5500
vn -0.8152 -0.5500 -0.1818
vn -0.7167 -0.4931 -0.4931
vn -0.2049 -0.2049 -0.9571
vn -0.1818 -0.5500 -0.8152
vn -0.5500 -0.1818 -0.8152
vn -0.4931 -0.4931 -0.7167
vn -0.2049 0.9571 -0.2049
vn -0.1818 0.8152 -0.5500
vn -0.5500 0.8152 -0.1818
vn -0.4931 0.7167 -0.4931
vn -0.2049 0.2049 -0.9571
vn -0.5500 0.1818 -0.8152
vn -0.1818 0.5500 -0.8152
vn -0.4931 0.4931 -0.7167
vn -0.9571 0.2049 -0.2049
vn -0.8152 0.5500 -0.1818
vn -0.8152 0.1818 -0.5500
vn -0.7167 0.4931 -0.4931
vn 0.2049 -0.9571 0.2049
vn 0.5500 -0.8152 0.1818
vn 0.1818 -0.8152 0.5500
vn 0.4931 -0.7167 0.4931
vn 0.9571 -0.2049 0.2049
vn 0.8152 -0.1818 0.5500
vn 0.8152 -0.5500 0.1818
vn 0.7167 -0.4931 0.4931
vn 0.2049 -0.2049 0.9571
vn 0.1818 -0.5500 0.8152
vn 0.5500 -0.1818 0.8152
vn 0.4931 -0.4931 0.7167
vn 0.2049 0.9571 0.2049
vn 0.1818 0.8152 0.5500
vn 0.5500 0.8152 0.1818
vn 0.4931 0.7167 0.4931
vn 0.2049 0.2049 0.9571
vn 0.5500 0.1818 0.8152
vn 0.1818 0.5500 0.8152
vn 0.4931 0.4931 0.7167
vn 0.9571 0.2049 0.2049
vn 0.8152 0.5500 0.1818
vn 0.8152 0.1818 0.5500
vn 0.7167 0.4931 0.4931
vn 0.2049 -0.9571 -0.2049
vn 0.1818 -0.8152 -0.5500
vn 0.5500 -0.8152 -0.1818
vn 0.4931 -0.7167 -0.4931
vn 0.2049 -0.2049 -0.9571
vn 0.5500 -0.1818 -0.8152
vn 0.1818 -0.5500 -0.8152
vn 0.4931 -0.4931 -0.7167
vn 0.9571 -0.2049 -0.2049
vn 0.8152 -0.5500 -0.1818
vn 0.8152 -0.1818 -0.5500
vn 0.7167 -0.4931 -0.4931
vn 0.2049 0.9571 -0.2049
vn 0.5500 0.8152 -0.1818
vn 0.1818 0.8152 -0.5500
vn 0.4931 0.7167 -0.4931
vn 0.9571 0.2049 -0.2049
vn 0.8152 0.1818 -0.5500
vn 0.8152 0.5500 -0.1818
vn 0.7167 0.4931 -0.4931
vn 0.2049 0.2049 -0.9571
vn 0.1818 0.5500 -0.8152
vn 0.5500 0.1818 -0.8152
vn 0.4931 0.4931 -0.7167
vn -0.1951 -0.9808 -0.0000
vn -0.5556 -0.8315 -0.0000
vn -0.8315 -0.5556 -0.0000
vn -0.9808 -0.1951 -0.0000
vn -0.1951 -0.0000 0.9808
vn -0.5556 -0.0000 0.8315
vn -0.8315 -0.0000 0.5556
vn -0.9808 -0.0000 0.1951
vn -0.1951 0.9808 -0.0000
vn -0.5556 0.8315 -0.0000
vn -0.8315 0.5556 -0.0000
vn -0.9808 0.1951 -0.0000
vn -0.1951 -0.0000 -0.9808
vn -0.5556 -0.0000 -0.8315
vn -0.8315 -0.0000 -0.5556
vn -0.9808 -0.0000 -0.1951
vn -0.0000 -0.9808 -0.1951
vn -0.0000 -0.8315 -0.5556
vn -0.0000 -0.5556 -0.8315
vn -0.0000 -0.1951 -0.9808
vn -0.0000 0.9808 -0.1951
vn -0.0000 0.8315 -0.5556
vn -0.0000 0.5556 -0.8315
vn -0.0000 0.1951 -0.9808
vn 0.9808 -0.0000 -0.1951
vn 0.8315 -0.0000 -0.5556
vn 0.5556 -0.0000 -0.8315
vn 0.1951 -0.0000 -0.9808
vn 0.1951 -0.9808 -0.0000
vn 0.5556 -0.8315 -0.0000
vn 0.8315 -0.5556 -0.0000
vn 0.9808 -0.1951 -0.0000
vn 0.1951 0.9808 -0.0000
vn 0.5556 0.8315 -0.0000
vn 0.8315 0.5556 -0.0000
vn 0.9808 0.1951 -0.0000
vn 0.1951 -0.0000 0.9808
vn 0.5556 -0.0000 0.8315
vn 0.8315 -0.0000 0.5556
vn 0.9808 -0.0000 0.1951
vn -0.0000 -0.9808 0.1951
vn -0.0000 -0.8315 0.5556
vn -0.0000 -0.5556 0.8315
vn -0.0000 -0.1951 0.9808
vn -0.0000 0.9808 0.1951
vn -0.0000 0.8315 0.5556
vn -0.0000 0.5556 0.8315
vn -0.0000 0.1951 0.9808
vn -0.0000 -1.0000 -0.0000
vn -1.0000 -0.0000 -0.0000
vn -0.0000 -0.0000 1.0000
vn -0.0000 1.0000 -0.0000
vn -0.0000 -0.0000 -1.0000
vn 1.0000 -0.0000 -0.0000
vt 0.140000 0.742500
vt 0.140000 0.745370
vt 0.134116 0.745442
vt 0.134260 0.742500
vt 0.140000 0.750000
vt 0.134414 0.750000
vt 0.125000 0.745293
vt 0.125000 0.742500
vt 0.131340 0.750000
vt 0.400000 0.985000
vt 0.400000 0.990740
vt 0.390193 0.990884
vt 0.390433 0.985000
vt 0.400000 1.000000
vt 0.390691 1.000000
vt 0.375000 0.990586
vt 0.375000 0.985000
vt 0.385566 1.000000
vt 0.400000 0.007500
vt 0.390433 0.007500
vt 0.390193 0.004558
vt 0.400000 0.004630
vt 0.375000 0.007500
vt 0.375000 0.004707
vt 0.390691 0.000000
vt 0.400000 0.000000
vt 0.375000 0.003170
vt 0.600000 0.985000
vt 0.609567 0.985000
vt 0.609807 0.990884
vt 0.600000 0.990740
vt 0.625000 0.985000
vt 0.625000 0.990586
vt 0.609309 1.000000
vt 0.600000 1.000000
vt 0.625000 0.993660
vt 0.860000 0.742500
vt 0.865740 0.742500
vt 0.865884 0.745442
vt 0.860000 0.745370
vt 0.875000 0.742500
vt 0.875000 0.745293
vt 0.865586 0.750000
vt 0.860000 0.750000
vt 0.875000 0.746830
vt 0.600000 0.007500
vt 0.600000 0.004630
vt 0.609807 0.004558
vt 0.609567 0.007500
vt 0.600000 0.000000
vt 0.609309 0.000000
vt 0.625000 0.004707
vt 0.625000 0.007500
vt 0.614434 0.000000
vt 0.140000 0.507500
vt 0.134260 0.507500
vt 0.134116 0.504558
vt 0.140000 0.504630
vt 0.125000 0.507500
vt 0.125000 0.504707
vt 0.134414 0.500000
vt 0.140000 0.500000
vt 0.125000 0.503170
vt 0.400000 0.242500
vt 0.400000 0.245370
vt 0.390193 0.245442
vt 0.390433 0.242500
vt 0.400000 0.250000
vt 0.390691 0.250000
vt 0.375000 0.245293
vt 0.375000 0.242500
vt 0.380283 0.253170
vt 0.400000 0.265000
vt 0.390433 0.265000
vt 0.390193 0.259116
vt 0.400000 0.259260
vt 0.375000 0.265000
vt 0.375000 0.259414
vt 0.860000 0.507500
vt 0.860000 0.504630
vt 0.865884 0.504558
vt 0.865740 0.507500
vt 0.860000 0.500000
vt 0.865586 0.500000
vt 0.875000 0.504707
vt 0.875000 0.507500
vt 0.868660 0.500000
vt 0.600000 0.265000
vt 0.600000 0.259260
vt 0.609807 0.259116
vt 0.609567 0.265000
vt 0.600000 0.250000
vt 0.609309 0.250000
vt 0.625000 0.259414
vt 0.625000 0.265000
vt 0.619717 0.248415
vt 0.600000 0.242500
vt 0.609567 0.242500
vt 0.609807 0.245442
vt 0.600000 0.245370
vt 0.625000 0.242500
vt 0.625000 0.245293
vt 0.360000 0.742500
vt 0.365740 0.742500
vt 0.365884 0.745442
vt 0.360000 0.745370
vt 0.375000 0.742500
vt 0.375000 0.745293
vt 0.370293 0.754707
vt 0.367500 0.757500
vt 0.378522 0.751057
vt 0.400000 0.742500
vt 0.400000 0.745370
vt 0.390193 0.745442
vt 0.390433 0.742500
vt 0.400000 0.750000
vt 0.390691 0.750000
vt 0.400000 0.765000
vt 0.390433 0.765000
vt 0.390193 0.759116
vt 0.400000 0.759260
vt 0.640000 0.742500
vt 0.640000 0.745370
vt 0.634116 0.745442
vt 0.634260 0.742500
vt 0.632500 0.757500
vt 0.629707 0.754707
vt 0.625000 0.745293
vt 0.625000 0.742500
vt 0.623591 0.748943
vt 0.600000 0.765000
vt 0.600000 0.759260
vt 0.609807 0.759116
vt 0.609567 0.765000
vt 0.600000 0.750000
vt 0.609309 0.750000
vt 0.600000 0.742500
vt 0.609567 0.742500
vt 0.609807 0.745442
vt 0.600000 0.745370
vt 0.360000 0.507500
vt 0.360000 0.504630
vt 0.365884 0.504558
vt 0.365740 0.507500
vt 0.367500 0.492500
vt 0.370293 0.495293
vt 0.375000 0.504707
vt 0.375000 0.507500
vt 0.376409 0.501057
vt 0.400000 0.485000
vt 0.400000 0.490740
vt 0.390193 0.490884
vt 0.390433 0.485000
vt 0.400000 0.500000
vt 0.390691 0.500000
vt 0.400000 0.507500
vt 0.390433 0.507500
vt 0.390193 0.504558
vt 0.400000 0.504630
vt 0.640000 0.507500
vt 0.634260 0.507500
vt 0.634116 0.504558
vt 0.640000 0.504630
vt 0.625000 0.507500
vt 0.625000 0.504707
vt 0.629707 0.495293
vt 0.632500 0.492500
vt 0.621478 0.498943
vt 0.600000 0.507500
vt 0.600000 0.504630
vt 0.609807 0.504558
vt 0.609567 0.507500
vt 0.600000 0.500000
vt 0.609309 0.500000
vt 0.600000 0.485000
vt 0.609567 0.485000
vt 0.609807 0.490884
vt 0.600000 0.490740
s 0
usemtl Steel
f 609/713/601 612/714/601 615/715/601 614/716/601
f 612/714/602 613/717/602 616/718/602 615/715/602
f 614/716/603 615/715/603 627/719/603 624/720/603
f 615/715/604 616/718/604 617/721/604 627/719/604
f 610/722/605 618/723/605 621/724/605 620/725/605
f 618/723/606 619/726/606 622/727/606 621/724/606
f 620/725/607 621/724/607 616/728/607 613/729/607
f 621/724/608 622/727/608 617/730/608 616/728/608
f 611/731/609 623/732/609 626/733/609 625/734/609
f 623/732/610 624/735/610 627/736/610 626/733/610
f 625/734/611 626/733/611 622/737/611 619/738/611
f 626/733/612 627/736/612 617/739/612 622/737/612
f 628/740/613 631/741/613 634/742/613 633/743/613
f 631/741/614 632/744/614 635/745/614 634/742/614
f 633/743/615 634/742/615 646/746/615 643/747/615
f 634/742/616 635/745/616 636/748/616 646/746/616
f 629/749/617 637/750/617 640/751/617 639/752/617
f 637/750/618 638/753/618 641/754/618 640/751/618
f 639/752/619 640/751/619 635/755/619 632/756/619
f 640/751/620 641/754/620 636/757/620 635/755/620
f 630/758/621 642/759/621 645/760/621 644/761/621
f 642/759/622 643/762/622 646/763/622 645/760/622
f 644/761/623 645/760/623 641/764/623 638/765/623
f 645/760/624 646/763/624 636/766/624 641/764/624
f 647/767/625 650/768/625 653/769/625 652/770/625
f 650/768/626 651/771/626 654/772/626 653/769/626
f 652/770/627 653/769/627 665/773/627 662/774/627
f 653/769/628 654/772/628 655/775/628 665/773/628
f 648/776/629 656/777/629 659/778/629 658/779/629
f 656/777/630 657/780/630 660/781/630 659/778/630
f 658/779/631 659/778/631 654/782/631 651/783/631
f 659/778/632 660/781/632 655/784/632 654/782/632
f 649/785/633 661/786/633 664/787/633 663/788/633
f 661/786/634 662/789/634 665/790/634 664/787/634
f 663/788/635 664/787/635 660/781/635 657/780/635
f 664/787/636 665/790/636 655/784/636 660/781/636
f 666/791/637 669/792/637 672/793/637 671/794/637
f 669/792/638 670/795/638 673/796/638 672/793/638
f 671/794/639 672/793/639 684/797/639 681/798/639
f 672/793/640 673/796/640 674/799/640 684/797/640
f 667/800/641 675/801/641 678/802/641 677/803/641
f 675/801/642 676/804/642 679/805/642 678/802/642
f 677/803/643 678/802/643 673/806/643 670/807/643
f 678/802/644 679/805/644 674/808/644 673/806/644
f 668/809/645 680/810/645 683/811/645 682/812/645
f 680/810/646 681/813/646 684/814/646 683/811/646
f 682/812/647 683/811/647 679/805/647 676/804/647
f 683/811/648 684/814/648 674/808/648 679/805/648
f 685/815/649 688/816/649 691/817/649 690/818/649
f 688/816/650 689/819/650 692/820/650 691/817/650
f 690/818/651 691/817/651 703/821/651 700/822/651
f 691/817/652 692/820/652 693/823/652 703/821/652
f 686/824/653 694/825/653 697/826/653 696/827/653
f 694/825/654 695/828/654 698/829/654 697/826/654
f 696/827/655 697/826/655 692/820/655 689/819/655
f 697/826/656 698/829/656 693/823/656 692/820/656
f 687/830/657 699/831/657 702/832/657 701/833/657
f 699/831/658 700/822/658 703/821/658 702/832/658
f 701/833/659 702/832/659 698/829/659 695/828/659
f 702/832/660 703/821/660 693/823/660 698/829/660
f 704/834/661 707/835/661 710/836/661 709/837/661
f 707/835/662 708/838/662 711/839/662 710/836/662
f 709/837/663 710/836/663 722/840/663 719/841/663
f 710/836/664 711/839/664 712/842/664 722/840/664
f 705/843/665 713/844/665 716/845/665 715/846/665
f 713/844/666 714/847/666 717/848/666 716/845/666
f 715/846/667 716/845/667 711/839/667 708/838/667
f 716/845/668 717/848/668 712/842/668 711/839/668
f 706/849/669 718/850/669 721/851/669 720/852/669
f 718/850/670 719/841/670 722/840/670 721/851/670
f 720/852/671 721/851/671 717/848/671 714/847/671
f 721/851/672 722/840/672 712/842/672 717/848/672
f 723/853/673 726/854/673 729/855/673 728/856/673
f 726/854/674 727/857/674 730/858/674 729/855/674
f 728/856/675 729/855/675 741/859/675 738/860/675
f 729/855/676 730/858/676 731/861/676 741/859/676
f 724/862/677 732/863/677 735/864/677 734/865/677
f 732/863/678 733/866/678 736/867/678 735/864/678
f 734/865/679 735/864/679 730/858/679 727/857/679
f 735/864/680 736/867/680 731/861/680 730/858/680
f 725/868/681 737/869/681 740/870/681 739/871/681
f 737/869/682 738/860/682 741/859/682 740/870/682
f 739/871/683 740/870/683 736/867/683 733/866/683
f 740/870/684 741/859/684 731/861/684 736/867/684
f 742/872/685 745/873/685 748/874/685 747/875/685
f 745/873/686 746/876/686 749/877/686 748/874/686
f 747/875/687 748/874/687 760/878/687 757/879/687
f 748/874/688 749/877/688 750/880/688 760/878/688
f 743/881/689 751/882/689 754/883/689 753/884/689
f 751/882/690 752/885/690 755/886/690 754/883/690
f 753/884/691 754/883/691 749/877/691 746/876/691
f 754/883/692 755/886/692 750/880/692 749/877/692
f 744/887/693 756/888/693 759/889/693 758/890/693
f 756/888/694 757/879/694 760/878/694 759/889/694
f 758/890/695 759/889/695 755/886/695 752/885/695
f 759/889/696 760/878/696 750/880/696 755/886/696
f 647/767/697 609/713/697 614/716/697 650/768/697
f 650/768/698 614/716/698 624/720/698 651/771/698
f 651/783/699 624/735/699 623/732/699 658/779/699
f 658/779/700 623/732/700 611/731/700 648/776/700
f 610/722/701 628/740/701 633/743/701 618/723/701
f 618/723/702 633/743/702 643/747/702 619/726/702
f 619/738/703 643/762/703 642/759/703 625/734/703
f 625/734/704 642/759/704 630/758/704 611/731/704
f 629/749/705 666/791/705 671/794/705 637/750/705
f 637/750/706 671/794/706 681/798/706 638/753/706
f 638/765/707 681/813/707 680/810/707 644/761/707
f 644/761/708 680/810/708 668/809/708 630/758/708
f 667/800/709 649/785/709 663/788/709 675/801/709
f 675/801/710 663/788/710 657/780/710 676/804/710
f 676/804/711 657/780/711 656/777/711 682/812/711
f 682/812/712 656/777/712 648/776/712 668/809/712
f 723/853/713 647/767/713 652/770/713 726/854/713
f 726/854/714 652/770/714 662/774/714 727/857/714
f 727/857/715 662/789/715 661/786/715 734/865/715
f 734/865/716 661/786/716 649/785/716 724/862/716
f 666/791/717 742/872/717 747/875/717 669/792/717
f 669/792/718 747/875/718 757/879/718 670/795/718
f 670/807/719 757/879/719 756/888/719 677/803/719
f 677/803/720 756/888/720 744/887/720 667/800/720
f 743/881/721 725/868/721 739/871/721 751/882/721
f 751/882/722 739/871/722 733/866/722 752/885/722
f 752/885/723 733/866/723 732/863/723 758/890/723
f 758/890/724 732/863/724 724/862/724 744/887/724
f 685/815/725 723/853/725 728/856/725 688/816/725
f 688/816/726 728/856/726 738/860/726 689/819/726
f 689/819/727 738/860/727 737/869/727 696/827/727
f 696/827/728 737/869/728 725/868/728 686/824/728
f 742/872/729 704/834/729 709/837/729 745/873/729
f 745/873/730 709/837/730 719/841/730 746/876/730
f 746/876/731 719/841/731 718/850/731 753/884/731
f 753/884/732 718/850/732 706/849/732 743/881/732
f 705/843/733 687/830/733 701/833/733 713/844/733
f 713/844/734 701/833/734 695/828/734 714/847/734
f 714/847/735 695/828/735 694/825/735 720/852/735
f 720/852/736 694/825/736 686/824/736 706/849/736
f 609/713/737 685/815/737 690/818/737 612/714/737
f 612/714/738 690/818/738 700/822/738 613/717/738
f 613/729/739 700/822/739 699/831/739 620/725/739
f 620/725/740 699/831/740 687/830/740 610/722/740
f 704/834/741 629/749/741 639/752/741 707/835/741
f 707/835/742 639/752/742 632/756/742 708/838/742
f 708/838/743 632/744/743 631/741/743 715/846/743
f 715/846/744 631/741/744 628/740/744 705/843/744
f 647/767/745 723/853/745 685/815/745 609/713/745
f 611/731/746 630/758/746 668/809/746 648/776/746
f 687/830/747 705/843/747 628/740/747 610/722/747
f 742/872/748 666/791/748 629/749/748 704/834/748
f 649/785/749 667/800/749 744/887/749 724/862/749
f 725/868/750 743/881/750 706/849/750 686/824/750
o 37_MagSafeConnector
v -0.158500 0.002375 -0.072800
v -0.158500 0.002675 -0.072500
v -0.158800 0.002675 -0.072800
v -0.158500 0.002398 -0.072685
v -0.158500 0.002463 -0.072588
v -0.158615 0.002398 -0.072800
v -0.158618 0.002425 -0.072682
v -0.158612 0.002478 -0.072603
v -0.158673 0.002502 -0.072627
v -0.158615 0.002675 -0.072523
v -0.158712 0.002675 -0.072588
v -0.158500 0.002560 -0.072523
v -0.158618 0.002557 -0.072550
v -0.158697 0.002563 -0.072603
v -0.158777 0.002560 -0.072800
v -0.158712 0.002463 -0.072800
v -0.158777 0.002675 -0.072685
v -0.158750 0.002557 -0.072682
v -0.158697 0.002478 -0.072688
v -0.158500 0.005075 -0.072500
v -0.158500 0.005375 -0.072800
v -0.158800 0.005075 -0.072800
v -0.158500 0.005190 -0.072523
v -0.158500 0.005287 -0.072588
v -0.158615 0.005075 -0.072523
v -0.158618 0.005193 -0.072550
v -0.158612 0.005272 -0.072603
v -0.158673 0.005248 -0.072627
v -0.158615 0.005352 -0.072800
v -0.158712 0.005287 -0.072800
v -0.158500 0.005352 -0.072685
v -0.158618 0.005325 -0.072682
v -0.158697 0.005272 -0.072688
v -0.158777 0.005075 -0.072685
v -0.158712 0.005075 -0.072588
v -0.158777 0.005190 -0.072800
v -0.158750 0.005193 -0.072682
v -0.158697 0.005187 -0.072603
v -0.158500 0.002375 -0.087200
v -0.158800 0.002675 -0.087200
v -0.158500 0.002675 -0.087500
v -0.158615 0.002398 -0.087200
v -0.158712 0.002463 -0.087200
v -0.158500 0.002398 -0.087315
v -0.158618 0.002425 -0.087318
v -0.158697 0.002478 -0.087312
v -0.158673 0.002502 -0.087373
v -0.158777 0.002675 -0.087315
v -0.158712 0.002675 -0.087412
v -0.158777 0.002560 -0.087200
v -0.158750 0.002557 -0.087318
v -0.158697 0.002563 -0.087397
v -0.158500 0.002560 -0.087477
v -0.158500 0.002463 -0.087412
v -0.158615 0.002675 -0.087477
v -0.158618 0.002557 -0.087450
v -0.158612 0.002478 -0.087397
v -0.158500 0.005375 -0.087200
v -0.158500 0.005075 -0.087500
v -0.158800 0.005075 -0.087200
v -0.158500 0.005352 -0.087315
v -0.158500 0.005287 -0.087412
v -0.158615 0.005352 -0.087200
v -0.158618 0.005325 -0.087318
v -0.158612 0.005272 -0.087397
v -0.158673 0.005248 -0.087373
v -0.158615 0.005075 -0.087477
v -0.158712 0.005075 -0.087412
v -0.158500 0.005190 -0.087477
v -0.158618 0.005193 -0.087450
v -0.158697 0.005187 -0.087397
v -0.158777 0.005190 -0.087200
v -0.158712 0.005287 -0.087200
v -0.158777 0.005075 -0.087315
v -0.158750 0.005193 -0.087318
v -0.158697 0.005272 -0.087312
v -0.154100 0.002375 -0.072800
v -0.153800 0.002675 -0.072800
v -0.154100 0.002675 -0.072500
v -0.153985 0.002398 -0.072800
v -0.153888 0.002463 -0.072800
v -0.154100 0.002398 -0.072685
v -0.153982 0.002425 -0.072682
v -0.153903 0.002478 -0.072688
v -0.153927 0.002502 -0.072627
v -0.153823 0.002675 -0.072685
v -0.153888 0.002675 -0.072588
v -0.153823 0.002560 -0.072800
v -0.153850 0.002557 -0.072682
v -0.153903 0.002563 -0.072603
v -0.154100 0.002560 -0.072523
v -0.154100 0.002463 -0.072588
v -0.153985 0.002675 -0.072523
v -0.153982 0.002557 -0.072550
v -0.153988 0.002478 -0.072603
v -0.154100 0.005375 -0.072800
v -0.154100 0.005075 -0.072500
v -0.153800 0.005075 -0.072800
v -0.154100 0.005352 -0.072685
v -0.154100 0.005287 -0.072588
v -0.153985 0.005352 -0.072800
v -0.153982 0.005325 -0.072682
v -0.153988 0.005272 -0.072603
v -0.153927 0.005248 -0.072627
v -0.153985 0.005075 -0.072523
v -0.153888 0.005075 -0.072588
v -0.154100 0.005190 -0.072523
v -0.153982 0.005193 -0.072550
v -0.153903 0.005187 -0.072603
v -0.153823 0.005190 -0.072800
v -0.153888 0.005287 -0.072800
v -0.153823 0.005075 -0.072685
v -0.153850 0.005193 -0.072682
v -0.153903 0.005272 -0.072688
v -0.154100 0.002375 -0.087200
v -0.154100 0.002675 -0.087500
v -0.153800 0.002675 -0.087200
v -0.154100 0.002398 -0.087315
v -0.154100 0.002463 -0.087412
v -0.153985 0.002398 -0.087200
v -0.153982 0.002425 -0.087318
v -0.153988 0.002478 -0.087397
v -0.153927 0.002502 -0.087373
v -0.153985 0.002675 -0.087477
v -0.153888 0.002675 -0.087412
v -0.154100 0.002560 -0.087477
v -0.153982 0.002557 -0.087450
v -0.153903 0.002563 -0.087397
v -0.153823 0.002560 -0.087200
v -0.153888 0.002463 -0.087200
v -0.153823 0.002675 -0.087315
v -0.153850 0.002557 -0.087318
v -0.153903 0.002478 -0.087312
v -0.154100 0.005375 -0.087200
v -0.153800 0.005075 -0.087200
v -0.154100 0.005075 -0.087500
v -0.153985 0.005352 -0.087200
v -0.153888 0.005287 -0.087200
v -0.154100 0.005352 -0.087315
v -0.153982 0.005325 -0.087318
v -0.153903 0.005272 -0.087312
v -0.153927 0.005248 -0.087373
v -0.153823 0.005075 -0.087315
v -0.153888 0.005075 -0.087412
v -0.153823 0.005190 -0.087200
v -0.153850 0.005193 -0.087318
v -0.153903 0.005187 -0.087397
v -0.154100 0.005190 -0.087477
v -0.154100 0.005287 -0.087412
v -0.153985 0.005075 -0.087477
v -0.153982 0.005193 -0.087450
v -0.153988 0.005272 -0.087397
vn -0.2049 -0.9571 0.2049
vn -0.1818 -0.8152 0.5500
vn -0.5500 -0.8152 0.1818
vn -0.4931 -0.7167 0.4931
vn -0.2049 -0.2049 0.9571
vn -0.5500 -0.1818 0.8152
vn -0.1818 -0.5500 0.8152
vn -0.4931 -0.4931 0.7167
vn -0.9571 -0.2049 0.2049
vn -0.8152 -0.5500 0.1818
vn -0.8152 -0.1818 0.5500
vn -0.7167 -0.4931 0.4931
vn -0.2049 0.2049 0.9571
vn -0.1818 0.5500 0.8152
vn -0.5500 0.1818 0.8152
vn -0.4931 0.4931 0.7167
vn -0.2049 0.9571 0.2049
vn -0.5500 0.8152 0.1818
vn -0.1818 0.8152 0.5499
vn -0.4931 0.7167 0.4931
vn -0.9571 0.2049 0.2049
vn -0.8152 0.1818 0.5500
vn -0.8152 0.5500 0.1818
vn -0.7167 0.4931 0.4931
vn -0.2049 -0.9571 -0.2049
vn -0.5500 -0.8152 -0.1818
vn -0.1818 -0.8152 -0.5499
vn -0.4931 -0.7167 -0.4931
vn -0.9571 -0.2049 -0.2049
vn -0.8152 -0.1818 -0.5500
vn -0.8152 -0.5500 -0.1818
vn -0.7167 -0.4931 -0.4931
vn -0.2049 -0.2049 -0.9571
vn -0.1818 -0.5500 -0.8152
vn -0.5500 -0.1818 -0.8152
vn -0.4931 -0.4931 -0.7167
vn -0.2049 0.9571 -0.2049
vn -0.1818 0.8152 -0.5500
vn -0.5500 0.8152 -0.1818
vn -0.4931 0.7167 -0.4931
vn -0.2049 0.2049 -0.9571
vn -0.5500 0.1818 -0.8152
vn -0.1818 0.5500 -0.8152
vn -0.4931 0.4931 -0.7167
vn -0.9571 0.2049 -0.2049
vn -0.8152 0.5500 -0.1818
vn -0.8152 0.1818 -0.5500
vn -0.7167 0.4931 -0.4931
vn 0.2049 -0.9571 0.2049
vn 0.5500 -0.8152 0.1818
vn 0.1818 -0.8152 0.5499
vn 0.4931 -0.7167 0.4931
vn 0.9571 -0.2049 0.2049
vn 0.8152 -0.1818 0.5500
vn 0.8152 -0.5500 0.1818
vn 0.7167 -0.4931 0.4931
vn 0.2049 -0.2049 0.9571
vn 0.1818 -0.5500 0.8152
vn 0.5500 -0.1818 0.8152
vn 0.4931 -0.4931 0.7167
vn 0.2049 0.9571 0.2049
vn 0.1818 0.8152 0.5500
vn 0.5500 0.8152 0.1818
vn 0.4931 0.7167 0.4931
vn 0.2049 0.2049 0.9571
vn 0.5500 0.1818 0.8152
vn 0.1818 0.5500 0.8152
vn 0.4931 0.4931 0.7167
vn 0.9571 0.2049 0.2049
vn 0.8152 0.5500 0.1818
vn 0.8152 0.1818 0.5500
vn 0.7167 0.4931 0.4931
vn 0.2049 -0.9571 -0.2049
vn 0.1818 -0.8152 -0.5500
vn 0.5500 -0.8152 -0.1818
vn 0.4931 -0.7167 -0.4931
vn 0.2049 -0.2049 -0.9571
vn 0.5500 -0.1818 -0.8152
vn 0.1818 -0.5500 -0.8152
vn 0.4931 -0.4931 -0.7167
vn 0.9571 -0.2049 -0.2049
vn 0.8152 -0.5500 -0.1818
vn 0.8152 -0.1818 -0.5500
vn 0.7167 -0.4931 -0.4931
vn 0.2049 0.9571 -0.2049
vn 0.5500 0.8152 -0.1818
vn 0.1818 0.8152 -0.5499
vn 0.4931 0.7167 -0.4931
vn 0.9571 0.2049 -0.2049
vn 0.8152 0.1818 -0.5500
vn 0.8152 0.5500 -0.1818
vn 0.7167 0.4931 -0.4931
vn 0.2049 0.2049 -0.9571
vn 0.1818 0.5500 -0.8152
vn 0.5500 0.1818 -0.8152
vn 0.4931 0.4931 -0.7167
vn -0.1951 -0.9808 -0.0000
vn -0.5556 -0.8315 -0.0000
vn -0.8315 -0.5556 -0.0000
vn -0.9808 -0.1951 -0.0000
vn -0.1951 -0.0000 0.9808
vn -0.5556 -0.0000 0.8315
vn -0.8315 -0.0000 0.5556
vn -0.9808 -0.0000 0.1951
vn -0.1951 0.9808 -0.0000
vn -0.5556 0.8315 -0.0000
vn -0.8315 0.5556 -0.0000
vn -0.9808 0.1951 -0.0000
vn -0.1951 -0.0000 -0.9808
vn -0.5556 -0.0000 -0.8315
vn -0.8315 -0.0000 -0.5556
vn -0.9808 -0.0000 -0.1951
vn -0.0000 -0.9808 -0.1951
vn -0.0000 -0.8315 -0.5556
vn -0.0000 -0.5556 -0.8315
vn -0.0000 -0.1951 -0.9808
vn -0.0000 0.9808 -0.1951
vn -0.0000 0.8315 -0.5556
vn -0.0000 0.5556 -0.8315
vn -0.0000 0.1951 -0.9808
vn 0.9808 -0.0000 -0.1951
vn 0.8315 -0.0000 -0.5556
vn 0.5556 -0.0000 -0.8315
vn 0.1951 -0.0000 -0.9808
vn 0.1951 -0.9808 -0.0000
vn 0.5556 -0.8315 -0.0000
vn 0.8315 -0.5556 -0.0000
vn 0.9808 -0.1951 -0.0000
vn 0.1951 0.9808 -0.0000
vn 0.5556 0.8315 -0.0000
vn 0.8315 0.5556 -0.0000
vn 0.9808 0.1951 -0.0000
vn 0.1951 -0.0000 0.9808
vn 0.5556 -0.0000 0.8315
vn 0.8315 -0.0000 0.5556
vn 0.9808 -0.0000 0.1951
vn -0.0000 -0.9808 0.1951
vn -0.0000 -0.8315 0.5556
vn -0.0000 -0.5556 0.8315
vn -0.0000 -0.1951 0.9808
vn -0.0000 0.9808 0.1951
vn -0.0000 0.8315 0.5556
vn -0.0000 0.5556 0.8315
vn -0.0000 0.1951 0.9808
vn -0.0000 -1.0000 -0.0000
vn -1.0000 -0.0000 -0.0000
vn -0.0000 -0.0000 1.0000
vn -0.0000 1.0000 -0.0000
vn -0.0000 -0.0000 -1.0000
vn 1.0000 -0.0000 -0.0000
vt 0.140000 0.745000
vt 0.140000 0.746913
vt 0.134116 0.746961
vt 0.134260 0.745000
vt 0.140000 0.750000
vt 0.134414 0.750000
vt 0.125000 0.746862
vt 0.125000 0.745000
vt 0.131340 0.750000
vt 0.400000 0.985000
vt 0.400000 0.990740
vt 0.390193 0.990884
vt 0.390433 0.985000
vt 0.400000 1.000000
vt 0.390691 1.000000
vt 0.375000 0.990586
vt 0.375000 0.985000
vt 0.385566 1.000000
vt 0.400000 0.005000
vt 0.390433 0.005000
vt 0.390193 0.003039
vt 0.400000 0.003087
vt 0.375000 0.005000
vt 0.375000 0.003138
vt 0.390691 0.000000
vt 0.400000 0.000000
vt 0.375000 0.002113
vt 0.600000 0.985000
vt 0.609567 0.985000
vt 0.609807 0.990884
vt 0.600000 0.990740
vt 0.625000 0.985000
vt 0.625000 0.990586
vt 0.609309 1.000000
vt 0.600000 1.000000
vt 0.625000 0.993660
vt 0.860000 0.745000
vt 0.865740 0.745000
vt 0.865884 0.746961
vt 0.860000 0.746913
vt 0.875000 0.745000
vt 0.875000 0.746862
vt 0.865586 0.750000
vt 0.860000 0.750000
vt 0.875000 0.747887
vt 0.600000 0.005000
vt 0.600000 0.003087
vt 0.609807 0.003039
vt 0.609567 0.005000
vt 0.600000 0.000000
vt 0.609309 0.000000
vt 0.625000 0.003138
vt 0.625000 0.005000
vt 0.614434 0.000000
vt 0.140000 0.505000
vt 0.134260 0.505000
vt 0.134116 0.503039
vt 0.140000 0.503087
vt 0.125000 0.505000
vt 0.125000 0.503138
vt 0.134414 0.500000
vt 0.140000 0.500000
vt 0.125000 0.502113
vt 0.400000 0.245000
vt 0.400000 0.246913
vt 0.390193 0.246961
vt 0.390433 0.245000
vt 0.400000 0.250000
vt 0.390691 0.250000
vt 0.375000 0.246862
vt 0.375000 0.245000
vt 0.380283 0.253170
vt 0.400000 0.265000
vt 0.390433 0.265000
vt 0.390193 0.259116
vt 0.400000 0.259260
vt 0.375000 0.265000
vt 0.375000 0.259414
vt 0.860000 0.505000
vt 0.860000 0.503087
vt 0.865884 0.503039
vt 0.865740 0.505000
vt 0.860000 0.500000
vt 0.865586 0.500000
vt 0.875000 0.503138
vt 0.875000 0.505000
vt 0.868660 0.500000
vt 0.600000 0.265000
vt 0.600000 0.259260
vt 0.609807 0.259116
vt 0.609567 0.265000
vt 0.600000 0.250000
vt 0.609309 0.250000
vt 0.625000 0.259414
vt 0.625000 0.265000
vt 0.619717 0.248943
vt 0.600000 0.245000
vt 0.609567 0.245000
vt 0.609807 0.246961
vt 0.600000 0.246913
vt 0.625000 0.245000
vt 0.625000 0.246862
vt 0.360000 0.745000
vt 0.365740 0.745000
vt 0.365884 0.746961
vt 0.360000 0.746913
vt 0.375000 0.745000
vt 0.375000 0.746862
vt 0.370293 0.754707
vt 0.367500 0.757500
vt 0.378522 0.751409
vt 0.400000 0.745000
vt 0.400000 0.746913
vt 0.390193 0.746961
vt 0.390433 0.745000
vt 0.400000 0.750000
vt 0.390691 0.750000
vt 0.400000 0.765000
vt 0.390433 0.765000
vt 0.390193 0.759116
vt 0.400000 0.759260
vt 0.640000 0.745000
vt 0.640000 0.746913
vt 0.634116 0.746961
vt 0.634260 0.745000
vt 0.632500 0.757500
vt 0.629707 0.754707
vt 0.625000 0.746862
vt 0.625000 0.745000
vt 0.623591 0.749296
vt 0.600000 0.765000
vt 0.600000 0.759260
vt 0.609807 0.759116
vt 0.609567 0.765000
vt 0.600000 0.750000
vt 0.609309 0.750000
vt 0.600000 0.745000
vt 0.609567 0.745000
vt 0.609807 0.746961
vt 0.600000 0.746913
vt 0.360000 0.505000
vt 0.360000 0.503087
vt 0.365884 0.503039
vt 0.365740 0.505000
vt 0.367500 0.492500
vt 0.370293 0.495293
vt 0.375000 0.503138
vt 0.375000 0.505000
vt 0.376409 0.500704
vt 0.400000 0.485000
vt 0.400000 0.490740
vt 0.390193 0.490884
vt 0.390433 0.485000
vt 0.400000 0.500000
vt 0.390691 0.500000
vt 0.400000 0.505000
vt 0.390433 0.505000
vt 0.390193 0.503039
vt 0.400000 0.503087
vt 0.640000 0.505000
vt 0.634260 0.505000
vt 0.634116 0.503039
vt 0.640000 0.503087
vt 0.625000 0.505000
vt 0.625000 0.503138
vt 0.629707 0.495293
vt 0.632500 0.492500
vt 0.621478 0.498591
vt 0.600000 0.505000
vt 0.600000 0.503087
vt 0.609807 0.503039
vt 0.609567 0.505000
vt 0.600000 0.500000
vt 0.609309 0.500000
vt 0.600000 0.485000
vt 0.609567 0.485000
vt 0.609807 0.490884
vt 0.600000 0.490740
s 0
usemtl Steel
f 761/891/751 764/892/751 767/893/751 766/894/751
f 764/892/752 765/895/752 768/896/752 767/893/752
f 766/894/753 767/893/753 779/897/753 776/898/753
f 767/893/754 768/896/754 769/899/754 779/897/754
f 762/900/755 770/901/755 773/902/755 772/903/755
f 770/901/756 771/904/756 774/905/756 773/902/756
f 772/903/757 773/902/757 768/906/757 765/907/757
f 773/902/758 774/905/758 769/908/758 768/906/758
f 763/909/759 775/910/759 778/911/759 777/912/759
f 775/910/760 776/913/760 779/914/760 778/911/760
f 777/912/761 778/911/761 774/915/761 771/916/761
f 778/911/762 779/914/762 769/917/762 774/915/762
f 780/918/763 783/919/763 786/920/763 785/921/763
f 783/919/764 784/922/764 787/923/764 786/920/764
f 785/921/765 786/920/765 798/924/765 795/925/765
f 786/920/766 787/923/766 788/926/766 798/924/766
f 781/927/767 789/928/767 792/929/767 791/930/767
f 789/928/768 790/931/768 793/932/768 792/929/768
f 791/930/769 792/929/769 787/933/769 784/934/769
f 792/929/770 793/932/770 788/935/770 787/933/770
f 782/936/771 794/937/771 797/938/771 796/939/771
f 794/937/772 795/940/772 798/941/772 797/938/772
f 796/939/773 797/938/773 793/942/773 790/943/773
f 797/938/774 798/941/774 788/944/774 793/942/774
f 799/945/775 802/946/775 805/947/775 804/948/775
f 802/946/776 803/949/776 806/950/776 805/947/776
f 804/948/777 805/947/777 817/951/777 814/952/777
f 805/947/778 806/950/778 807/953/778 817/951/778
f 800/954/779 808/955/779 811/956/779 810/957/779
f 808/955/780 809/958/780 812/959/780 811/956/780
f 810/957/781 811/956/781 806/960/781 803/961/781
f 811/956/782 812/959/782 807/962/782 806/960/782
f 801/963/783 813/964/783 816/965/783 815/966/783
f 813/964/784 814/967/784 817/968/784 816/965/784
f 815/966/785 816/965/785 812/959/785 809/958/785
f 816/965/786 817/968/786 807/962/786 812/959/786
f 818/969/787 821/970/787 824/971/787 823/972/787
f 821/970/788 822/973/788 825/974/788 824/971/788
f 823/972/789 824/971/789 836/975/789 833/976/789
f 824/971/790 825/974/790 826/977/790 836/975/790
f 819/978/791 827/979/791 830/980/791 829/981/791
f 827/979/792 828/982/792 831/983/792 830/980/792
f 829/981/793 830/980/793 825/984/793 822/985/793
f 830/980/794 831/983/794 826/986/794 825/984/794
f 820/987/795 832/988/795 835/989/795 834/990/795
f 832/988/796 833/991/796 836/992/796 835/989/796
f 834/990/797 835/989/797 831/983/797 828/982/797
f 835/989/798 836/992/798 826/986/798 831/983/798
f 837/993/799 840/994/799 843/995/799 842/996/799
f 840/994/800 841/997/800 844/998/800 843/995/800
f 842/996/801 843/995/801 855/999/801 852/1000/801
f 843/995/802 844/998/802 845/1001/802 855/999/802
f 838/1002/803 846/1003/803 849/1004/803 848/1005/803
f 846/1003/804 847/1006/804 850/1007/804 849/1004/804
f 848/1005/805 849/1004/805 844/998/805 841/997/805
f 849/1004/806 850/1007/806 845/1001/806 844/998/806
f 839/1008/807 851/1009/807 854/1010/807 853/1011/807
f 851/1009/808 852/1000/808 855/999/808 854/1010/808
f 853/1011/809 854/1010/809 850/1007/809 847/1006/809
f 854/1010/810 855/999/810 845/1001/810 850/1007/810
f 856/1012/811 859/1013/811 862/1014/811 861/1015/811
f 859/1013/812 860/1016/812 863/1017/812 862/1014/812
f 861/1015/813 862/1014/813 874/1018/813 871/1019/813
f 862/1014/814 863/1017/814 864/1020/814 874/1018/814
f 857/1021/815 865/1022/815 868/1023/815 867/1024/815
f 865/1022/816 866/1025/816 869/1026/816 868/1023/816
f 867/1024/817 868/1023/817 863/1017/817 860/1016/817
f 868/1023/818 869/1026/818 864/1020/818 863/1017/818
f 858/1027/819 870/1028/819 873/1029/819 872/1030/819
f 870/1028/820 871/1019/820 874/1018/820 873/1029/820
f 872/1030/821 873/1029/821 869/1026/821 866/1025/821
f 873/1029/822 874/1018/822 864/1020/822 869/1026/822
f 875/1031/823 878/1032/823 881/1033/823 880/1034/823
f 878/1032/824 879/1035/824 882/1036/824 881/1033/824
f 880/1034/825 881/1033/825 893/1037/825 890/1038/825
f 881/1033/826 882/1036/826 883/1039/826 893/1037/826
f 876/1040/827 884/1041/827 887/1042/827 886/1043/827
f 884/1041/828 885/1044/828 888/1045/828 887/1042/828
f 886/1043/829 887/1042/829 882/1036/829 879/1035/829
f 887/1042/830 888/1045/830 883/1039/830 882/1036/830
f 877/1046/831 889/1047/831 892/1048/831 891/1049/831
f 889/1047/832 890/1038/832 893/1037/832 892/1048/832
f 891/1049/833 892/1048/833 888/1045/833 885/1044/833
f 892/1048/834 893/1037/834 883/1039/834 888/1045/834
f 894/1050/835 897/1051/835 900/1052/835 899/1053/835
f 897/1051/836 898/1054/836 901/1055/836 900/1052/836
f 899/1053/837 900/1052/837 912/1056/837 909/1057/837
f 900/1052/838 901/1055/838 902/1058/838 912/1056/838
f 895/1059/839 903/1060/839 906/1061/839 905/1062/839
f 903/1060/840 904/1063/840 907/1064/840 906/1061/840
f 905/1062/841 906/1061/841 901/1055/841 898/1054/841
f 906/1061/842 907/1064/842 902/1058/842 901/1055/842
f 896/1065/843 908/1066/843 911/1067/843 910/1068/843
f 908/1066/844 909/1057/844 912/1056/844 911/1067/844
f 910/1068/845 911/1067/845 907/1064/845 904/1063/845
f 911/1067/846 912/1056/846 902/1058/846 907/1064/846
f 799/945/847 761/891/847 766/894/847 802/946/847
f 802/946/848 766/894/848 776/898/848 803/949/848
f 803/961/849 776/913/849 775/910/849 810/957/849
f 810/957/850 775/910/850 763/909/850 800/954/850
f 762/900/851 780/918/851 785/921/851 770/901/851
f 770/901/852 785/921/852 795/925/852 771/904/852
f 771/916/853 795/940/853 794/937/853 777/912/853
f 777/912/854 794/937/854 782/936/854 763/909/854
f 781/927/855 818/969/855 823/972/855 789/928/855
f 789/928/856 823/972/856 833/976/856 790/931/856
f 790/943/857 833/991/857 832/988/857 796/939/857
f 796/939/858 832/988/858 820/987/858 782/936/858
f 819/978/859 801/963/859 815/966/859 827/979/859
f 827/979/860 815/966/860 809/958/860 828/982/860
f 828/982/861 809/958/861 808/955/861 834/990/861
f 834/990/862 808/955/862 800/954/862 820/987/862
f 875/1031/863 799/945/863 804/948/863 878/1032/863
f 878/1032/864 804/948/864 814/952/864 879/1035/864
f 879/1035/865 814/967/865 813/964/865 886/1043/865
f 886/1043/866 813/964/866 801/963/866 876/1040/866
f 818/969/867 894/1050/867 899/1053/867 821/970/867
f 821/970/868 899/1053/868 909/1057/868 822/973/868
f 822/985/869 909/1057/869 908/1066/869 829/981/869
f 829/981/870 908/1066/870 896/1065/870 819/978/870
f 895/1059/871 877/1046/871 891/1049/871 903/1060/871
f 903/1060/872 891/1049/872 885/1044/872 904/1063/872
f 904/1063/873 885/1044/873 884/1041/873 910/1068/873
f 910/1068/874 884/1041/874 876/1040/874 896/1065/874
f 837/993/875 875/1031/875 880/1034/875 840/994/875
f 840/994/876 880/1034/876 890/1038/876 841/997/876
f 841/997/877 890/1038/877 889/1047/877 848/1005/877
f 848/1005/878 889/1047/878 877/1046/878 838/1002/878
f 894/1050/879 856/1012/879 861/1015/879 897/1051/879
f 897/1051/880 861/1015/880 871/1019/880 898/1054/880
f 898/1054/881 871/1019/881 870/1028/881 905/1062/881
f 905/1062/882 870/1028/882 858/1027/882 895/1059/882
f 857/1021/883 839/1008/883 853/1011/883 865/1022/883
f 865/1022/884 853/1011/884 847/1006/884 866/1025/884
f 866/1025/885 847/1006/885 846/1003/885 872/1030/885
f 872/1030/886 846/1003/886 838/1002/886 858/1027/886
f 761/891/887 837/993/887 842/996/887 764/892/887
f 764/892/888 842/996/888 852/1000/888 765/895/888
f 765/907/889 852/1000/889 851/1009/889 772/903/889
f 772/903/890 851/1009/890 839/1008/890 762/900/890
f 856/1012/891 781/927/891 791/930/891 859/1013/891
f 859/1013/892 791/930/892 784/934/892 860/1016/892
f 860/1016/893 784/922/893 783/919/893 867/1024/893
f 867/1024/894 783/919/894 780/918/894 857/1021/894
f 799/945/895 875/1031/895 837/993/895 761/891/895
f 763/909/896 782/936/896 820/987/896 800/954/896
f 839/1008/897 857/1021/897 780/918/897 762/900/897
f 894/1050/898 818/969/898 781/927/898 856/1012/898
f 801/963/899 819/978/899 896/1065/899 876/1040/899
f 877/1046/900 895/1059/900 858/1027/900 838/1002/900
o 38_AudioJack
v 0.156300 0.001375 -0.051500
v 0.156300 0.006375 -0.051500
v 0.156593 0.001375 -0.051471
v 0.156593 0.006375 -0.051471
v 0.156874 0.001375 -0.051386
v 0.156874 0.006375 -0.051386
v 0.157133 0.001375 -0.051247
v 0.157133 0.006375 -0.051247
v 0.157361 0.001375 -0.051061
v 0.157361 0.006375 -0.051061
v 0.157547 0.001375 -0.050833
v 0.157547 0.006375 -0.050833
v 0.157686 0.001375 -0.050574
v 0.157686 0.006375 -0.050574
v 0.157771 0.001375 -0.050293
v 0.157771 0.006375 -0.050293
v 0.157800 0.001375 -0.050000
v 0.157800 0.006375 -0.050000
v 0.157771 0.001375 -0.049707
v 0.157771 0.006375 -0.049707
v 0.157686 0.001375 -0.049426
v 0.157686 0.006375 -0.049426
v 0.157547 0.001375 -0.049167
v 0.157547 0.006375 -0.049167
v 0.157361 0.001375 -0.048939
v 0.157361 0.006375 -0.048939
v 0.157133 0.001375 -0.048753
v 0.157133 0.006375 -0.048753
v 0.156874 0.001375 -0.048614
v 0.156874 0.006375 -0.048614
v 0.156593 0.001375 -0.048529
v 0.156593 0.006375 -0.048529
v 0.156300 0.001375 -0.048500
v 0.156300 0.006375 -0.048500
v 0.156007 0.001375 -0.048529
v 0.156007 0.006375 -0.048529
v 0.155726 0.001375 -0.048614
v 0.155726 0.006375 -0.048614
v 0.155467 0.001375 -0.048753
v 0.155467 0.006375 -0.048753
v 0.155239 0.001375 -0.048939
v 0.155239 0.006375 -0.048939
v 0.155053 0.001375 -0.049167
v 0.155053 0.006375 -0.049167
v 0.154914 0.001375 -0.049426
v 0.154914 0.006375 -0.049426
v 0.154829 0.001375 -0.049707
v 0.154829 0.006375 -0.049707
v 0.154800 0.001375 -0.050000
v 0.154800 0.006375 -0.050000
v 0.154829 0.001375 -0.050293
v 0.154829 0.006375 -0.050293
v 0.154914 0.001375 -0.050574
v 0.154914 0.006375 -0.050574
v 0.155053 0.001375 -0.050833
v 0.155053 0.006375 -0.050833
v 0.155239 0.001375 -0.051061
v 0.155239 0.006375 -0.051061
v 0.155467 0.001375 -0.051247
v 0.155467 0.006375 -0.051247
v 0.155726 0.001375 -0.051386
v 0.155726 0.006375 -0.051386
v 0.156007 0.001375 -0.051471
v 0.156007 0.006375 -0.051471
vn 0.0980 -0.0000 -0.9952
vn 0.2903 -0.0000 -0.9569
vn 0.4714 -0.0000 -0.8819
vn 0.6344 -0.0000 -0.7730
vn 0.7730 -0.0000 -0.6344
vn 0.8819 -0.0000 -0.4714
vn 0.9569 -0.0000 -0.2903
vn 0.9952 -0.0000 -0.0980
vn 0.9952 -0.0000 0.0980
vn 0.9569 -0.0000 0.2903
vn 0.8819 -0.0000 0.4714
vn 0.7730 -0.0000 0.6344
vn 0.6344 -0.0000 0.7730
vn 0.4714 -0.0000 0.8819
vn 0.2903 -0.0000 0.9569
vn 0.0980 -0.0000 0.9952
vn -0.0980 -0.0000 0.9952
vn -0.2903 -0.0000 0.9569
vn -0.4714 -0.0000 0.8819
vn -0.6344 -0.0000 0.7730
vn -0.7730 -0.0000 0.6344
vn -0.8819 -0.0000 0.4714
vn -0.9569 -0.0000 0.2903
vn -0.9952 -0.0000 0.0980
vn -0.9952 -0.0000 -0.0980
vn -0.9569 -0.0000 -0.2903
vn -0.8819 -0.0000 -0.4714
vn -0.7730 -0.0000 -0.6344
vn -0.6344 -0.0000 -0.7730
vn -0.4714 -0.0000 -0.8819
vn -0.0000 1.0000 -0.0000
vn -0.2903 -0.0000 -0.9569
vn -0.0980 -0.0000 -0.9952
vn -0.0000 -1.0000 -0.0000
vt 1.000000 0.500000
vt 1.000000 1.000000
vt 0.968750 1.000000
vt 0.968750 0.500000
vt 0.937500 1.000000
vt 0.937500 0.500000
vt 0.906250 1.000000
vt 0.906250 0.500000
vt 0.875000 1.000000
vt 0.875000 0.500000
vt 0.843750 1.000000
vt 0.843750 0.500000
vt 0.812500 1.000000
vt 0.812500 0.500000
vt 0.781250 1.000000
vt 0.781250 0.500000
vt 0.750000 1.000000
vt 0.750000 0.500000
vt 0.718750 1.000000
vt 0.718750 0.500000
vt 0.687500 1.000000
vt 0.687500 0.500000
vt 0.656250 1.000000
vt 0.656250 0.500000
vt 0.625000 1.000000
vt 0.625000 0.500000
vt 0.593750 1.000000
vt 0.593750 0.500000
vt 0.562500 1.000000
vt 0.562500 0.500000
vt 0.531250 1.000000
vt 0.531250 0.500000
vt 0.500000 1.000000
vt 0.500000 0.500000
vt 0.468750 1.000000
vt 0.468750 0.500000
vt 0.437500 1.000000
vt 0.437500 0.500000
vt 0.406250 1.000000
vt 0.406250 0.500000
vt 0.375000 1.000000
vt 0.375000 0.500000
vt 0.343750 1.000000
vt 0.343750 0.500000
vt 0.312500 1.000000
vt 0.312500 0.500000
vt 0.281250 1.000000
vt 0.281250 0.500000
vt 0.250000 1.000000
vt 0.250000 0.500000
vt 0.218750 1.000000
vt 0.218750 0.500000
vt 0.187500 1.000000
vt 0.187500 0.500000
vt 0.156250 1.000000
vt 0.156250 0.500000
vt 0.125000 1.000000
vt 0.125000 0.500000
vt 0.093750 1.000000
vt 0.093750 0.500000
vt 0.062500 1.000000
vt 0.062500 0.500000
vt 0.296822 0.485388
vt 0.250000 0.490000
vt 0.203178 0.485388
vt 0.158156 0.471731
vt 0.116663 0.449553
vt 0.080294 0.419706
vt 0.050447 0.383337
vt 0.028269 0.341844
vt 0.014612 0.296822
vt 0.010000 0.250000
vt 0.014612 0.203178
vt 0.028269 0.158156
vt 0.050447 0.116663
vt 0.080294 0.080294
vt 0.116663 0.050447
vt 0.158156 0.028269
vt 0.203178 0.014612
vt 0.250000 0.010000
vt 0.296822 0.014612
vt 0.341844 0.028269
vt 0.383337 0.050447
vt 0.419706 0.080294
vt 0.449553 0.116663
vt 0.471731 0.158156
vt 0.485388 0.203178
vt 0.490000 0.250000
vt 0.485388 0.296822
vt 0.471731 0.341844
vt 0.449553 0.383337
vt 0.419706 0.419706
vt 0.383337 0.449553
vt 0.341844 0.471731
vt 0.031250 1.000000
vt 0.031250 0.500000
vt 0.000000 1.000000
vt 0.000000 0.500000
vt 0.750000 0.490000
vt 0.796822 0.485388
vt 0.841844 0.471731
vt 0.883337 0.449553
vt 0.919706 0.419706
vt 0.949553 0.383337
vt 0.971731 0.341844
vt 0.985388 0.296822
vt 0.990000 0.250000
vt 0.985388 0.203178
vt 0.971731 0.158156
vt 0.949553 0.116663
vt 0.919706 0.080294
vt 0.883337 0.050447
vt 0.841844 0.028269
vt 0.796822 0.014612
vt 0.750000 0.010000
vt 0.703178 0.014612
vt 0.658156 0.028269
vt 0.616663 0.050447
vt 0.580294 0.080294
vt 0.550447 0.116663
vt 0.528269 0.158156
vt 0.514612 0.203178
vt 0.510000 0.250000
vt 0.514612 0.296822
vt 0.528269 0.341844
vt 0.550447 0.383337
vt 0.580294 0.419706
vt 0.616663 0.449553
vt 0.658156 0.471731
vt 0.703178 0.485388
s 0
usemtl Steel
f 913/1069/901 914/1070/901 916/1071/901 915/1072/901
f 915/1072/902 916/1071/902 918/1073/902 917/1074/902
f 917/1074/903 918/1073/903 920/1075/903 919/1076/903
f 919/1076/904 920/1075/904 922/1077/904 921/1078/904
f 921/1078/905 922/1077/905 924/1079/905 923/1080/905
f 923/1080/906 924/1079/906 926/1081/906 925/1082/906
f 925/1082/907 926/1081/907 928/1083/907 927/1084/907
f 927/1084/908 928/1083/908 930/1085/908 929/1086/908
f 929/1086/909 930/1085/909 932/1087/909 931/1088/909
f 931/1088/910 932/1087/910 934/1089/910 933/1090/910
f 933/1090/911 934/1089/911 936/1091/911 935/1092/911
f 935/1092/912 936/1091/912 938/1093/912 937/1094/912
f 937/1094/913 938/1093/913 940/1095/913 939/1096/913
f 939/1096/914 940/1095/914 942/1097/914 941/1098/914
f 941/1098/915 942/1097/915 944/1099/915 943/1100/915
f 943/1100/916 944/1099/916 946/1101/916 945/1102/916
f 945/1102/917 946/1101/917 948/1103/917 947/1104/917
f 947/1104/918 948/1103/918 950/1105/918 949/1106/918
f 949/1106/919 950/1105/919 952/1107/919 951/1108/919
f 951/1108/920 952/1107/920 954/1109/920 953/1110/920
f 953/1110/921 954/1109/921 956/1111/921 955/1112/921
f 955/1112/922 956/1111/922 958/1113/922 957/1114/922
f 957/1114/923 958/1113/923 960/1115/923 959/1116/923
f 959/1116/924 960/1115/924 962/1117/924 961/1118/924
f 961/1118/925 962/1117/925 964/1119/925 963/1120/925
f 963/1120/926 964/1119/926 966/1121/926 965/1122/926
f 965/1122/927 966/1121/927 968/1123/927 967/1124/927
f 967/1124/928 968/1123/928 970/1125/928 969/1126/928
f 969/1126/929 970/1125/929 972/1127/929 971/1128/929
f 971/1128/930 972/1127/930 974/1129/930 973/1130/930
f 916/1131/931 914/1132/931 976/1133/931 974/1134/931 972/1135/931 970/1136/931 968/1137/931 966/1138/931 964/1139/931 962/1140/931 960/1141/931 958/1142/931 956/1143/931 954/1144/931 952/1145/931 950/1146/931 948/1147/931 946/1148/931 944/1149/931 942/1150/931 940/1151/931 938/1152/931 936/1153/931 934/1154/931 932/1155/931 930/1156/931 928/1157/931 926/1158/931 924/1159/931 922/1160/931 920/1161/931 918/1162/931
f 973/1130/932 974/1129/932 976/1163/932 975/1164/932
f 975/1164/933 976/1163/933 914/1165/933 913/1166/933
f 913/1167/934 915/1168/934 917/1169/934 919/1170/934 921/1171/934 923/1172/934 925/1173/934 927/1174/934 929/1175/934 931/1176/934 933/1177/934 935/1178/934 937/1179/934 939/1180/934 941/1181/934 943/1182/934 945/1183/934 947/1184/934 949/1185/934 951/1186/934 953/1187/934 955/1188/934 957/1189/934 959/1190/934 961/1191/934 963/1192/934 965/1193/934 967/1194/934 969/1195/934 971/1196/934 973/1197/934 975/1198/934
o 41_RubberFeet
v 0.136300 -0.001000 -0.095600
v 0.136300 0.001000 -0.095600
v 0.137275 -0.001000 -0.095504
v 0.137275 0.001000 -0.095504
v 0.138213 -0.001000 -0.095219
v 0.138213 0.001000 -0.095219
v 0.139078 -0.001000 -0.094757
v 0.139078 0.001000 -0.094757
v 0.139836 -0.001000 -0.094136
v 0.139836 0.001000 -0.094136
v 0.140457 -0.001000 -0.093378
v 0.140457 0.001000 -0.093378
v 0.140919 -0.001000 -0.092513
v 0.140919 0.001000 -0.092513
v 0.141204 -0.001000 -0.091575
v 0.141204 0.001000 -0.091575
v 0.141300 -0.001000 -0.090600
v 0.141300 0.001000 -0.090600
v 0.141204 -0.001000 -0.089625
v 0.141204 0.001000 -0.089625
v 0.140919 -0.001000 -0.088687
v 0.140919 0.001000 -0.088687
v 0.140457 -0.001000 -0.087822
v 0.140457 0.001000 -0.087822
v 0.139836 -0.001000 -0.087064
v 0.139836 0.001000 -0.087064
v 0.139078 -0.001000 -0.086443
v 0.139078 0.001000 -0.086443
v 0.138213 -0.001000 -0.085981
v 0.138213 0.001000 -0.085981
v 0.137275 -0.001000 -0.085696
v 0.137275 0.001000 -0.085696
v 0.136300 -0.001000 -0.085600
v 0.136300 0.001000 -0.085600
v 0.135325 -0.001000 -0.085696
v 0.135325 0.001000 -0.085696
v 0.134387 -0.001000 -0.085981
v 0.134387 0.001000 -0.085981
v 0.133522 -0.001000 -0.086443
v 0.133522 0.001000 -0.086443
v 0.132764 -0.001000 -0.087064
v 0.132764 0.001000 -0.087064
v 0.132143 -0.001000 -0.087822
v 0.132143 0.001000 -0.087822
v 0.131681 -0.001000 -0.088687
v 0.131681 0.001000 -0.088687
v 0.131396 -0.001000 -0.089625
v 0.131396 0.001000 -0.089625
v 0.131300 -0.001000 -0.090600
v 0.131300 0.001000 -0.090600
v 0.131396 -0.001000 -0.091575
v 0.131396 0.001000 -0.091575
v 0.131681 -0.001000 -0.092513
v 0.131681 0.001000 -0.092513
v 0.132143 -0.001000 -0.093378
v 0.132143 0.001000 -0.093378
v 0.132764 -0.001000 -0.094136
v 0.132764 0.001000 -0.094136
v 0.133522 -0.001000 -0.094757
v 0.133522 0.001000 -0.094757
v 0.134387 -0.001000 -0.095219
v 0.134387 0.001000 -0.095219
v 0.135325 -0.001000 -0.095504
v 0.135325 0.001000 -0.095504
vn 0.0980 -0.0000 -0.9952
vn 0.2903 -0.0000 -0.9569
vn 0.4714 -0.0000 -0.8819
vn 0.6344 -0.0000 -0.7730
vn 0.7730 -0.0000 -0.6344
vn 0.8819 -0.0000 -0.4714
vn 0.9569 -0.0000 -0.2903
vn 0.9952 -0.0000 -0.0980
vn 0.9952 -0.0000 0.0980
vn 0.9569 -0.0000 0.2903
vn 0.8819 -0.0000 0.4714
vn 0.7730 -0.0000 0.6344
vn 0.6344 -0.0000 0.7730
vn 0.4714 -0.0000 0.8819
vn 0.2903 -0.0000 0.9569
vn 0.0980 -0.0000 0.9952
vn -0.0980 -0.0000 0.9952
vn -0.2903 -0.0000 0.9569
vn -0.4714 -0.0000 0.8819
vn -0.6344 -0.0000 0.7730
vn -0.7730 -0.0000 0.6344
vn -0.8819 -0.0000 0.4714
vn -0.9569 -0.0000 0.2903
vn -0.9952 -0.0000 0.0980
vn -0.9952 -0.0000 -0.0980
vn -0.9569 -0.0000 -0.2903
vn -0.8819 -0.0000 -0.4714
vn -0.7730 -0.0000 -0.6344
vn -0.6344 -0.0000 -0.7730
vn -0.4714 -0.0000 -0.8819
vn -0.0000 1.0000 -0.0000
vn -0.2903 -0.0000 -0.9569
vn -0.0980 -0.0000 -0.9952
vn -0.0000 -1.0000 -0.0000
vt 1.000000 0.500000
vt 1.000000 1.000000
vt 0.968750 1.000000
vt 0.968750 0.500000
vt 0.937500 1.000000
vt 0.937500 0.500000
vt 0.906250 1.000000
vt 0.906250 0.500000
vt 0.875000 1.000000
vt 0.875000 0.500000
vt 0.843750 1.000000
vt 0.843750 0.500000
vt 0.812500 1.000000
vt 0.812500 0.500000
vt 0.781250 1.000000
vt 0.781250 0.500000
vt 0.750000 1.000000
vt 0.750000 0.500000
vt 0.718750 1.000000
vt 0.718750 0.500000
vt 0.687500 1.000000
vt 0.687500 0.500000
vt 0.656250 1.000000
vt 0.656250 0.500000
vt 0.625000 1.000000
vt 0.625000 0.500000
vt 0.593750 1.000000
vt 0.593750 0.500000
vt 0.562500 1.000000
vt 0.562500 0.500000
vt 0.531250 1.000000
vt 0.531250 0.500000
vt 0.500000 1.000000
vt 0.500000 0.500000
vt 0.468750 1.000000
vt 0.468750 0.500000
vt 0.437500 1.000000
vt 0.437500 0.500000
vt 0.406250 1.000000
vt 0.406250 0.500000
vt 0.375000 1.000000
vt 0.375000 0.500000
vt 0.343750 1.000000
vt 0.343750 0.500000
vt 0.312500 1.000000
vt 0.312500 0.500000
vt 0.281250 1.000000
vt 0.281250 0.500000
vt 0.250000 1.000000
vt 0.250000 0.500000
vt 0.218750 1.000000
vt 0.218750 0.500000
vt 0.187500 1.000000
vt 0.187500 0.500000
vt 0.156250 1.000000
vt 0.156250 0.500000
vt 0.125000 1.000000
vt 0.125000 0.500000
vt 0.093750 1.000000
vt 0.093750 0.500000
vt 0.062500 1.000000
vt 0.062500 0.500000
vt 0.296822 0.485388
vt 0.250000 0.490000
vt 0.203178 0.485388
vt 0.158156 0.471731
vt 0.116663 0.449553
vt 0.080294 0.419706
vt 0.050447 0.383337
vt 0.028269 0.341844
vt 0.014612 0.296822
vt 0.010000 0.250000
vt 0.014612 0.203178
vt 0.028269 0.158156
vt 0.050447 0.116663
vt 0.080294 0.080294
vt 0.116663 0.050447
vt 0.158156 0.028269
vt 0.203178 0.014612
vt 0.250000 0.010000
vt 0.296822 0.014612
vt 0.341844 0.028269
vt 0.383337 0.050447
vt 0.419706 0.080294
vt 0.449553 0.116663
vt 0.471731 0.158156
vt 0.485388 0.203178
vt 0.490000 0.250000
vt 0.485388 0.296822
vt 0.471731 0.341844
vt 0.449553 0.383337
vt 0.419706 0.419706
vt 0.383337 0.449553
vt 0.341844 0.471731
vt 0.031250 1.000000
vt 0.031250 0.500000
vt 0.000000 1.000000
vt 0.000000 0.500000
vt 0.750000 0.490000
vt 0.796822 0.485388
vt 0.841844 0.471731
vt 0.883337 0.449553
vt 0.919706 0.419706
vt 0.949553 0.383337
vt 0.971731 0.341844
vt 0.985388 0.296822
vt 0.990000 0.250000
vt 0.985388 0.203178
vt 0.971731 0.158156
vt 0.949553 0.116663
vt 0.919706 0.080294
vt 0.883337 0.050447
vt 0.841844 0.028269
vt 0.796822 0.014612
vt 0.750000 0.010000
vt 0.703178 0.014612
vt 0.658156 0.028269
vt 0.616663 0.050447
vt 0.580294 0.080294
vt 0.550447 0.116663
vt 0.528269 0.158156
vt 0.514612 0.203178
vt 0.510000 0.250000
vt 0.514612 0.296822
vt 0.528269 0.341844
vt 0.550447 0.383337
vt 0.580294 0.419706
vt 0.616663 0.449553
vt 0.658156 0.471731
vt 0.703178 0.485388
s 0
usemtl Rubber
f 977/1199/935 978/1200/935 980/1201/935 979/1202/935
f 979/1202/936 980/1201/936 982/1203/936 981/1204/936
f 981/1204/937 982/1203/937 984/1205/937 983/1206/937
f 983/1206/938 984/1205/938 986/1207/938 985/1208/938
f 985/1208/939 986/1207/939 988/1209/939 987/1210/939
f 987/1210/940 988/1209/940 990/1211/940 989/1212/940
f 989/1212/941 990/1211/941 992/1213/941 991/1214/941
f 991/1214/942 992/1213/942 994/1215/942 993/1216/942
f 993/1216/943 994/1215/943 996/1217/943 995/1218/943
f 995/1218/944 996/1217/944 998/1219/944 997/1220/944
f 997/1220/945 998/1219/945 1000/1221/945 999/1222/945
f 999/1222/946 1000/1221/946 1002/1223/946 1001/1224/946
f 1001/1224/947 1002/1223/947 1004/1225/947 1003/1226/947
f 1003/1226/948 1004/1225/948 1006/1227/948 1005/1228/948
f 1005/1228/949 1006/1227/949 1008/1229/949 1007/1230/949
f 1007/1230/950 1008/1229/950 1010/1231/950 1009/1232/950
f 1009/1232/951 1010/1231/951 1012/1233/951 1011/1234/951
f 1011/1234/952 1012/1233/952 1014/1235/952 1013/1236/952
f 1013/1236/953 1014/1235/953 1016/1237/953 1015/1238/953
f 1015/1238/954 1016/1237/954 1018/1239/954 1017/1240/954
f 1017/1240/955 1018/1239/955 1020/1241/955 1019/1242/955
f 1019/1242/956 1020/1241/956 1022/1243/956 1021/1244/956
f 1021/1244/957 1022/1243/957 1024/1245/957 1023/1246/957
f 1023/1246/958 1024/1245/958 1026/1247/958 1025/1248/958
f 1025/1248/959 1026/1247/959 1028/1249/959 1027/1250/959
f 1027/1250/960 1028/1249/960 1030/1251/960 1029/1252/960
f 1029/1252/961 1030/1251/961 1032/1253/961 1031/1254/961
f 1031/1254/962 1032/1253/962 1034/1255/962 1033/1256/962
f 1033/1256/963 1034/1255/963 1036/1257/963 1035/1258/963
f 1035/1258/964 1036/1257/964 1038/1259/964 1037/1260/964
f 980/1261/965 978/1262/965 1040/1263/965 1038/1264/965 1036/1265/965 1034/1266/965 1032/1267/965 1030/1268/965 1028/1269/965 1026/1270/965 1024/1271/965 1022/1272/965 1020/1273/965 1018/1274/965 1016/1275/965 1014/1276/965 1012/1277/965 1010/1278/965 1008/1279/965 1006/1280/965 1004/1281/965 1002/1282/965 1000/1283/965 998/1284/965 996/1285/965 994/1286/965 992/1287/965 990/1288/965 988/1289/965 986/1290/965 984/1291/965 982/1292/965
f 1037/1260/966 1038/1259/966 1040/1293/966 1039/1294/966
f 1039/1294/967 1040/1293/967 978/1295/967 977/1296/967
f 977/1297/968 979/1298/968 981/1299/968 983/1300/968 985/1301/968 987/1302/968 989/1303/968 991/1304/968 993/1305/968 995/1306/968 997/1307/968 999/1308/968 1001/1309/968 1003/1310/968 1005/1311/968 1007/1312/968 1009/1313/968 1011/1314/968 1013/1315/968 1015/1316/968 1017/1317/968 1019/1318/968 1021/1319/968 1023/1320/968 1025/1321/968 1027/1322/968 1029/1323/968 1031/1324/968 1033/1325/968 1035/1326/968 1037/1327/968 1039/1328/968
o 42_BottomScrews
v 0.126300 -0.000500 -0.101100
v 0.126300 0.000500 -0.101100
v 0.126398 -0.000500 -0.101090
v 0.126398 0.000500 -0.101090
v 0.126491 -0.000500 -0.101062
v 0.126491 0.000500 -0.101062
v 0.126578 -0.000500 -0.101016
v 0.126578 0.000500 -0.101016
v 0.126654 -0.000500 -0.100954
v 0.126654 0.000500 -0.100954
v 0.126716 -0.000500 -0.100878
v 0.126716 0.000500 -0.100878
v 0.126762 -0.000500 -0.100791
v 0.126762 0.000500 -0.100791
v 0.126790 -0.000500 -0.100698
v 0.126790 0.000500 -0.100698
v 0.126800 -0.000500 -0.100600
v 0.126800 0.000500 -0.100600
v 0.126790 -0.000500 -0.100502
v 0.126790 0.000500 -0.100502
v 0.126762 -0.000500 -0.100409
v 0.126762 0.000500 -0.100409
v 0.126716 -0.000500 -0.100322
v 0.126716 0.000500 -0.100322
v 0.126654 -0.000500 -0.100246
v 0.126654 0.000500 -0.100246
v 0.126578 -0.000500 -0.100184
v 0.126578 0.000500 -0.100184
v 0.126491 -0.000500 -0.100138
v 0.126491 0.000500 -0.100138
v 0.126398 -0.000500 -0.100110
v 0.126398 0.000500 -0.100110
v 0.126300 -0.000500 -0.100100
v 0.126300 0.000500 -0.100100
v 0.126202 -0.000500 -0.100110
v 0.126202 0.000500 -0.100110
v 0.126109 -0.000500 -0.100138
v 0.126109 0.000500 -0.100138
v 0.126022 -0.000500 -0.100184
v 0.126022 0.000500 -0.100184
v 0.125946 -0.000500 -0.100246
v 0.125946 0.000500 -0.100246
v 0.125884 -0.000500 -0.100322
v 0.125884 0.000500 -0.100322
v 0.125838 -0.000500 -0.100409
v 0.125838 0.000500 -0.100409
v 0.125810 -0.000500 -0.100502
v 0.125810 0.000500 -0.100502
v 0.125800 -0.000500 -0.100600
v 0.125800 0.000500 -0.100600
v 0.125810 -0.000500 -0.100698
v 0.125810 0.000500 -0.100698
v 0.125838 -0.000500 -0.100791
v 0.125838 0.000500 -0.100791
v 0.125884 -0.000500 -0.100878
v 0.125884 0.000500 -0.100878
v 0.125946 -0.000500 -0.100954
v 0.125946 0.000500 -0.100954
v 0.126022 -0.000500 -0.101016
v 0.126022 0.000500 -0.101016
v 0.126109 -0.000500 -0.101062
v 0.126109 0.000500 -0.101062
v 0.126202 -0.000500 -0.101090
v 0.126202 0.000500 -0.101090
vn 0.0980 -0.0000 -0.9952
vn 0.2903 -0.0000 -0.9569
vn 0.4714 -0.0000 -0.8819
vn 0.6344 -0.0000 -0.7730
vn 0.7730 -0.0000 -0.6344
vn 0.8819 -0.0000 -0.4714
vn 0.9569 -0.0000 -0.2903
vn 0.9952 -0.0000 -0.0980
vn 0.9952 -0.0000 0.0980
vn 0.9569 -0.0000 0.2903
vn 0.8819 -0.0000 0.4714
vn 0.7730 -0.0000 0.6344
vn 0.6344 -0.0000 0.7730
vn 0.4714 -0.0000 0.8819
vn 0.2903 -0.0000 0.9569
vn 0.0980 -0.0000 0.9952
vn -0.0980 -0.0000 0.9952
vn -0.2903 -0.0000 0.9569
vn -0.4714 -0.0000 0.8819
vn -0.6344 -0.0000 0.7730
vn -0.7730 -0.0000 0.6344
vn -0.8819 -0.0000 0.4714
vn -0.9569 -0.0000 0.2903
vn -0.9952 -0.0000 0.0980
vn -0.9952 -0.0000 -0.0980
vn -0.9569 -0.0000 -0.2903
vn -0.8819 -0.0000 -0.4714
vn -0.7730 -0.0000 -0.6344
vn -0.6344 -0.0000 -0.7730
vn -0.4714 -0.0000 -0.8819
vn -0.0000 1.0000 -0.0000
vn -0.2903 -0.0000 -0.9569
vn -0.0980 -0.0000 -0.9952
vn -0.0000 -1.0000 -0.0000
vt 1.000000 0.500000
vt 1.000000 1.000000
vt 0.968750 1.000000
vt 0.968750 0.500000
vt 0.937500 1.000000
vt 0.937500 0.500000
vt 0.906250 1.000000
vt 0.906250 0.500000
vt 0.875000 1.000000
vt 0.875000 0.500000
vt 0.843750 1.000000
vt 0.843750 0.500000
vt 0.812500 1.000000
vt 0.812500 0.500000
vt 0.781250 1.000000
vt 0.781250 0.500000
vt 0.750000 1.000000
vt 0.750000 0.500000
vt 0.718750 1.000000
vt 0.718750 0.500000
vt 0.687500 1.000000
vt 0.687500 0.500000
vt 0.656250 1.000000
vt 0.656250 0.500000
vt 0.625000 1.000000
vt 0.625000 0.500000
vt 0.593750 1.000000
vt 0.593750 0.500000
vt 0.562500 1.000000
vt 0.562500 0.500000
vt 0.531250 1.000000
vt 0.531250 0.500000
vt 0.500000 1.000000
vt 0.500000 0.500000
vt 0.468750 1.000000
vt 0.468750 0.500000
vt 0.437500 1.000000
vt 0.437500 0.500000
vt 0.406250 1.000000
vt 0.406250 0.500000
vt 0.375000 1.000000
vt 0.375000 0.500000
vt 0.343750 1.000000
vt 0.343750 0.500000
vt 0.312500 1.000000
vt 0.312500 0.500000
vt 0.281250 1.000000
vt 0.281250 0.500000
vt 0.250000 1.000000
vt 0.250000 0.500000
vt 0.218750 1.000000
vt 0.218750 0.500000
vt 0.187500 1.000000
vt 0.187500 0.500000
vt 0.156250 1.000000
vt 0.156250 0.500000
vt 0.125000 1.000000
vt 0.125000 0.500000
vt 0.093750 1.000000
vt 0.093750 0.500000
vt 0.062500 1.000000
vt 0.062500 0.500000
vt 0.296822 0.485388
vt 0.250000 0.490000
vt 0.203178 0.485388
vt 0.158156 0.471731
vt 0.116663 0.449553
vt 0.080294 0.419706
vt 0.050447 0.383337
vt 0.028269 0.341844
vt 0.014612 0.296822
vt 0.010000 0.250000
vt 0.014612 0.203178
vt 0.028269 0.158156
vt 0.050447 0.116663
vt 0.080294 0.080294
vt 0.116663 0.050447
vt 0.158156 0.028269
vt 0.203178 0.014612
vt 0.250000 0.010000
vt 0.296822 0.014612
vt 0.341844 0.028269
vt 0.383337 0.050447
vt 0.419706 0.080294
vt 0.449553 0.116663
vt 0.471731 0.158156
vt 0.485388 0.203178
vt 0.490000 0.250000
vt 0.485388 0.296822
vt 0.471731 0.341844
vt 0.449553 0.383337
vt 0.419706 0.419706
vt 0.383337 0.449553
vt 0.341844 0.471731
vt 0.031250 1.000000
vt 0.031250 0.500000
vt 0.000000 1.000000
vt 0.000000 0.500000
vt 0.750000 0.490000
vt 0.796822 0.485388
vt 0.841844 0.471731
vt 0.883337 0.449553
vt 0.919706 0.419706
vt 0.949553 0.383337
vt 0.971731 0.341844
vt 0.985388 0.296822
vt 0.990000 0.250000
vt 0.985388 0.203178
vt 0.971731 0.158156
vt 0.949553 0.116663
vt 0.919706 0.080294
vt 0.883337 0.050447
vt 0.841844 0.028269
vt 0.796822 0.014612
vt 0.750000 0.010000
vt 0.703178 0.014612
vt 0.658156 0.028269
vt 0.616663 0.050447
vt 0.580294 0.080294
vt 0.550447 0.116663
vt 0.528269 0.158156
vt 0.514612 0.203178
vt 0.510000 0.250000
vt 0.514612 0.296822
vt 0.528269 0.341844
vt 0.550447 0.383337
vt 0.580294 0.419706
vt 0.616663 0.449553
vt 0.658156 0.471731
vt 0.703178 0.485388
s 0
usemtl Steel
f 1041/1329/969 1042/1330/969 1044/1331/969 1043/1332/969
f 1043/1332/970 1044/1331/970 1046/1333/970 1045/1334/970
f 1045/1334/971 1046/1333/971 1048/1335/971 1047/1336/971
f 1047/1336/972 1048/1335/972 1050/1337/972 1049/1338/972
f 1049/1338/973 1050/1337/973 1052/1339/973 1051/1340/973
f 1051/1340/974 1052/1339/974 1054/1341/974 1053/1342/974
f 1053/1342/975 1054/1341/975 1056/1343/975 1055/1344/975
f 1055/1344/976 1056/1343/976 1058/1345/976 1057/1346/976
f 1057/1346/977 1058/1345/977 1060/1347/977 1059/1348/977
f 1059/1348/978 1060/1347/978 1062/1349/978 1061/1350/978
f 1061/1350/979 1062/1349/979 1064/1351/979 1063/1352/979
f 1063/1352/980 1064/1351/980 1066/1353/980 1065/1354/980
f 1065/1354/981 1066/1353/981 1068/1355/981 1067/1356/981
f 1067/1356/982 1068/1355/982 1070/1357/982 1069/1358/982
f 1069/1358/983 1070/1357/983 1072/1359/983 1071/1360/983
f 1071/1360/984 1072/1359/984 1074/1361/984 1073/1362/984
f 1073/1362/985 1074/1361/985 1076/1363/985 1075/1364/985
f 1075/1364/986 1076/1363/986 1078/1365/986 1077/1366/986
f 1077/1366/987 1078/1365/987 1080/1367/987 1079/1368/987
f 1079/1368/988 1080/1367/988 1082/1369/988 1081/1370/988
f 1081/1370/989 1082/1369/989 1084/1371/989 1083/1372/989
f 1083/1372/990 1084/1371/990 1086/1373/990 1085/1374/990
f 1085/1374/991 1086/1373/991 1088/1375/991 1087/1376/991
f 1087/1376/992 1088/1375/992 1090/1377/992 1089/1378/992
f 1089/1378/993 1090/1377/993 1092/1379/993 1091/1380/993
f 1091/1380/994 1092/1379/994 1094/1381/994 1093/1382/994
f 1093/1382/995 1094/1381/995 1096/1383/995 1095/1384/995
f 1095/1384/996 1096/1383/996 1098/1385/996 1097/1386/996
f 1097/1386/997 1098/1385/997 1100/1387/997 1099/1388/997
f 1099/1388/998 1100/1387/998 1102/1389/998 1101/1390/998
f 1044/1391/999 1042/1392/999 1104/1393/999 1102/1394/999 1100/1395/999 1098/1396/999 1096/1397/999 1094/1398/999 1092/1399/999 1090/1400/999 1088/1401/999 1086/1402/999 1084/1403/999 1082/1404/999 1080/1405/999 1078/1406/999 1076/1407/999 1074/1408/999 1072/1409/999 1070/1410/999 1068/1411/999 1066/1412/999 1064/1413/999 1062/1414/999 1060/1415/999 1058/1416/999 1056/1417/999 1054/1418/999 1052/1419/999 1050/1420/999 1048/1421/999 1046/1422/999
f 1101/1390/1000 1102/1389/1000 1104/1423/1000 1103/1424/1000
f 1103/1424/1001 1104/1423/1001 1042/1425/1001 1041/1426/1001
f 1041/1427/1002 1043/1428/1002 1045/1429/1002 1047/1430/1002 1049/1431/1002 1051/1432/1002 1053/1433/1002 1055/1434/1002 1057/1435/1002 1059/1436/1002 1061/1437/1002 1063/1438/1002 1065/1439/1002 1067/1440/1002 1069/1441/1002 1071/1442/1002 1073/1443/1002 1075/1444/1002 1077/1445/1002 1079/1446/1002 1081/1447/1002 1083/1448/1002 1085/1449/1002 1087/1450/1002 1089/1451/1002 1091/1452/1002 1093/1453/1002 1095/1454/1002 1097/1455/1002 1099/1456/1002 1101/1457/1002 1103/1458/1002
o 50_FinalAssemblyAlignment
v -0.000040 -0.000050 0.000040
v -0.000040 -0.000040 0.000050
v -0.000050 -0.000040 0.000040
v -0.000040 -0.000049 0.000044
v -0.000040 -0.000047 0.000047
v -0.000044 -0.000049 0.000040
v -0.000044 -0.000048 0.000044
v -0.000044 -0.000047 0.000047
v -0.000046 -0.000046 0.000046
v -0.000044 -0.000040 0.000049
v -0.000047 -0.000040 0.000047
v -0.000040 -0.000044 0.000049
v -0.000044 -0.000044 0.000048
v -0.000047 -0.000044 0.000047
v -0.000049 -0.000044 0.000040
v -0.000047 -0.000047 0.000040
v -0.000049 -0.000040 0.000044
v -0.000048 -0.000044 0.000044
v -0.000047 -0.000047 0.000044
v -0.000040 0.000040 0.000050
v -0.000040 0.000050 0.000040
v -0.000050 0.000040 0.000040
v -0.000040 0.000044 0.000049
v -0.000040 0.000047 0.000047
v -0.000044 0.000040 0.000049
v -0.000044 0.000044 0.000048
v -0.000044 0.000047 0.000047
v -0.000046 0.000046 0.000046
v -0.000044 0.000049 0.000040
v -0.000047 0.000047 0.000040
v -0.000040 0.000049 0.000044
v -0.000044 0.000048 0.000044
v -0.000047 0.000047 0.000044
v -0.000049 0.000040 0.000044
v -0.000047 0.000040 0.000047
v -0.000049 0.000044 0.000040
v -0.000048 0.000044 0.000044
v -0.000047 0.000044 0.000047
v -0.000040 -0.000050 -0.000040
v -0.000050 -0.000040 -0.000040
v -0.000040 -0.000040 -0.000050
v -0.000044 -0.000049 -0.000040
v -0.000047 -0.000047 -0.000040
v -0.000040 -0.000049 -0.000044
v -0.000044 -0.000048 -0.000044
v -0.000047 -0.000047 -0.000044
v -0.000046 -0.000046 -0.000046
v -0.000049 -0.000040 -0.000044
v -0.000047 -0.000040 -0.000047
v -0.000049 -0.000044 -0.000040
v -0.000048 -0.000044 -0.000044
v -0.000047 -0.000044 -0.000047
v -0.000040 -0.000044 -0.000049
v -0.000040 -0.000047 -0.000047
v -0.000044 -0.000040 -0.000049
v -0.000044 -0.000044 -0.000048
v -0.000044 -0.000047 -0.000047
v -0.000040 0.000050 -0.000040
v -0.000040 0.000040 -0.000050
v -0.000050 0.000040 -0.000040
v -0.000040 0.000049 -0.000044
v -0.000040 0.000047 -0.000047
v -0.000044 0.000049 -0.000040
v -0.000044 0.000048 -0.000044
v -0.000044 0.000047 -0.000047
v -0.000046 0.000046 -0.000046
v -0.000044 0.000040 -0.000049
v -0.000047 0.000040 -0.000047
v -0.000040 0.000044 -0.000049
v -0.000044 0.000044 -0.000048
v -0.000047 0.000044 -0.000047
v -0.000049 0.000044 -0.000040
v -0.000047 0.000047 -0.000040
v -0.000049 0.000040 -0.000044
v -0.000048 0.000044 -0.000044
v -0.000047 0.000047 -0.000044
v 0.000040 -0.000050 0.000040
v 0.000050 -0.000040 0.000040
v 0.000040 -0.000040 0.000050
v 0.000044 -0.000049 0.000040
v 0.000047 -0.000047 0.000040
v 0.000040 -0.000049 0.000044
v 0.000044 -0.000048 0.000044
v 0.000047 -0.000047 0.000044
v 0.000046 -0.000046 0.000046
v 0.000049 -0.000040 0.000044
v 0.000047 -0.000040 0.000047
v 0.000049 -0.000044 0.000040
v 0.000048 -0.000044 0.000044
v 0.000047 -0.000044 0.000047
v 0.000040 -0.000044 0.000049
v 0.000040 -0.000047 0.000047
v 0.000044 -0.000040 0.000049
v 0.000044 -0.000044 0.000048
v 0.000044 -0.000047 0.000047
v 0.000040 0.000050 0.000040
v 0.000040 0.000040 0.000050
v 0.000050 0.000040 0.000040
v 0.000040 0.000049 0.000044
v 0.000040 0.000047 0.000047
v 0.000044 0.000049 0.000040
v 0.000044 0.000048 0.000044
v 0.000044 0.000047 0.000047
v 0.000046 0.000046 0.000046
v 0.000044 0.000040 0.000049
v 0.000047 0.000040 0.000047
v 0.000040 0.000044 0.000049
v 0.000044 0.000044 0.000048
v 0.000047 0.000044 0.000047
v 0.000049 0.000044 0.000040
v 0.000047 0.000047 0.000040
v 0.000049 0.000040 0.000044
v 0.000048 0.000044 0.000044
v 0.000047 0.000047 0.000044
v 0.000040 -0.000050 -0.000040
v 0.000040 -0.000040 -0.000050
v 0.000050 -0.000040 -0.000040
v 0.000040 -0.000049 -0.000044
v 0.000040 -0.000047 -0.000047
v 0.000044 -0.000049 -0.000040
v 0.000044 -0.000048 -0.000044
v 0.000044 -0.000047 -0.000047
v 0.000046 -0.000046 -0.000046
v 0.000044 -0.000040 -0.000049
v 0.000047 -0.000040 -0.000047
v 0.000040 -0.000044 -0.000049
v 0.000044 -0.000044 -0.000048
v 0.000047 -0.000044 -0.000047
v 0.000049 -0.000044 -0.000040
v 0.000047 -0.000047 -0.000040
v 0.000049 -0.000040 -0.000044
v 0.000048 -0.000044 -0.000044
v 0.000047 -0.000047 -0.000044
v 0.000040 0.000050 -0.000040
v 0.000050 0.000040 -0.000040
v 0.000040 0.000040 -0.000050
v 0.000044 0.000049 -0.000040
v 0.000047 0.000047 -0.000040
v 0.000040 0.000049 -0.000044
v 0.000044 0.000048 -0.000044
v 0.000047 0.000047 -0.000044
v 0.000046 0.000046 -0.000046
v 0.000049 0.000040 -0.000044
v 0.000047 0.000040 -0.000047
v 0.000049 0.000044 -0.000040
v 0.000048 0.000044 -0.000044
v 0.000047 0.000044 -0.000047
v 0.000040 0.000044 -0.000049
v 0.000040 0.000047 -0.000047
v 0.000044 0.000040 -0.000049
v 0.000044 0.000044 -0.000048
v 0.000044 0.000047 -0.000047
vn -0.2049 -0.9571 0.2049
vn -0.1818 -0.8152 0.5500
vn -0.5500 -0.8152 0.1818
vn -0.4931 -0.7167 0.4931
vn -0.2049 -0.2049 0.9571
vn -0.5500 -0.1818 0.8152
vn -0.1818 -0.5500 0.8152
vn -0.4931 -0.4931 0.7167
vn -0.9571 -0.2049 0.2049
vn -0.8152 -0.5500 0.1818
vn -0.8152 -0.1818 0.5500
vn -0.7167 -0.4931 0.4931
vn -0.2049 0.2049 0.9571
vn -0.1818 0.5500 0.8152
vn -0.5500 0.1818 0.8152
vn -0.4931 0.4931 0.7167
vn -0.2049 0.9571 0.2049
vn -0.5500 0.8152 0.1818
vn -0.1818 0.8152 0.5500
vn -0.4931 0.7167 0.4931
vn -0.9571 0.2049 0.2049
vn -0.8152 0.1818 0.5500
vn -0.8152 0.5500 0.1818
vn -0.7167 0.4931 0.4931
vn -0.2049 -0.9571 -0.2049
vn -0.5500 -0.8152 -0.1818
vn -0.1818 -0.8152 -0.5500
vn -0.4931 -0.7167 -0.4931
vn -0.9571 -0.2049 -0.2049
vn -0.8152 -0.1818 -0.5500
vn -0.8152 -0.5500 -0.1818
vn -0.7167 -0.4931 -0.4931
vn -0.2049 -0.2049 -0.9571
vn -0.1818 -0.5500 -0.8152
vn -0.5500 -0.1818 -0.8152
vn -0.4931 -0.4931 -0.7167
vn -0.2049 0.9571 -0.2049
vn -0.1818 0.8152 -0.5500
vn -0.5500 0.8152 -0.1818
vn -0.4931 0.7167 -0.4931
vn -0.2049 0.2049 -0.9571
vn -0.5500 0.1818 -0.8152
vn -0.1818 0.5500 -0.8152
vn -0.4931 0.4931 -0.7167
vn -0.9571 0.2049 -0.2049
vn -0.8152 0.5500 -0.1818
vn -0.8152 0.1818 -0.5500
vn -0.7167 0.4931 -0.4931
vn 0.2049 -0.9571 0.2049
vn 0.5500 -0.8152 0.1818
vn 0.1818 -0.8152 0.5500
vn 0.4931 -0.7167 0.4931
vn 0.9571 -0.2049 0.2049
vn 0.8152 -0.1818 0.5500
vn 0.8152 -0.5500 0.1818
vn 0.7167 -0.4931 0.4931
vn 0.2049 -0.2049 0.9571
vn 0.1818 -0.5500 0.8152
vn 0.5500 -0.1818 0.8152
vn 0.4931 -0.4931 0.7167
vn 0.2049 0.9571 0.2049
vn 0.1818 0.8152 0.5500
vn 0.5500 0.8152 0.1818
vn 0.4931 0.7167 0.4931
vn 0.2049 0.2049 0.9571
vn 0.5500 0.1818 0.8152
vn 0.1818 0.5500 0.8152
vn 0.4931 0.4931 0.7167
vn 0.9571 0.2049 0.2049
vn 0.8152 0.5500 0.1818
vn 0.8152 0.1818 0.5500
vn 0.7167 0.4931 0.4931
vn 0.2049 -0.9571 -0.2049
vn 0.1818 -0.8152 -0.5500
vn 0.5500 -0.8152 -0.1818
vn 0.4931 -0.7167 -0.4931
vn 0.2049 -0.2049 -0.9571
vn 0.5500 -0.1818 -0.8152
vn 0.1818 -0.5500 -0.8152
vn 0.4931 -0.4931 -0.7167
vn 0.9571 -0.2049 -0.2049
vn 0.8152 -0.5500 -0.1818
vn 0.8152 -0.1818 -0.5500
vn 0.7167 -0.4931 -0.4931
vn 0.2049 0.9571 -0.2049
vn 0.5500 0.8152 -0.1818
vn 0.1818 0.8152 -0.5500
vn 0.4931 0.7167 -0.4931
vn 0.9571 0.2049 -0.2049
vn 0.8152 0.1818 -0.5500
vn 0.8152 0.5500 -0.1818
vn 0.7167 0.4931 -0.4931
vn 0.2049 0.2049 -0.9571
vn 0.1818 0.5500 -0.8152
vn 0.5500 0.1818 -0.8152
vn 0.4931 0.4931 -0.7167
vn -0.1951 -0.9808 -0.0000
vn -0.5556 -0.8315 -0.0000
vn -0.8315 -0.5556 -0.0000
vn -0.9808 -0.1951 -0.0000
vn -0.1951 -0.0000 0.9808
vn -0.5556 -0.0000 0.8315
vn -0.8315 -0.0000 0.5556
vn -0.9808 -0.0000 0.1951
vn -0.1951 0.9808 -0.0000
vn -0.5556 0.8315 -0.0000
vn -0.8315 0.5556 -0.0000
vn -0.9808 0.1951 -0.0000
vn -0.1951 -0.0000 -0.9808
vn -0.5556 -0.0000 -0.8315
vn -0.8315 -0.0000 -0.5556
vn -0.9808 -0.0000 -0.1951
vn -0.0000 -0.9808 -0.1951
vn -0.0000 -0.8315 -0.5556
vn -0.0000 -0.5556 -0.8315
vn -0.0000 -0.1951 -0.9808
vn -0.0000 0.9808 -0.1951
vn -0.0000 0.8315 -0.5556
vn -0.0000 0.5556 -0.8315
vn -0.0000 0.1951 -0.9808
vn 0.9808 -0.0000 -0.1951
vn 0.8315 -0.0000 -0.5556
vn 0.5556 -0.0000 -0.8315
vn 0.1951 -0.0000 -0.9808
vn 0.1951 -0.9808 -0.0000
vn 0.5556 -0.8315 -0.0000
vn 0.8315 -0.5556 -0.0000
vn 0.9808 -0.1951 -0.0000
vn 0.1951 0.9808 -0.0000
vn 0.5556 0.8315 -0.0000
vn 0.8315 0.5556 -0.0000
vn 0.9808 0.1951 -0.0000
vn 0.1951 -0.0000 0.9808
vn 0.5556 -0.0000 0.8315
vn 0.8315 -0.0000 0.5556
vn 0.9808 -0.0000 0.1951
vn -0.0000 -0.9808 0.1951
vn -0.0000 -0.8315 0.5556
vn -0.0000 -0.5556 0.8315
vn -0.0000 -0.1951 0.9808
vn -0.0000 0.9808 0.1951
vn -0.0000 0.8315 0.5556
vn -0.0000 0.5556 0.8315
vn -0.0000 0.1951 0.9808
vn -0.0000 -1.0000 -0.0000
vn -1.0000 -0.0000 -0.0000
vn -0.0000 -0.0000 1.0000
vn -0.0000 1.0000 -0.0000
vn -0.0000 -0.0000 -1.0000
vn 1.0000 -0.0000 -0.0000
vt 0.150000 0.725000
vt 0.150000 0.734567
vt 0.140193 0.734807
vt 0.140433 0.725000
vt 0.150000 0.750000
vt 0.140691 0.750000
vt 0.125000 0.734309
vt 0.125000 0.725000
vt 0.135566 0.750000
vt 0.400000 0.975000
vt 0.400000 0.984567
vt 0.390193 0.984807
vt 0.390433 0.975000
vt 0.400000 1.000000
vt 0.390691 1.000000
vt 0.375000 0.984309
vt 0.375000 0.975000
vt 0.385566 1.000000
vt 0.400000 0.025000
vt 0.390433 0.025000
vt 0.390193 0.015193
vt 0.400000 0.015433
vt 0.375000 0.025000
vt 0.375000 0.015691
vt 0.390691 0.000000
vt 0.400000 0.000000
vt 0.375000 0.010566
vt 0.600000 0.975000
vt 0.609567 0.975000
vt 0.609807 0.984807
vt 0.600000 0.984567
vt 0.625000 0.975000
vt 0.625000 0.984309
vt 0.609309 1.000000
vt 0.600000 1.000000
vt 0.625000 0.989434
vt 0.850000 0.725000
vt 0.859567 0.725000
vt 0.859807 0.734807
vt 0.850000 0.734567
vt 0.875000 0.725000
vt 0.875000 0.734309
vt 0.859309 0.750000
vt 0.850000 0.750000
vt 0.875000 0.739434
vt 0.600000 0.025000
vt 0.600000 0.015433
vt 0.609807 0.015193
vt 0.609567 0.025000
vt 0.600000 0.000000
vt 0.609309 0.000000
vt 0.625000 0.015691
vt 0.625000 0.025000
vt 0.614434 0.000000
vt 0.150000 0.525000
vt 0.140433 0.525000
vt 0.140193 0.515193
vt 0.150000 0.515433
vt 0.125000 0.525000
vt 0.125000 0.515691
vt 0.140691 0.500000
vt 0.150000 0.500000
vt 0.125000 0.510566
vt 0.400000 0.225000
vt 0.400000 0.234567
vt 0.390193 0.234807
vt 0.390433 0.225000
vt 0.400000 0.250000
vt 0.390691 0.250000
vt 0.375000 0.234309
vt 0.375000 0.225000
vt 0.380283 0.255283
vt 0.400000 0.275000
vt 0.390433 0.275000
vt 0.390193 0.265193
vt 0.400000 0.265433
vt 0.375000 0.275000
vt 0.375000 0.265691
vt 0.850000 0.525000
vt 0.850000 0.515433
vt 0.859807 0.515193
vt 0.859567 0.525000
vt 0.850000 0.500000
vt 0.859309 0.500000
vt 0.875000 0.515691
vt 0.875000 0.525000
vt 0.864434 0.500000
vt 0.600000 0.275000
vt 0.600000 0.265433
vt 0.609807 0.265193
vt 0.609567 0.275000
vt 0.600000 0.250000
vt 0.609309 0.250000
vt 0.625000 0.265691
vt 0.625000 0.275000
vt 0.619717 0.244717
vt 0.600000 0.225000
vt 0.609567 0.225000
vt 0.609807 0.234807
vt 0.600000 0.234567
vt 0.625000 0.225000
vt 0.625000 0.234309
vt 0.350000 0.725000
vt 0.359567 0.725000
vt 0.359807 0.734807
vt 0.350000 0.734567
vt 0.375000 0.725000
vt 0.375000 0.734309
vt 0.367155 0.757845
vt 0.362500 0.762500
vt 0.378522 0.750000
vt 0.400000 0.725000
vt 0.400000 0.734567
vt 0.390193 0.734807
vt 0.390433 0.725000
vt 0.400000 0.750000
vt 0.390691 0.750000
vt 0.400000 0.775000
vt 0.390433 0.775000
vt 0.390193 0.765193
vt 0.400000 0.765433
vt 0.650000 0.725000
vt 0.650000 0.734567
vt 0.640193 0.734807
vt 0.640433 0.725000
vt 0.637500 0.762500
vt 0.632845 0.757845
vt 0.625000 0.734309
vt 0.625000 0.725000
vt 0.625000 0.746478
vt 0.600000 0.775000
vt 0.600000 0.765433
vt 0.609807 0.765193
vt 0.609567 0.775000
vt 0.600000 0.750000
vt 0.609309 0.750000
vt 0.600000 0.725000
vt 0.609567 0.725000
vt 0.609807 0.734807
vt 0.600000 0.734567
vt 0.350000 0.525000
vt 0.350000 0.515433
vt 0.359807 0.515193
vt 0.359567 0.525000
vt 0.362500 0.487500
vt 0.367155 0.492155
vt 0.375000 0.515691
vt 0.375000 0.525000
vt 0.375000 0.503522
vt 0.400000 0.475000
vt 0.400000 0.484567
vt 0.390193 0.484807
vt 0.390433 0.475000
vt 0.400000 0.500000
vt 0.390691 0.500000
vt 0.400000 0.525000
vt 0.390433 0.525000
vt 0.390193 0.515193
vt 0.400000 0.515433
vt 0.650000 0.525000
vt 0.640433 0.525000
vt 0.640193 0.515193
vt 0.650000 0.515433
vt 0.625000 0.525000
vt 0.625000 0.515691
vt 0.632845 0.492155
vt 0.637500 0.487500
vt 0.621478 0.500000
vt 0.600000 0.525000
vt 0.600000 0.515433
vt 0.609807 0.515193
vt 0.609567 0.525000
vt 0.600000 0.500000
vt 0.609309 0.500000
vt 0.600000 0.475000
vt 0.609567 0.475000
vt 0.609807 0.484807
vt 0.600000 0.484567
s 0
usemtl MatteBlackAluminum
f 1105/1459/1003 1108/1460/1003 1111/1461/1003 1110/1462/1003
f 1108/1460/1004 1109/1463/1004 1112/1464/1004 1111/1461/1004
f 1110/1462/1005 1111/1461/1005 1123/1465/1005 1120/1466/1005
f 1111/1461/1006 1112/1464/1006 1113/1467/1006 1123/1465/1006
f 1106/1468/1007 1114/1469/1007 1117/1470/1007 1116/1471/1007
f 1114/1469/1008 1115/1472/1008 1118/1473/1008 1117/1470/1008
f 1116/1471/1009 1117/1470/1009 1112/1474/1009 1109/1475/1009
f 1117/1470/1010 1118/1473/1010 1113/1476/1010 1112/1474/1010
f 1107/1477/1011 1119/1478/1011 1122/1479/1011 1121/1480/1011
f 1119/1478/1012 1120/1481/1012 1123/1482/1012 1122/1479/1012
f 1121/1480/1013 1122/1479/1013 1118/1483/1013 1115/1484/1013
f 1122/1479/1014 1123/1482/1014 1113/1485/1014 1118/1483/1014
f 1124/1486/1015 1127/1487/1015 1130/1488/1015 1129/1489/1015
f 1127/1487/1016 1128/1490/1016 1131/1491/1016 1130/1488/1016
f 1129/1489/1017 1130/1488/1017 1142/1492/1017 1139/1493/1017
f 1130/1488/1018 1131/1491/1018 1132/1494/1018 1142/1492/1018
f 1125/1495/1019 1133/1496/1019 1136/1497/1019 1135/1498/1019
f 1133/1496/1020 1134/1499/1020 1137/1500/1020 1136/1497/1020
f 1135/1498/1021 1136/1497/1021 1131/1501/1021 1128/1502/1021
f 1136/1497/1022 1137/1500/1022 1132/1503/1022 1131/1501/1022
f 1126/1504/1023 1138/1505/1023 1141/1506/1023 1140/1507/1023
f 1138/1505/1024 1139/1508/1024 1142/1509/1024 1141/1506/1024
f 1140/1507/1025 1141/1506/1025 1137/1510/1025 1134/1511/1025
f 1141/1506/1026 1142/1509/1026 1132/1512/1026 1137/1510/1026
f 1143/1513/1027 1146/1514/1027 1149/1515/1027 1148/1516/1027
f 1146/1514/1028 1147/1517/1028 1150/1518/1028 1149/1515/1028
f 1148/1516/1029 1149/1515/1029 1161/1519/1029 1158/1520/1029
f 1149/1515/1030 1150/1518/1030 1151/1521/1030 1161/1519/1030
f 1144/1522/1031 1152/1523/1031 1155/1524/1031 1154/1525/1031
f 1152/1523/1032 1153/1526/1032 1156/1527/1032 1155/1524/1032
f 1154/1525/1033 1155/1524/1033 1150/1528/1033 1147/1529/1033
f 1155/1524/1034 1156/1527/1034 1151/1530/1034 1150/1528/1034
f 1145/1531/1035 1157/1532/1035 1160/1533/1035 1159/1534/1035
f 1157/1532/1036 1158/1535/1036 1161/1536/1036 1160/1533/1036
f 1159/1534/1037 1160/1533/1037 1156/1527/1037 1153/1526/1037
f 1160/1533/1038 1161/1536/1038 1151/1530/1038 1156/1527/1038
f 1162/1537/1039 1165/1538/1039 1168/1539/1039 1167/1540/1039
f 1165/1538/1040 1166/1541/1040 1169/1542/1040 1168/1539/1040
f 1167/1540/1041 1168/1539/1041 1180/1543/1041 1177/1544/1041
f 1168/1539/1042 1169/1542/1042 1170/1545/1042 1180/1543/1042
f 1163/1546/1043 1171/1547/1043 1174/1548/1043 1173/1549/1043
f 1171/1547/1044 1172/1550/1044 1175/1551/1044 1174/1548/1044
f 1173/1549/1045 1174/1548/1045 1169/1552/1045 1166/1553/1045
f 1174/1548/1046 1175/1551/1046 1170/1554/1046 1169/1552/1046
f 1164/1555/1047 1176/1556/1047 1179/1557/1047 1178/1558/1047
f 1176/1556/1048 1177/1559/1048 1180/1560/1048 1179/1557/1048
f 1178/1558/1049 1179/1557/1049 1175/1551/1049 1172/1550/1049
f 1179/1557/1050 1180/1560/1050 1170/1554/1050 1175/1551/1050
f 1181/1561/1051 1184/1562/1051 1187/1563/1051 1186/1564/1051
f 1184/1562/1052 1185/1565/1052 1188/1566/1052 1187/1563/1052
f 1186/1564/1053 1187/1563/1053 1199/1567/1053 1196/1568/1053
f 1187/1563/1054 1188/1566/1054 1189/1569/1054 1199/1567/1054
f 1182/1570/1055 1190/1571/1055 1193/1572/1055 1192/1573/1055
f 1190/1571/1056 1191/1574/1056 1194/1575/1056 1193/1572/1056
f 1192/1573/1057 1193/1572/1057 1188/1566/1057 1185/1565/1057
f 1193/1572/1058 1194/1575/1058 1189/1569/1058 1188/1566/1058
f 1183/1576/1059 1195/1577/1059 1198/1578/1059 1197/1579/1059
f 1195/1577/1060 1196/1568/1060 1199/1567/1060 1198/1578/1060
f 1197/1579/1061 1198/1578/1061 1194/1575/1061 1191/1574/1061
f 1198/1578/1062 1199/1567/1062 1189/1569/1062 1194/1575/1062
f 1200/1580/1063 1203/1581/1063 1206/1582/1063 1205/1583/1063
f 1203/1581/1064 1204/1584/1064 1207/1585/1064 1206/1582/1064
f 1205/1583/1065 1206/1582/1065 1218/1586/1065 1215/1587/1065
f 1206/1582/1066 1207/1585/1066 1208/1588/1066 1218/1586/1066
f 1201/1589/1067 1209/1590/1067 1212/1591/1067 1211/1592/1067
f 1209/1590/1068 1210/1593/1068 1213/1594/1068 1212/1591/1068
f 1211/1592/1069 1212/1591/1069 1207/1585/1069 1204/1584/1069
f 1212/1591/1070 1213/1594/1070 1208/1588/1070 1207/1585/1070
f 1202/1595/1071 1214/1596/1071 1217/1597/1071 1216/1598/1071
f 1214/1596/1072 1215/1587/1072 1218/1586/1072 1217/1597/1072
f 1216/1598/1073 1217/1597/1073 1213/1594/1073 1210/1593/1073
f 1217/1597/1074 1218/1586/1074 1208/1588/1074 1213/1594/1074
f 1219/1599/1075 1222/1600/1075 1225/1601/1075 1224/1602/1075
f 1222/1600/1076 1223/1603/1076 1226/1604/1076 1225/1601/1076
f 1224/1602/1077 1225/1601/1077 1237/1605/1077 1234/1606/1077
f 1225/1601/1078 1226/1604/1078 1227/1607/1078 1237/1605/1078
f 1220/1608/1079 1228/1609/1079 1231/1610/1079 1230/1611/1079
f 1228/1609/1080 1229/1612/1080 1232/1613/1080 1231/1610/1080
f 1230/1611/1081 1231/1610/1081 1226/1604/1081 1223/1603/1081
f 1231/1610/1082 1232/1613/1082 1227/1607/1082 1226/1604/1082
f 1221/1614/1083 1233/1615/1083 1236/1616/1083 1235/1617/1083
f 1233/1615/1084 1234/1606/1084 1237/1605/1084 1236/1616/1084
f 1235/1617/1085 1236/1616/1085 1232/1613/1085 1229/1612/1085
f 1236/1616/1086 1237/1605/1086 1227/1607/1086 1232/1613/1086
f 1238/1618/1087 1241/1619/1087 1244/1620/1087 1243/1621/1087
f 1241/1619/1088 1242/1622/1088 1245/1623/1088 1244/1620/1088
f 1243/1621/1089 1244/1620/1089 1256/1624/1089 1253/1625/1089
f 1244/1620/1090 1245/1623/1090 1246/1626/1090 1256/1624/1090
f 1239/1627/1091 1247/1628/1091 1250/1629/1091 1249/1630/1091
f 1247/1628/1092 1248/1631/1092 1251/1632/1092 1250/1629/1092
f 1249/1630/1093 1250/1629/1093 1245/1623/1093 1242/1622/1093
f 1250/1629/1094 1251/1632/1094 1246/1626/1094 1245/1623/1094
f 1240/1633/1095 1252/1634/1095 1255/1635/1095 1254/1636/1095
f 1252/1634/1096 1253/1625/1096 1256/1624/1096 1255/1635/1096
f 1254/1636/1097 1255/1635/1097 1251/1632/1097 1248/1631/1097
f 1255/1635/1098 1256/1624/1098 1246/1626/1098 1251/1632/1098
f 1143/1513/1099 1105/1459/1099 1110/1462/1099 1146/1514/1099
f 1146/1514/1100 1110/1462/1100 1120/1466/1100 1147/1517/1100
f 1147/1529/1101 1120/1481/1101 1119/1478/1101 1154/1525/1101
f 1154/1525/1102 1119/1478/1102 1107/1477/1102 1144/1522/1102
f 1106/1468/1103 1124/1486/1103 1129/1489/1103 1114/1469/1103
f 1114/1469/1104 1129/1489/1104 1139/1493/1104 1115/1472/1104
f 1115/1484/1105 1139/1508/1105 1138/1505/1105 1121/1480/1105
f 1121/1480/1106 1138/1505/1106 1126/1504/1106 1107/1477/1106
f 1125/1495/1107 1162/1537/1107 1167/1540/1107 1133/1496/1107
f 1133/1496/1108 1167/1540/1108 1177/1544/1108 1134/1499/1108
f 1134/1511/1109 1177/1559/1109 1176/1556/1109 1140/1507/1109
f 1140/1507/1110 1176/1556/1110 1164/1555/1110 1126/1504/1110
f 1163/1546/1111 1145/1531/1111 1159/1534/1111 1171/1547/1111
f 1171/1547/1112 1159/1534/1112 1153/1526/1112 1172/1550/1112
f 1172/1550/1113 1153/1526/1113 1152/1523/1113 1178/1558/1113
f 1178/1558/1114 1152/1523/1114 1144/1522/1114 1164/1555/1114
f 1219/1599/1115 1143/1513/1115 1148/1516/1115 1222/1600/1115
f 1222/1600/1116 1148/1516/1116 1158/1520/1116 1223/1603/1116
f 1223/1603/1117 1158/1535/1117 1157/1532/1117 1230/1611/1117
f 1230/1611/1118 1157/1532/1118 1145/1531/1118 1220/1608/1118
f 1162/1537/1119 1238/1618/1119 1243/1621/1119 1165/1538/1119
f 1165/1538/1120 1243/1621/1120 1253/1625/1120 1166/1541/1120
f 1166/1553/1121 1253/1625/1121 1252/1634/1121 1173/1549/1121
f 1173/1549/1122 1252/1634/1122 1240/1633/1122 1163/1546/1122
f 1239/1627/1123 1221/1614/1123 1235/1617/1123 1247/1628/1123
f 1247/1628/1124 1235/1617/1124 1229/1612/1124 1248/1631/1124
f 1248/1631/1125 1229/1612/1125 1228/1609/1125 1254/1636/1125
f 1254/1636/1126 1228/1609/1126 1220/1608/1126 1240/1633/1126
f 1181/1561/1127 1219/1599/1127 1224/1602/1127 1184/1562/1127
f 1184/1562/1128 1224/1602/1128 1234/1606/1128 1185/1565/1128
f 1185/1565/1129 1234/1606/1129 1233/1615/1129 1192/1573/1129
f 1192/1573/1130 1233/1615/1130 1221/1614/1130 1182/1570/1130
f 1238/1618/1131 1200/1580/1131 1205/1583/1131 1241/1619/1131
f 1241/1619/1132 1205/1583/1132 1215/1587/1132 1242/1622/1132
f 1242/1622/1133 1215/1587/1133 1214/1596/1133 1249/1630/1133
f 1249/1630/1134 1214/1596/1134 1202/1595/1134 1239/1627/1134
f 1201/1589/1135 1183/1576/1135 1197/1579/1135 1209/1590/1135
f 1209/1590/1136 1197/1579/1136 1191/1574/1136 1210/1593/1136
f 1210/1593/1137 1191/1574/1137 1190/1571/1137 1216/1598/1137
f 1216/1598/1138 1190/1571/1138 1182/1570/1138 1202/1595/1138
f 1105/1459/1139 1181/1561/1139 1186/1564/1139 1108/1460/1139
f 1108/1460/1140 1186/1564/1140 1196/1568/1140 1109/1463/1140
f 1109/1475/1141 1196/1568/1141 1195/1577/1141 1116/1471/1141
f 1116/1471/1142 1195/1577/1142 1183/1576/1142 1106/1468/1142
f 1200/1580/1143 1125/1495/1143 1135/1498/1143 1203/1581/1143
f 1203/1581/1144 1135/1498/1144 1128/1502/1144 1204/1584/1144
f 1204/1584/1145 1128/1490/1145 1127/1487/1145 1211/1592/1145
f 1211/1592/1146 1127/1487/1146 1124/1486/1146 1201/1589/1146
f 1143/1513/1147 1219/1599/1147 1181/1561/1147 1105/1459/1147
f 1107/1477/1148 1126/1504/1148 1164/1555/1148 1144/1522/1148
f 1183/1576/1149 1201/1589/1149 1124/1486/1149 1106/1468/1149
f 1238/1618/1150 1162/1537/1150 1125/1495/1150 1200/1580/1150
f 1145/1531/1151 1163/1546/1151 1240/1633/1151 1220/1608/1151
f 1221/1614/1152 1239/1627/1152 1202/1595/1152 1182/1570/1152
o 3_DisplayHousing
v -0.155700 0.215388 -0.185110
v -0.155700 0.215448 -0.185238
v -0.155800 0.215354 -0.185204
v -0.155700 0.215422 -0.185130
v -0.155700 0.215445 -0.185162
v -0.155738 0.215386 -0.185117
v -0.155739 0.215419 -0.185139
v -0.155737 0.215438 -0.185165
v -0.155758 0.215428 -0.185169
v -0.155738 0.215441 -0.185236
v -0.155771 0.215420 -0.185228
v -0.155700 0.215454 -0.185200
v -0.155739 0.215446 -0.185196
v -0.155766 0.215428 -0.185191
v -0.155792 0.215367 -0.185168
v -0.155771 0.215378 -0.185137
v -0.155792 0.215390 -0.185217
v -0.155783 0.215404 -0.185180
v -0.155766 0.215411 -0.185155
v -0.155700 0.215174 -0.185990
v -0.155700 0.215046 -0.186050
v -0.155800 0.215080 -0.185956
v -0.155700 0.215154 -0.186023
v -0.155700 0.215123 -0.186046
v -0.155738 0.215167 -0.185987
v -0.155739 0.215145 -0.186021
v -0.155737 0.215120 -0.186040
v -0.155758 0.215115 -0.186030
v -0.155738 0.215049 -0.186042
v -0.155771 0.215056 -0.186022
v -0.155700 0.215085 -0.186056
v -0.155739 0.215089 -0.186047
v -0.155766 0.215093 -0.186030
v -0.155792 0.215116 -0.185969
v -0.155771 0.215147 -0.185980
v -0.155792 0.215067 -0.185992
v -0.155783 0.215104 -0.186006
v -0.155766 0.215129 -0.186013
v -0.155700 0.008656 -0.109866
v -0.155800 0.008622 -0.109959
v -0.155700 0.008528 -0.109925
v -0.155738 0.008653 -0.109873
v -0.155771 0.008646 -0.109893
v -0.155700 0.008617 -0.109860
v -0.155739 0.008613 -0.109868
v -0.155766 0.008609 -0.109885
v -0.155758 0.008587 -0.109885
v -0.155792 0.008586 -0.109946
v -0.155771 0.008555 -0.109935
v -0.155792 0.008635 -0.109924
v -0.155783 0.008598 -0.109909
v -0.155766 0.008573 -0.109902
v -0.155700 0.008548 -0.109892
v -0.155700 0.008579 -0.109869
v -0.155738 0.008535 -0.109928
v -0.155739 0.008557 -0.109894
v -0.155737 0.008582 -0.109875
v -0.155700 0.008314 -0.110805
v -0.155700 0.008254 -0.110677
v -0.155800 0.008348 -0.110711
v -0.155700 0.008280 -0.110785
v -0.155700 0.008257 -0.110754
v -0.155738 0.008316 -0.110798
v -0.155739 0.008283 -0.110776
v -0.155737 0.008264 -0.110750
v -0.155758 0.008274 -0.110746
v -0.155738 0.008261 -0.110680
v -0.155771 0.008282 -0.110687
v -0.155700 0.008248 -0.110716
v -0.155739 0.008256 -0.110720
v -0.155766 0.008274 -0.110724
v -0.155792 0.008335 -0.110747
v -0.155771 0.008324 -0.110778
v -0.155792 0.008312 -0.110698
v -0.155783 0.008298 -0.110735
v -0.155766 0.008291 -0.110760
v 0.155700 0.215388 -0.185110
v 0.155800 0.215354 -0.185204
v 0.155700 0.215448 -0.185238
v 0.155738 0.215386 -0.185117
v 0.155771 0.215378 -0.185137
v 0.155700 0.215422 -0.185130
v 0.155739 0.215419 -0.185139
v 0.155766 0.215411 -0.185155
v 0.155758 0.215428 -0.185169
v 0.155792 0.215390 -0.185217
v 0.155771 0.215420 -0.185228
v 0.155792 0.215367 -0.185168
v 0.155783 0.215404 -0.185180
v 0.155766 0.215428 -0.185191
v 0.155700 0.215454 -0.185200
v 0.155700 0.215445 -0.185162
v 0.155738 0.215441 -0.185236
v 0.155739 0.215446 -0.185196
v 0.155737 0.215438 -0.185165
v 0.155700 0.215046 -0.186050
v 0.155700 0.215174 -0.185990
v 0.155800 0.215080 -0.185956
v 0.155700 0.215085 -0.186056
v 0.155700 0.215123 -0.186046
v 0.155738 0.215049 -0.186042
v 0.155739 0.215089 -0.186047
v 0.155737 0.215120 -0.186040
v 0.155758 0.215115 -0.186030
v 0.155738 0.215167 -0.185987
v 0.155771 0.215147 -0.185980
v 0.155700 0.215154 -0.186023
v 0.155739 0.215145 -0.186021
v 0.155766 0.215129 -0.186013
v 0.155792 0.215067 -0.185992
v 0.155771 0.215056 -0.186022
v 0.155792 0.215116 -0.185969
v 0.155783 0.215104 -0.186006
v 0.155766 0.215093 -0.186030
v 0.155700 0.008656 -0.109866
v 0.155700 0.008528 -0.109925
v 0.155800 0.008622 -0.109959
v 0.155700 0.008617 -0.109860
v 0.155700 0.008579 -0.109869
v 0.155738 0.008653 -0.109873
v 0.155739 0.008613 -0.109868
v 0.155737 0.008582 -0.109875
v 0.155758 0.008587 -0.109885
v 0.155738 0.008535 -0.109928
v 0.155771 0.008555 -0.109935
v 0.155700 0.008548 -0.109892
v 0.155739 0.008557 -0.109894
v 0.155766 0.008573 -0.109902
v 0.155792 0.008635 -0.109924
v 0.155771 0.008646 -0.109893
v 0.155792 0.008586 -0.109946
v 0.155783 0.008598 -0.109909
v 0.155766 0.008609 -0.109885
v 0.155700 0.008314 -0.110805
v 0.155800 0.008348 -0.110711
v 0.155700 0.008254 -0.110677
v 0.155738 0.008316 -0.110798
v 0.155771 0.008324 -0.110778
v 0.155700 0.008280 -0.110785
v 0.155739 0.008283 -0.110776
v 0.155766 0.008291 -0.110760
v 0.155758 0.008274 -0.110746
v 0.155792 0.008312 -0.110698
v 0.155771 0.008282 -0.110687
v 0.155792 0.008335 -0.110747
v 0.155783 0.008298 -0.110735
v 0.155766 0.008274 -0.110724
v 0.155700 0.008248 -0.110716
v 0.155700 0.008257 -0.110754
v 0.155738 0.008261 -0.110680
v 0.155739 0.008256 -0.110720
v 0.155737 0.008264 -0.110750
vn -0.2051 0.5202 0.8291
vn -0.1817 0.7955 0.5780
vn -0.5499 0.4496 0.7039
vn -0.4931 0.7083 0.5052
vn -0.2049 0.9695 -0.1348
vn -0.5500 0.8281 -0.1081
vn -0.1817 0.9542 0.2379
vn -0.4932 0.8422 0.2179
vn -0.9571 0.2626 0.1225
vn -0.8151 0.3590 0.4547
vn -0.8151 0.5790 -0.0174
vn -0.7171 0.6318 0.2943
vn -0.2050 0.8293 -0.5199
vn -0.1819 0.5780 -0.7955
vn -0.5502 0.7037 -0.4495
vn -0.4932 0.5049 -0.7084
vn -0.2049 -0.1349 -0.9694
vn -0.5499 -0.1080 -0.8282
vn -0.1817 0.2381 -0.9541
vn -0.4933 0.2183 -0.8420
vn -0.9571 0.1225 -0.2624
vn -0.8150 0.4549 -0.3589
vn -0.8151 -0.0174 -0.5791
vn -0.7169 0.2947 -0.6318
vn -0.2049 0.1349 0.9694
vn -0.5499 0.1080 0.8282
vn -0.1817 -0.2381 0.9541
vn -0.4933 -0.2183 0.8420
vn -0.9571 -0.1225 0.2624
vn -0.8150 -0.4549 0.3589
vn -0.8151 0.0174 0.5791
vn -0.7169 -0.2947 0.6318
vn -0.2050 -0.8293 0.5199
vn -0.1819 -0.5780 0.7955
vn -0.5502 -0.7037 0.4495
vn -0.4932 -0.5049 0.7084
vn -0.2051 -0.5202 -0.8291
vn -0.1817 -0.7955 -0.5780
vn -0.5499 -0.4496 -0.7039
vn -0.4931 -0.7083 -0.5052
vn -0.2049 -0.9695 0.1348
vn -0.5500 -0.8281 0.1081
vn -0.1817 -0.9542 -0.2379
vn -0.4932 -0.8422 -0.2179
vn -0.9571 -0.2626 -0.1225
vn -0.8151 -0.3590 -0.4547
vn -0.8151 -0.5790 0.0174
vn -0.7171 -0.6318 -0.2943
vn 0.2050 0.5202 0.8291
vn 0.5499 0.4496 0.7039
vn 0.1818 0.7955 0.5780
vn 0.4931 0.7083 0.5052
vn 0.9571 0.2626 0.1223
vn 0.8151 0.5791 -0.0173
vn 0.8151 0.3590 0.4547
vn 0.7171 0.6318 0.2943
vn 0.2049 0.9694 -0.1348
vn 0.1818 0.9541 0.2379
vn 0.5500 0.8281 -0.1081
vn 0.4932 0.8422 0.2179
vn 0.2049 -0.1350 -0.9694
vn 0.1817 0.2381 -0.9541
vn 0.5500 -0.1080 -0.8281
vn 0.4933 0.2183 -0.8420
vn 0.2049 0.8293 -0.5199
vn 0.5503 0.7036 -0.4495
vn 0.1819 0.5780 -0.7955
vn 0.4931 0.5049 -0.7084
vn 0.9572 0.1225 -0.2624
vn 0.8151 -0.0174 -0.5790
vn 0.8150 0.4549 -0.3589
vn 0.7169 0.2947 -0.6318
vn 0.2049 0.1350 0.9694
vn 0.1817 -0.2381 0.9541
vn 0.5500 0.1080 0.8281
vn 0.4933 -0.2183 0.8420
vn 0.2049 -0.8293 0.5199
vn 0.5503 -0.7036 0.4495
vn 0.1819 -0.5780 0.7955
vn 0.4931 -0.5049 0.7084
vn 0.9572 -0.1225 0.2624
vn 0.8151 0.0174 0.5790
vn 0.8150 -0.4549 0.3589
vn 0.7169 -0.2947 0.6318
vn 0.2050 -0.5202 -0.8291
vn 0.5499 -0.4496 -0.7039
vn 0.1818 -0.7955 -0.5780
vn 0.4931 -0.7083 -0.5052
vn 0.9571 -0.2626 -0.1223
vn 0.8151 -0.5791 0.0173
vn 0.8151 -0.3590 -0.4547
vn 0.7171 -0.6318 -0.2943
vn 0.2049 -0.9694 0.1348
vn 0.1818 -0.9541 -0.2379
vn 0.5500 -0.8281 0.1081
vn 0.4932 -0.8422 -0.2179
vn -0.1949 0.3354 0.9217
vn -0.5557 0.2844 0.7812
vn -0.8315 0.1900 0.5221
vn -0.9807 0.0667 0.1835
vn -0.1951 0.9216 -0.3354
vn -0.5557 0.7812 -0.2844
vn -0.8314 0.5221 -0.1900
vn -0.9808 0.1834 -0.0668
vn -0.1949 -0.3354 -0.9217
vn -0.5557 -0.2844 -0.7812
vn -0.8315 -0.1900 -0.5221
vn -0.9807 -0.0667 -0.1835
vn -0.1951 -0.9216 0.3354
vn -0.5557 -0.7812 0.2844
vn -0.8314 -0.5221 0.1900
vn -0.9808 -0.1834 0.0668
vn -0.0000 0.1521 0.9884
vn -0.0000 -0.2376 0.9714
vn -0.0000 -0.5914 0.8064
vn -0.0000 -0.8549 0.5187
vn -0.0000 -0.5187 -0.8549
vn -0.0000 -0.8065 -0.5912
vn -0.0000 -0.9713 -0.2377
vn -0.0000 -0.9884 0.1522
vn 0.9808 -0.1834 0.0668
vn 0.8314 -0.5221 0.1900
vn 0.5557 -0.7812 0.2844
vn 0.1951 -0.9216 0.3354
vn 0.1949 0.3354 0.9217
vn 0.5557 0.2844 0.7812
vn 0.8315 0.1900 0.5221
vn 0.9807 0.0667 0.1835
vn 0.1949 -0.3354 -0.9217
vn 0.5557 -0.2844 -0.7812
vn 0.8315 -0.1900 -0.5221
vn 0.9807 -0.0667 -0.1835
vn 0.1951 0.9216 -0.3354
vn 0.5557 0.7812 -0.2844
vn 0.8314 0.5221 -0.1900
vn 0.9808 0.1834 -0.0668
vn -0.0000 0.5187 0.8549
vn -0.0000 0.8065 0.5912
vn -0.0000 0.9713 0.2377
vn -0.0000 0.9884 -0.1522
vn -0.0000 -0.1521 -0.9884
vn -0.0000 0.2376 -0.9714
vn -0.0000 0.5914 -0.8064
vn -0.0000 0.8549 -0.5187
vn -0.0000 0.3420 0.9397
vn -1.0000 -0.0000 -0.0000
vn -0.0000 0.9397 -0.3420
vn -0.0000 -0.3420 -0.9397
vn -0.0000 -0.9397 0.3420
vn 1.0000 -0.0000 -0.0000
vt 0.125080 0.749887
vt 0.125080 0.749930
vt 0.125049 0.749931
vt 0.125050 0.749886
vt 0.125080 0.750000
vt 0.125050 0.750000
vt 0.125000 0.749929
vt 0.125000 0.749886
vt 0.125034 0.750000
vt 0.400000 0.999920
vt 0.399999 0.999950
vt 0.390193 0.999951
vt 0.390432 0.999920
vt 0.400000 1.000000
vt 0.390690 1.000000
vt 0.375000 0.999950
vt 0.375000 0.999920
vt 0.385566 1.000000
vt 0.400000 0.000114
vt 0.390432 0.000114
vt 0.390192 0.000069
vt 0.399999 0.000070
vt 0.375000 0.000114
vt 0.375000 0.000071
vt 0.390690 0.000000
vt 0.400000 0.000000
vt 0.375000 0.000048
vt 0.599999 0.999920
vt 0.609567 0.999920
vt 0.609808 0.999951
vt 0.600000 0.999951
vt 0.625000 0.999920
vt 0.625000 0.999950
vt 0.609310 1.000000
vt 0.600001 1.000000
vt 0.625000 0.999966
vt 0.874920 0.749887
vt 0.874950 0.749886
vt 0.874951 0.749931
vt 0.874920 0.749930
vt 0.875000 0.749886
vt 0.875000 0.749929
vt 0.874950 0.750000
vt 0.874920 0.750000
vt 0.875000 0.749952
vt 0.599999 0.000114
vt 0.600000 0.000070
vt 0.609808 0.000069
vt 0.609567 0.000114
vt 0.600000 0.000000
vt 0.609310 0.000000
vt 0.625000 0.000071
vt 0.625000 0.000114
vt 0.614434 0.000000
vt 0.125080 0.500113
vt 0.125050 0.500114
vt 0.125049 0.500069
vt 0.125080 0.500070
vt 0.125000 0.500113
vt 0.125000 0.500071
vt 0.125050 0.500000
vt 0.125080 0.500000
vt 0.125000 0.500048
vt 0.400001 0.249886
vt 0.400000 0.249930
vt 0.390192 0.249931
vt 0.390433 0.249886
vt 0.400000 0.250000
vt 0.390690 0.250000
vt 0.375000 0.249929
vt 0.375000 0.249886
vt 0.380283 0.250017
vt 0.400000 0.250080
vt 0.390433 0.250080
vt 0.390192 0.250049
vt 0.400000 0.250050
vt 0.375000 0.250080
vt 0.375000 0.250050
vt 0.874920 0.500113
vt 0.874920 0.500070
vt 0.874951 0.500069
vt 0.874950 0.500113
vt 0.874920 0.500000
vt 0.874950 0.500000
vt 0.875000 0.500071
vt 0.875000 0.500114
vt 0.874966 0.500000
vt 0.600000 0.250080
vt 0.600000 0.250050
vt 0.609807 0.250049
vt 0.609568 0.250080
vt 0.600000 0.250000
vt 0.609310 0.250000
vt 0.625000 0.250050
vt 0.625000 0.250080
vt 0.619717 0.249976
vt 0.600000 0.249886
vt 0.609568 0.249886
vt 0.609808 0.249931
vt 0.600001 0.249930
vt 0.625000 0.249886
vt 0.625000 0.249929
vt 0.374920 0.749887
vt 0.374950 0.749886
vt 0.374951 0.749931
vt 0.374920 0.749930
vt 0.375000 0.749887
vt 0.375000 0.749929
vt 0.374975 0.750025
vt 0.374960 0.750040
vt 0.378522 0.749995
vt 0.400000 0.749886
vt 0.399999 0.749930
vt 0.390192 0.749931
vt 0.390432 0.749886
vt 0.400000 0.750000
vt 0.390690 0.750000
vt 0.400000 0.750080
vt 0.390432 0.750080
vt 0.390193 0.750049
vt 0.400000 0.750049
vt 0.625080 0.749887
vt 0.625080 0.749930
vt 0.625049 0.749931
vt 0.625050 0.749886
vt 0.625040 0.750040
vt 0.625025 0.750025
vt 0.625000 0.749929
vt 0.625000 0.749886
vt 0.621489 0.749984
vt 0.600000 0.750080
vt 0.600000 0.750050
vt 0.609808 0.750049
vt 0.609567 0.750080
vt 0.600000 0.750000
vt 0.609310 0.750000
vt 0.599999 0.749886
vt 0.609567 0.749886
vt 0.609808 0.749931
vt 0.600000 0.749930
vt 0.374920 0.500113
vt 0.374920 0.500070
vt 0.374951 0.500069
vt 0.374950 0.500113
vt 0.374960 0.499960
vt 0.374975 0.499975
vt 0.375000 0.500071
vt 0.375000 0.500113
vt 0.378511 0.500016
vt 0.400000 0.499920
vt 0.399999 0.499950
vt 0.390192 0.499951
vt 0.390433 0.499920
vt 0.400000 0.500000
vt 0.390690 0.500000
vt 0.400001 0.500114
vt 0.390433 0.500114
vt 0.390192 0.500069
vt 0.400000 0.500070
vt 0.625080 0.500113
vt 0.625050 0.500114
vt 0.625049 0.500069
vt 0.625080 0.500070
vt 0.625000 0.500114
vt 0.625000 0.500071
vt 0.625025 0.499975
vt 0.625040 0.499960
vt 0.621478 0.500005
vt 0.600000 0.500113
vt 0.600001 0.500070
vt 0.609808 0.500069
vt 0.609568 0.500113
vt 0.600000 0.500000
vt 0.609310 0.500000
vt 0.599999 0.499920
vt 0.609568 0.499920
vt 0.609807 0.499951
vt 0.600000 0.499950
s 0
usemtl MatteBlackAluminum
f 1257/1637/1153 1260/1638/1153 1263/1639/1153 1262/1640/1153
f 1260/1638/1154 1261/1641/1154 1264/1642/1154 1263/1639/1154
f 1262/1640/1155 1263/1639/1155 1275/1643/1155 1272/1644/1155
f 1263/1639/1156 1264/1642/1156 1265/1645/1156 1275/1643/1156
f 1258/1646/1157 1266/1647/1157 1269/1648/1157 1268/1649/1157
f 1266/1647/1158 1267/1650/1158 1270/1651/1158 1269/1648/1158
f 1268/1649/1159 1269/1648/1159 1264/1652/1159 1261/1653/1159
f 1269/1648/1160 1270/1651/1160 1265/1654/1160 1264/1652/1160
f 1259/1655/1161 1271/1656/1161 1274/1657/1161 1273/1658/1161
f 1271/1656/1162 1272/1659/1162 1275/1660/1162 1274/1657/1162
f 1273/1658/1163 1274/1657/1163 1270/1661/1163 1267/1662/1163
f 1274/1657/1164 1275/1660/1164 1265/1663/1164 1270/1661/1164
f 1276/1664/1165 1279/1665/1165 1282/1666/1165 1281/1667/1165
f 1279/1665/1166 1280/1668/1166 1283/1669/1166 1282/1666/1166
f 1281/1667/1167 1282/1666/1167 1294/1670/1167 1291/1671/1167
f 1282/1666/1168 1283/1669/1168 1284/1672/1168 1294/1670/1168
f 1277/1673/1169 1285/1674/1169 1288/1675/1169 1287/1676/1169
f 1285/1674/1170 1286/1677/1170 1289/1678/1170 1288/1675/1170
f 1287/1676/1171 1288/1675/1171 1283/1679/1171 1280/1680/1171
f 1288/1675/1172 1289/1678/1172 1284/1681/1172 1283/1679/1172
f 1278/1682/1173 1290/1683/1173 1293/1684/1173 1292/1685/1173
f 1290/1683/1174 1291/1686/1174 1294/1687/1174 1293/1684/1174
f 1292/1685/1175 1293/1684/1175 1289/1688/1175 1286/1689/1175
f 1293/1684/1176 1294/1687/1176 1284/1690/1176 1289/1688/1176
f 1295/1691/1177 1298/1692/1177 1301/1693/1177 1300/1694/1177
f 1298/1692/1178 1299/1695/1178 1302/1696/1178 1301/1693/1178
f 1300/1694/1179 1301/1693/1179 1313/1697/1179 1310/1698/1179
f 1301/1693/1180 1302/1696/1180 1303/1699/1180 1313/1697/1180
f 1296/1700/1181 1304/1701/1181 1307/1702/1181 1306/1703/1181
f 1304/1701/1182 1305/1704/1182 1308/1705/1182 1307/1702/1182
f 1306/1703/1183 1307/1702/1183 1302/1706/1183 1299/1707/1183
f 1307/1702/1184 1308/1705/1184 1303/1708/1184 1302/1706/1184
f 1297/1709/1185 1309/1710/1185 1312/1711/1185 1311/1712/1185
f 1309/1710/1186 1310/1713/1186 1313/1714/1186 1312/1711/1186
f 1311/1712/1187 1312/1711/1187 1308/1705/1187 1305/1704/1187
f 1312/1711/1188 1313/1714/1188 1303/1708/1188 1308/1705/1188
f 1314/1715/1189 1317/1716/1189 1320/1717/1189 1319/1718/1189
f 1317/1716/1190 1318/1719/1190 1321/1720/1190 1320/1717/1190
f 1319/1718/1191 1320/1717/1191 1332/1721/1191 1329/1722/1191
f 1320/1717/1192 1321/1720/1192 1322/1723/1192 1332/1721/1192
f 1315/1724/1193 1323/1725/1193 1326/1726/1193 1325/1727/1193
f 1323/1725/1194 1324/1728/1194 1327/1729/1194 1326/1726/1194
f 1325/1727/1195 1326/1726/1195 1321/1730/1195 1318/1731/1195
f 1326/1726/1196 1327/1729/1196 1322/1732/1196 1321/1730/1196
f 1316/1733/1197 1328/1734/1197 1331/1735/1197 1330/1736/1197
f 1328/1734/1198 1329/1737/1198 1332/1738/1198 1331/1735/1198
f 1330/1736/1199 1331/1735/1199 1327/1729/1199 1324/1728/1199
f 1331/1735/1200 1332/1738/1200 1322/1732/1200 1327/1729/1200
f 1333/1739/1201 1336/1740/1201 1339/1741/1201 1338/1742/1201
f 1336/1740/1202 1337/1743/1202 1340/1744/1202 1339/1741/1202
f 1338/1742/1203 1339/1741/1203 1351/1745/1203 1348/1746/1203
f 1339/1741/1204 1340/1744/1204 1341/1747/1204 1351/1745/1204
f 1334/1748/1205 1342/1749/1205 1345/1750/1205 1344/1751/1205
f 1342/1749/1206 1343/1752/1206 1346/1753/1206 1345/1750/1206
f 1344/1751/1207 1345/1750/1207 1340/1744/1207 1337/1743/1207
f 1345/1750/1208 1346/1753/1208 1341/1747/1208 1340/1744/1208
f 1335/1754/1209 1347/1755/1209 1350/1756/1209 1349/1757/1209
f 1347/1755/1210 1348/1746/1210 1351/1745/1210 1350/1756/1210
f 1349/1757/1211 1350/1756/1211 1346/1753/1211 1343/1752/1211
f 1350/1756/1212 1351/1745/1212 1341/1747/1212 1346/1753/1212
f 1352/1758/1213 1355/1759/1213 1358/1760/1213 1357/1761/1213
f 1355/1759/1214 1356/1762/1214 1359/1763/1214 1358/1760/1214
f 1357/1761/1215 1358/1760/1215 1370/1764/1215 1367/1765/1215
f 1358/1760/1216 1359/1763/1216 1360/1766/1216 1370/1764/1216
f 1353/1767/1217 1361/1768/1217 1364/1769/1217 1363/1770/1217
f 1361/1768/1218 1362/1771/1218 1365/1772/1218 1364/1769/1218
f 1363/1770/1219 1364/1769/1219 1359/1763/1219 1356/1762/1219
f 1364/1769/1220 1365/1772/1220 1360/1766/1220 1359/1763/1220
f 1354/1773/1221 1366/1774/1221 1369/1775/1221 1368/1776/1221
f 1366/1774/1222 1367/1765/1222 1370/1764/1222 1369/1775/1222
f 1368/1776/1223 1369/1775/1223 1365/1772/1223 1362/1771/1223
f 1369/1775/1224 1370/1764/1224 1360/1766/1224 1365/1772/1224
f 1371/1777/1225 1374/1778/1225 1377/1779/1225 1376/1780/1225
f 1374/1778/1226 1375/1781/1226 1378/1782/1226 1377/1779/1226
f 1376/1780/1227 1377/1779/1227 1389/1783/1227 1386/1784/1227
f 1377/1779/1228 1378/1782/1228 1379/1785/1228 1389/1783/1228
f 1372/1786/1229 1380/1787/1229 1383/1788/1229 1382/1789/1229
f 1380/1787/1230 1381/1790/1230 1384/1791/1230 1383/1788/1230
f 1382/1789/1231 1383/1788/1231 1378/1782/1231 1375/1781/1231
f 1383/1788/1232 1384/1791/1232 1379/1785/1232 1378/1782/1232
f 1373/1792/1233 1385/1793/1233 1388/1794/1233 1387/1795/1233
f 1385/1793/1234 1386/1784/1234 1389/1783/1234 1388/1794/1234
f 1387/1795/1235 1388/1794/1235 1384/1791/1235 1381/1790/1235
f 1388/1794/1236 1389/1783/1236 1379/1785/1236 1384/1791/1236
f 1390/1796/1237 1393/1797/1237 1396/1798/1237 1395/1799/1237
f 1393/1797/1238 1394/1800/1238 1397/1801/1238 1396/1798/1238
f 1395/1799/1239 1396/1798/1239 1408/1802/1239 1405/1803/1239
f 1396/1798/1240 1397/1801/1240 1398/1804/1240 1408/1802/1240
f 1391/1805/1241 1399/1806/1241 1402/1807/1241 1401/1808/1241
f 1399/1806/1242 1400/1809/1242 1403/1810/1242 1402/1807/1242
f 1401/1808/1243 1402/1807/1243 1397/1801/1243 1394/1800/1243
f 1402/1807/1244 1403/1810/1244 1398/1804/1244 1397/1801/1244
f 1392/1811/1245 1404/1812/1245 1407/1813/1245 1406/1814/1245
f 1404/1812/1246 1405/1803/1246 1408/1802/1246 1407/1813/1246
f 1406/1814/1247 1407/1813/1247 1403/1810/1247 1400/1809/1247
f 1407/1813/1248 1408/1802/1248 1398/1804/1248 1403/1810/1248
f 1295/1691/1249 1257/1637/1249 1262/1640/1249 1298/1692/1249
f 1298/1692/1250 1262/1640/1250 1272/1644/1250 1299/1695/1250
f 1299/1707/1251 1272/1659/1251 1271/1656/1251 1306/1703/1251
f 1306/1703/1252 1271/1656/1252 1259/1655/1252 1296/1700/1252
f 1258/1646/1253 1276/1664/1253 1281/1667/1253 1266/1647/1253
f 1266/1647/1254 1281/1667/1254 1291/1671/1254 1267/1650/1254
f 1267/1662/1255 1291/1686/1255 1290/1683/1255 1273/1658/1255
f 1273/1658/1256 1290/1683/1256 1278/1682/1256 1259/1655/1256
f 1277/1673/1257 1314/1715/1257 1319/1718/1257 1285/1674/1257
f 1285/1674/1258 1319/1718/1258 1329/1722/1258 1286/1677/1258
f 1286/1689/1259 1329/1737/1259 1328/1734/1259 1292/1685/1259
f 1292/1685/1260 1328/1734/1260 1316/1733/1260 1278/1682/1260
f 1315/1724/1261 1297/1709/1261 1311/1712/1261 1323/1725/1261
f 1323/1725/1262 1311/1712/1262 1305/1704/1262 1324/1728/1262
f 1324/1728/1263 1305/1704/1263 1304/1701/1263 1330/1736/1263
f 1330/1736/1264 1304/1701/1264 1296/1700/1264 1316/1733/1264
f 1371/1777/1265 1295/1691/1265 1300/1694/1265 1374/1778/1265
f 1374/1778/1266 1300/1694/1266 1310/1698/1266 1375/1781/1266
f 1375/1781/1267 1310/1713/1267 1309/1710/1267 1382/1789/1267
f 1382/1789/1268 1309/1710/1268 1297/1709/1268 1372/1786/1268
f 1314/1715/1269 1390/1796/1269 1395/1799/1269 1317/1716/1269
f 1317/1716/1270 1395/1799/1270 1405/1803/1270 1318/1719/1270
f 1318/1731/1271 1405/1803/1271 1404/1812/1271 1325/1727/1271
f 1325/1727/1272 1404/1812/1272 1392/1811/1272 1315/1724/1272
f 1391/1805/1273 1373/1792/1273 1387/1795/1273 1399/1806/1273
f 1399/1806/1274 1387/1795/1274 1381/1790/1274 1400/1809/1274
f 1400/1809/1275 1381/1790/1275 1380/1787/1275 1406/1814/1275
f 1406/1814/1276 1380/1787/1276 1372/1786/1276 1392/1811/1276
f 1333/1739/1277 1371/1777/1277 1376/1780/1277 1336/1740/1277
f 1336/1740/1278 1376/1780/1278 1386/1784/1278 1337/1743/1278
f 1337/1743/1279 1386/1784/1279 1385/1793/1279 1344/1751/1279
f 1344/1751/1280 1385/1793/1280 1373/1792/1280 1334/1748/1280
f 1390/1796/1281 1352/1758/1281 1357/1761/1281 1393/1797/1281
f 1393/1797/1282 1357/1761/1282 1367/1765/1282 1394/1800/1282
f 1394/1800/1283 1367/1765/1283 1366/1774/1283 1401/1808/1283
f 1401/1808/1284 1366/1774/1284 1354/1773/1284 1391/1805/1284
f 1353/1767/1285 1335/1754/1285 1349/1757/1285 1361/1768/1285
f 1361/1768/1286 1349/1757/1286 1343/1752/1286 1362/1771/1286
f 1362/1771/1287 1343/1752/1287 1342/1749/1287 1368/1776/1287
f 1368/1776/1288 1342/1749/1288 1334/1748/1288 1354/1773/1288
f 1257/1637/1289 1333/1739/1289 1338/1742/1289 1260/1638/1289
f 1260/1638/1290 1338/1742/1290 1348/1746/1290 1261/1641/1290
f 1261/1653/1291 1348/1746/1291 1347/1755/1291 1268/1649/1291
f 1268/1649/1292 1347/1755/1292 1335/1754/1292 1258/1646/1292
f 1352/1758/1293 1277/1673/1293 1287/1676/1293 1355/1759/1293
f 1355/1759/1294 1287/1676/1294 1280/1680/1294 1356/1762/1294
f 1356/1762/1295 1280/1668/1295 1279/1665/1295 1363/1770/1295
f 1363/1770/1296 1279/1665/1296 1276/1664/1296 1353/1767/1296
f 1295/1691/1297 1371/1777/1297 1333/1739/1297 1257/1637/1297
f 1259/1655/1298 1278/1682/1298 1316/1733/1298 1296/1700/1298
f 1335/1754/1299 1353/1767/1299 1276/1664/1299 1258/1646/1299
f 1390/1796/1300 1314/1715/1300 1277/1673/1300 1352/1758/1300
f 1297/1709/1301 1315/1724/1301 1392/1811/1301 1372/1786/1301
f 1373/1792/1302 1391/1805/1302 1354/1773/1302 1334/1748/1302
o 4_DisplayGlass
v -0.154200 0.214150 -0.184127
v -0.154200 0.214209 -0.184255
v -0.154300 0.214115 -0.184221
v -0.154200 0.214183 -0.184147
v -0.154200 0.214206 -0.184179
v -0.154238 0.214147 -0.184134
v -0.154239 0.214181 -0.184156
v -0.154237 0.214200 -0.184182
v -0.154258 0.214189 -0.184187
v -0.154238 0.214202 -0.184253
v -0.154271 0.214182 -0.184245
v -0.154200 0.214215 -0.184217
v -0.154239 0.214207 -0.184213
v -0.154266 0.214190 -0.184208
v -0.154292 0.214129 -0.184185
v -0.154271 0.214140 -0.184155
v -0.154292 0.214151 -0.184234
v -0.154283 0.214166 -0.184198
v -0.154266 0.214173 -0.184172
v -0.154200 0.213936 -0.185007
v -0.154200 0.213808 -0.185067
v -0.154300 0.213842 -0.184973
v -0.154200 0.213916 -0.185040
v -0.154200 0.213884 -0.185063
v -0.154238 0.213929 -0.185004
v -0.154239 0.213907 -0.185038
v -0.154237 0.213881 -0.185057
v -0.154258 0.213876 -0.185047
v -0.154238 0.213810 -0.185060
v -0.154271 0.213818 -0.185039
v -0.154200 0.213846 -0.185073
v -0.154239 0.213850 -0.185064
v -0.154266 0.213854 -0.185047
v -0.154292 0.213878 -0.184986
v -0.154271 0.213908 -0.184997
v -0.154292 0.213829 -0.185009
v -0.154283 0.213865 -0.185023
v -0.154266 0.213891 -0.185030
v -0.154200 0.010236 -0.109909
v -0.154300 0.010202 -0.110003
v -0.154200 0.010108 -0.109968
v -0.154238 0.010234 -0.109916
v -0.154271 0.010226 -0.109936
v -0.154200 0.010198 -0.109903
v -0.154239 0.010194 -0.109911
v -0.154266 0.010190 -0.109928
v -0.154258 0.010168 -0.109929
v -0.154292 0.010166 -0.109990
v -0.154271 0.010136 -0.109978
v -0.154292 0.010215 -0.109967
v -0.154283 0.010179 -0.109952
v -0.154266 0.010153 -0.109945
v -0.154200 0.010128 -0.109935
v -0.154200 0.010160 -0.109912
v -0.154238 0.010115 -0.109971
v -0.154239 0.010137 -0.109937
v -0.154237 0.010163 -0.109919
v -0.154200 0.009894 -0.110848
v -0.154200 0.009835 -0.110720
v -0.154300 0.009929 -0.110754
v -0.154200 0.009861 -0.110828
v -0.154200 0.009838 -0.110797
v -0.154238 0.009897 -0.110841
v -0.154239 0.009863 -0.110819
v -0.154237 0.009844 -0.110794
v -0.154258 0.009855 -0.110789
v -0.154238 0.009842 -0.110723
v -0.154271 0.009862 -0.110730
v -0.154200 0.009829 -0.110759
v -0.154239 0.009837 -0.110763
v -0.154266 0.009854 -0.110767
v -0.154292 0.009915 -0.110790
v -0.154271 0.009904 -0.110821
v -0.154292 0.009893 -0.110741
v -0.154283 0.009878 -0.110778
v -0.154266 0.009871 -0.110803
v 0.154200 0.214150 -0.184127
v 0.154300 0.214115 -0.184221
v 0.154200 0.214209 -0.184255
v 0.154238 0.214147 -0.184134
v 0.154271 0.214140 -0.184155
v 0.154200 0.214183 -0.184147
v 0.154239 0.214181 -0.184156
v 0.154266 0.214173 -0.184172
v 0.154258 0.214189 -0.184187
v 0.154292 0.214151 -0.184234
v 0.154271 0.214182 -0.184245
v 0.154292 0.214129 -0.184185
v 0.154283 0.214166 -0.184198
v 0.154266 0.214190 -0.184208
v 0.154200 0.214215 -0.184217
v 0.154200 0.214206 -0.184179
v 0.154238 0.214202 -0.184253
v 0.154239 0.214207 -0.184213
v 0.154237 0.214200 -0.184182
v 0.154200 0.213808 -0.185067
v 0.154200 0.213936 -0.185007
v 0.154300 0.213842 -0.184973
v 0.154200 0.213846 -0.185073
v 0.154200 0.213884 -0.185063
v 0.154238 0.213810 -0.185060
v 0.154239 0.213850 -0.185064
v 0.154237 0.213881 -0.185057
v 0.154258 0.213876 -0.185047
v 0.154238 0.213929 -0.185004
v 0.154271 0.213908 -0.184997
v 0.154200 0.213916 -0.185040
v 0.154239 0.213907 -0.185038
v 0.154266 0.213891 -0.185030
v 0.154292 0.213829 -0.185009
v 0.154271 0.213818 -0.185039
v 0.154292 0.213878 -0.184986
v 0.154283 0.213865 -0.185023
v 0.154266 0.213854 -0.185047
v 0.154200 0.010236 -0.109909
v 0.154200 0.010108 -0.109968
v 0.154300 0.010202 -0.110003
v 0.154200 0.010198 -0.109903
v 0.154200 0.010160 -0.109912
v 0.154238 0.010234 -0.109916
v 0.154239 0.010194 -0.109911
v 0.154237 0.010163 -0.109919
v 0.154258 0.010168 -0.109929
v 0.154238 0.010115 -0.109971
v 0.154271 0.010136 -0.109978
v 0.154200 0.010128 -0.109935
v 0.154239 0.010137 -0.109937
v 0.154266 0.010153 -0.109945
v 0.154292 0.010215 -0.109967
v 0.154271 0.010226 -0.109936
v 0.154292 0.010166 -0.109990
v 0.154283 0.010179 -0.109952
v 0.154266 0.010190 -0.109928
v 0.154200 0.009894 -0.110848
v 0.154300 0.009929 -0.110754
v 0.154200 0.009835 -0.110720
v 0.154238 0.009897 -0.110841
v 0.154271 0.009904 -0.110821
v 0.154200 0.009861 -0.110828
v 0.154239 0.009863 -0.110819
v 0.154266 0.009871 -0.110803
v 0.154258 0.009855 -0.110789
v 0.154292 0.009893 -0.110741
v 0.154271 0.009862 -0.110730
v 0.154292 0.009915 -0.110790
v 0.154283 0.009878 -0.110778
v 0.154266 0.009854 -0.110767
v 0.154200 0.009829 -0.110759
v 0.154200 0.009838 -0.110797
v 0.154238 0.009842 -0.110723
v 0.154239 0.009837 -0.110763
v 0.154237 0.009844 -0.110794
vn -0.2049 0.5198 0.8293
vn -0.1819 0.7957 0.5778
vn -0.5500 0.4497 0.7038
vn -0.4933 0.7086 0.5045
vn -0.2051 0.9694 -0.1348
vn -0.5500 0.8282 -0.1082
vn -0.1818 0.9541 0.2380
vn -0.4932 0.8422 0.2180
vn -0.9571 0.2626 0.1222
vn -0.8151 0.3589 0.4548
vn -0.8151 0.5791 -0.0171
vn -0.7166 0.6321 0.2948
vn -0.2048 0.8292 -0.5200
vn -0.1817 0.5778 -0.7957
vn -0.5500 0.7038 -0.4496
vn -0.4933 0.5050 -0.7083
vn -0.2048 -0.1349 -0.9695
vn -0.5500 -0.1081 -0.8281
vn -0.1818 0.2380 -0.9541
vn -0.4935 0.2183 -0.8419
vn -0.9572 0.1224 -0.2624
vn -0.8151 0.4548 -0.3588
vn -0.8152 -0.0174 -0.5789
vn -0.7165 0.2946 -0.6323
vn -0.2048 0.1349 0.9695
vn -0.5500 0.1081 0.8281
vn -0.1818 -0.2380 0.9541
vn -0.4935 -0.2183 0.8419
vn -0.9572 -0.1224 0.2624
vn -0.8151 -0.4548 0.3588
vn -0.8152 0.0174 0.5789
vn -0.7165 -0.2946 0.6323
vn -0.2048 -0.8292 0.5200
vn -0.1817 -0.5778 0.7957
vn -0.5500 -0.7038 0.4496
vn -0.4933 -0.5050 0.7083
vn -0.2049 -0.5198 -0.8293
vn -0.1819 -0.7957 -0.5778
vn -0.5500 -0.4497 -0.7038
vn -0.4933 -0.7086 -0.5045
vn -0.2051 -0.9694 0.1348
vn -0.5500 -0.8282 0.1082
vn -0.1818 -0.9541 -0.2380
vn -0.4932 -0.8422 -0.2180
vn -0.9571 -0.2626 -0.1222
vn -0.8151 -0.3589 -0.4548
vn -0.8151 -0.5791 0.0171
vn -0.7166 -0.6321 -0.2948
vn 0.2050 0.5198 0.8293
vn 0.5501 0.4497 0.7037
vn 0.1819 0.7956 0.5779
vn 0.4932 0.7086 0.5046
vn 0.9571 0.2626 0.1224
vn 0.8151 0.5791 -0.0170
vn 0.8151 0.3590 0.4547
vn 0.7167 0.6321 0.2947
vn 0.2049 0.9694 -0.1348
vn 0.1817 0.9541 0.2380
vn 0.5500 0.8281 -0.1081
vn 0.4932 0.8422 0.2181
vn 0.2049 -0.1349 -0.9695
vn 0.1818 0.2380 -0.9541
vn 0.5500 -0.1080 -0.8282
vn 0.4934 0.2182 -0.8420
vn 0.2048 0.8292 -0.5200
vn 0.5499 0.7038 -0.4496
vn 0.1817 0.5778 -0.7957
vn 0.4932 0.5050 -0.7083
vn 0.9572 0.1224 -0.2624
vn 0.8152 -0.0174 -0.5790
vn 0.8150 0.4548 -0.3590
vn 0.7165 0.2946 -0.6323
vn 0.2049 0.1349 0.9695
vn 0.1818 -0.2380 0.9541
vn 0.5500 0.1080 0.8282
vn 0.4934 -0.2183 0.8420
vn 0.2048 -0.8292 0.5200
vn 0.5499 -0.7038 0.4496
vn 0.1817 -0.5778 0.7957
vn 0.4932 -0.5050 0.7083
vn 0.9572 -0.1224 0.2624
vn 0.8152 0.0174 0.5790
vn 0.8150 -0.4548 0.3590
vn 0.7165 -0.2946 0.6323
vn 0.2050 -0.5198 -0.8293
vn 0.5501 -0.4497 -0.7037
vn 0.1819 -0.7956 -0.5779
vn 0.4932 -0.7086 -0.5046
vn 0.9571 -0.2626 -0.1224
vn 0.8151 -0.5791 0.0170
vn 0.8151 -0.3590 -0.4547
vn 0.7167 -0.6321 -0.2947
vn 0.2049 -0.9694 0.1348
vn 0.1817 -0.9541 -0.2380
vn 0.5500 -0.8281 0.1081
vn 0.4932 -0.8422 -0.2181
vn -0.1951 0.3357 0.9215
vn -0.5556 0.2843 0.7813
vn -0.8314 0.1900 0.5222
vn -0.9808 0.0667 0.1835
vn -0.1953 0.9216 -0.3354
vn -0.5557 0.7812 -0.2844
vn -0.8314 0.5221 -0.1901
vn -0.9808 0.1834 -0.0667
vn -0.1951 -0.3357 -0.9215
vn -0.5556 -0.2843 -0.7813
vn -0.8314 -0.1900 -0.5222
vn -0.9808 -0.0667 -0.1835
vn -0.1953 -0.9216 0.3354
vn -0.5557 -0.7812 0.2844
vn -0.8314 -0.5221 0.1901
vn -0.9808 -0.1834 0.0667
vn -0.0000 0.1522 0.9884
vn -0.0000 -0.2377 0.9713
vn -0.0000 -0.5913 0.8064
vn -0.0000 -0.8549 0.5188
vn -0.0000 -0.5188 -0.8549
vn -0.0000 -0.8065 -0.5913
vn -0.0000 -0.9713 -0.2377
vn -0.0000 -0.9884 0.1520
vn 0.9808 -0.1834 0.0667
vn 0.8314 -0.5221 0.1901
vn 0.5557 -0.7812 0.2844
vn 0.1953 -0.9216 0.3354
vn 0.1951 0.3357 0.9215
vn 0.5556 0.2843 0.7813
vn 0.8314 0.1900 0.5222
vn 0.9808 0.0667 0.1835
vn 0.1951 -0.3357 -0.9215
vn 0.5556 -0.2843 -0.7813
vn 0.8314 -0.1900 -0.5222
vn 0.9808 -0.0667 -0.1835
vn 0.1953 0.9216 -0.3354
vn 0.5557 0.7812 -0.2844
vn 0.8314 0.5221 -0.1901
vn 0.9808 0.1834 -0.0667
vn -0.0000 0.5188 0.8549
vn -0.0000 0.8065 0.5913
vn -0.0000 0.9713 0.2377
vn -0.0000 0.9884 -0.1520
vn -0.0000 -0.1522 -0.9884
vn -0.0000 0.2377 -0.9713
vn -0.0000 0.5913 -0.8064
vn -0.0000 0.8549 -0.5188
vn -0.0000 0.3420 0.9397
vn -1.0000 -0.0000 -0.0000
vn -0.0000 0.9397 -0.3420
vn -0.0000 -0.3420 -0.9397
vn -0.0000 -0.9397 0.3420
vn 1.0000 -0.0000 -0.0000
vt 0.125081 0.749885
vt 0.125081 0.749929
vt 0.125049 0.749930
vt 0.125050 0.749885
vt 0.125081 0.750000
vt 0.125051 0.750000
vt 0.125000 0.749928
vt 0.125000 0.749885
vt 0.125034 0.750000
vt 0.400001 0.999919
vt 0.400000 0.999950
vt 0.390194 0.999951
vt 0.390433 0.999919
vt 0.400001 1.000000
vt 0.390691 1.000000
vt 0.375000 0.999949
vt 0.375000 0.999919
vt 0.385566 1.000000
vt 0.400000 0.000115
vt 0.390433 0.000115
vt 0.390193 0.000070
vt 0.400000 0.000071
vt 0.375000 0.000115
vt 0.375000 0.000072
vt 0.390691 0.000000
vt 0.400001 0.000000
vt 0.375000 0.000049
vt 0.599999 0.999919
vt 0.609567 0.999919
vt 0.609808 0.999951
vt 0.600001 0.999950
vt 0.625000 0.999919
vt 0.625000 0.999949
vt 0.609310 1.000000
vt 0.600000 1.000000
vt 0.625000 0.999966
vt 0.874919 0.749885
vt 0.874950 0.749885
vt 0.874951 0.749930
vt 0.874919 0.749929
vt 0.875000 0.749885
vt 0.875000 0.749928
vt 0.874949 0.750000
vt 0.874919 0.750000
vt 0.875000 0.749951
vt 0.599999 0.000115
vt 0.600000 0.000071
vt 0.609808 0.000070
vt 0.609567 0.000115
vt 0.600000 0.000000
vt 0.609310 0.000000
vt 0.625000 0.000072
vt 0.625000 0.000115
vt 0.614434 0.000000
vt 0.125081 0.500115
vt 0.125050 0.500115
vt 0.125049 0.500070
vt 0.125081 0.500071
vt 0.125000 0.500115
vt 0.125000 0.500072
vt 0.125051 0.500000
vt 0.125081 0.500000
vt 0.125000 0.500049
vt 0.400001 0.249885
vt 0.400000 0.249929
vt 0.390192 0.249930
vt 0.390433 0.249885
vt 0.400000 0.250000
vt 0.390690 0.250000
vt 0.375000 0.249928
vt 0.375000 0.249885
vt 0.380283 0.250017
vt 0.400001 0.250081
vt 0.390433 0.250081
vt 0.390192 0.250049
vt 0.399999 0.250050
vt 0.375000 0.250081
vt 0.375000 0.250051
vt 0.874919 0.500115
vt 0.874919 0.500071
vt 0.874951 0.500070
vt 0.874950 0.500115
vt 0.874919 0.500000
vt 0.874949 0.500000
vt 0.875000 0.500072
vt 0.875000 0.500115
vt 0.874966 0.500000
vt 0.599999 0.250081
vt 0.600000 0.250050
vt 0.609805 0.250049
vt 0.609567 0.250081
vt 0.599999 0.250000
vt 0.609309 0.250000
vt 0.625000 0.250051
vt 0.625000 0.250081
vt 0.619717 0.249976
vt 0.600000 0.249885
vt 0.609567 0.249885
vt 0.609807 0.249930
vt 0.600000 0.249929
vt 0.625000 0.249885
vt 0.625000 0.249928
vt 0.374919 0.749885
vt 0.374950 0.749885
vt 0.374951 0.749930
vt 0.374919 0.749929
vt 0.375000 0.749885
vt 0.375000 0.749928
vt 0.374975 0.750025
vt 0.374959 0.750041
vt 0.378522 0.749995
vt 0.400000 0.749885
vt 0.400000 0.749929
vt 0.390193 0.749930
vt 0.390433 0.749885
vt 0.400001 0.750000
vt 0.390691 0.750000
vt 0.400001 0.750081
vt 0.390433 0.750081
vt 0.390194 0.750049
vt 0.400000 0.750050
vt 0.625081 0.749885
vt 0.625081 0.749929
vt 0.625049 0.749930
vt 0.625050 0.749885
vt 0.625041 0.750041
vt 0.625025 0.750025
vt 0.625000 0.749928
vt 0.625000 0.749885
vt 0.621489 0.749984
vt 0.599999 0.750081
vt 0.600001 0.750050
vt 0.609808 0.750049
vt 0.609567 0.750081
vt 0.600000 0.750000
vt 0.609310 0.750000
vt 0.599999 0.749885
vt 0.609567 0.749885
vt 0.609808 0.749930
vt 0.600000 0.749929
vt 0.374919 0.500115
vt 0.374919 0.500071
vt 0.374951 0.500070
vt 0.374950 0.500115
vt 0.374959 0.499959
vt 0.374975 0.499975
vt 0.375000 0.500072
vt 0.375000 0.500115
vt 0.378511 0.500016
vt 0.400001 0.499919
vt 0.399999 0.499950
vt 0.390192 0.499951
vt 0.390433 0.499919
vt 0.400000 0.500000
vt 0.390690 0.500000
vt 0.400001 0.500115
vt 0.390433 0.500115
vt 0.390192 0.500070
vt 0.400000 0.500071
vt 0.625081 0.500115
vt 0.625050 0.500115
vt 0.625049 0.500070
vt 0.625081 0.500071
vt 0.625000 0.500115
vt 0.625000 0.500072
vt 0.625025 0.499975
vt 0.625041 0.499959
vt 0.621478 0.500005
vt 0.600000 0.500115
vt 0.600000 0.500071
vt 0.609807 0.500070
vt 0.609567 0.500115
vt 0.599999 0.500000
vt 0.609309 0.500000
vt 0.599999 0.499919
vt 0.609567 0.499919
vt 0.609806 0.499951
vt 0.600000 0.499950
s 0
usemtl Glass
f 1409/1815/1303 1412/1816/1303 1415/1817/1303 1414/1818/1303
f 1412/1816/1304 1413/1819/1304 1416/1820/1304 1415/1817/1304
f 1414/1818/1305 1415/1817/1305 1427/1821/1305 1424/1822/1305
f 1415/1817/1306 1416/1820/1306 1417/1823/1306 1427/1821/1306
f 1410/1824/1307 1418/1825/1307 1421/1826/1307 1420/1827/1307
f 1418/1825/1308 1419/1828/1308 1422/1829/1308 1421/1826/1308
f 1420/1827/1309 1421/1826/1309 1416/1830/1309 1413/1831/1309
f 1421/1826/1310 1422/1829/1310 1417/1832/1310 1416/1830/1310
f 1411/1833/1311 1423/1834/1311 1426/1835/1311 1425/1836/1311
f 1423/1834/1312 1424/1837/1312 1427/1838/1312 1426/1835/1312
f 1425/1836/1313 1426/1835/1313 1422/1839/1313 1419/1840/1313
f 1426/1835/1314 1427/1838/1314 1417/1841/1314 1422/1839/1314
f 1428/1842/1315 1431/1843/1315 1434/1844/1315 1433/1845/1315
f 1431/1843/1316 1432/1846/1316 1435/1847/1316 1434/1844/1316
f 1433/1845/1317 1434/1844/1317 1446/1848/1317 1443/1849/1317
f 1434/1844/1318 1435/1847/1318 1436/1850/1318 1446/1848/1318
f 1429/1851/1319 1437/1852/1319 1440/1853/1319 1439/1854/1319
f 1437/1852/1320 1438/1855/1320 1441/1856/1320 1440/1853/1320
f 1439/1854/1321 1440/1853/1321 1435/1857/1321 1432/1858/1321
f 1440/1853/1322 1441/1856/1322 1436/1859/1322 1435/1857/1322
f 1430/1860/1323 1442/1861/1323 1445/1862/1323 1444/1863/1323
f 1442/1861/1324 1443/1864/1324 1446/1865/1324 1445/1862/1324
f 1444/1863/1325 1445/1862/1325 1441/1866/1325 1438/1867/1325
f 1445/1862/1326 1446/1865/1326 1436/1868/1326 1441/1866/1326
f 1447/1869/1327 1450/1870/1327 1453/1871/1327 1452/1872/1327
f 1450/1870/1328 1451/1873/1328 1454/1874/1328 1453/1871/1328
f 1452/1872/1329 1453/1871/1329 1465/1875/1329 1462/1876/1329
f 1453/1871/1330 1454/1874/1330 1455/1877/1330 1465/1875/1330
f 1448/1878/1331 1456/1879/1331 1459/1880/1331 1458/1881/1331
f 1456/1879/1332 1457/1882/1332 1460/1883/1332 1459/1880/1332
f 1458/1881/1333 1459/1880/1333 1454/1884/1333 1451/1885/1333
f 1459/1880/1334 1460/1883/1334 1455/1886/1334 1454/1884/1334
f 1449/1887/1335 1461/1888/1335 1464/1889/1335 1463/1890/1335
f 1461/1888/1336 1462/1891/1336 1465/1892/1336 1464/1889/1336
f 1463/1890/1337 1464/1889/1337 1460/1883/1337 1457/1882/1337
f 1464/1889/1338 1465/1892/1338 1455/1886/1338 1460/1883/1338
f 1466/1893/1339 1469/1894/1339 1472/1895/1339 1471/1896/1339
f 1469/1894/1340 1470/1897/1340 1473/1898/1340 1472/1895/1340
f 1471/1896/1341 1472/1895/1341 1484/1899/1341 1481/1900/1341
f 1472/1895/1342 1473/1898/1342 1474/1901/1342 1484/1899/1342
f 1467/1902/1343 1475/1903/1343 1478/1904/1343 1477/1905/1343
f 1475/1903/1344 1476/1906/1344 1479/1907/1344 1478/1904/1344
f 1477/1905/1345 1478/1904/1345 1473/1908/1345 1470/1909/1345
f 1478/1904/1346 1479/1907/1346 1474/1910/1346 1473/1908/1346
f 1468/1911/1347 1480/1912/1347 1483/1913/1347 1482/1914/1347
f 1480/1912/1348 1481/1915/1348 1484/1916/1348 1483/1913/1348
f 1482/1914/1349 1483/1913/1349 1479/1907/1349 1476/1906/1349
f 1483/1913/1350 1484/1916/1350 1474/1910/1350 1479/1907/1350
f 1485/1917/1351 1488/1918/1351 1491/1919/1351 1490/1920/1351
f 1488/1918/1352 1489/1921/1352 1492/1922/1352 1491/1919/1352
f 1490/1920/1353 1491/1919/1353 1503/1923/1353 1500/1924/1353
f 1491/1919/1354 1492/1922/1354 1493/1925/1354 1503/1923/1354
f 1486/1926/1355 1494/1927/1355 1497/1928/1355 1496/1929/1355
f 1494/1927/1356 1495/1930/1356 1498/1931/1356 1497/1928/1356
f 1496/1929/1357 1497/1928/1357 1492/1922/1357 1489/1921/1357
f 1497/1928/1358 1498/1931/1358 1493/1925/1358 1492/1922/1358
f 1487/1932/1359 1499/1933/1359 1502/1934/1359 1501/1935/1359
f 1499/1933/1360 1500/1924/1360 1503/1923/1360 1502/1934/1360
f 1501/1935/1361 1502/1934/1361 1498/1931/1361 1495/1930/1361
f 1502/1934/1362 1503/1923/1362 1493/1925/1362 1498/1931/1362
f 1504/1936/1363 1507/1937/1363 1510/1938/1363 1509/1939/1363
f 1507/1937/1364 1508/1940/1364 1511/1941/1364 1510/1938/1364
f 1509/1939/1365 1510/1938/1365 1522/1942/1365 1519/1943/1365
f 1510/1938/1366 1511/1941/1366 1512/1944/1366 1522/1942/1366
f 1505/1945/1367 1513/1946/1367 1516/1947/1367 1515/1948/1367
f 1513/1946/1368 1514/1949/1368 1517/1950/1368 1516/1947/1368
f 1515/1948/1369 1516/1947/1369 1511/1941/1369 1508/1940/1369
f 1516/1947/1370 1517/1950/1370 1512/1944/1370 1511/1941/1370
f 1506/1951/1371 1518/1952/1371 1521/1953/1371 1520/1954/1371
f 1518/1952/1372 1519/1943/1372 1522/1942/1372 1521/1953/1372
f 1520/1954/1373 1521/1953/1373 1517/1950/1373 1514/1949/1373
f 1521/1953/1374 1522/1942/1374 1512/1944/1374 1517/1950/1374
f 1523/1955/1375 1526/1956/1375 1529/1957/1375 1528/1958/1375
f 1526/1956/1376 1527/1959/1376 1530/1960/1376 1529/1957/1376
f 1528/1958/1377 1529/1957/1377 1541/1961/1377 1538/1962/1377
f 1529/1957/1378 1530/1960/1378 1531/1963/1378 1541/1961/1378
f 1524/1964/1379 1532/1965/1379 1535/1966/1379 1534/1967/1379
f 1532/1965/1380 1533/1968/1380 1536/1969/1380 1535/1966/1380
f 1534/1967/1381 1535/1966/1381 1530/1960/1381 1527/1959/1381
f 1535/1966/1382 1536/1969/1382 1531/1963/1382 1530/1960/1382
f 1525/1970/1383 1537/1971/1383 1540/1972/1383 1539/1973/1383
f 1537/1971/1384 1538/1962/1384 1541/1961/1384 1540/1972/1384
f 1539/1973/1385 1540/1972/1385 1536/1969/1385 1533/1968/1385
f 1540/1972/1386 1541/1961/1386 1531/1963/1386 1536/1969/1386
f 1542/1974/1387 1545/1975/1387 1548/1976/1387 1547/1977/1387
f 1545/1975/1388 1546/1978/1388 1549/1979/1388 1548/1976/1388
f 1547/1977/1389 1548/1976/1389 1560/1980/1389 1557/1981/1389
f 1548/1976/1390 1549/1979/1390 1550/1982/1390 1560/1980/1390
f 1543/1983/1391 1551/1984/1391 1554/1985/1391 1553/1986/1391
f 1551/1984/1392 1552/1987/1392 1555/1988/1392 1554/1985/1392
f 1553/1986/1393 1554/1985/1393 1549/1979/1393 1546/1978/1393
f 1554/1985/1394 1555/1988/1394 1550/1982/1394 1549/1979/1394
f 1544/1989/1395 1556/1990/1395 1559/1991/1395 1558/1992/1395
f 1556/1990/1396 1557/1981/1396 1560/1980/1396 1559/1991/1396
f 1558/1992/1397 1559/1991/1397 1555/1988/1397 1552/1987/1397
f 1559/1991/1398 1560/1980/1398 1550/1982/1398 1555/1988/1398
f 1447/1869/1399 1409/1815/1399 1414/1818/1399 1450/1870/1399
f 1450/1870/1400 1414/1818/1400 1424/1822/1400 1451/1873/1400
f 1451/1885/1401 1424/1837/1401 1423/1834/1401 1458/1881/1401
f 1458/1881/1402 1423/1834/1402 1411/1833/1402 1448/1878/1402
f 1410/1824/1403 1428/1842/1403 1433/1845/1403 1418/1825/1403
f 1418/1825/1404 1433/1845/1404 1443/1849/1404 1419/1828/1404
f 1419/1840/1405 1443/1864/1405 1442/1861/1405 1425/1836/1405
f 1425/1836/1406 1442/1861/1406 1430/1860/1406 1411/1833/1406
f 1429/1851/1407 1466/1893/1407 1471/1896/1407 1437/1852/1407
f 1437/1852/1408 1471/1896/1408 1481/1900/1408 1438/1855/1408
f 1438/1867/1409 1481/1915/1409 1480/1912/1409 1444/1863/1409
f 1444/1863/1410 1480/1912/1410 1468/1911/1410 1430/1860/1410
f 1467/1902/1411 1449/1887/1411 1463/1890/1411 1475/1903/1411
f 1475/1903/1412 1463/1890/1412 1457/1882/1412 1476/1906/1412
f 1476/1906/1413 1457/1882/1413 1456/1879/1413 1482/1914/1413
f 1482/1914/1414 1456/1879/1414 1448/1878/1414 1468/1911/1414
f 1523/1955/1415 1447/1869/1415 1452/1872/1415 1526/1956/1415
f 1526/1956/1416 1452/1872/1416 1462/1876/1416 1527/1959/1416
f 1527/1959/1417 1462/1891/1417 1461/1888/1417 1534/1967/1417
f 1534/1967/1418 1461/1888/1418 1449/1887/1418 1524/1964/1418
f 1466/1893/1419 1542/1974/1419 1547/1977/1419 1469/1894/1419
f 1469/1894/1420 1547/1977/1420 1557/1981/1420 1470/1897/1420
f 1470/1909/1421 1557/1981/1421 1556/1990/1421 1477/1905/1421
f 1477/1905/1422 1556/1990/1422 1544/1989/1422 1467/1902/1422
f 1543/1983/1423 1525/1970/1423 1539/1973/1423 1551/1984/1423
f 1551/1984/1424 1539/1973/1424 1533/1968/1424 1552/1987/1424
f 1552/1987/1425 1533/1968/1425 1532/1965/1425 1558/1992/1425
f 1558/1992/1426 1532/1965/1426 1524/1964/1426 1544/1989/1426
f 1485/1917/1427 1523/1955/1427 1528/1958/1427 1488/1918/1427
f 1488/1918/1428 1528/1958/1428 1538/1962/1428 1489/1921/1428
f 1489/1921/1429 1538/1962/1429 1537/1971/1429 1496/1929/1429
f 1496/1929/1430 1537/1971/1430 1525/1970/1430 1486/1926/1430
f 1542/1974/1431 1504/1936/1431 1509/1939/1431 1545/1975/1431
f 1545/1975/1432 1509/1939/1432 1519/1943/1432 1546/1978/1432
f 1546/1978/1433 1519/1943/1433 1518/1952/1433 1553/1986/1433
f 1553/1986/1434 1518/1952/1434 1506/1951/1434 1543/1983/1434
f 1505/1945/1435 1487/1932/1435 1501/1935/1435 1513/1946/1435
f 1513/1946/1436 1501/1935/1436 1495/1930/1436 1514/1949/1436
f 1514/1949/1437 1495/1930/1437 1494/1927/1437 1520/1954/1437
f 1520/1954/1438 1494/1927/1438 1486/1926/1438 1506/1951/1438
f 1409/1815/1439 1485/1917/1439 1490/1920/1439 1412/1816/1439
f 1412/1816/1440 1490/1920/1440 1500/1924/1440 1413/1819/1440
f 1413/1831/1441 1500/1924/1441 1499/1933/1441 1420/1827/1441
f 1420/1827/1442 1499/1933/1442 1487/1932/1442 1410/1824/1442
f 1504/1936/1443 1429/1851/1443 1439/1854/1443 1507/1937/1443
f 1507/1937/1444 1439/1854/1444 1432/1858/1444 1508/1940/1444
f 1508/1940/1445 1432/1846/1445 1431/1843/1445 1515/1948/1445
f 1515/1948/1446 1431/1843/1446 1428/1842/1446 1505/1945/1446
f 1447/1869/1447 1523/1955/1447 1485/1917/1447 1409/1815/1447
f 1411/1833/1448 1430/1860/1448 1468/1911/1448 1448/1878/1448
f 1487/1932/1449 1505/1945/1449 1428/1842/1449 1410/1824/1449
f 1542/1974/1450 1466/1893/1450 1429/1851/1450 1504/1936/1450
f 1449/1887/1451 1467/1902/1451 1544/1989/1451 1524/1964/1451
f 1525/1970/1452 1543/1983/1452 1506/1951/1452 1486/1926/1452
o 5_LCDPanel
v -0.153200 0.211502 -0.182631
v -0.153200 0.211561 -0.182759
v -0.153300 0.211467 -0.182725
v -0.153200 0.211535 -0.182651
v -0.153200 0.211558 -0.182683
v -0.153238 0.211499 -0.182638
v -0.153239 0.211533 -0.182660
v -0.153237 0.211552 -0.182686
v -0.153258 0.211541 -0.182691
v -0.153238 0.211554 -0.182757
v -0.153271 0.211534 -0.182749
v -0.153200 0.211567 -0.182721
v -0.153239 0.211559 -0.182717
v -0.153266 0.211542 -0.182713
v -0.153292 0.211481 -0.182689
v -0.153271 0.211492 -0.182659
v -0.153292 0.211503 -0.182738
v -0.153283 0.211518 -0.182702
v -0.153266 0.211525 -0.182676
v -0.153200 0.211288 -0.183511
v -0.153200 0.211160 -0.183571
v -0.153300 0.211194 -0.183477
v -0.153200 0.211268 -0.183544
v -0.153200 0.211236 -0.183568
v -0.153238 0.211281 -0.183508
v -0.153239 0.211259 -0.183542
v -0.153237 0.211233 -0.183561
v -0.153258 0.211228 -0.183551
v -0.153238 0.211162 -0.183564
v -0.153271 0.211170 -0.183543
v -0.153200 0.211198 -0.183577
v -0.153239 0.211202 -0.183568
v -0.153266 0.211206 -0.183551
v -0.153292 0.211230 -0.183490
v -0.153271 0.211260 -0.183501
v -0.153292 0.211181 -0.183513
v -0.153283 0.211217 -0.183527
v -0.153266 0.211243 -0.183534
v -0.153200 0.013226 -0.110465
v -0.153300 0.013192 -0.110559
v -0.153200 0.013098 -0.110525
v -0.153238 0.013224 -0.110472
v -0.153271 0.013216 -0.110492
v -0.153200 0.013188 -0.110459
v -0.153239 0.013184 -0.110467
v -0.153266 0.013180 -0.110485
v -0.153258 0.013158 -0.110485
v -0.153292 0.013156 -0.110546
v -0.153271 0.013126 -0.110535
v -0.153292 0.013205 -0.110523
v -0.153283 0.013169 -0.110509
v -0.153266 0.013143 -0.110501
v -0.153200 0.013119 -0.110491
v -0.153200 0.013150 -0.110468
v -0.153238 0.013105 -0.110527
v -0.153239 0.013127 -0.110494
v -0.153237 0.013153 -0.110475
v -0.153200 0.012884 -0.111405
v -0.153200 0.012825 -0.111276
v -0.153300 0.012919 -0.111311
v -0.153200 0.012851 -0.111384
v -0.153200 0.012828 -0.111353
v -0.153238 0.012887 -0.111397
v -0.153239 0.012853 -0.111375
v -0.153237 0.012835 -0.111350
v -0.153258 0.012845 -0.111345
v -0.153238 0.012832 -0.111279
v -0.153271 0.012852 -0.111286
v -0.153200 0.012819 -0.111315
v -0.153239 0.012827 -0.111319
v -0.153266 0.012844 -0.111323
v -0.153292 0.012906 -0.111347
v -0.153271 0.012894 -0.111377
v -0.153292 0.012883 -0.111298
v -0.153283 0.012868 -0.111334
v -0.153266 0.012861 -0.111360
v 0.153200 0.211502 -0.182631
v 0.153300 0.211467 -0.182725
v 0.153200 0.211561 -0.182759
v 0.153238 0.211499 -0.182638
v 0.153271 0.211492 -0.182659
v 0.153200 0.211535 -0.182651
v 0.153239 0.211533 -0.182660
v 0.153266 0.211525 -0.182676
v 0.153258 0.211541 -0.182691
v 0.153292 0.211503 -0.182738
v 0.153271 0.211534 -0.182749
v 0.153292 0.211481 -0.182689
v 0.153283 0.211518 -0.182702
v 0.153266 0.211542 -0.182713
v 0.153200 0.211567 -0.182721
v 0.153200 0.211558 -0.182683
v 0.153238 0.211554 -0.182757
v 0.153239 0.211559 -0.182717
v 0.153237 0.211552 -0.182686
v 0.153200 0.211160 -0.183571
v 0.153200 0.211288 -0.183511
v 0.153300 0.211194 -0.183477
v 0.153200 0.211198 -0.183577
v 0.153200 0.211236 -0.183568
v 0.153238 0.211162 -0.183564
v 0.153239 0.211202 -0.183568
v 0.153237 0.211233 -0.183561
v 0.153258 0.211228 -0.183551
v 0.153238 0.211281 -0.183508
v 0.153271 0.211260 -0.183501
v 0.153200 0.211268 -0.183544
v 0.153239 0.211259 -0.183542
v 0.153266 0.211243 -0.183534
v 0.153292 0.211181 -0.183513
v 0.153271 0.211170 -0.183543
v 0.153292 0.211230 -0.183490
v 0.153283 0.211217 -0.183527
v 0.153266 0.211206 -0.183551
v 0.153200 0.013226 -0.110465
v 0.153200 0.013098 -0.110525
v 0.153300 0.013192 -0.110559
v 0.153200 0.013188 -0.110459
v 0.153200 0.013150 -0.110468
v 0.153238 0.013224 -0.110472
v 0.153239 0.013184 -0.110467
v 0.153237 0.013153 -0.110475
v 0.153258 0.013158 -0.110485
v 0.153238 0.013105 -0.110527
v 0.153271 0.013126 -0.110535
v 0.153200 0.013119 -0.110491
v 0.153239 0.013127 -0.110494
v 0.153266 0.013143 -0.110501
v 0.153292 0.013205 -0.110523
v 0.153271 0.013216 -0.110492
v 0.153292 0.013156 -0.110546
v 0.153283 0.013169 -0.110509
v 0.153266 0.013180 -0.110485
v 0.153200 0.012884 -0.111405
v 0.153300 0.012919 -0.111311
v 0.153200 0.012825 -0.111276
v 0.153238 0.012887 -0.111397
v 0.153271 0.012894 -0.111377
v 0.153200 0.012851 -0.111384
v 0.153239 0.012853 -0.111375
v 0.153266 0.012861 -0.111360
v 0.153258 0.012845 -0.111345
v 0.153292 0.012883 -0.111298
v 0.153271 0.012852 -0.111286
v 0.153292 0.012906 -0.111347
v 0.153283 0.012868 -0.111334
v 0.153266 0.012844 -0.111323
v 0.153200 0.012819 -0.111315
v 0.153200 0.012828 -0.111353
v 0.153238 0.012832 -0.111279
v 0.153239 0.012827 -0.111319
v 0.153237 0.012835 -0.111350
vn -0.2048 0.5200 0.8292
vn -0.1817 0.7954 0.5782
vn -0.5503 0.4497 0.7035
vn -0.4934 0.7082 0.5049
vn -0.2050 0.9695 -0.1347
vn -0.5501 0.8281 -0.1081
vn -0.1820 0.9541 0.2379
vn -0.4932 0.8421 0.2180
vn -0.9571 0.2626 0.1227
vn -0.8150 0.3588 0.4550
vn -0.8152 0.5789 -0.0173
vn -0.7167 0.6321 0.2947
vn -0.2049 0.8293 -0.5199
vn -0.1819 0.5781 -0.7954
vn -0.5500 0.7038 -0.4496
vn -0.4928 0.5048 -0.7087
vn -0.2050 -0.1348 -0.9694
vn -0.5500 -0.1080 -0.8281
vn -0.1818 0.2381 -0.9541
vn -0.4930 0.2182 -0.8422
vn -0.9570 0.1224 -0.2629
vn -0.8151 0.4548 -0.3589
vn -0.8151 -0.0174 -0.5791
vn -0.7167 0.2946 -0.6320
vn -0.2050 0.1347 0.9694
vn -0.5500 0.1080 0.8281
vn -0.1818 -0.2380 0.9541
vn -0.4930 -0.2182 0.8422
vn -0.9570 -0.1224 0.2629
vn -0.8151 -0.4547 0.3589
vn -0.8151 0.0174 0.5791
vn -0.7167 -0.2947 0.6320
vn -0.2048 -0.8293 0.5198
vn -0.1819 -0.5780 0.7955
vn -0.5500 -0.7038 0.4496
vn -0.4928 -0.5048 0.7087
vn -0.2048 -0.5200 -0.8292
vn -0.1817 -0.7954 -0.5782
vn -0.5503 -0.4497 -0.7035
vn -0.4934 -0.7082 -0.5049
vn -0.2050 -0.9695 0.1347
vn -0.5501 -0.8281 0.1081
vn -0.1820 -0.9541 -0.2379
vn -0.4932 -0.8421 -0.2180
vn -0.9571 -0.2626 -0.1227
vn -0.8150 -0.3588 -0.4550
vn -0.8152 -0.5789 0.0173
vn -0.7167 -0.6321 -0.2947
vn 0.2048 0.5200 0.8293
vn 0.5503 0.4497 0.7035
vn 0.1817 0.7954 0.5782
vn 0.4935 0.7083 0.5048
vn 0.9571 0.2626 0.1227
vn 0.8152 0.5790 -0.0173
vn 0.8150 0.3588 0.4549
vn 0.7167 0.6321 0.2947
vn 0.2049 0.9695 -0.1347
vn 0.1819 0.9541 0.2379
vn 0.5501 0.8281 -0.1081
vn 0.4932 0.8422 0.2180
vn 0.2050 -0.1348 -0.9694
vn 0.1818 0.2381 -0.9541
vn 0.5501 -0.1080 -0.8281
vn 0.4929 0.2182 -0.8423
vn 0.2048 0.8293 -0.5199
vn 0.5500 0.7038 -0.4496
vn 0.1819 0.5781 -0.7954
vn 0.4929 0.5049 -0.7086
vn 0.9570 0.1224 -0.2629
vn 0.8151 -0.0174 -0.5791
vn 0.8151 0.4548 -0.3589
vn 0.7167 0.2946 -0.6321
vn 0.2050 0.1348 0.9694
vn 0.1818 -0.2381 0.9541
vn 0.5501 0.1080 0.8281
vn 0.4929 -0.2182 0.8423
vn 0.2048 -0.8293 0.5199
vn 0.5500 -0.7038 0.4496
vn 0.1819 -0.5781 0.7954
vn 0.4929 -0.5049 0.7086
vn 0.9570 -0.1224 0.2629
vn 0.8151 0.0174 0.5791
vn 0.8151 -0.4548 0.3589
vn 0.7167 -0.2946 0.6321
vn 0.2048 -0.5200 -0.8293
vn 0.5503 -0.4497 -0.7035
vn 0.1817 -0.7954 -0.5782
vn 0.4935 -0.7083 -0.5048
vn 0.9571 -0.2626 -0.1227
vn 0.8152 -0.5790 0.0173
vn 0.8150 -0.3588 -0.4549
vn 0.7167 -0.6321 -0.2947
vn 0.2049 -0.9695 0.1347
vn 0.1819 -0.9541 -0.2379
vn 0.5501 -0.8281 0.1081
vn 0.4932 -0.8422 -0.2180
vn -0.1951 0.3354 0.9216
vn -0.5557 0.2844 0.7813
vn -0.8314 0.1900 0.5221
vn -0.9808 0.0668 0.1831
vn -0.1947 0.9217 -0.3355
vn -0.5557 0.7812 -0.2844
vn -0.8314 0.5221 -0.1901
vn -0.9808 0.1834 -0.0667
vn -0.1951 -0.3354 -0.9217
vn -0.5557 -0.2844 -0.7813
vn -0.8314 -0.1900 -0.5221
vn -0.9808 -0.0668 -0.1830
vn -0.1949 -0.9217 0.3355
vn -0.5555 -0.7813 0.2844
vn -0.8314 -0.5221 0.1901
vn -0.9808 -0.1834 0.0667
vn -0.0000 0.1520 0.9884
vn -0.0000 -0.2377 0.9713
vn -0.0000 -0.5914 0.8064
vn -0.0000 -0.8550 0.5187
vn -0.0000 -0.5188 -0.8549
vn -0.0000 -0.8065 -0.5913
vn -0.0000 -0.9713 -0.2377
vn -0.0000 -0.9884 0.1522
vn 0.9808 -0.1834 0.0667
vn 0.8314 -0.5221 0.1901
vn 0.5557 -0.7812 0.2844
vn 0.1947 -0.9217 0.3355
vn 0.1951 0.3354 0.9217
vn 0.5557 0.2844 0.7813
vn 0.8314 0.1900 0.5221
vn 0.9808 0.0668 0.1830
vn 0.1951 -0.3354 -0.9217
vn 0.5557 -0.2844 -0.7813
vn 0.8314 -0.1900 -0.5221
vn 0.9808 -0.0668 -0.1830
vn 0.1947 0.9217 -0.3355
vn 0.5557 0.7812 -0.2844
vn 0.8314 0.5221 -0.1901
vn 0.9808 0.1834 -0.0667
vn -0.0000 0.5188 0.8549
vn -0.0000 0.8065 0.5913
vn -0.0000 0.9713 0.2377
vn -0.0000 0.9884 -0.1522
vn -0.0000 -0.1520 -0.9884
vn -0.0000 0.2376 -0.9714
vn -0.0000 0.5914 -0.8064
vn -0.0000 0.8550 -0.5187
vn -0.0000 0.3420 0.9397
vn -1.0000 -0.0000 -0.0000
vn -0.0000 0.9397 -0.3420
vn -0.0000 -0.3420 -0.9397
vn -0.0000 -0.9397 0.3420
vn 1.0000 -0.0000 -0.0000
vt 0.125082 0.749882
vt 0.125082 0.749927
vt 0.125050 0.749928
vt 0.125050 0.749882
vt 0.125082 0.750000
vt 0.125051 0.750000
vt 0.125000 0.749926
vt 0.125000 0.749882
vt 0.125034 0.750000
vt 0.399999 0.999918
vt 0.400000 0.999950
vt 0.390194 0.999950
vt 0.390433 0.999919
vt 0.400000 1.000000
vt 0.390691 1.000000
vt 0.375000 0.999949
vt 0.375000 0.999918
vt 0.385567 1.000000
vt 0.400000 0.000118
vt 0.390433 0.000118
vt 0.390193 0.000072
vt 0.400000 0.000073
vt 0.375000 0.000118
vt 0.375000 0.000074
vt 0.390691 0.000000
vt 0.400001 0.000000
vt 0.375000 0.000050
vt 0.600000 0.999919
vt 0.609565 0.999918
vt 0.609805 0.999950
vt 0.599999 0.999950
vt 0.625000 0.999918
vt 0.625000 0.999949
vt 0.609308 1.000000
vt 0.599999 1.000000
vt 0.625000 0.999966
vt 0.874918 0.749882
vt 0.874950 0.749882
vt 0.874950 0.749928
vt 0.874919 0.749927
vt 0.875000 0.749882
vt 0.875000 0.749926
vt 0.874949 0.750000
vt 0.874919 0.750000
vt 0.875000 0.749950
vt 0.599999 0.000118
vt 0.599999 0.000073
vt 0.609806 0.000072
vt 0.609566 0.000118
vt 0.599999 0.000000
vt 0.609308 0.000000
vt 0.625000 0.000074
vt 0.625000 0.000118
vt 0.614433 0.000000
vt 0.125082 0.500118
vt 0.125050 0.500118
vt 0.125050 0.500072
vt 0.125082 0.500073
vt 0.125000 0.500118
vt 0.125000 0.500074
vt 0.125051 0.500000
vt 0.125082 0.500000
vt 0.125000 0.500050
vt 0.400001 0.249882
vt 0.400002 0.249927
vt 0.390194 0.249928
vt 0.390435 0.249882
vt 0.400002 0.250000
vt 0.390693 0.250000
vt 0.375000 0.249926
vt 0.375000 0.249882
vt 0.380284 0.250017
vt 0.400000 0.250082
vt 0.390436 0.250082
vt 0.390195 0.250050
vt 0.400002 0.250050
vt 0.375000 0.250082
vt 0.375000 0.250051
vt 0.874919 0.500118
vt 0.874918 0.500073
vt 0.874950 0.500072
vt 0.874950 0.500118
vt 0.874918 0.500000
vt 0.874949 0.500000
vt 0.875000 0.500074
vt 0.875000 0.500118
vt 0.874966 0.500000
vt 0.600000 0.250082
vt 0.600000 0.250050
vt 0.609806 0.250050
vt 0.609567 0.250082
vt 0.600000 0.250000
vt 0.609309 0.250000
vt 0.625000 0.250051
vt 0.625000 0.250082
vt 0.619717 0.249975
vt 0.600000 0.249882
vt 0.609567 0.249882
vt 0.609807 0.249928
vt 0.600000 0.249927
vt 0.625000 0.249882
vt 0.625000 0.249926
vt 0.374918 0.749882
vt 0.374950 0.749882
vt 0.374950 0.749928
vt 0.374918 0.749927
vt 0.375000 0.749882
vt 0.375000 0.749926
vt 0.374974 0.750026
vt 0.374959 0.750041
vt 0.378522 0.749995
vt 0.400000 0.749882
vt 0.400000 0.749927
vt 0.390193 0.749928
vt 0.390433 0.749882
vt 0.400000 0.750000
vt 0.390691 0.750000
vt 0.399999 0.750081
vt 0.390433 0.750082
vt 0.390194 0.750050
vt 0.400000 0.750050
vt 0.625082 0.749882
vt 0.625082 0.749927
vt 0.625050 0.749928
vt 0.625050 0.749882
vt 0.625041 0.750041
vt 0.625026 0.750026
vt 0.625000 0.749926
vt 0.625000 0.749882
vt 0.621489 0.749983
vt 0.600000 0.750082
vt 0.599999 0.750050
vt 0.609805 0.750050
vt 0.609565 0.750082
vt 0.599999 0.750000
vt 0.609308 0.750000
vt 0.599999 0.749882
vt 0.609566 0.749882
vt 0.609806 0.749928
vt 0.599999 0.749927
vt 0.374918 0.500118
vt 0.374918 0.500073
vt 0.374950 0.500072
vt 0.374950 0.500118
vt 0.374959 0.499959
vt 0.374974 0.499974
vt 0.375000 0.500074
vt 0.375000 0.500118
vt 0.378511 0.500017
vt 0.400000 0.499918
vt 0.400001 0.499950
vt 0.390195 0.499950
vt 0.390435 0.499918
vt 0.400001 0.500000
vt 0.390692 0.500000
vt 0.400001 0.500118
vt 0.390434 0.500118
vt 0.390194 0.500072
vt 0.400001 0.500073
vt 0.625082 0.500118
vt 0.625050 0.500118
vt 0.625049 0.500072
vt 0.625082 0.500073
vt 0.625000 0.500118
vt 0.625000 0.500074
vt 0.625026 0.499974
vt 0.625041 0.499959
vt 0.621478 0.500005
vt 0.600000 0.500118
vt 0.600000 0.500073
vt 0.609807 0.500072
vt 0.609567 0.500118
vt 0.600000 0.500000
vt 0.609309 0.500000
vt 0.600000 0.499918
vt 0.609567 0.499918
vt 0.609806 0.499950
vt 0.600000 0.499950
s 0
usemtl LCD
f 1561/1993/1453 1564/1994/1453 1567/1995/1453 1566/1996/1453
f 1564/1994/1454 1565/1997/1454 1568/1998/1454 1567/1995/1454
f 1566/1996/1455 1567/1995/1455 1579/1999/1455 1576/2000/1455
f 1567/1995/1456 1568/1998/1456 1569/2001/1456 1579/1999/1456
f 1562/2002/1457 1570/2003/1457 1573/2004/1457 1572/2005/1457
f 1570/2003/1458 1571/2006/1458 1574/2007/1458 1573/2004/1458
f 1572/2005/1459 1573/2004/1459 1568/2008/1459 1565/2009/1459
f 1573/2004/1460 1574/2007/1460 1569/2010/1460 1568/2008/1460
f 1563/2011/1461 1575/2012/1461 1578/2013/1461 1577/2014/1461
f 1575/2012/1462 1576/2015/1462 1579/2016/1462 1578/2013/1462
f 1577/2014/1463 1578/2013/1463 1574/2017/1463 1571/2018/1463
f 1578/2013/1464 1579/2016/1464 1569/2019/1464 1574/2017/1464
f 1580/2020/1465 1583/2021/1465 1586/2022/1465 1585/2023/1465
f 1583/2021/1466 1584/2024/1466 1587/2025/1466 1586/2022/1466
f 1585/2023/1467 1586/2022/1467 1598/2026/1467 1595/2027/1467
f 1586/2022/1468 1587/2025/1468 1588/2028/1468 1598/2026/1468
f 1581/2029/1469 1589/2030/1469 1592/2031/1469 1591/2032/1469
f 1589/2030/1470 1590/2033/1470 1593/2034/1470 1592/2031/1470
f 1591/2032/1471 1592/2031/1471 1587/2035/1471 1584/2036/1471
f 1592/2031/1472 1593/2034/1472 1588/2037/1472 1587/2035/1472
f 1582/2038/1473 1594/2039/1473 1597/2040/1473 1596/2041/1473
f 1594/2039/1474 1595/2042/1474 1598/2043/1474 1597/2040/1474
f 1596/2041/1475 1597/2040/1475 1593/2044/1475 1590/2045/1475
f 1597/2040/1476 1598/2043/1476 1588/2046/1476 1593/2044/1476
f 1599/2047/1477 1602/2048/1477 1605/2049/1477 1604/2050/1477
f 1602/2048/1478 1603/2051/1478 1606/2052/1478 1605/2049/1478
f 1604/2050/1479 1605/2049/1479 1617/2053/1479 1614/2054/1479
f 1605/2049/1480 1606/2052/1480 1607/2055/1480 1617/2053/1480
f 1600/2056/1481 1608/2057/1481 1611/2058/1481 1610/2059/1481
f 1608/2057/1482 1609/2060/1482 1612/2061/1482 1611/2058/1482
f 1610/2059/1483 1611/2058/1483 1606/2062/1483 1603/2063/1483
f 1611/2058/1484 1612/2061/1484 1607/2064/1484 1606/2062/1484
f 1601/2065/1485 1613/2066/1485 1616/2067/1485 1615/2068/1485
f 1613/2066/1486 1614/2069/1486 1617/2070/1486 1616/2067/1486
f 1615/2068/1487 1616/2067/1487 1612/2061/1487 1609/2060/1487
f 1616/2067/1488 1617/2070/1488 1607/2064/1488 1612/2061/1488
f 1618/2071/1489 1621/2072/1489 1624/2073/1489 1623/2074/1489
f 1621/2072/1490 1622/2075/1490 1625/2076/1490 1624/2073/1490
f 1623/2074/1491 1624/2073/1491 1636/2077/1491 1633/2078/1491
f 1624/2073/1492 1625/2076/1492 1626/2079/1492 1636/2077/1492
f 1619/2080/1493 1627/2081/1493 1630/2082/1493 1629/2083/1493
f 1627/2081/1494 1628/2084/1494 1631/2085/1494 1630/2082/1494
f 1629/2083/1495 1630/2082/1495 1625/2086/1495 1622/2087/1495
f 1630/2082/1496 1631/2085/1496 1626/2088/1496 1625/2086/1496
f 1620/2089/1497 1632/2090/1497 1635/2091/1497 1634/2092/1497
f 1632/2090/1498 1633/2093/1498 1636/2094/1498 1635/2091/1498
f 1634/2092/1499 1635/2091/1499 1631/2085/1499 1628/2084/1499
f 1635/2091/1500 1636/2094/1500 1626/2088/1500 1631/2085/1500
f 1637/2095/1501 1640/2096/1501 1643/2097/1501 1642/2098/1501
f 1640/2096/1502 1641/2099/1502 1644/2100/1502 1643/2097/1502
f 1642/2098/1503 1643/2097/1503 1655/2101/1503 1652/2102/1503
f 1643/2097/1504 1644/2100/1504 1645/2103/1504 1655/2101/1504
f 1638/2104/1505 1646/2105/1505 1649/2106/1505 1648/2107/1505
f 1646/2105/1506 1647/2108/1506 1650/2109/1506 1649/2106/1506
f 1648/2107/1507 1649/2106/1507 1644/2100/1507 1641/2099/1507
f 1649/2106/1508 1650/2109/1508 1645/2103/1508 1644/2100/1508
f 1639/2110/1509 1651/2111/1509 1654/2112/1509 1653/2113/1509
f 1651/2111/1510 1652/2102/1510 1655/2101/1510 1654/2112/1510
f 1653/2113/1511 1654/2112/1511 1650/2109/1511 1647/2108/1511
f 1654/2112/1512 1655/2101/1512 1645/2103/1512 1650/2109/1512
f 1656/2114/1513 1659/2115/1513 1662/2116/1513 1661/2117/1513
f 1659/2115/1514 1660/2118/1514 1663/2119/1514 1662/2116/1514
f 1661/2117/1515 1662/2116/1515 1674/2120/1515 1671/2121/1515
f 1662/2116/1516 1663/2119/1516 1664/2122/1516 1674/2120/1516
f 1657/2123/1517 1665/2124/1517 1668/2125/1517 1667/2126/1517
f 1665/2124/1518 1666/2127/1518 1669/2128/1518 1668/2125/1518
f 1667/2126/1519 1668/2125/1519 1663/2119/1519 1660/2118/1519
f 1668/2125/1520 1669/2128/1520 1664/2122/1520 1663/2119/1520
f 1658/2129/1521 1670/2130/1521 1673/2131/1521 1672/2132/1521
f 1670/2130/1522 1671/2121/1522 1674/2120/1522 1673/2131/1522
f 1672/2132/1523 1673/2131/1523 1669/2128/1523 1666/2127/1523
f 1673/2131/1524 1674/2120/1524 1664/2122/1524 1669/2128/1524
f 1675/2133/1525 1678/2134/1525 1681/2135/1525 1680/2136/1525
f 1678/2134/1526 1679/2137/1526 1682/2138/1526 1681/2135/1526
f 1680/2136/1527 1681/2135/1527 1693/2139/1527 1690/2140/1527
f 1681/2135/1528 1682/2138/1528 1683/2141/1528 1693/2139/1528
f 1676/2142/1529 1684/2143/1529 1687/2144/1529 1686/2145/1529
f 1684/2143/1530 1685/2146/1530 1688/2147/1530 1687/2144/1530
f 1686/2145/1531 1687/2144/1531 1682/2138/1531 1679/2137/1531
f 1687/2144/1532 1688/2147/1532 1683/2141/1532 1682/2138/1532
f 1677/2148/1533 1689/2149/1533 1692/2150/1533 1691/2151/1533
f 1689/2149/1534 1690/2140/1534 1693/2139/1534 1692/2150/1534
f 1691/2151/1535 1692/2150/1535 1688/2147/1535 1685/2146/1535
f 1692/2150/1536 1693/2139/1536 1683/2141/1536 1688/2147/1536
f 1694/2152/1537 1697/2153/1537 1700/2154/1537 1699/2155/1537
f 1697/2153/1538 1698/2156/1538 1701/2157/1538 1700/2154/1538
f 1699/2155/1539 1700/2154/1539 1712/2158/1539 1709/2159/1539
f 1700/2154/1540 1701/2157/1540 1702/2160/1540 1712/2158/1540
f 1695/2161/1541 1703/2162/1541 1706/2163/1541 1705/2164/1541
f 1703/2162/1542 1704/2165/1542 1707/2166/1542 1706/2163/1542
f 1705/2164/1543 1706/2163/1543 1701/2157/1543 1698/2156/1543
f 1706/2163/1544 1707/2166/1544 1702/2160/1544 1701/2157/1544
f 1696/2167/1545 1708/2168/1545 1711/2169/1545 1710/2170/1545
f 1708/2168/1546 1709/2159/1546 1712/2158/1546 1711/2169/1546
f 1710/2170/1547 1711/2169/1547 1707/2166/1547 1704/2165/1547
f 1711/2169/1548 1712/2158/1548 1702/2160/1548 1707/2166/1548
f 1599/2047/1549 1561/1993/1549 1566/1996/1549 1602/2048/1549
f 1602/2048/1550 1566/1996/1550 1576/2000/1550 1603/2051/1550
f 1603/2063/1551 1576/2015/1551 1575/2012/1551 1610/2059/1551
f 1610/2059/1552 1575/2012/1552 1563/2011/1552 1600/2056/1552
f 1562/2002/1553 1580/2020/1553 1585/2023/1553 1570/2003/1553
f 1570/2003/1554 1585/2023/1554 1595/2027/1554 1571/2006/1554
f 1571/2018/1555 1595/2042/1555 1594/2039/1555 1577/2014/1555
f 1577/2014/1556 1594/2039/1556 1582/2038/1556 1563/2011/1556
f 1581/2029/1557 1618/2071/1557 1623/2074/1557 1589/2030/1557
f 1589/2030/1558 1623/2074/1558 1633/2078/1558 1590/2033/1558
f 1590/2045/1559 1633/2093/1559 1632/2090/1559 1596/2041/1559
f 1596/2041/1560 1632/2090/1560 1620/2089/1560 1582/2038/1560
f 1619/2080/1561 1601/2065/1561 1615/2068/1561 1627/2081/1561
f 1627/2081/1562 1615/2068/1562 1609/2060/1562 1628/2084/1562
f 1628/2084/1563 1609/2060/1563 1608/2057/1563 1634/2092/1563
f 1634/2092/1564 1608/2057/1564 1600/2056/1564 1620/2089/1564
f 1675/2133/1565 1599/2047/1565 1604/2050/1565 1678/2134/1565
f 1678/2134/1566 1604/2050/1566 1614/2054/1566 1679/2137/1566
f 1679/2137/1567 1614/2069/1567 1613/2066/1567 1686/2145/1567
f 1686/2145/1568 1613/2066/1568 1601/2065/1568 1676/2142/1568
f 1618/2071/1569 1694/2152/1569 1699/2155/1569 1621/2072/1569
f 1621/2072/1570 1699/2155/1570 1709/2159/1570 1622/2075/1570
f 1622/2087/1571 1709/2159/1571 1708/2168/1571 1629/2083/1571
f 1629/2083/1572 1708/2168/1572 1696/2167/1572 1619/2080/1572
f 1695/2161/1573 1677/2148/1573 1691/2151/1573 1703/2162/1573
f 1703/2162/1574 1691/2151/1574 1685/2146/1574 1704/2165/1574
f 1704/2165/1575 1685/2146/1575 1684/2143/1575 1710/2170/1575
f 1710/2170/1576 1684/2143/1576 1676/2142/1576 1696/2167/1576
f 1637/2095/1577 1675/2133/1577 1680/2136/1577 1640/2096/1577
f 1640/2096/1578 1680/2136/1578 1690/2140/1578 1641/2099/1578
f 1641/2099/1579 1690/2140/1579 1689/2149/1579 1648/2107/1579
f 1648/2107/1580 1689/2149/1580 1677/2148/1580 1638/2104/1580
f 1694/2152/1581 1656/2114/1581 1661/2117/1581 1697/2153/1581
f 1697/2153/1582 1661/2117/1582 1671/2121/1582 1698/2156/1582
f 1698/2156/1583 1671/2121/1583 1670/2130/1583 1705/2164/1583
f 1705/2164/1584 1670/2130/1584 1658/2129/1584 1695/2161/1584
f 1657/2123/1585 1639/2110/1585 1653/2113/1585 1665/2124/1585
f 1665/2124/1586 1653/2113/1586 1647/2108/1586 1666/2127/1586
f 1666/2127/1587 1647/2108/1587 1646/2105/1587 1672/2132/1587
f 1672/2132/1588 1646/2105/1588 1638/2104/1588 1658/2129/1588
f 1561/1993/1589 1637/2095/1589 1642/2098/1589 1564/1994/1589
f 1564/1994/1590 1642/2098/1590 1652/2102/1590 1565/1997/1590
f 1565/2009/1591 1652/2102/1591 1651/2111/1591 1572/2005/1591
f 1572/2005/1592 1651/2111/1592 1639/2110/1592 1562/2002/1592
f 1656/2114/1593 1581/2029/1593 1591/2032/1593 1659/2115/1593
f 1659/2115/1594 1591/2032/1594 1584/2036/1594 1660/2118/1594
f 1660/2118/1595 1584/2024/1595 1583/2021/1595 1667/2126/1595
f 1667/2126/1596 1583/2021/1596 1580/2020/1596 1657/2123/1596
f 1599/2047/1597 1675/2133/1597 1637/2095/1597 1561/1993/1597
f 1563/2011/1598 1582/2038/1598 1620/2089/1598 1600/2056/1598
f 1639/2110/1599 1657/2123/1599 1580/2020/1599 1562/2002/1599
f 1694/2152/1600 1618/2071/1600 1581/2029/1600 1656/2114/1600
f 1601/2065/1601 1619/2080/1601 1696/2167/1601 1676/2142/1601
f 1677/2148/1602 1695/2161/1602 1658/2129/1602 1638/2104/1602
o 6_DisplayBezels
v -0.154250 0.214180 -0.184191
v -0.154250 0.214209 -0.184255
v -0.154300 0.214162 -0.184238
v -0.154250 0.214196 -0.184201
v -0.154250 0.214208 -0.184217
v -0.154269 0.214178 -0.184195
v -0.154270 0.214195 -0.184206
v -0.154269 0.214205 -0.184219
v -0.154279 0.214199 -0.184221
v -0.154269 0.214206 -0.184254
v -0.154285 0.214196 -0.184250
v -0.154250 0.214212 -0.184236
v -0.154270 0.214208 -0.184234
v -0.154283 0.214200 -0.184232
v -0.154296 0.214169 -0.184220
v -0.154285 0.214175 -0.184205
v -0.154296 0.214180 -0.184245
v -0.154292 0.214188 -0.184226
v -0.154283 0.214191 -0.184214
v -0.154250 0.214073 -0.184631
v -0.154250 0.214009 -0.184661
v -0.154300 0.214026 -0.184614
v -0.154250 0.214063 -0.184648
v -0.154250 0.214047 -0.184659
v -0.154269 0.214069 -0.184630
v -0.154270 0.214058 -0.184647
v -0.154269 0.214045 -0.184656
v -0.154279 0.214043 -0.184651
v -0.154269 0.214010 -0.184657
v -0.154285 0.214014 -0.184647
v -0.154250 0.214028 -0.184664
v -0.154270 0.214030 -0.184660
v -0.154283 0.214032 -0.184651
v -0.154296 0.214044 -0.184621
v -0.154285 0.214059 -0.184626
v -0.154296 0.214019 -0.184632
v -0.154292 0.214037 -0.184639
v -0.154283 0.214050 -0.184643
v -0.154250 0.010172 -0.109939
v -0.154300 0.010155 -0.109986
v -0.154250 0.010108 -0.109968
v -0.154269 0.010171 -0.109942
v -0.154285 0.010167 -0.109952
v -0.154250 0.010153 -0.109936
v -0.154270 0.010151 -0.109940
v -0.154283 0.010149 -0.109948
v -0.154279 0.010138 -0.109949
v -0.154296 0.010137 -0.109979
v -0.154285 0.010122 -0.109973
v -0.154296 0.010162 -0.109968
v -0.154292 0.010143 -0.109960
v -0.154283 0.010131 -0.109957
v -0.154250 0.010118 -0.109952
v -0.154250 0.010134 -0.109940
v -0.154269 0.010112 -0.109970
v -0.154270 0.010123 -0.109953
v -0.154269 0.010136 -0.109944
v -0.154250 0.010001 -0.110408
v -0.154250 0.009971 -0.110344
v -0.154300 0.010018 -0.110361
v -0.154250 0.009985 -0.110398
v -0.154250 0.009973 -0.110383
v -0.154269 0.010003 -0.110405
v -0.154270 0.009986 -0.110394
v -0.154269 0.009976 -0.110381
v -0.154279 0.009981 -0.110379
v -0.154269 0.009975 -0.110346
v -0.154285 0.009985 -0.110349
v -0.154250 0.009968 -0.110364
v -0.154270 0.009973 -0.110366
v -0.154283 0.009981 -0.110368
v -0.154296 0.010012 -0.110379
v -0.154285 0.010006 -0.110395
v -0.154296 0.010000 -0.110355
v -0.154292 0.009993 -0.110373
v -0.154283 0.009990 -0.110386
v 0.154250 0.214180 -0.184191
v 0.154300 0.214162 -0.184238
v 0.154250 0.214209 -0.184255
v 0.154269 0.214178 -0.184195
v 0.154285 0.214175 -0.184205
v 0.154250 0.214196 -0.184201
v 0.154270 0.214195 -0.184206
v 0.154283 0.214191 -0.184214
v 0.154279 0.214199 -0.184221
v 0.154296 0.214180 -0.184245
v 0.154285 0.214196 -0.184250
v 0.154296 0.214169 -0.184220
v 0.154292 0.214188 -0.184226
v 0.154283 0.214200 -0.184232
v 0.154250 0.214212 -0.184236
v 0.154250 0.214208 -0.184217
v 0.154269 0.214206 -0.184254
v 0.154270 0.214208 -0.184234
v 0.154269 0.214205 -0.184219
v 0.154250 0.214009 -0.184661
v 0.154250 0.214073 -0.184631
v 0.154300 0.214026 -0.184614
v 0.154250 0.214028 -0.184664
v 0.154250 0.214047 -0.184659
v 0.154269 0.214010 -0.184657
v 0.154270 0.214030 -0.184660
v 0.154269 0.214045 -0.184656
v 0.154279 0.214043 -0.184651
v 0.154269 0.214069 -0.184630
v 0.154285 0.214059 -0.184626
v 0.154250 0.214063 -0.184648
v 0.154270 0.214058 -0.184647
v 0.154283 0.214050 -0.184643
v 0.154296 0.214019 -0.184632
v 0.154285 0.214014 -0.184647
v 0.154296 0.214044 -0.184621
v 0.154292 0.214037 -0.184639
v 0.154283 0.214032 -0.184651
v 0.154250 0.010172 -0.109939
v 0.154250 0.010108 -0.109968
v 0.154300 0.010155 -0.109986
v 0.154250 0.010153 -0.109936
v 0.154250 0.010134 -0.109940
v 0.154269 0.010171 -0.109942
v 0.154270 0.010151 -0.109940
v 0.154269 0.010136 -0.109944
v 0.154279 0.010138 -0.109949
v 0.154269 0.010112 -0.109970
v 0.154285 0.010122 -0.109973
v 0.154250 0.010118 -0.109952
v 0.154270 0.010123 -0.109953
v 0.154283 0.010131 -0.109957
v 0.154296 0.010162 -0.109968
v 0.154285 0.010167 -0.109952
v 0.154296 0.010137 -0.109979
v 0.154292 0.010143 -0.109960
v 0.154283 0.010149 -0.109948
v 0.154250 0.010001 -0.110408
v 0.154300 0.010018 -0.110361
v 0.154250 0.009971 -0.110344
v 0.154269 0.010003 -0.110405
v 0.154285 0.010006 -0.110395
v 0.154250 0.009985 -0.110398
v 0.154270 0.009986 -0.110394
v 0.154283 0.009990 -0.110386
v 0.154279 0.009981 -0.110379
v 0.154296 0.010000 -0.110355
v 0.154285 0.009985 -0.110349
v 0.154296 0.010012 -0.110379
v 0.154292 0.009993 -0.110373
v 0.154283 0.009981 -0.110368
v 0.154250 0.009968 -0.110364
v 0.154250 0.009973 -0.110383
v 0.154269 0.009975 -0.110346
v 0.154270 0.009973 -0.110366
v 0.154269 0.009976 -0.110381
vn -0.2051 0.5201 0.8291
vn -0.1820 0.7957 0.5777
vn -0.5503 0.4496 0.7036
vn -0.4934 0.7090 0.5039
vn -0.2058 0.9694 -0.1342
vn -0.5497 0.8284 -0.1077
vn -0.1819 0.9540 0.2381
vn -0.4928 0.8424 0.2180
vn -0.9570 0.2629 0.1230
vn -0.8153 0.3589 0.4544
vn -0.8152 0.5789 -0.0173
vn -0.7173 0.6314 0.2947
vn -0.2047 0.8293 -0.5200
vn -0.1819 0.5777 -0.7957
vn -0.5498 0.7041 -0.4494
vn -0.4934 0.5051 -0.7081
vn -0.2049 -0.1349 -0.9694
vn -0.5505 -0.1080 -0.8278
vn -0.1817 0.2379 -0.9541
vn -0.4936 0.2184 -0.8418
vn -0.9570 0.1226 -0.2628
vn -0.8154 0.4546 -0.3585
vn -0.8153 -0.0172 -0.5787
vn -0.7159 0.2942 -0.6332
vn -0.2048 0.1347 0.9695
vn -0.5505 0.1080 0.8278
vn -0.1817 -0.2380 0.9541
vn -0.4936 -0.2184 0.8418
vn -0.9570 -0.1227 0.2627
vn -0.8155 -0.4543 0.3586
vn -0.8153 0.0173 0.5787
vn -0.7158 -0.2944 0.6332
vn -0.2053 -0.8292 0.5200
vn -0.1819 -0.5776 0.7958
vn -0.5499 -0.7040 0.4495
vn -0.4935 -0.5049 0.7082
vn -0.2051 -0.5201 -0.8291
vn -0.1820 -0.7957 -0.5777
vn -0.5503 -0.4496 -0.7036
vn -0.4934 -0.7090 -0.5039
vn -0.2058 -0.9694 0.1342
vn -0.5497 -0.8284 0.1077
vn -0.1819 -0.9540 -0.2381
vn -0.4928 -0.8424 -0.2180
vn -0.9570 -0.2629 -0.1230
vn -0.8153 -0.3589 -0.4544
vn -0.8152 -0.5789 0.0173
vn -0.7173 -0.6314 -0.2947
vn 0.2049 0.5200 0.8292
vn 0.5502 0.4496 0.7037
vn 0.1821 0.7957 0.5777
vn 0.4935 0.7088 0.5041
vn 0.9570 0.2628 0.1229
vn 0.8152 0.5789 -0.0175
vn 0.8153 0.3590 0.4543
vn 0.7170 0.6316 0.2948
vn 0.2047 0.9695 -0.1348
vn 0.1820 0.9540 0.2381
vn 0.5503 0.8280 -0.1078
vn 0.4930 0.8422 0.2181
vn 0.2049 -0.1347 -0.9695
vn 0.1817 0.2380 -0.9541
vn 0.5504 -0.1080 -0.8279
vn 0.4936 0.2184 -0.8418
vn 0.2054 0.8291 -0.5200
vn 0.5498 0.7040 -0.4495
vn 0.1818 0.5778 -0.7957
vn 0.4935 0.5048 -0.7083
vn 0.9570 0.1226 -0.2628
vn 0.8153 -0.0173 -0.5787
vn 0.8156 0.4544 -0.3583
vn 0.7159 0.2944 -0.6332
vn 0.2049 0.1347 0.9695
vn 0.1817 -0.2380 0.9541
vn 0.5504 0.1080 0.8279
vn 0.4936 -0.2184 0.8418
vn 0.2054 -0.8291 0.5200
vn 0.5498 -0.7040 0.4495
vn 0.1818 -0.5778 0.7957
vn 0.4935 -0.5048 0.7083
vn 0.9570 -0.1226 0.2628
vn 0.8153 0.0173 0.5787
vn 0.8156 -0.4544 0.3583
vn 0.7159 -0.2944 0.6332
vn 0.2049 -0.5200 -0.8292
vn 0.5502 -0.4496 -0.7037
vn 0.1821 -0.7957 -0.5777
vn 0.4935 -0.7088 -0.5041
vn 0.9570 -0.2628 -0.1229
vn 0.8152 -0.5789 0.0175
vn 0.8153 -0.3590 -0.4543
vn 0.7170 -0.6316 -0.2948
vn 0.2047 -0.9695 0.1348
vn 0.1820 -0.9540 -0.2381
vn 0.5503 -0.8280 0.1078
vn 0.4930 -0.8422 -0.2181
vn -0.1951 0.3354 0.9217
vn -0.5557 0.2843 0.7813
vn -0.8313 0.1901 0.5223
vn -0.9810 0.0666 0.1821
vn -0.1953 0.9216 -0.3354
vn -0.5556 0.7814 -0.2843
vn -0.8313 0.5223 -0.1901
vn -0.9809 0.1830 -0.0664
vn -0.1952 -0.3354 -0.9216
vn -0.5557 -0.2843 -0.7813
vn -0.8313 -0.1901 -0.5223
vn -0.9810 -0.0666 -0.1822
vn -0.1953 -0.9216 0.3354
vn -0.5559 -0.7812 0.2842
vn -0.8313 -0.5223 0.1901
vn -0.9808 -0.1831 0.0665
vn -0.0000 0.1521 0.9884
vn -0.0000 -0.2377 0.9713
vn -0.0000 -0.5912 0.8065
vn -0.0000 -0.8550 0.5186
vn -0.0000 -0.5188 -0.8549
vn -0.0000 -0.8065 -0.5912
vn -0.0000 -0.9714 -0.2376
vn -0.0000 -0.9884 0.1516
vn 0.9809 -0.1830 0.0664
vn 0.8313 -0.5223 0.1901
vn 0.5555 -0.7813 0.2845
vn 0.1953 -0.9216 0.3354
vn 0.1953 0.3357 0.9215
vn 0.5557 0.2843 0.7813
vn 0.8313 0.1901 0.5223
vn 0.9809 0.0666 0.1830
vn 0.1953 -0.3357 -0.9215
vn 0.5557 -0.2843 -0.7813
vn 0.8313 -0.1901 -0.5223
vn 0.9809 -0.0666 -0.1830
vn 0.1953 0.9216 -0.3354
vn 0.5555 0.7813 -0.2845
vn 0.8313 0.5223 -0.1901
vn 0.9809 0.1830 -0.0664
vn -0.0000 0.5188 0.8549
vn -0.0000 0.8065 0.5912
vn -0.0000 0.9714 0.2376
vn -0.0000 0.9884 -0.1516
vn -0.0000 -0.1521 -0.9884
vn -0.0000 0.2377 -0.9713
vn -0.0000 0.5914 -0.8064
vn -0.0000 0.8549 -0.5188
vn -0.0000 0.3420 0.9397
vn -1.0000 -0.0000 -0.0000
vn -0.0000 0.9397 -0.3420
vn -0.0000 -0.3420 -0.9397
vn -0.0000 -0.9397 0.3420
vn 1.0000 -0.0000 -0.0000
vt 0.125040 0.749942
vt 0.125041 0.749964
vt 0.125025 0.749965
vt 0.125025 0.749942
vt 0.125041 0.750000
vt 0.125025 0.750000
vt 0.125000 0.749964
vt 0.125000 0.749942
vt 0.125017 0.750000
vt 0.399999 0.999960
vt 0.400000 0.999975
vt 0.390195 0.999975
vt 0.390434 0.999959
vt 0.400002 1.000000
vt 0.390693 1.000000
vt 0.375000 0.999975
vt 0.375000 0.999959
vt 0.385565 1.000000
vt 0.400000 0.000058
vt 0.390437 0.000058
vt 0.390195 0.000035
vt 0.400003 0.000036
vt 0.375000 0.000058
vt 0.375000 0.000036
vt 0.390693 0.000000
vt 0.400003 0.000000
vt 0.375000 0.000024
vt 0.600001 0.999959
vt 0.609566 0.999959
vt 0.609806 0.999975
vt 0.600000 0.999975
vt 0.625000 0.999959
vt 0.625000 0.999975
vt 0.609307 1.000000
vt 0.600001 1.000000
vt 0.625000 0.999983
vt 0.874959 0.749942
vt 0.874975 0.749942
vt 0.874975 0.749965
vt 0.874959 0.749964
vt 0.875000 0.749942
vt 0.875000 0.749964
vt 0.874975 0.750000
vt 0.874959 0.750000
vt 0.875000 0.749976
vt 0.600002 0.000058
vt 0.600001 0.000036
vt 0.609807 0.000035
vt 0.609567 0.000058
vt 0.600001 0.000000
vt 0.609308 0.000000
vt 0.625000 0.000036
vt 0.625000 0.000058
vt 0.614433 0.000000
vt 0.125040 0.500058
vt 0.125025 0.500058
vt 0.125025 0.500035
vt 0.125040 0.500035
vt 0.125000 0.500058
vt 0.125000 0.500036
vt 0.125025 0.500000
vt 0.125041 0.500000
vt 0.125000 0.500024
vt 0.399998 0.249942
vt 0.399998 0.249964
vt 0.390191 0.249965
vt 0.390431 0.249942
vt 0.399999 0.250000
vt 0.390689 0.250000
vt 0.375000 0.249964
vt 0.375000 0.249942
vt 0.380283 0.250009
vt 0.399999 0.250041
vt 0.390432 0.250040
vt 0.390192 0.250025
vt 0.399999 0.250025
vt 0.375000 0.250041
vt 0.375000 0.250025
vt 0.874959 0.500058
vt 0.874960 0.500036
vt 0.874975 0.500035
vt 0.874975 0.500058
vt 0.874960 0.500000
vt 0.874975 0.500000
vt 0.875000 0.500036
vt 0.875000 0.500058
vt 0.874983 0.500000
vt 0.600001 0.250040
vt 0.600000 0.250025
vt 0.609805 0.250025
vt 0.609566 0.250041
vt 0.599998 0.250000
vt 0.609307 0.250000
vt 0.625000 0.250025
vt 0.625000 0.250041
vt 0.619718 0.249988
vt 0.600000 0.249942
vt 0.609563 0.249942
vt 0.609805 0.249965
vt 0.599997 0.249964
vt 0.625000 0.249942
vt 0.625000 0.249964
vt 0.374959 0.749942
vt 0.374975 0.749942
vt 0.374975 0.749965
vt 0.374959 0.749964
vt 0.375000 0.749942
vt 0.375000 0.749964
vt 0.374987 0.750013
vt 0.374980 0.750020
vt 0.378522 0.749998
vt 0.400000 0.749942
vt 0.400001 0.749964
vt 0.390194 0.749965
vt 0.390434 0.749942
vt 0.399999 0.750000
vt 0.390692 0.750000
vt 0.399999 0.750041
vt 0.390430 0.750041
vt 0.390192 0.750025
vt 0.399999 0.750025
vt 0.625040 0.749942
vt 0.625040 0.749964
vt 0.625025 0.749965
vt 0.625025 0.749942
vt 0.625020 0.750020
vt 0.625013 0.750013
vt 0.625000 0.749964
vt 0.625000 0.749942
vt 0.621484 0.749992
vt 0.600001 0.750040
vt 0.600002 0.750025
vt 0.609806 0.750025
vt 0.609568 0.750040
vt 0.600001 0.750000
vt 0.609311 0.750000
vt 0.600002 0.749942
vt 0.609567 0.749942
vt 0.609809 0.749965
vt 0.600002 0.749964
vt 0.374959 0.500058
vt 0.374959 0.500035
vt 0.374975 0.500035
vt 0.374975 0.500058
vt 0.374980 0.499980
vt 0.374987 0.499987
vt 0.375000 0.500036
vt 0.375000 0.500058
vt 0.378516 0.500008
vt 0.399999 0.499960
vt 0.399999 0.499975
vt 0.390194 0.499975
vt 0.390432 0.499959
vt 0.399999 0.500000
vt 0.390689 0.500000
vt 0.399998 0.500058
vt 0.390433 0.500058
vt 0.390191 0.500035
vt 0.399998 0.500035
vt 0.625040 0.500058
vt 0.625025 0.500058
vt 0.625025 0.500035
vt 0.625040 0.500036
vt 0.625000 0.500058
vt 0.625000 0.500036
vt 0.625013 0.499987
vt 0.625020 0.499980
vt 0.621478 0.500002
vt 0.600000 0.500058
vt 0.599999 0.500036
vt 0.609806 0.500035
vt 0.609566 0.500058
vt 0.600001 0.500000
vt 0.609308 0.500000
vt 0.600001 0.499959
vt 0.609570 0.499959
vt 0.609808 0.499975
vt 0.600002 0.499975
s 0
usemtl MatteBlackAluminum
f 1713/2171/1603 1716/2172/1603 1719/2173/1603 1718/2174/1603
f 1716/2172/1604 1717/2175/1604 1720/2176/1604 1719/2173/1604
f 1718/2174/1605 1719/2173/1605 1731/2177/1605 1728/2178/1605
f 1719/2173/1606 1720/2176/1606 1721/2179/1606 1731/2177/1606
f 1714/2180/1607 1722/2181/1607 1725/2182/1607 1724/2183/1607
f 1722/2181/1608 1723/2184/1608 1726/2185/1608 1725/2182/1608
f 1724/2183/1609 1725/2182/1609 1720/2186/1609 1717/2187/1609
f 1725/2182/1610 1726/2185/1610 1721/2188/1610 1720/2186/1610
f 1715/2189/1611 1727/2190/1611 1730/2191/1611 1729/2192/1611
f 1727/2190/1612 1728/2193/1612 1731/2194/1612 1730/2191/1612
f 1729/2192/1613 1730/2191/1613 1726/2195/1613 1723/2196/1613
f 1730/2191/1614 1731/2194/1614 1721/2197/1614 1726/2195/1614
f 1732/2198/1615 1735/2199/1615 1738/2200/1615 1737/2201/1615
f 1735/2199/1616 1736/2202/1616 1739/2203/1616 1738/2200/1616
f 1737/2201/1617 1738/2200/1617 1750/2204/1617 1747/2205/1617
f 1738/2200/1618 1739/2203/1618 1740/2206/1618 1750/2204/1618
f 1733/2207/1619 1741/2208/1619 1744/2209/1619 1743/2210/1619
f 1741/2208/1620 1742/2211/1620 1745/2212/1620 1744/2209/1620
f 1743/2210/1621 1744/2209/1621 1739/2213/1621 1736/2214/1621
f 1744/2209/1622 1745/2212/1622 1740/2215/1622 1739/2213/1622
f 1734/2216/1623 1746/2217/1623 1749/2218/1623 1748/2219/1623
f 1746/2217/1624 1747/2220/1624 1750/2221/1624 1749/2218/1624
f 1748/2219/1625 1749/2218/1625 1745/2222/1625 1742/2223/1625
f 1749/2218/1626 1750/2221/1626 1740/2224/1626 1745/2222/1626
f 1751/2225/1627 1754/2226/1627 1757/2227/1627 1756/2228/1627
f 1754/2226/1628 1755/2229/1628 1758/2230/1628 1757/2227/1628
f 1756/2228/1629 1757/2227/1629 1769/2231/1629 1766/2232/1629
f 1757/2227/1630 1758/2230/1630 1759/2233/1630 1769/2231/1630
f 1752/2234/1631 1760/2235/1631 1763/2236/1631 1762/2237/1631
f 1760/2235/1632 1761/2238/1632 1764/2239/1632 1763/2236/1632
f 1762/2237/1633 1763/2236/1633 1758/2240/1633 1755/2241/1633
f 1763/2236/1634 1764/2239/1634 1759/2242/1634 1758/2240/1634
f 1753/2243/1635 1765/2244/1635 1768/2245/1635 1767/2246/1635
f 1765/2244/1636 1766/2247/1636 1769/2248/1636 1768/2245/1636
f 1767/2246/1637 1768/2245/1637 1764/2239/1637 1761/2238/1637
f 1768/2245/1638 1769/2248/1638 1759/2242/1638 1764/2239/1638
f 1770/2249/1639 1773/2250/1639 1776/2251/1639 1775/2252/1639
f 1773/2250/1640 1774/2253/1640 1777/2254/1640 1776/2251/1640
f 1775/2252/1641 1776/2251/1641 1788/2255/1641 1785/2256/1641
f 1776/2251/1642 1777/2254/1642 1778/2257/1642 1788/2255/1642
f 1771/2258/1643 1779/2259/1643 1782/2260/1643 1781/2261/1643
f 1779/2259/1644 1780/2262/1644 1783/2263/1644 1782/2260/1644
f 1781/2261/1645 1782/2260/1645 1777/2264/1645 1774/2265/1645
f 1782/2260/1646 1783/2263/1646 1778/2266/1646 1777/2264/1646
f 1772/2267/1647 1784/2268/1647 1787/2269/1647 1786/2270/1647
f 1784/2268/1648 1785/2271/1648 1788/2272/1648 1787/2269/1648
f 1786/2270/1649 1787/2269/1649 1783/2263/1649 1780/2262/1649
f 1787/2269/1650 1788/2272/1650 1778/2266/1650 1783/2263/1650
f 1789/2273/1651 1792/2274/1651 1795/2275/1651 1794/2276/1651
f 1792/2274/1652 1793/2277/1652 1796/2278/1652 1795/2275/1652
f 1794/2276/1653 1795/2275/1653 1807/2279/1653 1804/2280/1653
f 1795/2275/1654 1796/2278/1654 1797/2281/1654 1807/2279/1654
f 1790/2282/1655 1798/2283/1655 1801/2284/1655 1800/2285/1655
f 1798/2283/1656 1799/2286/1656 1802/2287/1656 1801/2284/1656
f 1800/2285/1657 1801/2284/1657 1796/2278/1657 1793/2277/1657
f 1801/2284/1658 1802/2287/1658 1797/2281/1658 1796/2278/1658
f 1791/2288/1659 1803/2289/1659 1806/2290/1659 1805/2291/1659
f 1803/2289/1660 1804/2280/1660 1807/2279/1660 1806/2290/1660
f 1805/2291/1661 1806/2290/1661 1802/2287/1661 1799/2286/1661
f 1806/2290/1662 1807/2279/1662 1797/2281/1662 1802/2287/1662
f 1808/2292/1663 1811/2293/1663 1814/2294/1663 1813/2295/1663
f 1811/2293/1664 1812/2296/1664 1815/2297/1664 1814/2294/1664
f 1813/2295/1665 1814/2294/1665 1826/2298/1665 1823/2299/1665
f 1814/2294/1666 1815/2297/1666 1816/2300/1666 1826/2298/1666
f 1809/2301/1667 1817/2302/1667 1820/2303/1667 1819/2304/1667
f 1817/2302/1668 1818/2305/1668 1821/2306/1668 1820/2303/1668
f 1819/2304/1669 1820/2303/1669 1815/2297/1669 1812/2296/1669
f 1820/2303/1670 1821/2306/1670 1816/2300/1670 1815/2297/1670
f 1810/2307/1671 1822/2308/1671 1825/2309/1671 1824/2310/1671
f 1822/2308/1672 1823/2299/1672 1826/2298/1672 1825/2309/1672
f 1824/2310/1673 1825/2309/1673 1821/2306/1673 1818/2305/1673
f 1825/2309/1674 1826/2298/1674 1816/2300/1674 1821/2306/1674
f 1827/2311/1675 1830/2312/1675 1833/2313/1675 1832/2314/1675
f 1830/2312/1676 1831/2315/1676 1834/2316/1676 1833/2313/1676
f 1832/2314/1677 1833/2313/1677 1845/2317/1677 1842/2318/1677
f 1833/2313/1678 1834/2316/1678 1835/2319/1678 1845/2317/1678
f 1828/2320/1679 1836/2321/1679 1839/2322/1679 1838/2323/1679
f 1836/2321/1680 1837/2324/1680 1840/2325/1680 1839/2322/1680
f 1838/2323/1681 1839/2322/1681 1834/2316/1681 1831/2315/1681
f 1839/2322/1682 1840/2325/1682 1835/2319/1682 1834/2316/1682
f 1829/2326/1683 1841/2327/1683 1844/2328/1683 1843/2329/1683
f 1841/2327/1684 1842/2318/1684 1845/2317/1684 1844/2328/1684
f 1843/2329/1685 1844/2328/1685 1840/2325/1685 1837/2324/1685
f 1844/2328/1686 1845/2317/1686 1835/2319/1686 1840/2325/1686
f 1846/2330/1687 1849/2331/1687 1852/2332/1687 1851/2333/1687
f 1849/2331/1688 1850/2334/1688 1853/2335/1688 1852/2332/1688
f 1851/2333/1689 1852/2332/1689 1864/2336/1689 1861/2337/1689
f 1852/2332/1690 1853/2335/1690 1854/2338/1690 1864/2336/1690
f 1847/2339/1691 1855/2340/1691 1858/2341/1691 1857/2342/1691
f 1855/2340/1692 1856/2343/1692 1859/2344/1692 1858/2341/1692
f 1857/2342/1693 1858/2341/1693 1853/2335/1693 1850/2334/1693
f 1858/2341/1694 1859/2344/1694 1854/2338/1694 1853/2335/1694
f 1848/2345/1695 1860/2346/1695 1863/2347/1695 1862/2348/1695
f 1860/2346/1696 1861/2337/1696 1864/2336/1696 1863/2347/1696
f 1862/2348/1697 1863/2347/1697 1859/2344/1697 1856/2343/1697
f 1863/2347/1698 1864/2336/1698 1854/2338/1698 1859/2344/1698
f 1751/2225/1699 1713/2171/1699 1718/2174/1699 1754/2226/1699
f 1754/2226/1700 1718/2174/1700 1728/2178/1700 1755/2229/1700
f 1755/2241/1701 1728/2193/1701 1727/2190/1701 1762/2237/1701
f 1762/2237/1702 1727/2190/1702 1715/2189/1702 1752/2234/1702
f 1714/2180/1703 1732/2198/1703 1737/2201/1703 1722/2181/1703
f 1722/2181/1704 1737/2201/1704 1747/2205/1704 1723/2184/1704
f 1723/2196/1705 1747/2220/1705 1746/2217/1705 1729/2192/1705
f 1729/2192/1706 1746/2217/1706 1734/2216/1706 1715/2189/1706
f 1733/2207/1707 1770/2249/1707 1775/2252/1707 1741/2208/1707
f 1741/2208/1708 1775/2252/1708 1785/2256/1708 1742/2211/1708
f 1742/2223/1709 1785/2271/1709 1784/2268/1709 1748/2219/1709
f 1748/2219/1710 1784/2268/1710 1772/2267/1710 1734/2216/1710
f 1771/2258/1711 1753/2243/1711 1767/2246/1711 1779/2259/1711
f 1779/2259/1712 1767/2246/1712 1761/2238/1712 1780/2262/1712
f 1780/2262/1713 1761/2238/1713 1760/2235/1713 1786/2270/1713
f 1786/2270/1714 1760/2235/1714 1752/2234/1714 1772/2267/1714
f 1827/2311/1715 1751/2225/1715 1756/2228/1715 1830/2312/1715
f 1830/2312/1716 1756/2228/1716 1766/2232/1716 1831/2315/1716
f 1831/2315/1717 1766/2247/1717 1765/2244/1717 1838/2323/1717
f 1838/2323/1718 1765/2244/1718 1753/2243/1718 1828/2320/1718
f 1770/2249/1719 1846/2330/1719 1851/2333/1719 1773/2250/1719
f 1773/2250/1720 1851/2333/1720 1861/2337/1720 1774/2253/1720
f 1774/2265/1721 1861/2337/1721 1860/2346/1721 1781/2261/1721
f 1781/2261/1722 1860/2346/1722 1848/2345/1722 1771/2258/1722
f 1847/2339/1723 1829/2326/1723 1843/2329/1723 1855/2340/1723
f 1855/2340/1724 1843/2329/1724 1837/2324/1724 1856/2343/1724
f 1856/2343/1725 1837/2324/1725 1836/2321/1725 1862/2348/1725
f 1862/2348/1726 1836/2321/1726 1828/2320/1726 1848/2345/1726
f 1789/2273/1727 1827/2311/1727 1832/2314/1727 1792/2274/1727
f 1792/2274/1728 1832/2314/1728 1842/2318/1728 1793/2277/1728
f 1793/2277/1729 1842/2318/1729 1841/2327/1729 1800/2285/1729
f 1800/2285/1730 1841/2327/1730 1829/2326/1730 1790/2282/1730
f 1846/2330/1731 1808/2292/1731 1813/2295/1731 1849/2331/1731
f 1849/2331/1732 1813/2295/1732 1823/2299/1732 1850/2334/1732
f 1850/2334/1733 1823/2299/1733 1822/2308/1733 1857/2342/1733
f 1857/2342/1734 1822/2308/1734 1810/2307/1734 1847/2339/1734
f 1809/2301/1735 1791/2288/1735 1805/2291/1735 1817/2302/1735
f 1817/2302/1736 1805/2291/1736 1799/2286/1736 1818/2305/1736
f 1818/2305/1737 1799/2286/1737 1798/2283/1737 1824/2310/1737
f 1824/2310/1738 1798/2283/1738 1790/2282/1738 1810/2307/1738
f 1713/2171/1739 1789/2273/1739 1794/2276/1739 1716/2172/1739
f 1716/2172/1740 1794/2276/1740 1804/2280/1740 1717/2175/1740
f 1717/2187/1741 1804/2280/1741 1803/2289/1741 1724/2183/1741
f 1724/2183/1742 1803/2289/1742 1791/2288/1742 1714/2180/1742
f 1808/2292/1743 1733/2207/1743 1743/2210/1743 1811/2293/1743
f 1811/2293/1744 1743/2210/1744 1736/2214/1744 1812/2296/1744
f 1812/2296/1745 1736/2202/1745 1735/2199/1745 1819/2304/1745
f 1819/2304/1746 1735/2199/1746 1732/2198/1746 1809/2301/1746
f 1751/2225/1747 1827/2311/1747 1789/2273/1747 1713/2171/1747
f 1715/2189/1748 1734/2216/1748 1772/2267/1748 1752/2234/1748
f 1791/2288/1749 1809/2301/1749 1732/2198/1749 1714/2180/1749
f 1846/2330/1750 1770/2249/1750 1733/2207/1750 1808/2292/1750
f 1753/2243/1751 1771/2258/1751 1848/2345/1751 1828/2320/1751
f 1829/2326/1752 1847/2339/1752 1810/2307/1752 1790/2282/1752
o 7_RubberGasket
v -0.155250 0.215051 -0.184721
v -0.155250 0.215081 -0.184785
v -0.155300 0.215034 -0.184768
v -0.155250 0.215068 -0.184731
v -0.155250 0.215079 -0.184747
v -0.155269 0.215050 -0.184725
v -0.155270 0.215066 -0.184736
v -0.155269 0.215076 -0.184748
v -0.155279 0.215071 -0.184751
v -0.155269 0.215077 -0.184784
v -0.155285 0.215067 -0.184780
v -0.155250 0.215084 -0.184766
v -0.155270 0.215080 -0.184764
v -0.155283 0.215071 -0.184762
v -0.155296 0.215040 -0.184750
v -0.155285 0.215046 -0.184735
v -0.155296 0.215052 -0.184775
v -0.155292 0.215059 -0.184756
v -0.155283 0.215062 -0.184744
v -0.155250 0.214944 -0.185161
v -0.155250 0.214880 -0.185191
v -0.155300 0.214897 -0.185144
v -0.155250 0.214934 -0.185178
v -0.155250 0.214918 -0.185189
v -0.155269 0.214940 -0.185160
v -0.155270 0.214929 -0.185177
v -0.155269 0.214917 -0.185186
v -0.155279 0.214914 -0.185181
v -0.155269 0.214881 -0.185187
v -0.155285 0.214885 -0.185177
v -0.155250 0.214899 -0.185194
v -0.155270 0.214901 -0.185190
v -0.155283 0.214903 -0.185181
v -0.155296 0.214915 -0.185151
v -0.155285 0.214930 -0.185156
v -0.155296 0.214890 -0.185162
v -0.155292 0.214909 -0.185169
v -0.155283 0.214921 -0.185173
v -0.155250 0.009164 -0.109785
v -0.155300 0.009147 -0.109831
v -0.155250 0.009100 -0.109814
v -0.155269 0.009163 -0.109788
v -0.155285 0.009159 -0.109798
v -0.155250 0.009145 -0.109782
v -0.155270 0.009143 -0.109786
v -0.155283 0.009141 -0.109794
v -0.155279 0.009130 -0.109794
v -0.155296 0.009129 -0.109825
v -0.155285 0.009114 -0.109819
v -0.155296 0.009154 -0.109814
v -0.155292 0.009135 -0.109806
v -0.155283 0.009123 -0.109803
v -0.155250 0.009110 -0.109798
v -0.155250 0.009126 -0.109786
v -0.155269 0.009104 -0.109816
v -0.155270 0.009115 -0.109799
v -0.155269 0.009127 -0.109789
v -0.155250 0.008993 -0.110254
v -0.155250 0.008963 -0.110190
v -0.155300 0.009010 -0.110207
v -0.155250 0.008977 -0.110244
v -0.155250 0.008965 -0.110229
v -0.155269 0.008994 -0.110251
v -0.155270 0.008978 -0.110240
v -0.155269 0.008968 -0.110227
v -0.155279 0.008973 -0.110225
v -0.155269 0.008967 -0.110192
v -0.155285 0.008977 -0.110195
v -0.155250 0.008960 -0.110210
v -0.155270 0.008964 -0.110212
v -0.155283 0.008973 -0.110214
v -0.155296 0.009004 -0.110225
v -0.155285 0.008998 -0.110241
v -0.155296 0.008992 -0.110201
v -0.155292 0.008985 -0.110219
v -0.155283 0.008982 -0.110232
v 0.155250 0.215051 -0.184721
v 0.155300 0.215034 -0.184768
v 0.155250 0.215081 -0.184785
v 0.155269 0.215050 -0.184725
v 0.155285 0.215046 -0.184735
v 0.155250 0.215068 -0.184731
v 0.155270 0.215066 -0.184736
v 0.155283 0.215062 -0.184744
v 0.155279 0.215071 -0.184751
v 0.155296 0.215052 -0.184775
v 0.155285 0.215067 -0.184780
v 0.155296 0.215040 -0.184750
v 0.155292 0.215059 -0.184756
v 0.155283 0.215071 -0.184762
v 0.155250 0.215084 -0.184766
v 0.155250 0.215079 -0.184747
v 0.155269 0.215077 -0.184784
v 0.155270 0.215080 -0.184764
v 0.155269 0.215076 -0.184748
v 0.155250 0.214880 -0.185191
v 0.155250 0.214944 -0.185161
v 0.155300 0.214897 -0.185144
v 0.155250 0.214899 -0.185194
v 0.155250 0.214918 -0.185189
v 0.155269 0.214881 -0.185187
v 0.155270 0.214901 -0.185190
v 0.155269 0.214917 -0.185186
v 0.155279 0.214914 -0.185181
v 0.155269 0.214940 -0.185160
v 0.155285 0.214930 -0.185156
v 0.155250 0.214934 -0.185178
v 0.155270 0.214929 -0.185177
v 0.155283 0.214921 -0.185173
v 0.155296 0.214890 -0.185162
v 0.155285 0.214885 -0.185177
v 0.155296 0.214915 -0.185151
v 0.155292 0.214909 -0.185169
v 0.155283 0.214903 -0.185181
v 0.155250 0.009164 -0.109785
v 0.155250 0.009100 -0.109814
v 0.155300 0.009147 -0.109831
v 0.155250 0.009145 -0.109782
v 0.155250 0.009126 -0.109786
v 0.155269 0.009163 -0.109788
v 0.155270 0.009143 -0.109786
v 0.155269 0.009127 -0.109789
v 0.155279 0.009130 -0.109794
v 0.155269 0.009104 -0.109816
v 0.155285 0.009114 -0.109819
v 0.155250 0.009110 -0.109798
v 0.155270 0.009115 -0.109799
v 0.155283 0.009123 -0.109803
v 0.155296 0.009154 -0.109814
v 0.155285 0.009159 -0.109798
v 0.155296 0.009129 -0.109825
v 0.155292 0.009135 -0.109806
v 0.155283 0.009141 -0.109794
v 0.155250 0.008993 -0.110254
v 0.155300 0.009010 -0.110207
v 0.155250 0.008963 -0.110190
v 0.155269 0.008994 -0.110251
v 0.155285 0.008998 -0.110241
v 0.155250 0.008977 -0.110244
v 0.155270 0.008978 -0.110240
v 0.155283 0.008982 -0.110232
v 0.155279 0.008973 -0.110225
v 0.155296 0.008992 -0.110201
v 0.155285 0.008977 -0.110195
v 0.155296 0.009004 -0.110225
v 0.155292 0.008985 -0.110219
v 0.155283 0.008973 -0.110214
v 0.155250 0.008960 -0.110210
v 0.155250 0.008965 -0.110229
v 0.155269 0.008967 -0.110192
v 0.155270 0.008964 -0.110212
v 0.155269 0.008968 -0.110227
vn -0.2056 0.5198 0.8292
vn -0.1821 0.7960 0.5772
vn -0.5499 0.4494 0.7040
vn -0.4924 0.7086 0.5054
vn -0.2044 0.9696 -0.1348
vn -0.5502 0.8280 -0.1083
vn -0.1819 0.9541 0.2381
vn -0.4924 0.8424 0.2187
vn -0.9571 0.2629 0.1221
vn -0.8149 0.3588 0.4552
vn -0.8153 0.5787 -0.0168
vn -0.7169 0.6320 0.2941
vn -0.2050 0.8292 -0.5199
vn -0.1821 0.5784 -0.7952
vn -0.5503 0.7038 -0.4493
vn -0.4918 0.5044 -0.7097
vn -0.2049 -0.1345 -0.9695
vn -0.5500 -0.1082 -0.8282
vn -0.1819 0.2381 -0.9541
vn -0.4929 0.2181 -0.8423
vn -0.9569 0.1225 -0.2632
vn -0.8149 0.4548 -0.3593
vn -0.8151 -0.0170 -0.5791
vn -0.7178 0.2946 -0.6308
vn -0.2048 0.1345 0.9695
vn -0.5500 0.1082 0.8282
vn -0.1819 -0.2382 0.9540
vn -0.4929 -0.2182 0.8423
vn -0.9569 -0.1226 0.2632
vn -0.8150 -0.4545 0.3593
vn -0.8150 0.0172 0.5791
vn -0.7178 -0.2948 0.6308
vn -0.2053 -0.8292 0.5199
vn -0.1821 -0.5781 0.7953
vn -0.5504 -0.7037 0.4493
vn -0.4919 -0.5042 0.7098
vn -0.2056 -0.5198 -0.8292
vn -0.1821 -0.7960 -0.5772
vn -0.5499 -0.4494 -0.7040
vn -0.4924 -0.7086 -0.5054
vn -0.2044 -0.9696 0.1348
vn -0.5502 -0.8280 0.1083
vn -0.1819 -0.9541 -0.2381
vn -0.4924 -0.8424 -0.2187
vn -0.9571 -0.2629 -0.1221
vn -0.8149 -0.3588 -0.4552
vn -0.8153 -0.5787 0.0168
vn -0.7169 -0.6320 -0.2941
vn 0.2057 0.5199 0.8291
vn 0.5500 0.4493 0.7040
vn 0.1822 0.7959 0.5774
vn 0.4926 0.7085 0.5053
vn 0.9570 0.2629 0.1224
vn 0.8154 0.5787 -0.0168
vn 0.8149 0.3590 0.4549
vn 0.7170 0.6319 0.2943
vn 0.2047 0.9695 -0.1347
vn 0.1820 0.9540 0.2381
vn 0.5503 0.8279 -0.1083
vn 0.4926 0.8423 0.2187
vn 0.2049 -0.1346 -0.9695
vn 0.1819 0.2381 -0.9541
vn 0.5498 -0.1081 -0.8282
vn 0.4929 0.2183 -0.8422
vn 0.2053 0.8290 -0.5202
vn 0.5502 0.7038 -0.4494
vn 0.1821 0.5782 -0.7953
vn 0.4925 0.5042 -0.7094
vn 0.9570 0.1226 -0.2630
vn 0.8149 -0.0172 -0.5793
vn 0.8150 0.4545 -0.3593
vn 0.7177 0.2948 -0.6308
vn 0.2049 0.1346 0.9695
vn 0.1819 -0.2381 0.9541
vn 0.5498 0.1081 0.8282
vn 0.4929 -0.2183 0.8422
vn 0.2053 -0.8290 0.5202
vn 0.5502 -0.7038 0.4494
vn 0.1821 -0.5782 0.7953
vn 0.4925 -0.5042 0.7094
vn 0.9570 -0.1226 0.2630
vn 0.8149 0.0172 0.5793
vn 0.8150 -0.4545 0.3593
vn 0.7177 -0.2948 0.6308
vn 0.2057 -0.5199 -0.8291
vn 0.5500 -0.4493 -0.7040
vn 0.1822 -0.7959 -0.5774
vn 0.4926 -0.7085 -0.5053
vn 0.9570 -0.2629 -0.1224
vn 0.8154 -0.5787 0.0168
vn 0.8149 -0.3590 -0.4549
vn 0.7170 -0.6319 -0.2943
vn 0.2047 -0.9695 0.1347
vn 0.1820 -0.9540 -0.2381
vn 0.5503 -0.8279 0.1083
vn 0.4926 -0.8423 -0.2187
vn -0.1951 0.3356 0.9216
vn -0.5557 0.2843 0.7812
vn -0.8311 0.1901 0.5227
vn -0.9808 0.0666 0.1830
vn -0.1949 0.9217 -0.3355
vn -0.5558 0.7811 -0.2844
vn -0.8313 0.5223 -0.1899
vn -0.9808 0.1830 -0.0667
vn -0.1952 -0.3356 -0.9216
vn -0.5557 -0.2843 -0.7812
vn -0.8311 -0.1901 -0.5227
vn -0.9808 -0.0666 -0.1831
vn -0.1949 -0.9217 0.3355
vn -0.5562 -0.7809 0.2844
vn -0.8313 -0.5223 0.1899
vn -0.9808 -0.1830 0.0667
vn -0.0000 0.1521 0.9884
vn -0.0000 -0.2376 0.9714
vn -0.0000 -0.5913 0.8064
vn -0.0000 -0.8550 0.5187
vn -0.0000 -0.5186 -0.8550
vn -0.0000 -0.8065 -0.5912
vn -0.0000 -0.9714 -0.2376
vn -0.0000 -0.9884 0.1520
vn 0.9808 -0.1830 0.0667
vn 0.8313 -0.5223 0.1899
vn 0.5562 -0.7809 0.2844
vn 0.1949 -0.9217 0.3355
vn 0.1953 0.3356 0.9216
vn 0.5557 0.2843 0.7812
vn 0.8311 0.1901 0.5226
vn 0.9808 0.0666 0.1831
vn 0.1953 -0.3356 -0.9216
vn 0.5557 -0.2843 -0.7812
vn 0.8311 -0.1901 -0.5226
vn 0.9808 -0.0666 -0.1831
vn 0.1949 0.9217 -0.3355
vn 0.5562 0.7809 -0.2844
vn 0.8313 0.5223 -0.1899
vn 0.9808 0.1830 -0.0667
vn -0.0000 0.5186 0.8550
vn -0.0000 0.8065 0.5912
vn -0.0000 0.9714 0.2376
vn -0.0000 0.9884 -0.1520
vn -0.0000 -0.1521 -0.9884
vn -0.0000 0.2376 -0.9714
vn -0.0000 0.5914 -0.8063
vn -0.0000 0.8549 -0.5188
vn -0.0000 0.3420 0.9397
vn -1.0000 -0.0000 -0.0000
vn -0.0000 0.9397 -0.3420
vn -0.0000 -0.3420 -0.9397
vn -0.0000 -0.9397 0.3420
vn 1.0000 -0.0000 -0.0000
vt 0.125040 0.749943
vt 0.125040 0.749965
vt 0.125024 0.749965
vt 0.125025 0.749943
vt 0.125040 0.750000
vt 0.125025 0.750000
vt 0.125000 0.749964
vt 0.125000 0.749943
vt 0.125017 0.750000
vt 0.399999 0.999960
vt 0.399999 0.999975
vt 0.390194 0.999976
vt 0.390434 0.999960
vt 0.399999 1.000000
vt 0.390693 1.000000
vt 0.375000 0.999975
vt 0.375000 0.999960
vt 0.385565 1.000000
vt 0.400000 0.000057
vt 0.390434 0.000057
vt 0.390193 0.000035
vt 0.400001 0.000035
vt 0.375000 0.000057
vt 0.375000 0.000036
vt 0.390691 0.000000
vt 0.399999 0.000000
vt 0.375000 0.000024
vt 0.600001 0.999960
vt 0.609566 0.999960
vt 0.609806 0.999976
vt 0.600000 0.999975
vt 0.625000 0.999960
vt 0.625000 0.999975
vt 0.609309 1.000000
vt 0.600001 1.000000
vt 0.625000 0.999983
vt 0.874960 0.749943
vt 0.874975 0.749943
vt 0.874976 0.749965
vt 0.874960 0.749965
vt 0.875000 0.749943
vt 0.875000 0.749964
vt 0.874975 0.750000
vt 0.874960 0.750000
vt 0.875000 0.749976
vt 0.600002 0.000057
vt 0.600001 0.000035
vt 0.609807 0.000035
vt 0.609567 0.000057
vt 0.600001 0.000000
vt 0.609308 0.000000
vt 0.625000 0.000036
vt 0.625000 0.000057
vt 0.614433 0.000000
vt 0.125040 0.500057
vt 0.125025 0.500057
vt 0.125024 0.500035
vt 0.125040 0.500035
vt 0.125000 0.500057
vt 0.125000 0.500036
vt 0.125025 0.500000
vt 0.125040 0.500000
vt 0.125000 0.500024
vt 0.399998 0.249943
vt 0.399998 0.249965
vt 0.390191 0.249965
vt 0.390431 0.249943
vt 0.399999 0.250000
vt 0.390688 0.250000
vt 0.375000 0.249964
vt 0.375000 0.249943
vt 0.380283 0.250009
vt 0.399999 0.250040
vt 0.390432 0.250040
vt 0.390192 0.250024
vt 0.399999 0.250025
vt 0.375000 0.250040
vt 0.375000 0.250025
vt 0.874960 0.500057
vt 0.874960 0.500035
vt 0.874976 0.500035
vt 0.874975 0.500057
vt 0.874960 0.500000
vt 0.874975 0.500000
vt 0.875000 0.500036
vt 0.875000 0.500057
vt 0.874983 0.500000
vt 0.600001 0.250040
vt 0.600001 0.250025
vt 0.609806 0.250024
vt 0.609566 0.250040
vt 0.600001 0.250000
vt 0.609308 0.250000
vt 0.625000 0.250025
vt 0.625000 0.250040
vt 0.619718 0.249988
vt 0.600000 0.249943
vt 0.609566 0.249943
vt 0.609807 0.249965
vt 0.599999 0.249965
vt 0.625000 0.249943
vt 0.625000 0.249964
vt 0.374960 0.749943
vt 0.374975 0.749943
vt 0.374976 0.749965
vt 0.374960 0.749965
vt 0.375000 0.749943
vt 0.375000 0.749964
vt 0.374987 0.750013
vt 0.374980 0.750020
vt 0.378522 0.749998
vt 0.400000 0.749943
vt 0.400001 0.749965
vt 0.390194 0.749965
vt 0.390434 0.749943
vt 0.399999 0.750000
vt 0.390692 0.750000
vt 0.399999 0.750040
vt 0.390434 0.750040
vt 0.390194 0.750024
vt 0.399999 0.750025
vt 0.625040 0.749943
vt 0.625040 0.749965
vt 0.625024 0.749965
vt 0.625025 0.749943
vt 0.625020 0.750020
vt 0.625013 0.750013
vt 0.625000 0.749964
vt 0.625000 0.749943
vt 0.621484 0.749992
vt 0.600001 0.750040
vt 0.600001 0.750025
vt 0.609806 0.750024
vt 0.609568 0.750040
vt 0.600001 0.750000
vt 0.609312 0.750000
vt 0.600002 0.749943
vt 0.609567 0.749943
vt 0.609809 0.749965
vt 0.600002 0.749965
vt 0.374960 0.500057
vt 0.374960 0.500035
vt 0.374976 0.500035
vt 0.374975 0.500057
vt 0.374980 0.499980
vt 0.374987 0.499987
vt 0.375000 0.500036
vt 0.375000 0.500057
vt 0.378516 0.500008
vt 0.399999 0.499960
vt 0.399999 0.499975
vt 0.390194 0.499976
vt 0.390432 0.499960
vt 0.399999 0.500000
vt 0.390688 0.500000
vt 0.399998 0.500057
vt 0.390433 0.500057
vt 0.390191 0.500035
vt 0.399998 0.500035
vt 0.625040 0.500057
vt 0.625025 0.500057
vt 0.625024 0.500035
vt 0.625040 0.500035
vt 0.625000 0.500057
vt 0.625000 0.500036
vt 0.625013 0.499987
vt 0.625020 0.499980
vt 0.621478 0.500002
vt 0.600000 0.500057
vt 0.599999 0.500035
vt 0.609806 0.500035
vt 0.609566 0.500057
vt 0.600001 0.500000
vt 0.609308 0.500000
vt 0.600001 0.499960
vt 0.609566 0.499960
vt 0.609806 0.499976
vt 0.600001 0.499975
s 0
usemtl Rubber
f 1865/2349/1753 1868/2350/1753 1871/2351/1753 1870/2352/1753
f 1868/2350/1754 1869/2353/1754 1872/2354/1754 1871/2351/1754
f 1870/2352/1755 1871/2351/1755 1883/2355/1755 1880/2356/1755
f 1871/2351/1756 1872/2354/1756 1873/2357/1756 1883/2355/1756
f 1866/2358/1757 1874/2359/1757 1877/2360/1757 1876/2361/1757
f 1874/2359/1758 1875/2362/1758 1878/2363/1758 1877/2360/1758
f 1876/2361/1759 1877/2360/1759 1872/2364/1759 1869/2365/1759
f 1877/2360/1760 1878/2363/1760 1873/2366/1760 1872/2364/1760
f 1867/2367/1761 1879/2368/1761 1882/2369/1761 1881/2370/1761
f 1879/2368/1762 1880/2371/1762 1883/2372/1762 1882/2369/1762
f 1881/2370/1763 1882/2369/1763 1878/2373/1763 1875/2374/1763
f 1882/2369/1764 1883/2372/1764 1873/2375/1764 1878/2373/1764
f 1884/2376/1765 1887/2377/1765 1890/2378/1765 1889/2379/1765
f 1887/2377/1766 1888/2380/1766 1891/2381/1766 1890/2378/1766
f 1889/2379/1767 1890/2378/1767 1902/2382/1767 1899/2383/1767
f 1890/2378/1768 1891/2381/1768 1892/2384/1768 1902/2382/1768
f 1885/2385/1769 1893/2386/1769 1896/2387/1769 1895/2388/1769
f 1893/2386/1770 1894/2389/1770 1897/2390/1770 1896/2387/1770
f 1895/2388/1771 1896/2387/1771 1891/2391/1771 1888/2392/1771
f 1896/2387/1772 1897/2390/1772 1892/2393/1772 1891/2391/1772
f 1886/2394/1773 1898/2395/1773 1901/2396/1773 1900/2397/1773
f 1898/2395/1774 1899/2398/1774 1902/2399/1774 1901/2396/1774
f 1900/2397/1775 1901/2396/1775 1897/2400/1775 1894/2401/1775
f 1901/2396/1776 1902/2399/1776 1892/2402/1776 1897/2400/1776
f 1903/2403/1777 1906/2404/1777 1909/2405/1777 1908/2406/1777
f 1906/2404/1778 1907/2407/1778 1910/2408/1778 1909/2405/1778
f 1908/2406/1779 1909/2405/1779 1921/2409/1779 1918/2410/1779
f 1909/2405/1780 1910/2408/1780 1911/2411/1780 1921/2409/1780
f 1904/2412/1781 1912/2413/1781 1915/2414/1781 1914/2415/1781
f 1912/2413/1782 1913/2416/1782 1916/2417/1782 1915/2414/1782
f 1914/2415/1783 1915/2414/1783 1910/2418/1783 1907/2419/1783
f 1915/2414/1784 1916/2417/1784 1911/2420/1784 1910/2418/1784
f 1905/2421/1785 1917/2422/1785 1920/2423/1785 1919/2424/1785
f 1917/2422/1786 1918/2425/1786 1921/2426/1786 1920/2423/1786
f 1919/2424/1787 1920/2423/1787 1916/2417/1787 1913/2416/1787
f 1920/2423/1788 1921/2426/1788 1911/2420/1788 1916/2417/1788
f 1922/2427/1789 1925/2428/1789 1928/2429/1789 1927/2430/1789
f 1925/2428/1790 1926/2431/1790 1929/2432/1790 1928/2429/1790
f 1927/2430/1791 1928/2429/1791 1940/2433/1791 1937/2434/1791
f 1928/2429/1792 1929/2432/1792 1930/2435/1792 1940/2433/1792
f 1923/2436/1793 1931/2437/1793 1934/2438/1793 1933/2439/1793
f 1931/2437/1794 1932/2440/1794 1935/2441/1794 1934/2438/1794
f 1933/2439/1795 1934/2438/1795 1929/2442/1795 1926/2443/1795
f 1934/2438/1796 1935/2441/1796 1930/2444/1796 1929/2442/1796
f 1924/2445/1797 1936/2446/1797 1939/2447/1797 1938/2448/1797
f 1936/2446/1798 1937/2449/1798 1940/2450/1798 1939/2447/1798
f 1938/2448/1799 1939/2447/1799 1935/2441/1799 1932/2440/1799
f 1939/2447/1800 1940/2450/1800 1930/2444/1800 1935/2441/1800
f 1941/2451/1801 1944/2452/1801 1947/2453/1801 1946/2454/1801
f 1944/2452/1802 1945/2455/1802 1948/2456/1802 1947/2453/1802
f 1946/2454/1803 1947/2453/1803 1959/2457/1803 1956/2458/1803
f 1947/2453/1804 1948/2456/1804 1949/2459/1804 1959/2457/1804
f 1942/2460/1805 1950/2461/1805 1953/2462/1805 1952/2463/1805
f 1950/2461/1806 1951/2464/1806 1954/2465/1806 1953/2462/1806
f 1952/2463/1807 1953/2462/1807 1948/2456/1807 1945/2455/1807
f 1953/2462/1808 1954/2465/1808 1949/2459/1808 1948/2456/1808
f 1943/2466/1809 1955/2467/1809 1958/2468/1809 1957/2469/1809
f 1955/2467/1810 1956/2458/1810 1959/2457/1810 1958/2468/1810
f 1957/2469/1811 1958/2468/1811 1954/2465/1811 1951/2464/1811
f 1958/2468/1812 1959/2457/1812 1949/2459/1812 1954/2465/1812
f 1960/2470/1813 1963/2471/1813 1966/2472/1813 1965/2473/1813
f 1963/2471/1814 1964/2474/1814 1967/2475/1814 1966/2472/1814
f 1965/2473/1815 1966/2472/1815 1978/2476/1815 1975/2477/1815
f 1966/2472/1816 1967/2475/1816 1968/2478/1816 1978/2476/1816
f 1961/2479/1817 1969/2480/1817 1972/2481/1817 1971/2482/1817
f 1969/2480/1818 1970/2483/1818 1973/2484/1818 1972/2481/1818
f 1971/2482/1819 1972/2481/1819 1967/2475/1819 1964/2474/1819
f 1972/2481/1820 1973/2484/1820 1968/2478/1820 1967/2475/1820
f 1962/2485/1821 1974/2486/1821 1977/2487/1821 1976/2488/1821
f 1974/2486/1822 1975/2477/1822 1978/2476/1822 1977/2487/1822
f 1976/2488/1823 1977/2487/1823 1973/2484/1823 1970/2483/1823
f 1977/2487/1824 1978/2476/1824 1968/2478/1824 1973/2484/1824
f 1979/2489/1825 1982/2490/1825 1985/2491/1825 1984/2492/1825
f 1982/2490/1826 1983/2493/1826 1986/2494/1826 1985/2491/1826
f 1984/2492/1827 1985/2491/1827 1997/2495/1827 1994/2496/1827
f 1985/2491/1828 1986/2494/1828 1987/2497/1828 1997/2495/1828
f 1980/2498/1829 1988/2499/1829 1991/2500/1829 1990/2501/1829
f 1988/2499/1830 1989/2502/1830 1992/2503/1830 1991/2500/1830
f 1990/2501/1831 1991/2500/1831 1986/2494/1831 1983/2493/1831
f 1991/2500/1832 1992/2503/1832 1987/2497/1832 1986/2494/1832
f 1981/2504/1833 1993/2505/1833 1996/2506/1833 1995/2507/1833
f 1993/2505/1834 1994/2496/1834 1997/2495/1834 1996/2506/1834
f 1995/2507/1835 1996/2506/1835 1992/2503/1835 1989/2502/1835
f 1996/2506/1836 1997/2495/1836 1987/2497/1836 1992/2503/1836
f 1998/2508/1837 2001/2509/1837 2004/2510/1837 2003/2511/1837
f 2001/2509/1838 2002/2512/1838 2005/2513/1838 2004/2510/1838
f 2003/2511/1839 2004/2510/1839 2016/2514/1839 2013/2515/1839
f 2004/2510/1840 2005/2513/1840 2006/2516/1840 2016/2514/1840
f 1999/2517/1841 2007/2518/1841 2010/2519/1841 2009/2520/1841
f 2007/2518/1842 2008/2521/1842 2011/2522/1842 2010/2519/1842
f 2009/2520/1843 2010/2519/1843 2005/2513/1843 2002/2512/1843
f 2010/2519/1844 2011/2522/1844 2006/2516/1844 2005/2513/1844
f 2000/2523/1845 2012/2524/1845 2015/2525/1845 2014/2526/1845
f 2012/2524/1846 2013/2515/1846 2016/2514/1846 2015/2525/1846
f 2014/2526/1847 2015/2525/1847 2011/2522/1847 2008/2521/1847
f 2015/2525/1848 2016/2514/1848 2006/2516/1848 2011/2522/1848
f 1903/2403/1849 1865/2349/1849 1870/2352/1849 1906/2404/1849
f 1906/2404/1850 1870/2352/1850 1880/2356/1850 1907/2407/1850
f 1907/2419/1851 1880/2371/1851 1879/2368/1851 1914/2415/1851
f 1914/2415/1852 1879/2368/1852 1867/2367/1852 1904/2412/1852
f 1866/2358/1853 1884/2376/1853 1889/2379/1853 1874/2359/1853
f 1874/2359/1854 1889/2379/1854 1899/2383/1854 1875/2362/1854
f 1875/2374/1855 1899/2398/1855 1898/2395/1855 1881/2370/1855
f 1881/2370/1856 1898/2395/1856 1886/2394/1856 1867/2367/1856
f 1885/2385/1857 1922/2427/1857 1927/2430/1857 1893/2386/1857
f 1893/2386/1858 1927/2430/1858 1937/2434/1858 1894/2389/1858
f 1894/2401/1859 1937/2449/1859 1936/2446/1859 1900/2397/1859
f 1900/2397/1860 1936/2446/1860 1924/2445/1860 1886/2394/1860
f 1923/2436/1861 1905/2421/1861 1919/2424/1861 1931/2437/1861
f 1931/2437/1862 1919/2424/1862 1913/2416/1862 1932/2440/1862
f 1932/2440/1863 1913/2416/1863 1912/2413/1863 1938/2448/1863
f 1938/2448/1864 1912/2413/1864 1904/2412/1864 1924/2445/1864
f 1979/2489/1865 1903/2403/1865 1908/2406/1865 1982/2490/1865
f 1982/2490/1866 1908/2406/1866 1918/2410/1866 1983/2493/1866
f 1983/2493/1867 1918/2425/1867 1917/2422/1867 1990/2501/1867
f 1990/2501/1868 1917/2422/1868 1905/2421/1868 1980/2498/1868
f 1922/2427/1869 1998/2508/1869 2003/2511/1869 1925/2428/1869
f 1925/2428/1870 2003/2511/1870 2013/2515/1870 1926/2431/1870
f 1926/2443/1871 2013/2515/1871 2012/2524/1871 1933/2439/1871
f 1933/2439/1872 2012/2524/1872 2000/2523/1872 1923/2436/1872
f 1999/2517/1873 1981/2504/1873 1995/2507/1873 2007/2518/1873
f 2007/2518/1874 1995/2507/1874 1989/2502/1874 2008/2521/1874
f 2008/2521/1875 1989/2502/1875 1988/2499/1875 2014/2526/1875
f 2014/2526/1876 1988/2499/1876 1980/2498/1876 2000/2523/1876
f 1941/2451/1877 1979/2489/1877 1984/2492/1877 1944/2452/1877
f 1944/2452/1878 1984/2492/1878 1994/2496/1878 1945/2455/1878
f 1945/2455/1879 1994/2496/1879 1993/2505/1879 1952/2463/1879
f 1952/2463/1880 1993/2505/1880 1981/2504/1880 1942/2460/1880
f 1998/2508/1881 1960/2470/1881 1965/2473/1881 2001/2509/1881
f 2001/2509/1882 1965/2473/1882 1975/2477/1882 2002/2512/1882
f 2002/2512/1883 1975/2477/1883 1974/2486/1883 2009/2520/1883
f 2009/2520/1884 1974/2486/1884 1962/2485/1884 1999/2517/1884
f 1961/2479/1885 1943/2466/1885 1957/2469/1885 1969/2480/1885
f 1969/2480/1886 1957/2469/1886 1951/2464/1886 1970/2483/1886
f 1970/2483/1887 1951/2464/1887 1950/2461/1887 1976/2488/1887
f 1976/2488/1888 1950/2461/1888 1942/2460/1888 1962/2485/1888
f 1865/2349/1889 1941/2451/1889 1946/2454/1889 1868/2350/1889
f 1868/2350/1890 1946/2454/1890 1956/2458/1890 1869/2353/1890
f 1869/2365/1891 1956/2458/1891 1955/2467/1891 1876/2361/1891
f 1876/2361/1892 1955/2467/1892 1943/2466/1892 1866/2358/1892
f 1960/2470/1893 1885/2385/1893 1895/2388/1893 1963/2471/1893
f 1963/2471/1894 1895/2388/1894 1888/2392/1894 1964/2474/1894
f 1964/2474/1895 1888/2380/1895 1887/2377/1895 1971/2482/1895
f 1971/2482/1896 1887/2377/1896 1884/2376/1896 1961/2479/1896
f 1903/2403/1897 1979/2489/1897 1941/2451/1897 1865/2349/1897
f 1867/2367/1898 1886/2394/1898 1924/2445/1898 1904/2412/1898
f 1943/2466/1899 1961/2479/1899 1884/2376/1899 1866/2358/1899
f 1998/2508/1900 1922/2427/1900 1885/2385/1900 1960/2470/1900
f 1905/2421/1901 1923/2436/1901 2000/2523/1901 1980/2498/1901
f 1981/2504/1902 1999/2517/1902 1962/2485/1902 1942/2460/1902
o 8_Webcam
v 0.000000 0.011723 -0.109918
v 0.000000 0.011381 -0.110857
v 0.000293 0.011750 -0.109928
v 0.000293 0.011408 -0.110867
v 0.000574 0.011830 -0.109957
v 0.000574 0.011488 -0.110896
v 0.000833 0.011961 -0.110004
v 0.000833 0.011618 -0.110944
v 0.001061 0.012136 -0.110068
v 0.001061 0.011794 -0.111008
v 0.001247 0.012349 -0.110146
v 0.001247 0.012007 -0.111085
v 0.001386 0.012593 -0.110234
v 0.001386 0.012251 -0.111174
v 0.001471 0.012858 -0.110331
v 0.001471 0.012515 -0.111270
v 0.001500 0.013133 -0.110431
v 0.001500 0.012790 -0.111370
v 0.001471 0.013407 -0.110531
v 0.001471 0.013065 -0.111470
v 0.001386 0.013672 -0.110627
v 0.001386 0.013330 -0.111567
v 0.001247 0.013916 -0.110716
v 0.001247 0.013574 -0.111655
v 0.001061 0.014129 -0.110793
v 0.001061 0.013787 -0.111733
v 0.000833 0.014304 -0.110857
v 0.000833 0.013962 -0.111797
v 0.000574 0.014435 -0.110905
v 0.000574 0.014093 -0.111844
v 0.000293 0.014515 -0.110934
v 0.000293 0.014173 -0.111874
v 0.000000 0.014542 -0.110944
v 0.000000 0.014200 -0.111883
v -0.000293 0.014515 -0.110934
v -0.000293 0.014173 -0.111874
v -0.000574 0.014435 -0.110905
v -0.000574 0.014093 -0.111844
v -0.000833 0.014304 -0.110857
v -0.000833 0.013962 -0.111797
v -0.001061 0.014129 -0.110793
v -0.001061 0.013787 -0.111733
v -0.001247 0.013916 -0.110716
v -0.001247 0.013574 -0.111655
v -0.001386 0.013672 -0.110627
v -0.001386 0.013330 -0.111567
v -0.001471 0.013407 -0.110531
v -0.001471 0.013065 -0.111470
v -0.001500 0.013133 -0.110431
v -0.001500 0.012790 -0.111370
v -0.001471 0.012858 -0.110331
v -0.001471 0.012515 -0.111270
v -0.001386 0.012593 -0.110234
v -0.001386 0.012251 -0.111174
v -0.001247 0.012349 -0.110146
v -0.001247 0.012007 -0.111085
v -0.001061 0.012136 -0.110068
v -0.001061 0.011794 -0.111008
v -0.000833 0.011961 -0.110004
v -0.000833 0.011618 -0.110944
v -0.000574 0.011830 -0.109957
v -0.000574 0.011488 -0.110896
v -0.000293 0.011750 -0.109928
v -0.000293 0.011408 -0.110867
vn 0.0980 -0.9352 0.3404
vn 0.2903 -0.8992 0.3273
vn 0.4714 -0.8287 0.3016
vn 0.6344 -0.7264 0.2644
vn 0.7730 -0.5961 0.2170
vn 0.8819 -0.4430 0.1612
vn 0.9569 -0.2728 0.0993
vn 0.9952 -0.0921 0.0335
vn 0.9952 0.0921 -0.0335
vn 0.9569 0.2728 -0.0993
vn 0.8819 0.4430 -0.1612
vn 0.7730 0.5961 -0.2170
vn 0.6344 0.7264 -0.2644
vn 0.4714 0.8287 -0.3016
vn 0.2903 0.8992 -0.3273
vn 0.0980 0.9352 -0.3404
vn -0.0980 0.9352 -0.3404
vn -0.2903 0.8992 -0.3273
vn -0.4714 0.8287 -0.3016
vn -0.6344 0.7264 -0.2644
vn -0.7730 0.5961 -0.2170
vn -0.8819 0.4430 -0.1612
vn -0.9569 0.2728 -0.0993
vn -0.9952 0.0921 -0.0335
vn -0.9952 -0.0921 0.0335
vn -0.9569 -0.2728 0.0993
vn -0.8819 -0.4430 0.1612
vn -0.7730 -0.5961 0.2170
vn -0.6344 -0.7264 0.2644
vn -0.4714 -0.8287 0.3016
vn -0.0000 -0.3420 -0.9397
vn -0.2903 -0.8992 0.3273
vn -0.0980 -0.9352 0.3404
vn -0.0000 0.3420 0.9397
vt 1.000000 0.500000
vt 1.000000 1.000000
vt 0.968750 1.000000
vt 0.968750 0.500000
vt 0.937500 1.000000
vt 0.937500 0.500000
vt 0.906250 1.000000
vt 0.906250 0.500000
vt 0.875000 1.000000
vt 0.875000 0.500000
vt 0.843750 1.000000
vt 0.843750 0.500000
vt 0.812500 1.000000
vt 0.812500 0.500000
vt 0.781250 1.000000
vt 0.781250 0.500000
vt 0.750000 1.000000
vt 0.750000 0.500000
vt 0.718750 1.000000
vt 0.718750 0.500000
vt 0.687500 1.000000
vt 0.687500 0.500000
vt 0.656250 1.000000
vt 0.656250 0.500000
vt 0.625000 1.000000
vt 0.625000 0.500000
vt 0.593750 1.000000
vt 0.593750 0.500000
vt 0.562500 1.000000
vt 0.562500 0.500000
vt 0.531250 1.000000
vt 0.531250 0.500000
vt 0.500000 1.000000
vt 0.500000 0.500000
vt 0.468750 1.000000
vt 0.468750 0.500000
vt 0.437500 1.000000
vt 0.437500 0.500000
vt 0.406250 1.000000
vt 0.406250 0.500000
vt 0.375000 1.000000
vt 0.375000 0.500000
vt 0.343750 1.000000
vt 0.343750 0.500000
vt 0.312500 1.000000
vt 0.312500 0.500000
vt 0.281250 1.000000
vt 0.281250 0.500000
vt 0.250000 1.000000
vt 0.250000 0.500000
vt 0.218750 1.000000
vt 0.218750 0.500000
vt 0.187500 1.000000
vt 0.187500 0.500000
vt 0.156250 1.000000
vt 0.156250 0.500000
vt 0.125000 1.000000
vt 0.125000 0.500000
vt 0.093750 1.000000
vt 0.093750 0.500000
vt 0.062500 1.000000
vt 0.062500 0.500000
vt 0.296822 0.485388
vt 0.250000 0.490000
vt 0.203178 0.485388
vt 0.158156 0.471731
vt 0.116663 0.449553
vt 0.080294 0.419706
vt 0.050447 0.383337
vt 0.028269 0.341844
vt 0.014612 0.296822
vt 0.010000 0.250000
vt 0.014612 0.203178
vt 0.028269 0.158156
vt 0.050447 0.116663
vt 0.080294 0.080294
vt 0.116663 0.050447
vt 0.158156 0.028269
vt 0.203178 0.014612
vt 0.250000 0.010000
vt 0.296822 0.014612
vt 0.341844 0.028269
vt 0.383337 0.050447
vt 0.419706 0.080294
vt 0.449553 0.116663
vt 0.471731 0.158156
vt 0.485388 0.203178
vt 0.490000 0.250000
vt 0.485388 0.296822
vt 0.471731 0.341844
vt 0.449553 0.383337
vt 0.419706 0.419706
vt 0.383337 0.449553
vt 0.341844 0.471731
vt 0.031250 1.000000
vt 0.031250 0.500000
vt 0.000000 1.000000
vt 0.000000 0.500000
vt 0.750000 0.490000
vt 0.796822 0.485388
vt 0.841844 0.471731
vt 0.883337 0.449553
vt 0.919706 0.419706
vt 0.949553 0.383337
vt 0.971731 0.341844
vt 0.985388 0.296822
vt 0.990000 0.250000
vt 0.985388 0.203178
vt 0.971731 0.158156
vt 0.949553 0.116663
vt 0.919706 0.080294
vt 0.883337 0.050447
vt 0.841844 0.028269
vt 0.796822 0.014612
vt 0.750000 0.010000
vt 0.703178 0.014612
vt 0.658156 0.028269
vt 0.616663 0.050447
vt 0.580294 0.080294
vt 0.550447 0.116663
vt 0.528269 0.158156
vt 0.514612 0.203178
vt 0.510000 0.250000
vt 0.514612 0.296822
vt 0.528269 0.341844
vt 0.550447 0.383337
vt 0.580294 0.419706
vt 0.616663 0.449553
vt 0.658156 0.471731
vt 0.703178 0.485388
s 0
usemtl Glass
f 2017/2527/1903 2018/2528/1903 2020/2529/1903 2019/2530/1903
f 2019/2530/1904 2020/2529/1904 2022/2531/1904 2021/2532/1904
f 2021/2532/1905 2022/2531/1905 2024/2533/1905 2023/2534/1905
f 2023/2534/1906 2024/2533/1906 2026/2535/1906 2025/2536/1906
f 2025/2536/1907 2026/2535/1907 2028/2537/1907 2027/2538/1907
f 2027/2538/1908 2028/2537/1908 2030/2539/1908 2029/2540/1908
f 2029/2540/1909 2030/2539/1909 2032/2541/1909 2031/2542/1909
f 2031/2542/1910 2032/2541/1910 2034/2543/1910 2033/2544/1910
f 2033/2544/1911 2034/2543/1911 2036/2545/1911 2035/2546/1911
f 2035/2546/1912 2036/2545/1912 2038/2547/1912 2037/2548/1912
f 2037/2548/1913 2038/2547/1913 2040/2549/1913 2039/2550/1913
f 2039/2550/1914 2040/2549/1914 2042/2551/1914 2041/2552/1914
f 2041/2552/1915 2042/2551/1915 2044/2553/1915 2043/2554/1915
f 2043/2554/1916 2044/2553/1916 2046/2555/1916 2045/2556/1916
f 2045/2556/1917 2046/2555/1917 2048/2557/1917 2047/2558/1917
f 2047/2558/1918 2048/2557/1918 2050/2559/1918 2049/2560/1918
f 2049/2560/1919 2050/2559/1919 2052/2561/1919 2051/2562/1919
f 2051/2562/1920 2052/2561/1920 2054/2563/1920 2053/2564/1920
f 2053/2564/1921 2054/2563/1921 2056/2565/1921 2055/2566/1921
f 2055/2566/1922 2056/2565/1922 2058/2567/1922 2057/2568/1922
f 2057/2568/1923 2058/2567/1923 2060/2569/1923 2059/2570/1923
f 2059/2570/1924 2060/2569/1924 2062/2571/1924 2061/2572/1924
f 2061/2572/1925 2062/2571/1925 2064/2573/1925 2063/2574/1925
f 2063/2574/1926 2064/2573/1926 2066/2575/1926 2065/2576/1926
f 2065/2576/1927 2066/2575/1927 2068/2577/1927 2067/2578/1927
f 2067/2578/1928 2068/2577/1928 2070/2579/1928 2069/2580/1928
f 2069/2580/1929 2070/2579/1929 2072/2581/1929 2071/2582/1929
f 2071/2582/1930 2072/2581/1930 2074/2583/1930 2073/2584/1930
f 2073/2584/1931 2074/2583/1931 2076/2585/1931 2075/2586/1931
f 2075/2586/1932 2076/2585/1932 2078/2587/1932 2077/2588/1932
f 2020/2589/1933 2018/2590/1933 2080/2591/1933 2078/2592/1933 2076/2593/1933 2074/2594/1933 2072/2595/1933 2070/2596/1933 2068/2597/1933 2066/2598/1933 2064/2599/1933 2062/2600/1933 2060/2601/1933 2058/2602/1933 2056/2603/1933 2054/2604/1933 2052/2605/1933 2050/2606/1933 2048/2607/1933 2046/2608/1933 2044/2609/1933 2042/2610/1933 2040/2611/1933 2038/2612/1933 2036/2613/1933 2034/2614/1933 2032/2615/1933 2030/2616/1933 2028/2617/1933 2026/2618/1933 2024/2619/1933 2022/2620/1933
f 2077/2588/1934 2078/2587/1934 2080/2621/1934 2079/2622/1934
f 2079/2622/1935 2080/2621/1935 2018/2623/1935 2017/2624/1935
f 2017/2625/1936 2019/2626/1936 2021/2627/1936 2023/2628/1936 2025/2629/1936 2027/2630/1936 2029/2631/1936 2031/2632/1936 2033/2633/1936 2035/2634/1936 2037/2635/1936 2039/2636/1936 2041/2637/1936 2043/2638/1936 2045/2639/1936 2047/2640/1936 2049/2641/1936 2051/2642/1936 2053/2643/1936 2055/2644/1936 2057/2645/1936 2059/2646/1936 2061/2647/1936 2063/2648/1936 2065/2649/1936 2067/2650/1936 2069/2651/1936 2071/2652/1936 2073/2653/1936 2075/2654/1936 2077/2655/1936 2079/2656/1936
o 9_AmbientLightSensor
v 0.005000 0.012663 -0.110260
v 0.005000 0.012321 -0.111199
v 0.005098 0.012672 -0.110263
v 0.005098 0.012330 -0.111203
v 0.005191 0.012698 -0.110273
v 0.005191 0.012356 -0.111212
v 0.005278 0.012742 -0.110289
v 0.005278 0.012400 -0.111228
v 0.005354 0.012800 -0.110310
v 0.005354 0.012458 -0.111249
v 0.005416 0.012871 -0.110336
v 0.005416 0.012529 -0.111275
v 0.005462 0.012953 -0.110365
v 0.005462 0.012611 -0.111305
v 0.005490 0.013041 -0.110397
v 0.005490 0.012699 -0.111337
v 0.005500 0.013133 -0.110431
v 0.005500 0.012790 -0.111370
v 0.005490 0.013224 -0.110464
v 0.005490 0.012882 -0.111404
v 0.005462 0.013312 -0.110496
v 0.005462 0.012970 -0.111436
v 0.005416 0.013394 -0.110526
v 0.005416 0.013052 -0.111465
v 0.005354 0.013465 -0.110552
v 0.005354 0.013123 -0.111491
v 0.005278 0.013523 -0.110573
v 0.005278 0.013181 -0.111513
v 0.005191 0.013567 -0.110589
v 0.005191 0.013225 -0.111528
v 0.005098 0.013593 -0.110598
v 0.005098 0.013251 -0.111538
v 0.005000 0.013602 -0.110602
v 0.005000 0.013260 -0.111541
v 0.004902 0.013593 -0.110598
v 0.004902 0.013251 -0.111538
v 0.004809 0.013567 -0.110589
v 0.004809 0.013225 -0.111528
v 0.004722 0.013523 -0.110573
v 0.004722 0.013181 -0.111513
v 0.004646 0.013465 -0.110552
v 0.004646 0.013123 -0.111491
v 0.004584 0.013394 -0.110526
v 0.004584 0.013052 -0.111465
v 0.004538 0.013312 -0.110496
v 0.004538 0.012970 -0.111436
v 0.004510 0.013224 -0.110464
v 0.004510 0.012882 -0.111404
v 0.004500 0.013133 -0.110431
v 0.004500 0.012790 -0.111370
v 0.004510 0.013041 -0.110397
v 0.004510 0.012699 -0.111337
v 0.004538 0.012953 -0.110365
v 0.004538 0.012611 -0.111305
v 0.004584 0.012871 -0.110336
v 0.004584 0.012529 -0.111275
v 0.004646 0.012800 -0.110310
v 0.004646 0.012458 -0.111249
v 0.004722 0.012742 -0.110289
v 0.004722 0.012400 -0.111228
v 0.004809 0.012698 -0.110273
v 0.004809 0.012356 -0.111212
v 0.004902 0.012672 -0.110263
v 0.004902 0.012330 -0.111203
vn 0.0980 -0.9352 0.3404
vn 0.2903 -0.8992 0.3273
vn 0.4714 -0.8287 0.3016
vn 0.6344 -0.7264 0.2644
vn 0.7730 -0.5961 0.2170
vn 0.8819 -0.4430 0.1612
vn 0.9569 -0.2728 0.0993
vn 0.9952 -0.0921 0.0335
vn 0.9952 0.0921 -0.0335
vn 0.9569 0.2728 -0.0993
vn 0.8819 0.4430 -0.1612
vn 0.7730 0.5961 -0.2170
vn 0.6344 0.7264 -0.2644
vn 0.4714 0.8287 -0.3016
vn 0.2903 0.8992 -0.3273
vn 0.0980 0.9352 -0.3404
vn -0.0980 0.9352 -0.3404
vn -0.2903 0.8992 -0.3273
vn -0.4714 0.8287 -0.3016
vn -0.6344 0.7264 -0.2644
vn -0.7730 0.5961 -0.2170
vn -0.8819 0.4430 -0.1612
vn -0.9569 0.2728 -0.0993
vn -0.9952 0.0921 -0.0335
vn -0.9952 -0.0921 0.0335
vn -0.9569 -0.2728 0.0993
vn -0.8819 -0.4430 0.1612
vn -0.7730 -0.5961 0.2170
vn -0.6344 -0.7264 0.2644
vn -0.4714 -0.8287 0.3016
vn -0.0000 -0.3420 -0.9397
vn -0.2903 -0.8992 0.3273
vn -0.0980 -0.9352 0.3404
vn -0.0000 0.3420 0.9397
vt 1.000000 0.500000
vt 1.000000 1.000000
vt 0.968750 1.000000
vt 0.968750 0.500000
vt 0.937500 1.000000
vt 0.937500 0.500000
vt 0.906250 1.000000
vt 0.906250 0.500000
vt 0.875000 1.000000
vt 0.875000 0.500000
vt 0.843750 1.000000
vt 0.843750 0.500000
vt 0.812500 1.000000
vt 0.812500 0.500000
vt 0.781250 1.000000
vt 0.781250 0.500000
vt 0.750000 1.000000
vt 0.750000 0.500000
vt 0.718750 1.000000
vt 0.718750 0.500000
vt 0.687500 1.000000
vt 0.687500 0.500000
vt 0.656250 1.000000
vt 0.656250 0.500000
vt 0.625000 1.000000
vt 0.625000 0.500000
vt 0.593750 1.000000
vt 0.593750 0.500000
vt 0.562500 1.000000
vt 0.562500 0.500000
vt 0.531250 1.000000
vt 0.531250 0.500000
vt 0.500000 1.000000
vt 0.500000 0.500000
vt 0.468750 1.000000
vt 0.468750 0.500000
vt 0.437500 1.000000
vt 0.437500 0.500000
vt 0.406250 1.000000
vt 0.406250 0.500000
vt 0.375000 1.000000
vt 0.375000 0.500000
vt 0.343750 1.000000
vt 0.343750 0.500000
vt 0.312500 1.000000
vt 0.312500 0.500000
vt 0.281250 1.000000
vt 0.281250 0.500000
vt 0.250000 1.000000
vt 0.250000 0.500000
vt 0.218750 1.000000
vt 0.218750 0.500000
vt 0.187500 1.000000
vt 0.187500 0.500000
vt 0.156250 1.000000
vt 0.156250 0.500000
vt 0.125000 1.000000
vt 0.125000 0.500000
vt 0.093750 1.000000
vt 0.093750 0.500000
vt 0.062500 1.000000
vt 0.062500 0.500000
vt 0.296822 0.485388
vt 0.250000 0.490000
vt 0.203178 0.485388
vt 0.158156 0.471731
vt 0.116663 0.449553
vt 0.080294 0.419706
vt 0.050447 0.383337
vt 0.028269 0.341844
vt 0.014612 0.296822
vt 0.010000 0.250000
vt 0.014612 0.203178
vt 0.028269 0.158156
vt 0.050447 0.116663
vt 0.080294 0.080294
vt 0.116663 0.050447
vt 0.158156 0.028269
vt 0.203178 0.014612
vt 0.250000 0.010000
vt 0.296822 0.014612
vt 0.341844 0.028269
vt 0.383337 0.050447
vt 0.419706 0.080294
vt 0.449553 0.116663
vt 0.471731 0.158156
vt 0.485388 0.203178
vt 0.490000 0.250000
vt 0.485388 0.296822
vt 0.471731 0.341844
vt 0.449553 0.383337
vt 0.419706 0.419706
vt 0.383337 0.449553
vt 0.341844 0.471731
vt 0.031250 1.000000
vt 0.031250 0.500000
vt 0.000000 1.000000
vt 0.000000 0.500000
vt 0.750000 0.490000
vt 0.796822 0.485388
vt 0.841844 0.471731
vt 0.883337 0.449553
vt 0.919706 0.419706
vt 0.949553 0.383337
vt 0.971731 0.341844
vt 0.985388 0.296822
vt 0.990000 0.250000
vt 0.985388 0.203178
vt 0.971731 0.158156
vt 0.949553 0.116663
vt 0.919706 0.080294
vt 0.883337 0.050447
vt 0.841844 0.028269
vt 0.796822 0.014612
vt 0.750000 0.010000
vt 0.703178 0.014612
vt 0.658156 0.028269
vt 0.616663 0.050447
vt 0.580294 0.080294
vt 0.550447 0.116663
vt 0.528269 0.158156
vt 0.514612 0.203178
vt 0.510000 0.250000
vt 0.514612 0.296822
vt 0.528269 0.341844
vt 0.550447 0.383337
vt 0.580294 0.419706
vt 0.616663 0.449553
vt 0.658156 0.471731
vt 0.703178 0.485388
s 0
usemtl Glass
f 2081/2657/1937 2082/2658/1937 2084/2659/1937 2083/2660/1937
f 2083/2660/1938 2084/2659/1938 2086/2661/1938 2085/2662/1938
f 2085/2662/1939 2086/2661/1939 2088/2663/1939 2087/2664/1939
f 2087/2664/1940 2088/2663/1940 2090/2665/1940 2089/2666/1940
f 2089/2666/1941 2090/2665/1941 2092/2667/1941 2091/2668/1941
f 2091/2668/1942 2092/2667/1942 2094/2669/1942 2093/2670/1942
f 2093/2670/1943 2094/2669/1943 2096/2671/1943 2095/2672/1943
f 2095/2672/1944 2096/2671/1944 2098/2673/1944 2097/2674/1944
f 2097/2674/1945 2098/2673/1945 2100/2675/1945 2099/2676/1945
f 2099/2676/1946 2100/2675/1946 2102/2677/1946 2101/2678/1946
f 2101/2678/1947 2102/2677/1947 2104/2679/1947 2103/2680/1947
f 2103/2680/1948 2104/2679/1948 2106/2681/1948 2105/2682/1948
f 2105/2682/1949 2106/2681/1949 2108/2683/1949 2107/2684/1949
f 2107/2684/1950 2108/2683/1950 2110/2685/1950 2109/2686/1950
f 2109/2686/1951 2110/2685/1951 2112/2687/1951 2111/2688/1951
f 2111/2688/1952 2112/2687/1952 2114/2689/1952 2113/2690/1952
f 2113/2690/1953 2114/2689/1953 2116/2691/1953 2115/2692/1953
f 2115/2692/1954 2116/2691/1954 2118/2693/1954 2117/2694/1954
f 2117/2694/1955 2118/2693/1955 2120/2695/1955 2119/2696/1955
f 2119/2696/1956 2120/2695/1956 2122/2697/1956 2121/2698/1956
f 2121/2698/1957 2122/2697/1957 2124/2699/1957 2123/2700/1957
f 2123/2700/1958 2124/2699/1958 2126/2701/1958 2125/2702/1958
f 2125/2702/1959 2126/2701/1959 2128/2703/1959 2127/2704/1959
f 2127/2704/1960 2128/2703/1960 2130/2705/1960 2129/2706/1960
f 2129/2706/1961 2130/2705/1961 2132/2707/1961 2131/2708/1961
f 2131/2708/1962 2132/2707/1962 2134/2709/1962 2133/2710/1962
f 2133/2710/1963 2134/2709/1963 2136/2711/1963 2135/2712/1963
f 2135/2712/1964 2136/2711/1964 2138/2713/1964 2137/2714/1964
f 2137/2714/1965 2138/2713/1965 2140/2715/1965 2139/2716/1965
f 2139/2716/1966 2140/2715/1966 2142/2717/1966 2141/2718/1966
f 2084/2719/1967 2082/2720/1967 2144/2721/1967 2142/2722/1967 2140/2723/1967 2138/2724/1967 2136/2725/1967 2134/2726/1967 2132/2727/1967 2130/2728/1967 2128/2729/1967 2126/2730/1967 2124/2731/1967 2122/2732/1967 2120/2733/1967 2118/2734/1967 2116/2735/1967 2114/2736/1967 2112/2737/1967 2110/2738/1967 2108/2739/1967 2106/2740/1967 2104/2741/1967 2102/2742/1967 2100/2743/1967 2098/2744/1967 2096/2745/1967 2094/2746/1967 2092/2747/1967 2090/2748/1967 2088/2749/1967 2086/2750/1967
f 2141/2718/1968 2142/2717/1968 2144/2751/1968 2143/2752/1968
f 2143/2752/1969 2144/2751/1969 2082/2753/1969 2081/2754/1969
f 2081/2755/1970 2083/2756/1970 2085/2757/1970 2087/2758/1970 2089/2759/1970 2091/2760/1970 2093/2761/1970 2095/2762/1970 2097/2763/1970 2099/2764/1970 2101/2765/1970 2103/2766/1970 2105/2767/1970 2107/2768/1970 2109/2769/1970 2111/2770/1970 2113/2771/1970 2115/2772/1970 2117/2773/1970 2119/2774/1970 2121/2775/1970 2123/2776/1970 2125/2777/1970 2127/2778/1970 2129/2779/1970 2131/2780/1970 2133/2781/1970 2135/2782/1970 2137/2783/1970 2139/2784/1970 2141/2785/1970 2143/2786/1970
o 10_Microphones
v -0.010000 0.012663 -0.110260
v -0.010000 0.012321 -0.111199
v -0.009902 0.012672 -0.110263
v -0.009902 0.012330 -0.111203
v -0.009809 0.012698 -0.110273
v -0.009809 0.012356 -0.111212
v -0.009722 0.012742 -0.110289
v -0.009722 0.012400 -0.111228
v -0.009646 0.012800 -0.110310
v -0.009646 0.012458 -0.111249
v -0.009584 0.012871 -0.110336
v -0.009584 0.012529 -0.111275
v -0.009538 0.012953 -0.110365
v -0.009538 0.012611 -0.111305
v -0.009510 0.013041 -0.110397
v -0.009510 0.012699 -0.111337
v -0.009500 0.013133 -0.110431
v -0.009500 0.012790 -0.111370
v -0.009510 0.013224 -0.110464
v -0.009510 0.012882 -0.111404
v -0.009538 0.013312 -0.110496
v -0.009538 0.012970 -0.111436
v -0.009584 0.013394 -0.110526
v -0.009584 0.013052 -0.111465
v -0.009646 0.013465 -0.110552
v -0.009646 0.013123 -0.111491
v -0.009722 0.013523 -0.110573
v -0.009722 0.013181 -0.111513
v -0.009809 0.013567 -0.110589
v -0.009809 0.013225 -0.111528
v -0.009902 0.013593 -0.110598
v -0.009902 0.013251 -0.111538
v -0.010000 0.013602 -0.110602
v -0.010000 0.013260 -0.111541
v -0.010098 0.013593 -0.110598
v -0.010098 0.013251 -0.111538
v -0.010191 0.013567 -0.110589
v -0.010191 0.013225 -0.111528
v -0.010278 0.013523 -0.110573
v -0.010278 0.013181 -0.111513
v -0.010354 0.013465 -0.110552
v -0.010354 0.013123 -0.111491
v -0.010416 0.013394 -0.110526
v -0.010416 0.013052 -0.111465
v -0.010462 0.013312 -0.110496
v -0.010462 0.012970 -0.111436
v -0.010490 0.013224 -0.110464
v -0.010490 0.012882 -0.111404
v -0.010500 0.013133 -0.110431
v -0.010500 0.012790 -0.111370
v -0.010490 0.013041 -0.110397
v -0.010490 0.012699 -0.111337
v -0.010462 0.012953 -0.110365
v -0.010462 0.012611 -0.111305
v -0.010416 0.012871 -0.110336
v -0.010416 0.012529 -0.111275
v -0.010354 0.012800 -0.110310
v -0.010354 0.012458 -0.111249
v -0.010278 0.012742 -0.110289
v -0.010278 0.012400 -0.111228
v -0.010191 0.012698 -0.110273
v -0.010191 0.012356 -0.111212
v -0.010098 0.012672 -0.110263
v -0.010098 0.012330 -0.111203
vn 0.0980 -0.9352 0.3404
vn 0.2903 -0.8992 0.3273
vn 0.4714 -0.8287 0.3016
vn 0.6344 -0.7264 0.2644
vn 0.7730 -0.5961 0.2170
vn 0.8819 -0.4430 0.1612
vn 0.9569 -0.2728 0.0993
vn 0.9952 -0.0921 0.0335
vn 0.9952 0.0921 -0.0335
vn 0.9569 0.2728 -0.0993
vn 0.8819 0.4430 -0.1612
vn 0.7730 0.5961 -0.2170
vn 0.6344 0.7264 -0.2644
vn 0.4714 0.8287 -0.3016
vn 0.2903 0.8992 -0.3273
vn 0.0980 0.9352 -0.3404
vn -0.0980 0.9352 -0.3404
vn -0.2903 0.8992 -0.3273
vn -0.4714 0.8287 -0.3016
vn -0.6344 0.7264 -0.2644
vn -0.7730 0.5961 -0.2170
vn -0.8819 0.4430 -0.1612
vn -0.9569 0.2728 -0.0993
vn -0.9952 0.0921 -0.0335
vn -0.9952 -0.0921 0.0335
vn -0.9569 -0.2728 0.0993
vn -0.8819 -0.4430 0.1612
vn -0.7730 -0.5961 0.2170
vn -0.6344 -0.7264 0.2644
vn -0.4714 -0.8287 0.3016
vn -0.0000 -0.3420 -0.9397
vn -0.2903 -0.8992 0.3273
vn -0.0980 -0.9352 0.3404
vn -0.0000 0.3420 0.9397
vt 1.000000 0.500000
vt 1.000000 1.000000
vt 0.968750 1.000000
vt 0.968750 0.500000
vt 0.937500 1.000000
vt 0.937500 0.500000
vt 0.906250 1.000000
vt 0.906250 0.500000
vt 0.875000 1.000000
vt 0.875000 0.500000
vt 0.843750 1.000000
vt 0.843750 0.500000
vt 0.812500 1.000000
vt 0.812500 0.500000
vt 0.781250 1.000000
vt 0.781250 0.500000
vt 0.750000 1.000000
vt 0.750000 0.500000
vt 0.718750 1.000000
vt 0.718750 0.500000
vt 0.687500 1.000000
vt 0.687500 0.500000
vt 0.656250 1.000000
vt 0.656250 0.500000
vt 0.625000 1.000000
vt 0.625000 0.500000
vt 0.593750 1.000000
vt 0.593750 0.500000
vt 0.562500 1.000000
vt 0.562500 0.500000
vt 0.531250 1.000000
vt 0.531250 0.500000
vt 0.500000 1.000000
vt 0.500000 0.500000
vt 0.468750 1.000000
vt 0.468750 0.500000
vt 0.437500 1.000000
vt 0.437500 0.500000
vt 0.406250 1.000000
vt 0.406250 0.500000
vt 0.375000 1.000000
vt 0.375000 0.500000
vt 0.343750 1.000000
vt 0.343750 0.500000
vt 0.312500 1.000000
vt 0.312500 0.500000
vt 0.281250 1.000000
vt 0.281250 0.500000
vt 0.250000 1.000000
vt 0.250000 0.500000
vt 0.218750 1.000000
vt 0.218750 0.500000
vt 0.187500 1.000000
vt 0.187500 0.500000
vt 0.156250 1.000000
vt 0.156250 0.500000
vt 0.125000 1.000000
vt 0.125000 0.500000
vt 0.093750 1.000000
vt 0.093750 0.500000
vt 0.062500 1.000000
vt 0.062500 0.500000
vt 0.296822 0.485388
vt 0.250000 0.490000
vt 0.203178 0.485388
vt 0.158156 0.471731
vt 0.116663 0.449553
vt 0.080294 0.419706
vt 0.050447 0.383337
vt 0.028269 0.341844
vt 0.014612 0.296822
vt 0.010000 0.250000
vt 0.014612 0.203178
vt 0.028269 0.158156
vt 0.050447 0.116663
vt 0.080294 0.080294
vt 0.116663 0.050447
vt 0.158156 0.028269
vt 0.203178 0.014612
vt 0.250000 0.010000
vt 0.296822 0.014612
vt 0.341844 0.028269
vt 0.383337 0.050447
vt 0.419706 0.080294
vt 0.449553 0.116663
vt 0.471731 0.158156
vt 0.485388 0.203178
vt 0.490000 0.250000
vt 0.485388 0.296822
vt 0.471731 0.341844
vt 0.449553 0.383337
vt 0.419706 0.419706
vt 0.383337 0.449553
vt 0.341844 0.471731
vt 0.031250 1.000000
vt 0.031250 0.500000
vt 0.000000 1.000000
vt 0.000000 0.500000
vt 0.750000 0.490000
vt 0.796822 0.485388
vt 0.841844 0.471731
vt 0.883337 0.449553
vt 0.919706 0.419706
vt 0.949553 0.383337
vt 0.971731 0.341844
vt 0.985388 0.296822
vt 0.990000 0.250000
vt 0.985388 0.203178
vt 0.971731 0.158156
vt 0.949553 0.116663
vt 0.919706 0.080294
vt 0.883337 0.050447
vt 0.841844 0.028269
vt 0.796822 0.014612
vt 0.750000 0.010000
vt 0.703178 0.014612
vt 0.658156 0.028269
vt 0.616663 0.050447
vt 0.580294 0.080294
vt 0.550447 0.116663
vt 0.528269 0.158156
vt 0.514612 0.203178
vt 0.510000 0.250000
vt 0.514612 0.296822
vt 0.528269 0.341844
vt 0.550447 0.383337
vt 0.580294 0.419706
vt 0.616663 0.449553
vt 0.658156 0.471731
vt 0.703178 0.485388
s 0
usemtl MatteBlackAluminum
f 2145/2787/1971 2146/2788/1971 2148/2789/1971 2147/2790/1971
f 2147/2790/1972 2148/2789/1972 2150/2791/1972 2149/2792/1972
f 2149/2792/1973 2150/2791/1973 2152/2793/1973 2151/2794/1973
f 2151/2794/1974 2152/2793/1974 2154/2795/1974 2153/2796/1974
f 2153/2796/1975 2154/2795/1975 2156/2797/1975 2155/2798/1975
f 2155/2798/1976 2156/2797/1976 2158/2799/1976 2157/2800/1976
f 2157/2800/1977 2158/2799/1977 2160/2801/1977 2159/2802/1977
f 2159/2802/1978 2160/2801/1978 2162/2803/1978 2161/2804/1978
f 2161/2804/1979 2162/2803/1979 2164/2805/1979 2163/2806/1979
f 2163/2806/1980 2164/2805/1980 2166/2807/1980 2165/2808/1980
f 2165/2808/1981 2166/2807/1981 2168/2809/1981 2167/2810/1981
f 2167/2810/1982 2168/2809/1982 2170/2811/1982 2169/2812/1982
f 2169/2812/1983 2170/2811/1983 2172/2813/1983 2171/2814/1983
f 2171/2814/1984 2172/2813/1984 2174/2815/1984 2173/2816/1984
f 2173/2816/1985 2174/2815/1985 2176/2817/1985 2175/2818/1985
f 2175/2818/1986 2176/2817/1986 2178/2819/1986 2177/2820/1986
f 2177/2820/1987 2178/2819/1987 2180/2821/1987 2179/2822/1987
f 2179/2822/1988 2180/2821/1988 2182/2823/1988 2181/2824/1988
f 2181/2824/1989 2182/2823/1989 2184/2825/1989 2183/2826/1989
f 2183/2826/1990 2184/2825/1990 2186/2827/1990 2185/2828/1990
f 2185/2828/1991 2186/2827/1991 2188/2829/1991 2187/2830/1991
f 2187/2830/1992 2188/2829/1992 2190/2831/1992 2189/2832/1992
f 2189/2832/1993 2190/2831/1993 2192/2833/1993 2191/2834/1993
f 2191/2834/1994 2192/2833/1994 2194/2835/1994 2193/2836/1994
f 2193/2836/1995 2194/2835/1995 2196/2837/1995 2195/2838/1995
f 2195/2838/1996 2196/2837/1996 2198/2839/1996 2197/2840/1996
f 2197/2840/1997 2198/2839/1997 2200/2841/1997 2199/2842/1997
f 2199/2842/1998 2200/2841/1998 2202/2843/1998 2201/2844/1998
f 2201/2844/1999 2202/2843/1999 2204/2845/1999 2203/2846/1999
f 2203/2846/2000 2204/2845/2000 2206/2847/2000 2205/2848/2000
f 2148/2849/2001 2146/2850/2001 2208/2851/2001 2206/2852/2001 2204/2853/2001 2202/2854/2001 2200/2855/2001 2198/2856/2001 2196/2857/2001 2194/2858/2001 2192/2859/2001 2190/2860/2001 2188/2861/2001 2186/2862/2001 2184/2863/2001 2182/2864/2001 2180/2865/2001 2178/2866/2001 2176/2867/2001 2174/2868/2001 2172/2869/2001 2170/2870/2001 2168/2871/2001 2166/2872/2001 2164/2873/2001 2162/2874/2001 2160/2875/2001 2158/2876/2001 2156/2877/2001 2154/2878/2001 2152/2879/2001 2150/2880/2001
f 2205/2848/2002 2206/2847/2002 2208/2881/2002 2207/2882/2002
f 2207/2882/2003 2208/2881/2003 2146/2883/2003 2145/2884/2003
f 2145/2885/2004 2147/2886/2004 2149/2887/2004 2151/2888/2004 2153/2889/2004 2155/2890/2004 2157/2891/2004 2159/2892/2004 2161/2893/2004 2163/2894/2004 2165/2895/2004 2167/2896/2004 2169/2897/2004 2171/2898/2004 2173/2899/2004 2175/2900/2004 2177/2901/2004 2179/2902/2004 2181/2903/2004 2183/2904/2004 2185/2905/2004 2187/2906/2004 2189/2907/2004 2191/2908/2004 2193/2909/2004 2195/2910/2004 2197/2911/2004 2199/2912/2004 2201/2913/2004 2203/2914/2004 2205/2915/2004 2207/2916/2004
o 12_KeyboardFrame
v -0.124840 0.007750 0.049570
v -0.124840 0.007950 0.049770
v -0.125040 0.007950 0.049570
v -0.124840 0.007765 0.049647
v -0.124840 0.007809 0.049711
v -0.124917 0.007765 0.049570
v -0.124918 0.007784 0.049648
v -0.124914 0.007819 0.049701
v -0.124955 0.007835 0.049685
v -0.124917 0.007950 0.049755
v -0.124981 0.007950 0.049711
v -0.124840 0.007873 0.049755
v -0.124918 0.007872 0.049736
v -0.124971 0.007876 0.049701
v -0.125025 0.007873 0.049570
v -0.124981 0.007809 0.049570
v -0.125025 0.007950 0.049647
v -0.125006 0.007872 0.049648
v -0.124971 0.007819 0.049644
v -0.124840 0.009550 0.049770
v -0.124840 0.009750 0.049570
v -0.125040 0.009550 0.049570
v -0.124840 0.009627 0.049755
v -0.124840 0.009691 0.049711
v -0.124917 0.009550 0.049755
v -0.124918 0.009628 0.049736
v -0.124914 0.009681 0.049701
v -0.124955 0.009665 0.049685
v -0.124917 0.009735 0.049570
v -0.124981 0.009691 0.049570
v -0.124840 0.009735 0.049647
v -0.124918 0.009716 0.049648
v -0.124971 0.009681 0.049644
v -0.125025 0.009550 0.049647
v -0.124981 0.009550 0.049711
v -0.125025 0.009627 0.049570
v -0.125006 0.009628 0.049648
v -0.124971 0.009624 0.049701
v -0.124840 0.007750 -0.049570
v -0.125040 0.007950 -0.049570
v -0.124840 0.007950 -0.049770
v -0.124917 0.007765 -0.049570
v -0.124981 0.007809 -0.049570
v -0.124840 0.007765 -0.049647
v -0.124918 0.007784 -0.049648
v -0.124971 0.007819 -0.049644
v -0.124955 0.007835 -0.049685
v -0.125025 0.007950 -0.049647
v -0.124981 0.007950 -0.049711
v -0.125025 0.007873 -0.049570
v -0.125006 0.007872 -0.049648
v -0.124971 0.007876 -0.049701
v -0.124840 0.007873 -0.049755
v -0.124840 0.007809 -0.049711
v -0.124917 0.007950 -0.049755
v -0.124918 0.007872 -0.049736
v -0.124914 0.007819 -0.049701
v -0.124840 0.009750 -0.049570
v -0.124840 0.009550 -0.049770
v -0.125040 0.009550 -0.049570
v -0.124840 0.009735 -0.049647
v -0.124840 0.009691 -0.049711
v -0.124917 0.009735 -0.049570
v -0.124918 0.009716 -0.049648
v -0.124914 0.009681 -0.049701
v -0.124955 0.009665 -0.049685
v -0.124917 0.009550 -0.049755
v -0.124981 0.009550 -0.049711
v -0.124840 0.009627 -0.049755
v -0.124918 0.009628 -0.049736
v -0.124971 0.009624 -0.049701
v -0.125025 0.009627 -0.049570
v -0.124981 0.009691 -0.049570
v -0.125025 0.009550 -0.049647
v -0.125006 0.009628 -0.049648
v -0.124971 0.009681 -0.049644
v 0.124840 0.007750 0.049570
v 0.125040 0.007950 0.049570
v 0.124840 0.007950 0.049770
v 0.124917 0.007765 0.049570
v 0.124981 0.007809 0.049570
v 0.124840 0.007765 0.049647
v 0.124918 0.007784 0.049648
v 0.124971 0.007819 0.049644
v 0.124955 0.007835 0.049685
v 0.125025 0.007950 0.049647
v 0.124981 0.007950 0.049711
v 0.125025 0.007873 0.049570
v 0.125006 0.007872 0.049648
v 0.124971 0.007876 0.049701
v 0.124840 0.007873 0.049755
v 0.124840 0.007809 0.049711
v 0.124917 0.007950 0.049755
v 0.124918 0.007872 0.049736
v 0.124914 0.007819 0.049701
v 0.124840 0.009750 0.049570
v 0.124840 0.009550 0.049770
v 0.125040 0.009550 0.049570
v 0.124840 0.009735 0.049647
v 0.124840 0.009691 0.049711
v 0.124917 0.009735 0.049570
v 0.124918 0.009716 0.049648
v 0.124914 0.009681 0.049701
v 0.124955 0.009665 0.049685
v 0.124917 0.009550 0.049755
v 0.124981 0.009550 0.049711
v 0.124840 0.009627 0.049755
v 0.124918 0.009628 0.049736
v 0.124971 0.009624 0.049701
v 0.125025 0.009627 0.049570
v 0.124981 0.009691 0.049570
v 0.125025 0.009550 0.049647
v 0.125006 0.009628 0.049648
v 0.124971 0.009681 0.049644
v 0.124840 0.007750 -0.049570
v 0.124840 0.007950 -0.049770
v 0.125040 0.007950 -0.049570
v 0.124840 0.007765 -0.049647
v 0.124840 0.007809 -0.049711
v 0.124917 0.007765 -0.049570
v 0.124918 0.007784 -0.049648
v 0.124914 0.007819 -0.049701
v 0.124955 0.007835 -0.049685
v 0.124917 0.007950 -0.049755
v 0.124981 0.007950 -0.049711
v 0.124840 0.007873 -0.049755
v 0.124918 0.007872 -0.049736
v 0.124971 0.007876 -0.049701
v 0.125025 0.007873 -0.049570
v 0.124981 0.007809 -0.049570
v 0.125025 0.007950 -0.049647
v 0.125006 0.007872 -0.049648
v 0.124971 0.007819 -0.049644
v 0.124840 0.009750 -0.049570
v 0.125040 0.009550 -0.049570
v 0.124840 0.009550 -0.049770
v 0.124917 0.009735 -0.049570
v 0.124981 0.009691 -0.049570
v 0.124840 0.009735 -0.049647
v 0.124918 0.009716 -0.049648
v 0.124971 0.009681 -0.049644
v 0.124955 0.009665 -0.049685
v 0.125025 0.009550 -0.049647
v 0.124981 0.009550 -0.049711
v 0.125025 0.009627 -0.049570
v 0.125006 0.009628 -0.049648
v 0.124971 0.009624 -0.049701
v 0.124840 0.009627 -0.049755
v 0.124840 0.009691 -0.049711
v 0.124917 0.009550 -0.049755
v 0.124918 0.009628 -0.049736
v 0.124914 0.009681 -0.049701
vn -0.2049 -0.9571 0.2049
vn -0.1818 -0.8152 0.5500
vn -0.5499 -0.8152 0.1819
vn -0.4932 -0.7167 0.4931
vn -0.2049 -0.2049 0.9571
vn -0.5500 -0.1819 0.8151
vn -0.1818 -0.5499 0.8152
vn -0.4931 -0.4931 0.7167
vn -0.9571 -0.2049 0.2048
vn -0.8152 -0.5499 0.1819
vn -0.8151 -0.1819 0.5500
vn -0.7167 -0.4931 0.4932
vn -0.2049 0.2049 0.9571
vn -0.1818 0.5499 0.8152
vn -0.5499 0.1819 0.8152
vn -0.4931 0.4931 0.7167
vn -0.2049 0.9571 0.2049
vn -0.5499 0.8152 0.1819
vn -0.1818 0.8152 0.5499
vn -0.4932 0.7167 0.4931
vn -0.9571 0.2049 0.2048
vn -0.8151 0.1819 0.5500
vn -0.8152 0.5499 0.1819
vn -0.7167 0.4931 0.4932
vn -0.2049 -0.9571 -0.2049
vn -0.5499 -0.8152 -0.1819
vn -0.1818 -0.8152 -0.5500
vn -0.4931 -0.7168 -0.4930
vn -0.9571 -0.2050 -0.2048
vn -0.8151 -0.1819 -0.5500
vn -0.8152 -0.5499 -0.1819
vn -0.7167 -0.4931 -0.4932
vn -0.2049 -0.2050 -0.9571
vn -0.1818 -0.5500 -0.8151
vn -0.5499 -0.1818 -0.8152
vn -0.4931 -0.4931 -0.7167
vn -0.2049 0.9571 -0.2049
vn -0.1818 0.8152 -0.5500
vn -0.5499 0.8152 -0.1819
vn -0.4932 0.7167 -0.4931
vn -0.2049 0.2049 -0.9571
vn -0.5500 0.1819 -0.8151
vn -0.1818 0.5499 -0.8152
vn -0.4931 0.4931 -0.7167
vn -0.9571 0.2049 -0.2048
vn -0.8152 0.5499 -0.1819
vn -0.8151 0.1819 -0.5500
vn -0.7167 0.4931 -0.4932
vn 0.2049 -0.9571 0.2049
vn 0.5499 -0.8152 0.1819
vn 0.1818 -0.8152 0.5500
vn 0.4931 -0.7168 0.4930
vn 0.9571 -0.2050 0.2048
vn 0.8151 -0.1819 0.5500
vn 0.8152 -0.5499 0.1819
vn 0.7167 -0.4931 0.4932
vn 0.2049 -0.2050 0.9571
vn 0.1818 -0.5500 0.8151
vn 0.5499 -0.1818 0.8152
vn 0.4931 -0.4931 0.7167
vn 0.2049 0.9571 0.2049
vn 0.1818 0.8152 0.5500
vn 0.5499 0.8152 0.1819
vn 0.4932 0.7167 0.4931
vn 0.2049 0.2049 0.9571
vn 0.5500 0.1819 0.8151
vn 0.1818 0.5499 0.8152
vn 0.4931 0.4931 0.7167
vn 0.9571 0.2049 0.2048
vn 0.8152 0.5499 0.1819
vn 0.8151 0.1819 0.5500
vn 0.7167 0.4931 0.4932
vn 0.2049 -0.9571 -0.2049
vn 0.1818 -0.8152 -0.5500
vn 0.5499 -0.8152 -0.1819
vn 0.4932 -0.7167 -0.4931
vn 0.2049 -0.2049 -0.9571
vn 0.5500 -0.1819 -0.8151
vn 0.1818 -0.5499 -0.8152
vn 0.4931 -0.4931 -0.7167
vn 0.9571 -0.2049 -0.2048
vn 0.8152 -0.5499 -0.1819
vn 0.8151 -0.1819 -0.5500
vn 0.7167 -0.4931 -0.4932
vn 0.2049 0.9571 -0.2049
vn 0.5499 0.8152 -0.1819
vn 0.1818 0.8152 -0.5500
vn 0.4931 0.7168 -0.4930
vn 0.9571 0.2050 -0.2048
vn 0.8151 0.1819 -0.5500
vn 0.8152 0.5499 -0.1819
vn 0.7167 0.4931 -0.4932
vn 0.2049 0.2050 -0.9571
vn 0.1818 0.5500 -0.8151
vn 0.5499 0.1818 -0.8152
vn 0.4931 0.4931 -0.7167
vn -0.1951 -0.9808 -0.0000
vn -0.5556 -0.8315 -0.0000
vn -0.8315 -0.5555 -0.0000
vn -0.9808 -0.1952 -0.0000
vn -0.1950 -0.0000 0.9808
vn -0.5556 -0.0000 0.8315
vn -0.8315 -0.0000 0.5555
vn -0.9808 -0.0000 0.1952
vn -0.1951 0.9808 -0.0000
vn -0.5556 0.8315 -0.0000
vn -0.8315 0.5555 -0.0000
vn -0.9808 0.1952 -0.0000
vn -0.1950 -0.0000 -0.9808
vn -0.5556 -0.0000 -0.8315
vn -0.8315 -0.0000 -0.5555
vn -0.9808 -0.0000 -0.1952
vn -0.0000 -0.9808 -0.1951
vn -0.0000 -0.8315 -0.5556
vn -0.0000 -0.5556 -0.8315
vn -0.0000 -0.1951 -0.9808
vn -0.0000 0.9808 -0.1951
vn -0.0000 0.8315 -0.5556
vn -0.0000 0.5556 -0.8315
vn -0.0000 0.1951 -0.9808
vn 0.9808 -0.0000 -0.1952
vn 0.8315 -0.0000 -0.5555
vn 0.5556 -0.0000 -0.8315
vn 0.1950 -0.0000 -0.9808
vn 0.1951 -0.9808 -0.0000
vn 0.5556 -0.8315 -0.0000
vn 0.8315 -0.5555 -0.0000
vn 0.9808 -0.1952 -0.0000
vn 0.1951 0.9808 -0.0000
vn 0.5556 0.8315 -0.0000
vn 0.8315 0.5555 -0.0000
vn 0.9808 0.1952 -0.0000
vn 0.1950 -0.0000 0.9808
vn 0.5556 -0.0000 0.8315
vn 0.8315 -0.0000 0.5555
vn 0.9808 -0.0000 0.1952
vn -0.0000 -0.9808 0.1951
vn -0.0000 -0.8315 0.5556
vn -0.0000 -0.5556 0.8315
vn -0.0000 -0.1951 0.9808
vn -0.0000 0.9808 0.1951
vn -0.0000 0.8315 0.5556
vn -0.0000 0.5556 0.8315
vn -0.0000 0.1950 0.9808
vn -0.0000 -1.0000 -0.0000
vn -1.0000 -0.0000 -0.0000
vn -0.0000 -0.0000 1.0000
vn -0.0000 1.0000 -0.0000
vn -0.0000 -0.0000 -1.0000
vn 1.0000 -0.0000 -0.0000
vt 0.125200 0.749498
vt 0.125200 0.749690
vt 0.125122 0.749695
vt 0.125123 0.749498
vt 0.125200 0.750000
vt 0.125125 0.750000
vt 0.125000 0.749685
vt 0.125000 0.749498
vt 0.125085 0.750000
vt 0.400000 0.999800
vt 0.400000 0.999877
vt 0.390193 0.999879
vt 0.390433 0.999800
vt 0.400000 1.000000
vt 0.390691 1.000000
vt 0.375000 0.999875
vt 0.375000 0.999800
vt 0.385566 1.000000
vt 0.400000 0.000502
vt 0.390433 0.000502
vt 0.390193 0.000305
vt 0.400000 0.000310
vt 0.375000 0.000502
vt 0.375000 0.000315
vt 0.390691 0.000000
vt 0.400000 0.000000
vt 0.375000 0.000212
vt 0.600000 0.999800
vt 0.609567 0.999800
vt 0.609807 0.999879
vt 0.600000 0.999877
vt 0.625000 0.999800
vt 0.625000 0.999875
vt 0.609309 1.000000
vt 0.600000 1.000000
vt 0.625000 0.999915
vt 0.874800 0.749498
vt 0.874877 0.749498
vt 0.874879 0.749695
vt 0.874800 0.749690
vt 0.875000 0.749498
vt 0.875000 0.749685
vt 0.874875 0.750000
vt 0.874800 0.750000
vt 0.875000 0.749788
vt 0.600000 0.000502
vt 0.600000 0.000310
vt 0.609807 0.000305
vt 0.609567 0.000502
vt 0.600000 0.000000
vt 0.609309 0.000000
vt 0.625000 0.000315
vt 0.625000 0.000502
vt 0.614434 0.000000
vt 0.125200 0.500502
vt 0.125123 0.500502
vt 0.125122 0.500305
vt 0.125200 0.500310
vt 0.125000 0.500502
vt 0.125000 0.500315
vt 0.125125 0.500000
vt 0.125200 0.500000
vt 0.125000 0.500212
vt 0.400000 0.249498
vt 0.400000 0.249690
vt 0.390193 0.249695
vt 0.390433 0.249498
vt 0.400000 0.250000
vt 0.390691 0.250000
vt 0.375000 0.249685
vt 0.375000 0.249498
vt 0.380283 0.250042
vt 0.400000 0.250200
vt 0.390433 0.250200
vt 0.390193 0.250122
vt 0.400000 0.250123
vt 0.375000 0.250200
vt 0.375000 0.250125
vt 0.874800 0.500502
vt 0.874800 0.500310
vt 0.874878 0.500305
vt 0.874877 0.500502
vt 0.874800 0.500000
vt 0.874875 0.500000
vt 0.875000 0.500315
vt 0.875000 0.500502
vt 0.874915 0.500000
vt 0.600000 0.250200
vt 0.600000 0.250123
vt 0.609807 0.250122
vt 0.609567 0.250200
vt 0.600000 0.250000
vt 0.609309 0.250000
vt 0.625000 0.250125
vt 0.625000 0.250200
vt 0.619717 0.249894
vt 0.600000 0.249498
vt 0.609567 0.249498
vt 0.609807 0.249695
vt 0.600000 0.249690
vt 0.625000 0.249498
vt 0.625000 0.249685
vt 0.374800 0.749498
vt 0.374877 0.749498
vt 0.374878 0.749695
vt 0.374800 0.749690
vt 0.375000 0.749498
vt 0.375000 0.749685
vt 0.374937 0.750063
vt 0.374900 0.750100
vt 0.378522 0.749957
vt 0.400000 0.749498
vt 0.400000 0.749690
vt 0.390193 0.749695
vt 0.390433 0.749498
vt 0.400000 0.750000
vt 0.390691 0.750000
vt 0.400000 0.750200
vt 0.390433 0.750200
vt 0.390193 0.750122
vt 0.400000 0.750123
vt 0.625200 0.749498
vt 0.625200 0.749690
vt 0.625122 0.749695
vt 0.625123 0.749498
vt 0.625100 0.750100
vt 0.625063 0.750063
vt 0.625000 0.749685
vt 0.625000 0.749498
vt 0.621506 0.749929
vt 0.600000 0.750200
vt 0.600000 0.750123
vt 0.609807 0.750122
vt 0.609567 0.750200
vt 0.600000 0.750000
vt 0.609309 0.750000
vt 0.600000 0.749498
vt 0.609567 0.749498
vt 0.609807 0.749695
vt 0.600000 0.749690
vt 0.374800 0.500502
vt 0.374800 0.500310
vt 0.374878 0.500305
vt 0.374877 0.500502
vt 0.374900 0.499900
vt 0.374937 0.499937
vt 0.375000 0.500315
vt 0.375000 0.500502
vt 0.378494 0.500071
vt 0.400000 0.499800
vt 0.400000 0.499877
vt 0.390193 0.499878
vt 0.390433 0.499800
vt 0.400000 0.500000
vt 0.390691 0.500000
vt 0.400000 0.500502
vt 0.390433 0.500502
vt 0.390193 0.500305
vt 0.400000 0.500310
vt 0.625200 0.500502
vt 0.625123 0.500502
vt 0.625121 0.500305
vt 0.625200 0.500310
vt 0.625000 0.500502
vt 0.625000 0.500315
vt 0.625063 0.499937
vt 0.625100 0.499900
vt 0.621478 0.500043
vt 0.600000 0.500502
vt 0.600000 0.500310
vt 0.609807 0.500305
vt 0.609567 0.500502
vt 0.600000 0.500000
vt 0.609309 0.500000
vt 0.600000 0.499800
vt 0.609567 0.499800
vt 0.609807 0.499878
vt 0.600000 0.499877
s 0
usemtl MatteBlackAluminum
f 2209/2917/2005 2212/2918/2005 2215/2919/2005 2214/2920/2005
f 2212/2918/2006 2213/2921/2006 2216/2922/2006 2215/2919/2006
f 2214/2920/2007 2215/2919/2007 2227/2923/2007 2224/2924/2007
f 2215/2919/2008 2216/2922/2008 2217/2925/2008 2227/2923/2008
f 2210/2926/2009 2218/2927/2009 2221/2928/2009 2220/2929/2009
f 2218/2927/2010 2219/2930/2010 2222/2931/2010 2221/2928/2010
f 2220/2929/2011 2221/2928/2011 2216/2932/2011 2213/2933/2011
f 2221/2928/2012 2222/2931/2012 2217/2934/2012 2216/2932/2012
f 2211/2935/2013 2223/2936/2013 2226/2937/2013 2225/2938/2013
f 2223/2936/2014 2224/2939/2014 2227/2940/2014 2226/2937/2014
f 2225/2938/2015 2226/2937/2015 2222/2941/2015 2219/2942/2015
f 2226/2937/2016 2227/2940/2016 2217/2943/2016 2222/2941/2016
f 2228/2944/2017 2231/2945/2017 2234/2946/2017 2233/2947/2017
f 2231/2945/2018 2232/2948/2018 2235/2949/2018 2234/2946/2018
f 2233/2947/2019 2234/2946/2019 2246/2950/2019 2243/2951/2019
f 2234/2946/2020 2235/2949/2020 2236/2952/2020 2246/2950/2020
f 2229/2953/2021 2237/2954/2021 2240/2955/2021 2239/2956/2021
f 2237/2954/2022 2238/2957/2022 2241/2958/2022 2240/2955/2022
f 2239/2956/2023 2240/2955/2023 2235/2959/2023 2232/2960/2023
f 2240/2955/2024 2241/2958/2024 2236/2961/2024 2235/2959/2024
f 2230/2962/2025 2242/2963/2025 2245/2964/2025 2244/2965/2025
f 2242/2963/2026 2243/2966/2026 2246/2967/2026 2245/2964/2026
f 2244/2965/2027 2245/2964/2027 2241/2968/2027 2238/2969/2027
f 2245/2964/2028 2246/2967/2028 2236/2970/2028 2241/2968/2028
f 2247/2971/2029 2250/2972/2029 2253/2973/2029 2252/2974/2029
f 2250/2972/2030 2251/2975/2030 2254/2976/2030 2253/2973/2030
f 2252/2974/2031 2253/2973/2031 2265/2977/2031 2262/2978/2031
f 2253/2973/2032 2254/2976/2032 2255/2979/2032 2265/2977/2032
f 2248/2980/2033 2256/2981/2033 2259/2982/2033 2258/2983/2033
f 2256/2981/2034 2257/2984/2034 2260/2985/2034 2259/2982/2034
f 2258/2983/2035 2259/2982/2035 2254/2986/2035 2251/2987/2035
f 2259/2982/2036 2260/2985/2036 2255/2988/2036 2254/2986/2036
f 2249/2989/2037 2261/2990/2037 2264/2991/2037 2263/2992/2037
f 2261/2990/2038 2262/2993/2038 2265/2994/2038 2264/2991/2038
f 2263/2992/2039 2264/2991/2039 2260/2985/2039 2257/2984/2039
f 2264/2991/2040 2265/2994/2040 2255/2988/2040 2260/2985/2040
f 2266/2995/2041 2269/2996/2041 2272/2997/2041 2271/2998/2041
f 2269/2996/2042 2270/2999/2042 2273/3000/2042 2272/2997/2042
f 2271/2998/2043 2272/2997/2043 2284/3001/2043 2281/3002/2043
f 2272/2997/2044 2273/3000/2044 2274/3003/2044 2284/3001/2044
f 2267/3004/2045 2275/3005/2045 2278/3006/2045 2277/3007/2045
f 2275/3005/2046 2276/3008/2046 2279/3009/2046 2278/3006/2046
f 2277/3007/2047 2278/3006/2047 2273/3010/2047 2270/3011/2047
f 2278/3006/2048 2279/3009/2048 2274/3012/2048 2273/3010/2048
f 2268/3013/2049 2280/3014/2049 2283/3015/2049 2282/3016/2049
f 2280/3014/2050 2281/3017/2050 2284/3018/2050 2283/3015/2050
f 2282/3016/2051 2283/3015/2051 2279/3009/2051 2276/3008/2051
f 2283/3015/2052 2284/3018/2052 2274/3012/2052 2279/3009/2052
f 2285/3019/2053 2288/3020/2053 2291/3021/2053 2290/3022/2053
f 2288/3020/2054 2289/3023/2054 2292/3024/2054 2291/3021/2054
f 2290/3022/2055 2291/3021/2055 2303/3025/2055 2300/3026/2055
f 2291/3021/2056 2292/3024/2056 2293/3027/2056 2303/3025/2056
f 2286/3028/2057 2294/3029/2057 2297/3030/2057 2296/3031/2057
f 2294/3029/2058 2295/3032/2058 2298/3033/2058 2297/3030/2058
f 2296/3031/2059 2297/3030/2059 2292/3024/2059 2289/3023/2059
f 2297/3030/2060 2298/3033/2060 2293/3027/2060 2292/3024/2060
f 2287/3034/2061 2299/3035/2061 2302/3036/2061 2301/3037/2061
f 2299/3035/2062 2300/3026/2062 2303/3025/2062 2302/3036/2062
f 2301/3037/2063 2302/3036/2063 2298/3033/2063 2295/3032/2063
f 2302/3036/2064 2303/3025/2064 2293/3027/2064 2298/3033/2064
f 2304/3038/2065 2307/3039/2065 2310/3040/2065 2309/3041/2065
f 2307/3039/2066 2308/3042/2066 2311/3043/2066 2310/3040/2066
f 2309/3041/2067 2310/3040/2067 2322/3044/2067 2319/3045/2067
f 2310/3040/2068 2311/3043/2068 2312/3046/2068 2322/3044/2068
f 2305/3047/2069 2313/3048/2069 2316/3049/2069 2315/3050/2069
f 2313/3048/2070 2314/3051/2070 2317/3052/2070 2316/3049/2070
f 2315/3050/2071 2316/3049/2071 2311/3043/2071 2308/3042/2071
f 2316/3049/2072 2317/3052/2072 2312/3046/2072 2311/3043/2072
f 2306/3053/2073 2318/3054/2073 2321/3055/2073 2320/3056/2073
f 2318/3054/2074 2319/3045/2074 2322/3044/2074 2321/3055/2074
f 2320/3056/2075 2321/3055/2075 2317/3052/2075 2314/3051/2075
f 2321/3055/2076 2322/3044/2076 2312/3046/2076 2317/3052/2076
f 2323/3057/2077 2326/3058/2077 2329/3059/2077 2328/3060/2077
f 2326/3058/2078 2327/3061/2078 2330/3062/2078 2329/3059/2078
f 2328/3060/2079 2329/3059/2079 2341/3063/2079 2338/3064/2079
f 2329/3059/2080 2330/3062/2080 2331/3065/2080 2341/3063/2080
f 2324/3066/2081 2332/3067/2081 2335/3068/2081 2334/3069/2081
f 2332/3067/2082 2333/3070/2082 2336/3071/2082 2335/3068/2082
f 2334/3069/2083 2335/3068/2083 2330/3062/2083 2327/3061/2083
f 2335/3068/2084 2336/3071/2084 2331/3065/2084 2330/3062/2084
f 2325/3072/2085 2337/3073/2085 2340/3074/2085 2339/3075/2085
f 2337/3073/2086 2338/3064/2086 2341/3063/2086 2340/3074/2086
f 2339/3075/2087 2340/3074/2087 2336/3071/2087 2333/3070/2087
f 2340/3074/2088 2341/3063/2088 2331/3065/2088 2336/3071/2088
f 2342/3076/2089 2345/3077/2089 2348/3078/2089 2347/3079/2089
f 2345/3077/2090 2346/3080/2090 2349/3081/2090 2348/3078/2090
f 2347/3079/2091 2348/3078/2091 2360/3082/2091 2357/3083/2091
f 2348/3078/2092 2349/3081/2092 2350/3084/2092 2360/3082/2092
f 2343/3085/2093 2351/3086/2093 2354/3087/2093 2353/3088/2093
f 2351/3086/2094 2352/3089/2094 2355/3090/2094 2354/3087/2094
f 2353/3088/2095 2354/3087/2095 2349/3081/2095 2346/3080/2095
f 2354/3087/2096 2355/3090/2096 2350/3084/2096 2349/3081/2096
f 2344/3091/2097 2356/3092/2097 2359/3093/2097 2358/3094/2097
f 2356/3092/2098 2357/3083/2098 2360/3082/2098 2359/3093/2098
f 2358/3094/2099 2359/3093/2099 2355/3090/2099 2352/3089/2099
f 2359/3093/2100 2360/3082/2100 2350/3084/2100 2355/3090/2100
f 2247/2971/2101 2209/2917/2101 2214/2920/2101 2250/2972/2101
f 2250/2972/2102 2214/2920/2102 2224/2924/2102 2251/2975/2102
f 2251/2987/2103 2224/2939/2103 2223/2936/2103 2258/2983/2103
f 2258/2983/2104 2223/2936/2104 2211/2935/2104 2248/2980/2104
f 2210/2926/2105 2228/2944/2105 2233/2947/2105 2218/2927/2105
f 2218/2927/2106 2233/2947/2106 2243/2951/2106 2219/2930/2106
f 2219/2942/2107 2243/2966/2107 2242/2963/2107 2225/2938/2107
f 2225/2938/2108 2242/2963/2108 2230/2962/2108 2211/2935/2108
f 2229/2953/2109 2266/2995/2109 2271/2998/2109 2237/2954/2109
f 2237/2954/2110 2271/2998/2110 2281/3002/2110 2238/2957/2110
f 2238/2969/2111 2281/3017/2111 2280/3014/2111 2244/2965/2111
f 2244/2965/2112 2280/3014/2112 2268/3013/2112 2230/2962/2112
f 2267/3004/2113 2249/2989/2113 2263/2992/2113 2275/3005/2113
f 2275/3005/2114 2263/2992/2114 2257/2984/2114 2276/3008/2114
f 2276/3008/2115 2257/2984/2115 2256/2981/2115 2282/3016/2115
f 2282/3016/2116 2256/2981/2116 2248/2980/2116 2268/3013/2116
f 2323/3057/2117 2247/2971/2117 2252/2974/2117 2326/3058/2117
f 2326/3058/2118 2252/2974/2118 2262/2978/2118 2327/3061/2118
f 2327/3061/2119 2262/2993/2119 2261/2990/2119 2334/3069/2119
f 2334/3069/2120 2261/2990/2120 2249/2989/2120 2324/3066/2120
f 2266/2995/2121 2342/3076/2121 2347/3079/2121 2269/2996/2121
f 2269/2996/2122 2347/3079/2122 2357/3083/2122 2270/2999/2122
f 2270/3011/2123 2357/3083/2123 2356/3092/2123 2277/3007/2123
f 2277/3007/2124 2356/3092/2124 2344/3091/2124 2267/3004/2124
f 2343/3085/2125 2325/3072/2125 2339/3075/2125 2351/3086/2125
f 2351/3086/2126 2339/3075/2126 2333/3070/2126 2352/3089/2126
f 2352/3089/2127 2333/3070/2127 2332/3067/2127 2358/3094/2127
f 2358/3094/2128 2332/3067/2128 2324/3066/2128 2344/3091/2128
f 2285/3019/2129 2323/3057/2129 2328/3060/2129 2288/3020/2129
f 2288/3020/2130 2328/3060/2130 2338/3064/2130 2289/3023/2130
f 2289/3023/2131 2338/3064/2131 2337/3073/2131 2296/3031/2131
f 2296/3031/2132 2337/3073/2132 2325/3072/2132 2286/3028/2132
f 2342/3076/2133 2304/3038/2133 2309/3041/2133 2345/3077/2133
f 2345/3077/2134 2309/3041/2134 2319/3045/2134 2346/3080/2134
f 2346/3080/2135 2319/3045/2135 2318/3054/2135 2353/3088/2135
f 2353/3088/2136 2318/3054/2136 2306/3053/2136 2343/3085/2136
f 2305/3047/2137 2287/3034/2137 2301/3037/2137 2313/3048/2137
f 2313/3048/2138 2301/3037/2138 2295/3032/2138 2314/3051/2138
f 2314/3051/2139 2295/3032/2139 2294/3029/2139 2320/3056/2139
f 2320/3056/2140 2294/3029/2140 2286/3028/2140 2306/3053/2140
f 2209/2917/2141 2285/3019/2141 2290/3022/2141 2212/2918/2141
f 2212/2918/2142 2290/3022/2142 2300/3026/2142 2213/2921/2142
f 2213/2933/2143 2300/3026/2143 2299/3035/2143 2220/2929/2143
f 2220/2929/2144 2299/3035/2144 2287/3034/2144 2210/2926/2144
f 2304/3038/2145 2229/2953/2145 2239/2956/2145 2307/3039/2145
f 2307/3039/2146 2239/2956/2146 2232/2960/2146 2308/3042/2146
f 2308/3042/2147 2232/2948/2147 2231/2945/2147 2315/3050/2147
f 2315/3050/2148 2231/2945/2148 2228/2944/2148 2305/3047/2148
f 2247/2971/2149 2323/3057/2149 2285/3019/2149 2209/2917/2149
f 2211/2935/2150 2230/2962/2150 2268/3013/2150 2248/2980/2150
f 2287/3034/2151 2305/3047/2151 2228/2944/2151 2210/2926/2151
f 2342/3076/2152 2266/2995/2152 2229/2953/2152 2304/3038/2152
f 2249/2989/2153 2267/3004/2153 2344/3091/2153 2324/3066/2153
f 2325/3072/2154 2343/3085/2154 2306/3053/2154 2286/3028/2154
o 13_IndividualKeycaps
v -0.121814 0.009250 0.047458
v -0.121814 0.009350 0.047558
v -0.121914 0.009350 0.047458
v -0.121814 0.009258 0.047496
v -0.121814 0.009279 0.047529
v -0.121852 0.009258 0.047458
v -0.121853 0.009267 0.047497
v -0.121851 0.009284 0.047524
v -0.121872 0.009292 0.047516
v -0.121852 0.009350 0.047550
v -0.121885 0.009350 0.047529
v -0.121814 0.009312 0.047550
v -0.121853 0.009311 0.047541
v -0.121880 0.009313 0.047524
v -0.121906 0.009312 0.047458
v -0.121885 0.009279 0.047458
v -0.121906 0.009350 0.047496
v -0.121897 0.009311 0.047497
v -0.121880 0.009284 0.047495
v -0.121814 0.010150 0.047558
v -0.121814 0.010250 0.047458
v -0.121914 0.010150 0.047458
v -0.121814 0.010188 0.047550
v -0.121814 0.010221 0.047529
v -0.121852 0.010150 0.047550
v -0.121853 0.010189 0.047541
v -0.121851 0.010216 0.047524
v -0.121872 0.010208 0.047516
v -0.121852 0.010242 0.047458
v -0.121885 0.010221 0.047458
v -0.121814 0.010242 0.047496
v -0.121853 0.010233 0.047497
v -0.121880 0.010216 0.047495
v -0.121906 0.010150 0.047496
v -0.121885 0.010150 0.047529
v -0.121906 0.010188 0.047458
v -0.121897 0.010189 0.047497
v -0.121880 0.010187 0.047524
v -0.121814 0.009250 -0.047458
v -0.121914 0.009350 -0.047458
v -0.121814 0.009350 -0.047558
v -0.121852 0.009258 -0.047458
v -0.121885 0.009279 -0.047458
v -0.121814 0.009258 -0.047496
v -0.121853 0.009267 -0.047497
v -0.121880 0.009284 -0.047495
v -0.121872 0.009292 -0.047516
v -0.121906 0.009350 -0.047496
v -0.121885 0.009350 -0.047529
v -0.121906 0.009312 -0.047458
v -0.121897 0.009311 -0.047497
v -0.121880 0.009313 -0.047524
v -0.121814 0.009312 -0.047550
v -0.121814 0.009279 -0.047529
v -0.121852 0.009350 -0.047550
v -0.121853 0.009311 -0.047541
v -0.121851 0.009284 -0.047524
v -0.121814 0.010250 -0.047458
v -0.121814 0.010150 -0.047558
v -0.121914 0.010150 -0.047458
v -0.121814 0.010242 -0.047496
v -0.121814 0.010221 -0.047529
v -0.121852 0.010242 -0.047458
v -0.121853 0.010233 -0.047497
v -0.121851 0.010216 -0.047524
v -0.121872 0.010208 -0.047516
v -0.121852 0.010150 -0.047550
v -0.121885 0.010150 -0.047529
v -0.121814 0.010188 -0.047550
v -0.121853 0.010189 -0.047541
v -0.121880 0.010187 -0.047524
v -0.121906 0.010188 -0.047458
v -0.121885 0.010221 -0.047458
v -0.121906 0.010150 -0.047496
v -0.121897 0.010189 -0.047497
v -0.121880 0.010216 -0.047495
v 0.121814 0.009250 0.047458
v 0.121914 0.009350 0.047458
v 0.121814 0.009350 0.047558
v 0.121852 0.009258 0.047458
v 0.121885 0.009279 0.047458
v 0.121814 0.009258 0.047496
v 0.121853 0.009267 0.047497
v 0.121880 0.009284 0.047495
v 0.121872 0.009292 0.047516
v 0.121906 0.009350 0.047496
v 0.121885 0.009350 0.047529
v 0.121906 0.009312 0.047458
v 0.121897 0.009311 0.047497
v 0.121880 0.009313 0.047524
v 0.121814 0.009312 0.047550
v 0.121814 0.009279 0.047529
v 0.121852 0.009350 0.047550
v 0.121853 0.009311 0.047541
v 0.121851 0.009284 0.047524
v 0.121814 0.010250 0.047458
v 0.121814 0.010150 0.047558
v 0.121914 0.010150 0.047458
v 0.121814 0.010242 0.047496
v 0.121814 0.010221 0.047529
v 0.121852 0.010242 0.047458
v 0.121853 0.010233 0.047497
v 0.121851 0.010216 0.047524
v 0.121872 0.010208 0.047516
v 0.121852 0.010150 0.047550
v 0.121885 0.010150 0.047529
v 0.121814 0.010188 0.047550
v 0.121853 0.010189 0.047541
v 0.121880 0.010187 0.047524
v 0.121906 0.010188 0.047458
v 0.121885 0.010221 0.047458
v 0.121906 0.010150 0.047496
v 0.121897 0.010189 0.047497
v 0.121880 0.010216 0.047495
v 0.121814 0.009250 -0.047458
v 0.121814 0.009350 -0.047558
v 0.121914 0.009350 -0.047458
v 0.121814 0.009258 -0.047496
v 0.121814 0.009279 -0.047529
v 0.121852 0.009258 -0.047458
v 0.121853 0.009267 -0.047497
v 0.121851 0.009284 -0.047524
v 0.121872 0.009292 -0.047516
v 0.121852 0.009350 -0.047550
v 0.121885 0.009350 -0.047529
v 0.121814 0.009312 -0.047550
v 0.121853 0.009311 -0.047541
v 0.121880 0.009313 -0.047524
v 0.121906 0.009312 -0.047458
v 0.121885 0.009279 -0.047458
v 0.121906 0.009350 -0.047496
v 0.121897 0.009311 -0.047497
v 0.121880 0.009284 -0.047495
v 0.121814 0.010250 -0.047458
v 0.121914 0.010150 -0.047458
v 0.121814 0.010150 -0.047558
v 0.121852 0.010242 -0.047458
v 0.121885 0.010221 -0.047458
v 0.121814 0.010242 -0.047496
v 0.121853 0.010233 -0.047497
v 0.121880 0.010216 -0.047495
v 0.121872 0.010208 -0.047516
v 0.121906 0.010150 -0.047496
v 0.121885 0.010150 -0.047529
v 0.121906 0.010188 -0.047458
v 0.121897 0.010189 -0.047497
v 0.121880 0.010187 -0.047524
v 0.121814 0.010188 -0.047550
v 0.121814 0.010221 -0.047529
v 0.121852 0.010150 -0.047550
v 0.121853 0.010189 -0.047541
v 0.121851 0.010216 -0.047524
vn -0.2049 -0.9571 0.2049
vn -0.1819 -0.8151 0.5500
vn -0.5499 -0.8152 0.1820
vn -0.4933 -0.7169 0.4927
vn -0.2049 -0.2049 0.9571
vn -0.5498 -0.1819 0.8152
vn -0.1819 -0.5500 0.8152
vn -0.4932 -0.4934 0.7164
vn -0.9571 -0.2050 0.2047
vn -0.8152 -0.5499 0.1819
vn -0.8151 -0.1819 0.5500
vn -0.7167 -0.4930 0.4932
vn -0.2049 0.2048 0.9571
vn -0.1819 0.5500 0.8151
vn -0.5498 0.1819 0.8152
vn -0.4932 0.4933 0.7165
vn -0.2049 0.9571 0.2049
vn -0.5499 0.8152 0.1821
vn -0.1819 0.8152 0.5500
vn -0.4932 0.7169 0.4927
vn -0.9571 0.2050 0.2047
vn -0.8151 0.1820 0.5500
vn -0.8152 0.5499 0.1819
vn -0.7167 0.4930 0.4933
vn -0.2049 -0.9571 -0.2049
vn -0.5499 -0.8152 -0.1821
vn -0.1819 -0.8152 -0.5500
vn -0.4932 -0.7169 -0.4927
vn -0.9571 -0.2050 -0.2047
vn -0.8151 -0.1820 -0.5500
vn -0.8152 -0.5499 -0.1819
vn -0.7167 -0.4930 -0.4933
vn -0.2049 -0.2048 -0.9571
vn -0.1819 -0.5500 -0.8151
vn -0.5498 -0.1819 -0.8152
vn -0.4932 -0.4933 -0.7165
vn -0.2049 0.9571 -0.2049
vn -0.1819 0.8151 -0.5500
vn -0.5499 0.8152 -0.1820
vn -0.4933 0.7169 -0.4927
vn -0.2049 0.2049 -0.9571
vn -0.5498 0.1819 -0.8152
vn -0.1819 0.5500 -0.8152
vn -0.4932 0.4934 -0.7164
vn -0.9571 0.2050 -0.2047
vn -0.8152 0.5499 -0.1819
vn -0.8151 0.1819 -0.5500
vn -0.7167 0.4930 -0.4932
vn 0.2049 -0.9571 0.2049
vn 0.5499 -0.8152 0.1821
vn 0.1819 -0.8152 0.5500
vn 0.4932 -0.7169 0.4927
vn 0.9571 -0.2050 0.2047
vn 0.8151 -0.1820 0.5500
vn 0.8152 -0.5499 0.1819
vn 0.7167 -0.4930 0.4933
vn 0.2049 -0.2048 0.9571
vn 0.1819 -0.5500 0.8151
vn 0.5498 -0.1819 0.8152
vn 0.4932 -0.4933 0.7165
vn 0.2049 0.9571 0.2049
vn 0.1819 0.8151 0.5500
vn 0.5499 0.8152 0.1820
vn 0.4933 0.7169 0.4927
vn 0.2049 0.2049 0.9571
vn 0.5498 0.1819 0.8152
vn 0.1819 0.5500 0.8152
vn 0.4932 0.4934 0.7164
vn 0.9571 0.2050 0.2047
vn 0.8152 0.5499 0.1819
vn 0.8151 0.1819 0.5500
vn 0.7167 0.4930 0.4932
vn 0.2049 -0.9571 -0.2049
vn 0.1819 -0.8151 -0.5500
vn 0.5499 -0.8152 -0.1820
vn 0.4933 -0.7169 -0.4927
vn 0.2049 -0.2049 -0.9571
vn 0.5498 -0.1819 -0.8152
vn 0.1819 -0.5500 -0.8152
vn 0.4932 -0.4934 -0.7164
vn 0.9571 -0.2050 -0.2047
vn 0.8152 -0.5499 -0.1819
vn 0.8151 -0.1819 -0.5500
vn 0.7167 -0.4930 -0.4932
vn 0.2049 0.9571 -0.2049
vn 0.5499 0.8152 -0.1821
vn 0.1819 0.8152 -0.5500
vn 0.4932 0.7169 -0.4927
vn 0.9571 0.2050 -0.2047
vn 0.8151 0.1820 -0.5500
vn 0.8152 0.5499 -0.1819
vn 0.7167 0.4930 -0.4933
vn 0.2049 0.2048 -0.9571
vn 0.1819 0.5500 -0.8151
vn 0.5498 0.1819 -0.8152
vn 0.4932 0.4933 -0.7165
vn -0.1951 -0.9808 -0.0000
vn -0.5555 -0.8315 -0.0000
vn -0.8315 -0.5555 -0.0000
vn -0.9808 -0.1952 -0.0000
vn -0.1949 -0.0000 0.9808
vn -0.5556 -0.0000 0.8315
vn -0.8315 -0.0000 0.5555
vn -0.9808 -0.0000 0.1951
vn -0.1951 0.9808 -0.0000
vn -0.5555 0.8315 -0.0000
vn -0.8315 0.5555 -0.0000
vn -0.9808 0.1952 -0.0000
vn -0.1949 -0.0000 -0.9808
vn -0.5556 -0.0000 -0.8315
vn -0.8315 -0.0000 -0.5555
vn -0.9808 -0.0000 -0.1951
vn -0.0000 -0.9808 -0.1951
vn -0.0000 -0.8315 -0.5556
vn -0.0000 -0.5556 -0.8315
vn -0.0000 -0.1950 -0.9808
vn -0.0000 0.9808 -0.1951
vn -0.0000 0.8315 -0.5556
vn -0.0000 0.5556 -0.8315
vn -0.0000 0.1950 -0.9808
vn 0.9808 -0.0000 -0.1951
vn 0.8315 -0.0000 -0.5555
vn 0.5556 -0.0000 -0.8315
vn 0.1949 -0.0000 -0.9808
vn 0.1951 -0.9808 -0.0000
vn 0.5555 -0.8315 -0.0000
vn 0.8315 -0.5555 -0.0000
vn 0.9808 -0.1952 -0.0000
vn 0.1951 0.9808 -0.0000
vn 0.5555 0.8315 -0.0000
vn 0.8315 0.5555 -0.0000
vn 0.9808 0.1952 -0.0000
vn 0.1949 -0.0000 0.9808
vn 0.5556 -0.0000 0.8315
vn 0.8315 -0.0000 0.5555
vn 0.9808 -0.0000 0.1951
vn -0.0000 -0.9808 0.1951
vn -0.0000 -0.8315 0.5556
vn -0.0000 -0.5556 0.8315
vn -0.0000 -0.1950 0.9808
vn -0.0000 0.9808 0.1951
vn -0.0000 0.8315 0.5556
vn -0.0000 0.5556 0.8315
vn -0.0000 0.1950 0.9808
vn -0.0000 -1.0000 -0.0000
vn -1.0000 -0.0000 -0.0000
vn -0.0000 -0.0000 1.0000
vn -0.0000 1.0000 -0.0000
vn -0.0000 -0.0000 -1.0000
vn 1.0000 -0.0000 -0.0000
vt 0.125103 0.749737
vt 0.125103 0.749838
vt 0.125062 0.749840
vt 0.125063 0.749737
vt 0.125103 0.750000
vt 0.125064 0.750000
vt 0.125000 0.749835
vt 0.125000 0.749737
vt 0.125043 0.750000
vt 0.400000 0.999897
vt 0.400000 0.999937
vt 0.390193 0.999938
vt 0.390433 0.999897
vt 0.400000 1.000000
vt 0.390691 1.000000
vt 0.375000 0.999936
vt 0.375000 0.999897
vt 0.385566 1.000000
vt 0.400000 0.000263
vt 0.390433 0.000263
vt 0.390193 0.000160
vt 0.400000 0.000162
vt 0.375000 0.000263
vt 0.375000 0.000165
vt 0.390691 0.000000
vt 0.400000 0.000000
vt 0.375000 0.000111
vt 0.600000 0.999897
vt 0.609567 0.999897
vt 0.609807 0.999938
vt 0.600000 0.999937
vt 0.625000 0.999897
vt 0.625000 0.999936
vt 0.609309 1.000000
vt 0.600000 1.000000
vt 0.625000 0.999957
vt 0.874898 0.749737
vt 0.874937 0.749737
vt 0.874938 0.749840
vt 0.874897 0.749838
vt 0.875000 0.749737
vt 0.875000 0.749835
vt 0.874936 0.750000
vt 0.874897 0.750000
vt 0.875000 0.749889
vt 0.600000 0.000263
vt 0.600000 0.000162
vt 0.609807 0.000160
vt 0.609567 0.000263
vt 0.600000 0.000000
vt 0.609309 0.000000
vt 0.625000 0.000165
vt 0.625000 0.000263
vt 0.614434 0.000000
vt 0.125103 0.500263
vt 0.125063 0.500263
vt 0.125062 0.500160
vt 0.125103 0.500162
vt 0.125000 0.500263
vt 0.125000 0.500165
vt 0.125064 0.500000
vt 0.125103 0.500000
vt 0.125000 0.500111
vt 0.400000 0.249737
vt 0.400000 0.249838
vt 0.390193 0.249840
vt 0.390433 0.249737
vt 0.400000 0.250000
vt 0.390691 0.250000
vt 0.375000 0.249835
vt 0.375000 0.249737
vt 0.380283 0.250022
vt 0.400000 0.250103
vt 0.390433 0.250103
vt 0.390193 0.250062
vt 0.400000 0.250063
vt 0.375000 0.250103
vt 0.375000 0.250064
vt 0.874898 0.500263
vt 0.874897 0.500162
vt 0.874938 0.500160
vt 0.874937 0.500263
vt 0.874897 0.500000
vt 0.874936 0.500000
vt 0.875000 0.500165
vt 0.875000 0.500263
vt 0.874957 0.500000
vt 0.600000 0.250103
vt 0.600000 0.250063
vt 0.609807 0.250062
vt 0.609567 0.250103
vt 0.600000 0.250000
vt 0.609309 0.250000
vt 0.625000 0.250064
vt 0.625000 0.250103
vt 0.619717 0.249944
vt 0.600000 0.249737
vt 0.609567 0.249737
vt 0.609807 0.249840
vt 0.600000 0.249838
vt 0.625000 0.249737
vt 0.625000 0.249835
vt 0.374897 0.749737
vt 0.374937 0.749737
vt 0.374938 0.749840
vt 0.374897 0.749838
vt 0.375000 0.749737
vt 0.375000 0.749835
vt 0.374968 0.750032
vt 0.374949 0.750051
vt 0.378522 0.749977
vt 0.400000 0.749737
vt 0.400000 0.749838
vt 0.390193 0.749840
vt 0.390433 0.749737
vt 0.400000 0.750000
vt 0.390691 0.750000
vt 0.400000 0.750103
vt 0.390433 0.750103
vt 0.390193 0.750062
vt 0.400000 0.750063
vt 0.625103 0.749737
vt 0.625103 0.749838
vt 0.625062 0.749840
vt 0.625063 0.749737
vt 0.625051 0.750051
vt 0.625032 0.750032
vt 0.625000 0.749835
vt 0.625000 0.749737
vt 0.621492 0.749963
vt 0.600000 0.750103
vt 0.600000 0.750063
vt 0.609807 0.750062
vt 0.609567 0.750103
vt 0.600000 0.750000
vt 0.609309 0.750000
vt 0.600000 0.749737
vt 0.609567 0.749737
vt 0.609807 0.749840
vt 0.600000 0.749838
vt 0.374897 0.500263
vt 0.374897 0.500162
vt 0.374938 0.500160
vt 0.374937 0.500263
vt 0.374949 0.499949
vt 0.374968 0.499968
vt 0.375000 0.500165
vt 0.375000 0.500263
vt 0.378508 0.500037
vt 0.400000 0.499897
vt 0.400000 0.499937
vt 0.390193 0.499938
vt 0.390433 0.499897
vt 0.400000 0.500000
vt 0.390691 0.500000
vt 0.400000 0.500263
vt 0.390433 0.500263
vt 0.390193 0.500160
vt 0.400000 0.500162
vt 0.625103 0.500263
vt 0.625063 0.500263
vt 0.625062 0.500160
vt 0.625103 0.500162
vt 0.625000 0.500263
vt 0.625000 0.500165
vt 0.625032 0.499968
vt 0.625051 0.499949
vt 0.621478 0.500023
vt 0.600000 0.500263
vt 0.600000 0.500162
vt 0.609807 0.500160
vt 0.609567 0.500263
vt 0.600000 0.500000
vt 0.609309 0.500000
vt 0.600000 0.499897
vt 0.609567 0.499897
vt 0.609807 0.499938
vt 0.600000 0.499937
s 0
usemtl Plastic
f 2361/3095/2155 2364/3096/2155 2367/3097/2155 2366/3098/2155
f 2364/3096/2156 2365/3099/2156 2368/3100/2156 2367/3097/2156
f 2366/3098/2157 2367/3097/2157 2379/3101/2157 2376/3102/2157
f 2367/3097/2158 2368/3100/2158 2369/3103/2158 2379/3101/2158
f 2362/3104/2159 2370/3105/2159 2373/3106/2159 2372/3107/2159
f 2370/3105/2160 2371/3108/2160 2374/3109/2160 2373/3106/2160
f 2372/3107/2161 2373/3106/2161 2368/3110/2161 2365/3111/2161
f 2373/3106/2162 2374/3109/2162 2369/3112/2162 2368/3110/2162
f 2363/3113/2163 2375/3114/2163 2378/3115/2163 2377/3116/2163
f 2375/3114/2164 2376/3117/2164 2379/3118/2164 2378/3115/2164
f 2377/3116/2165 2378/3115/2165 2374/3119/2165 2371/3120/2165
f 2378/3115/2166 2379/3118/2166 2369/3121/2166 2374/3119/2166
f 2380/3122/2167 2383/3123/2167 2386/3124/2167 2385/3125/2167
f 2383/3123/2168 2384/3126/2168 2387/3127/2168 2386/3124/2168
f 2385/3125/2169 2386/3124/2169 2398/3128/2169 2395/3129/2169
f 2386/3124/2170 2387/3127/2170 2388/3130/2170 2398/3128/2170
f 2381/3131/2171 2389/3132/2171 2392/3133/2171 2391/3134/2171
f 2389/3132/2172 2390/3135/2172 2393/3136/2172 2392/3133/2172
f 2391/3134/2173 2392/3133/2173 2387/3137/2173 2384/3138/2173
f 2392/3133/2174 2393/3136/2174 2388/3139/2174 2387/3137/2174
f 2382/3140/2175 2394/3141/2175 2397/3142/2175 2396/3143/2175
f 2394/3141/2176 2395/3144/2176 2398/3145/2176 2397/3142/2176
f 2396/3143/2177 2397/3142/2177 2393/3146/2177 2390/3147/2177
f 2397/3142/2178 2398/3145/2178 2388/3148/2178 2393/3146/2178
f 2399/3149/2179 2402/3150/2179 2405/3151/2179 2404/3152/2179
f 2402/3150/2180 2403/3153/2180 2406/3154/2180 2405/3151/2180
f 2404/3152/2181 2405/3151/2181 2417/3155/2181 2414/3156/2181
f 2405/3151/2182 2406/3154/2182 2407/3157/2182 2417/3155/2182
f 2400/3158/2183 2408/3159/2183 2411/3160/2183 2410/3161/2183
f 2408/3159/2184 2409/3162/2184 2412/3163/2184 2411/3160/2184
f 2410/3161/2185 2411/3160/2185 2406/3164/2185 2403/3165/2185
f 2411/3160/2186 2412/3163/2186 2407/3166/2186 2406/3164/2186
f 2401/3167/2187 2413/3168/2187 2416/3169/2187 2415/3170/2187
f 2413/3168/2188 2414/3171/2188 2417/3172/2188 2416/3169/2188
f 2415/3170/2189 2416/3169/2189 2412/3163/2189 2409/3162/2189
f 2416/3169/2190 2417/3172/2190 2407/3166/2190 2412/3163/2190
f 2418/3173/2191 2421/3174/2191 2424/3175/2191 2423/3176/2191
f 2421/3174/2192 2422/3177/2192 2425/3178/2192 2424/3175/2192
f 2423/3176/2193 2424/3175/2193 2436/3179/2193 2433/3180/2193
f 2424/3175/2194 2425/3178/2194 2426/3181/2194 2436/3179/2194
f 2419/3182/2195 2427/3183/2195 2430/3184/2195 2429/3185/2195
f 2427/3183/2196 2428/3186/2196 2431/3187/2196 2430/3184/2196
f 2429/3185/2197 2430/3184/2197 2425/3188/2197 2422/3189/2197
f 2430/3184/2198 2431/3187/2198 2426/3190/2198 2425/3188/2198
f 2420/3191/2199 2432/3192/2199 2435/3193/2199 2434/3194/2199
f 2432/3192/2200 2433/3195/2200 2436/3196/2200 2435/3193/2200
f 2434/3194/2201 2435/3193/2201 2431/3187/2201 2428/3186/2201
f 2435/3193/2202 2436/3196/2202 2426/3190/2202 2431/3187/2202
f 2437/3197/2203 2440/3198/2203 2443/3199/2203 2442/3200/2203
f 2440/3198/2204 2441/3201/2204 2444/3202/2204 2443/3199/2204
f 2442/3200/2205 2443/3199/2205 2455/3203/2205 2452/3204/2205
f 2443/3199/2206 2444/3202/2206 2445/3205/2206 2455/3203/2206
f 2438/3206/2207 2446/3207/2207 2449/3208/2207 2448/3209/2207
f 2446/3207/2208 2447/3210/2208 2450/3211/2208 2449/3208/2208
f 2448/3209/2209 2449/3208/2209 2444/3202/2209 2441/3201/2209
f 2449/3208/2210 2450/3211/2210 2445/3205/2210 2444/3202/2210
f 2439/3212/2211 2451/3213/2211 2454/3214/2211 2453/3215/2211
f 2451/3213/2212 2452/3204/2212 2455/3203/2212 2454/3214/2212
f 2453/3215/2213 2454/3214/2213 2450/3211/2213 2447/3210/2213
f 2454/3214/2214 2455/3203/2214 2445/3205/2214 2450/3211/2214
f 2456/3216/2215 2459/3217/2215 2462/3218/2215 2461/3219/2215
f 2459/3217/2216 2460/3220/2216 2463/3221/2216 2462/3218/2216
f 2461/3219/2217 2462/3218/2217 2474/3222/2217 2471/3223/2217
f 2462/3218/2218 2463/3221/2218 2464/3224/2218 2474/3222/2218
f 2457/3225/2219 2465/3226/2219 2468/3227/2219 2467/3228/2219
f 2465/3226/2220 2466/3229/2220 2469/3230/2220 2468/3227/2220
f 2467/3228/2221 2468/3227/2221 2463/3221/2221 2460/3220/2221
f 2468/3227/2222 2469/3230/2222 2464/3224/2222 2463/3221/2222
f 2458/3231/2223 2470/3232/2223 2473/3233/2223 2472/3234/2223
f 2470/3232/2224 2471/3223/2224 2474/3222/2224 2473/3233/2224
f 2472/3234/2225 2473/3233/2225 2469/3230/2225 2466/3229/2225
f 2473/3233/2226 2474/3222/2226 2464/3224/2226 2469/3230/2226
f 2475/3235/2227 2478/3236/2227 2481/3237/2227 2480/3238/2227
f 2478/3236/2228 2479/3239/2228 2482/3240/2228 2481/3237/2228
f 2480/3238/2229 2481/3237/2229 2493/3241/2229 2490/3242/2229
f 2481/3237/2230 2482/3240/2230 2483/3243/2230 2493/3241/2230
f 2476/3244/2231 2484/3245/2231 2487/3246/2231 2486/3247/2231
f 2484/3245/2232 2485/3248/2232 2488/3249/2232 2487/3246/2232
f 2486/3247/2233 2487/3246/2233 2482/3240/2233 2479/3239/2233
f 2487/3246/2234 2488/3249/2234 2483/3243/2234 2482/3240/2234
f 2477/3250/2235 2489/3251/2235 2492/3252/2235 2491/3253/2235
f 2489/3251/2236 2490/3242/2236 2493/3241/2236 2492/3252/2236
f 2491/3253/2237 2492/3252/2237 2488/3249/2237 2485/3248/2237
f 2492/3252/2238 2493/3241/2238 2483/3243/2238 2488/3249/2238
f 2494/3254/2239 2497/3255/2239 2500/3256/2239 2499/3257/2239
f 2497/3255/2240 2498/3258/2240 2501/3259/2240 2500/3256/2240
f 2499/3257/2241 2500/3256/2241 2512/3260/2241 2509/3261/2241
f 2500/3256/2242 2501/3259/2242 2502/3262/2242 2512/3260/2242
f 2495/3263/2243 2503/3264/2243 2506/3265/2243 2505/3266/2243
f 2503/3264/2244 2504/3267/2244 2507/3268/2244 2506/3265/2244
f 2505/3266/2245 2506/3265/2245 2501/3259/2245 2498/3258/2245
f 2506/3265/2246 2507/3268/2246 2502/3262/2246 2501/3259/2246
f 2496/3269/2247 2508/3270/2247 2511/3271/2247 2510/3272/2247
f 2508/3270/2248 2509/3261/2248 2512/3260/2248 2511/3271/2248
f 2510/3272/2249 2511/3271/2249 2507/3268/2249 2504/3267/2249
f 2511/3271/2250 2512/3260/2250 2502/3262/2250 2507/3268/2250
f 2399/3149/2251 2361/3095/2251 2366/3098/2251 2402/3150/2251
f 2402/3150/2252 2366/3098/2252 2376/3102/2252 2403/3153/2252
f 2403/3165/2253 2376/3117/2253 2375/3114/2253 2410/3161/2253
f 2410/3161/2254 2375/3114/2254 2363/3113/2254 2400/3158/2254
f 2362/3104/2255 2380/3122/2255 2385/3125/2255 2370/3105/2255
f 2370/3105/2256 2385/3125/2256 2395/3129/2256 2371/3108/2256
f 2371/3120/2257 2395/3144/2257 2394/3141/2257 2377/3116/2257
f 2377/3116/2258 2394/3141/2258 2382/3140/2258 2363/3113/2258
f 2381/3131/2259 2418/3173/2259 2423/3176/2259 2389/3132/2259
f 2389/3132/2260 2423/3176/2260 2433/3180/2260 2390/3135/2260
f 2390/3147/2261 2433/3195/2261 2432/3192/2261 2396/3143/2261
f 2396/3143/2262 2432/3192/2262 2420/3191/2262 2382/3140/2262
f 2419/3182/2263 2401/3167/2263 2415/3170/2263 2427/3183/2263
f 2427/3183/2264 2415/3170/2264 2409/3162/2264 2428/3186/2264
f 2428/3186/2265 2409/3162/2265 2408/3159/2265 2434/3194/2265
f 2434/3194/2266 2408/3159/2266 2400/3158/2266 2420/3191/2266
f 2475/3235/2267 2399/3149/2267 2404/3152/2267 2478/3236/2267
f 2478/3236/2268 2404/3152/2268 2414/3156/2268 2479/3239/2268
f 2479/3239/2269 2414/3171/2269 2413/3168/2269 2486/3247/2269
f 2486/3247/2270 2413/3168/2270 2401/3167/2270 2476/3244/2270
f 2418/3173/2271 2494/3254/2271 2499/3257/2271 2421/3174/2271
f 2421/3174/2272 2499/3257/2272 2509/3261/2272 2422/3177/2272
f 2422/3189/2273 2509/3261/2273 2508/3270/2273 2429/3185/2273
f 2429/3185/2274 2508/3270/2274 2496/3269/2274 2419/3182/2274
f 2495/3263/2275 2477/3250/2275 2491/3253/2275 2503/3264/2275
f 2503/3264/2276 2491/3253/2276 2485/3248/2276 2504/3267/2276
f 2504/3267/2277 2485/3248/2277 2484/3245/2277 2510/3272/2277
f 2510/3272/2278 2484/3245/2278 2476/3244/2278 2496/3269/2278
f 2437/3197/2279 2475/3235/2279 2480/3238/2279 2440/3198/2279
f 2440/3198/2280 2480/3238/2280 2490/3242/2280 2441/3201/2280
f 2441/3201/2281 2490/3242/2281 2489/3251/2281 2448/3209/2281
f 2448/3209/2282 2489/3251/2282 2477/3250/2282 2438/3206/2282
f 2494/3254/2283 2456/3216/2283 2461/3219/2283 2497/3255/2283
f 2497/3255/2284 2461/3219/2284 2471/3223/2284 2498/3258/2284
f 2498/3258/2285 2471/3223/2285 2470/3232/2285 2505/3266/2285
f 2505/3266/2286 2470/3232/2286 2458/3231/2286 2495/3263/2286
f 2457/3225/2287 2439/3212/2287 2453/3215/2287 2465/3226/2287
f 2465/3226/2288 2453/3215/2288 2447/3210/2288 2466/3229/2288
f 2466/3229/2289 2447/3210/2289 2446/3207/2289 2472/3234/2289
f 2472/3234/2290 2446/3207/2290 2438/3206/2290 2458/3231/2290
f 2361/3095/2291 2437/3197/2291 2442/3200/2291 2364/3096/2291
f 2364/3096/2292 2442/3200/2292 2452/3204/2292 2365/3099/2292
f 2365/3111/2293 2452/3204/2293 2451/3213/2293 2372/3107/2293
f 2372/3107/2294 2451/3213/2294 2439/3212/2294 2362/3104/2294
f 2456/3216/2295 2381/3131/2295 2391/3134/2295 2459/3217/2295
f 2459/3217/2296 2391/3134/2296 2384/3138/2296 2460/3220/2296
f 2460/3220/2297 2384/3126/2297 2383/3123/2297 2467/3228/2297
f 2467/3228/2298 2383/3123/2298 2380/3122/2298 2457/3225/2298
f 2399/3149/2299 2475/3235/2299 2437/3197/2299 2361/3095/2299
f 2363/3113/2300 2382/3140/2300 2420/3191/2300 2400/3158/2300
f 2439/3212/2301 2457/3225/2301 2380/3122/2301 2362/3104/2301
f 2494/3254/2302 2418/3173/2302 2381/3131/2302 2456/3216/2302
f 2401/3167/2303 2419/3182/2303 2496/3269/2303 2476/3244/2303
f 2477/3250/2304 2495/3263/2304 2458/3231/2304 2438/3206/2304
o 14_ScissorSwitchMechanism
v -0.121814 0.008750 0.047458
v -0.121814 0.008850 0.047558
v -0.121914 0.008850 0.047458
v -0.121814 0.008758 0.047496
v -0.121814 0.008779 0.047529
v -0.121852 0.008758 0.047458
v -0.121853 0.008767 0.047497
v -0.121851 0.008784 0.047524
v -0.121872 0.008792 0.047516
v -0.121852 0.008850 0.047550
v -0.121885 0.008850 0.047529
v -0.121814 0.008812 0.047550
v -0.121853 0.008811 0.047541
v -0.121880 0.008813 0.047524
v -0.121906 0.008812 0.047458
v -0.121885 0.008779 0.047458
v -0.121906 0.008850 0.047496
v -0.121897 0.008811 0.047497
v -0.121880 0.008784 0.047495
v -0.121814 0.009650 0.047558
v -0.121814 0.009750 0.047458
v -0.121914 0.009650 0.047458
v -0.121814 0.009688 0.047550
v -0.121814 0.009721 0.047529
v -0.121852 0.009650 0.047550
v -0.121853 0.009689 0.047541
v -0.121851 0.009716 0.047524
v -0.121872 0.009708 0.047516
v -0.121852 0.009742 0.047458
v -0.121885 0.009721 0.047458
v -0.121814 0.009742 0.047496
v -0.121853 0.009733 0.047497
v -0.121880 0.009716 0.047495
v -0.121906 0.009650 0.047496
v -0.121885 0.009650 0.047529
v -0.121906 0.009688 0.047458
v -0.121897 0.009689 0.047497
v -0.121880 0.009687 0.047524
v -0.121814 0.008750 -0.047458
v -0.121914 0.008850 -0.047458
v -0.121814 0.008850 -0.047558
v -0.121852 0.008758 -0.047458
v -0.121885 0.008779 -0.047458
v -0.121814 0.008758 -0.047496
v -0.121853 0.008767 -0.047497
v -0.121880 0.008784 -0.047495
v -0.121872 0.008792 -0.047516
v -0.121906 0.008850 -0.047496
v -0.121885 0.008850 -0.047529
v -0.121906 0.008812 -0.047458
v -0.121897 0.008811 -0.047497
v -0.121880 0.008813 -0.047524
v -0.121814 0.008812 -0.047550
v -0.121814 0.008779 -0.047529
v -0.121852 0.008850 -0.047550
v -0.121853 0.008811 -0.047541
v -0.121851 0.008784 -0.047524
v -0.121814 0.009750 -0.047458
v -0.121814 0.009650 -0.047558
v -0.121914 0.009650 -0.047458
v -0.121814 0.009742 -0.047496
v -0.121814 0.009721 -0.047529
v -0.121852 0.009742 -0.047458
v -0.121853 0.009733 -0.047497
v -0.121851 0.009716 -0.047524
v -0.121872 0.009708 -0.047516
v -0.121852 0.009650 -0.047550
v -0.121885 0.009650 -0.047529
v -0.121814 0.009688 -0.047550
v -0.121853 0.009689 -0.047541
v -0.121880 0.009687 -0.047524
v -0.121906 0.009688 -0.047458
v -0.121885 0.009721 -0.047458
v -0.121906 0.009650 -0.047496
v -0.121897 0.009689 -0.047497
v -0.121880 0.009716 -0.047495
v 0.121814 0.008750 0.047458
v 0.121914 0.008850 0.047458
v 0.121814 0.008850 0.047558
v 0.121852 0.008758 0.047458
v 0.121885 0.008779 0.047458
v 0.121814 0.008758 0.047496
v 0.121853 0.008767 0.047497
v 0.121880 0.008784 0.047495
v 0.121872 0.008792 0.047516
v 0.121906 0.008850 0.047496
v 0.121885 0.008850 0.047529
v 0.121906 0.008812 0.047458
v 0.121897 0.008811 0.047497
v 0.121880 0.008813 0.047524
v 0.121814 0.008812 0.047550
v 0.121814 0.008779 0.047529
v 0.121852 0.008850 0.047550
v 0.121853 0.008811 0.047541
v 0.121851 0.008784 0.047524
v 0.121814 0.009750 0.047458
v 0.121814 0.009650 0.047558
v 0.121914 0.009650 0.047458
v 0.121814 0.009742 0.047496
v 0.121814 0.009721 0.047529
v 0.121852 0.009742 0.047458
v 0.121853 0.009733 0.047497
v 0.121851 0.009716 0.047524
v 0.121872 0.009708 0.047516
v 0.121852 0.009650 0.047550
v 0.121885 0.009650 0.047529
v 0.121814 0.009688 0.047550
v 0.121853 0.009689 0.047541
v 0.121880 0.009687 0.047524
v 0.121906 0.009688 0.047458
v 0.121885 0.009721 0.047458
v 0.121906 0.009650 0.047496
v 0.121897 0.009689 0.047497
v 0.121880 0.009716 0.047495
v 0.121814 0.008750 -0.047458
v 0.121814 0.008850 -0.047558
v 0.121914 0.008850 -0.047458
v 0.121814 0.008758 -0.047496
v 0.121814 0.008779 -0.047529
v 0.121852 0.008758 -0.047458
v 0.121853 0.008767 -0.047497
v 0.121851 0.008784 -0.047524
v 0.121872 0.008792 -0.047516
v 0.121852 0.008850 -0.047550
v 0.121885 0.008850 -0.047529
v 0.121814 0.008812 -0.047550
v 0.121853 0.008811 -0.047541
v 0.121880 0.008813 -0.047524
v 0.121906 0.008812 -0.047458
v 0.121885 0.008779 -0.047458
v 0.121906 0.008850 -0.047496
v 0.121897 0.008811 -0.047497
v 0.121880 0.008784 -0.047495
v 0.121814 0.009750 -0.047458
v 0.121914 0.009650 -0.047458
v 0.121814 0.009650 -0.047558
v 0.121852 0.009742 -0.047458
v 0.121885 0.009721 -0.047458
v 0.121814 0.009742 -0.047496
v 0.121853 0.009733 -0.047497
v 0.121880 0.009716 -0.047495
v 0.121872 0.009708 -0.047516
v 0.121906 0.009650 -0.047496
v 0.121885 0.009650 -0.047529
v 0.121906 0.009688 -0.047458
v 0.121897 0.009689 -0.047497
v 0.121880 0.009687 -0.047524
v 0.121814 0.009688 -0.047550
v 0.121814 0.009721 -0.047529
v 0.121852 0.009650 -0.047550
v 0.121853 0.009689 -0.047541
v 0.121851 0.009716 -0.047524
vn -0.2049 -0.9571 0.2049
vn -0.1819 -0.8151 0.5500
vn -0.5499 -0.8152 0.1820
vn -0.4933 -0.7169 0.4927
vn -0.2049 -0.2049 0.9571
vn -0.5498 -0.1819 0.8152
vn -0.1819 -0.5500 0.8152
vn -0.4932 -0.4934 0.7164
vn -0.9571 -0.2050 0.2047
vn -0.8152 -0.5499 0.1819
vn -0.8151 -0.1819 0.5500
vn -0.7167 -0.4930 0.4932
vn -0.2049 0.2048 0.9571
vn -0.1819 0.5500 0.8151
vn -0.5498 0.1819 0.8152
vn -0.4932 0.4933 0.7165
vn -0.2049 0.9571 0.2049
vn -0.5499 0.8152 0.1821
vn -0.1819 0.8152 0.5500
vn -0.4932 0.7169 0.4927
vn -0.9571 0.2050 0.2047
vn -0.8151 0.1820 0.5500
vn -0.8152 0.5499 0.1819
vn -0.7167 0.4930 0.4933
vn -0.2049 -0.9571 -0.2049
vn -0.5499 -0.8152 -0.1821
vn -0.1819 -0.8152 -0.5500
vn -0.4932 -0.7169 -0.4927
vn -0.9571 -0.2050 -0.2047
vn -0.8151 -0.1820 -0.5500
vn -0.8152 -0.5499 -0.1819
vn -0.7167 -0.4930 -0.4933
vn -0.2049 -0.2048 -0.9571
vn -0.1819 -0.5500 -0.8151
vn -0.5498 -0.1819 -0.8152
vn -0.4932 -0.4933 -0.7165
vn -0.2049 0.9571 -0.2049
vn -0.1819 0.8151 -0.5500
vn -0.5499 0.8152 -0.1820
vn -0.4933 0.7169 -0.4927
vn -0.2049 0.2049 -0.9571
vn -0.5498 0.1819 -0.8152
vn -0.1819 0.5500 -0.8152
vn -0.4932 0.4934 -0.7164
vn -0.9571 0.2050 -0.2047
vn -0.8152 0.5499 -0.1819
vn -0.8151 0.1819 -0.5500
vn -0.7167 0.4930 -0.4932
vn 0.2049 -0.9571 0.2049
vn 0.5499 -0.8152 0.1821
vn 0.1819 -0.8152 0.5500
vn 0.4932 -0.7169 0.4927
vn 0.9571 -0.2050 0.2047
vn 0.8151 -0.1820 0.5500
vn 0.8152 -0.5499 0.1819
vn 0.7167 -0.4930 0.4933
vn 0.2049 -0.2048 0.9571
vn 0.1819 -0.5500 0.8151
vn 0.5498 -0.1819 0.8152
vn 0.4932 -0.4933 0.7165
vn 0.2049 0.9571 0.2049
vn 0.1819 0.8151 0.5500
vn 0.5499 0.8152 0.1820
vn 0.4933 0.7169 0.4927
vn 0.2049 0.2049 0.9571
vn 0.5498 0.1819 0.8152
vn 0.1819 0.5500 0.8152
vn 0.4932 0.4934 0.7164
vn 0.9571 0.2050 0.2047
vn 0.8152 0.5499 0.1819
vn 0.8151 0.1819 0.5500
vn 0.7167 0.4930 0.4932
vn 0.2049 -0.9571 -0.2049
vn 0.1819 -0.8151 -0.5500
vn 0.5499 -0.8152 -0.1820
vn 0.4933 -0.7169 -0.4927
vn 0.2049 -0.2049 -0.9571
vn 0.5498 -0.1819 -0.8152
vn 0.1819 -0.5500 -0.8152
vn 0.4932 -0.4934 -0.7164
vn 0.9571 -0.2050 -0.2047
vn 0.8152 -0.5499 -0.1819
vn 0.8151 -0.1819 -0.5500
vn 0.7167 -0.4930 -0.4932
vn 0.2049 0.9571 -0.2049
vn 0.5499 0.8152 -0.1821
vn 0.1819 0.8152 -0.5500
vn 0.4932 0.7169 -0.4927
vn 0.9571 0.2050 -0.2047
vn 0.8151 0.1820 -0.5500
vn 0.8152 0.5499 -0.1819
vn 0.7167 0.4930 -0.4933
vn 0.2049 0.2048 -0.9571
vn 0.1819 0.5500 -0.8151
vn 0.5498 0.1819 -0.8152
vn 0.4932 0.4933 -0.7165
vn -0.1951 -0.9808 -0.0000
vn -0.5555 -0.8315 -0.0000
vn -0.8315 -0.5555 -0.0000
vn -0.9808 -0.1952 -0.0000
vn -0.1949 -0.0000 0.9808
vn -0.5556 -0.0000 0.8315
vn -0.8315 -0.0000 0.5555
vn -0.9808 -0.0000 0.1951
vn -0.1951 0.9808 -0.0000
vn -0.5555 0.8315 -0.0000
vn -0.8315 0.5555 -0.0000
vn -0.9808 0.1952 -0.0000
vn -0.1949 -0.0000 -0.9808
vn -0.5556 -0.0000 -0.8315
vn -0.8315 -0.0000 -0.5555
vn -0.9808 -0.0000 -0.1951
vn -0.0000 -0.9808 -0.1951
vn -0.0000 -0.8315 -0.5556
vn -0.0000 -0.5556 -0.8315
vn -0.0000 -0.1950 -0.9808
vn -0.0000 0.9808 -0.1951
vn -0.0000 0.8315 -0.5556
vn -0.0000 0.5556 -0.8315
vn -0.0000 0.1950 -0.9808
vn 0.9808 -0.0000 -0.1951
vn 0.8315 -0.0000 -0.5555
vn 0.5556 -0.0000 -0.8315
vn 0.1949 -0.0000 -0.9808
vn 0.1951 -0.9808 -0.0000
vn 0.5555 -0.8315 -0.0000
vn 0.8315 -0.5555 -0.0000
vn 0.9808 -0.1952 -0.0000
vn 0.1951 0.9808 -0.0000
vn 0.5555 0.8315 -0.0000
vn 0.8315 0.5555 -0.0000
vn 0.9808 0.1952 -0.0000
vn 0.1949 -0.0000 0.9808
vn 0.5556 -0.0000 0.8315
vn 0.8315 -0.0000 0.5555
vn 0.9808 -0.0000 0.1951
vn -0.0000 -0.9808 0.1951
vn -0.0000 -0.8315 0.5556
vn -0.0000 -0.5556 0.8315
vn -0.0000 -0.1950 0.9808
vn -0.0000 0.9808 0.1951
vn -0.0000 0.8315 0.5556
vn -0.0000 0.5556 0.8315
vn -0.0000 0.1950 0.9808
vn -0.0000 -1.0000 -0.0000
vn -1.0000 -0.0000 -0.0000
vn -0.0000 -0.0000 1.0000
vn -0.0000 1.0000 -0.0000
vn -0.0000 -0.0000 -1.0000
vn 1.0000 -0.0000 -0.0000
vt 0.125103 0.749737
vt 0.125103 0.749838
vt 0.125062 0.749840
vt 0.125063 0.749737
vt 0.125103 0.750000
vt 0.125064 0.750000
vt 0.125000 0.749835
vt 0.125000 0.749737
vt 0.125043 0.750000
vt 0.400000 0.999897
vt 0.400000 0.999937
vt 0.390193 0.999938
vt 0.390433 0.999897
vt 0.400000 1.000000
vt 0.390691 1.000000
vt 0.375000 0.999936
vt 0.375000 0.999897
vt 0.385566 1.000000
vt 0.400000 0.000263
vt 0.390433 0.000263
vt 0.390193 0.000160
vt 0.400000 0.000162
vt 0.375000 0.000263
vt 0.375000 0.000165
vt 0.390691 0.000000
vt 0.400000 0.000000
vt 0.375000 0.000111
vt 0.600000 0.999897
vt 0.609567 0.999897
vt 0.609807 0.999938
vt 0.600000 0.999937
vt 0.625000 0.999897
vt 0.625000 0.999936
vt 0.609309 1.000000
vt 0.600000 1.000000
vt 0.625000 0.999957
vt 0.874898 0.749737
vt 0.874937 0.749737
vt 0.874938 0.749840
vt 0.874897 0.749838
vt 0.875000 0.749737
vt 0.875000 0.749835
vt 0.874936 0.750000
vt 0.874897 0.750000
vt 0.875000 0.749889
vt 0.600000 0.000263
vt 0.600000 0.000162
vt 0.609807 0.000160
vt 0.609567 0.000263
vt 0.600000 0.000000
vt 0.609309 0.000000
vt 0.625000 0.000165
vt 0.625000 0.000263
vt 0.614434 0.000000
vt 0.125103 0.500263
vt 0.125063 0.500263
vt 0.125062 0.500160
vt 0.125103 0.500162
vt 0.125000 0.500263
vt 0.125000 0.500165
vt 0.125064 0.500000
vt 0.125103 0.500000
vt 0.125000 0.500111
vt 0.400000 0.249737
vt 0.400000 0.249838
vt 0.390193 0.249840
vt 0.390433 0.249737
vt 0.400000 0.250000
vt 0.390691 0.250000
vt 0.375000 0.249835
vt 0.375000 0.249737
vt 0.380283 0.250022
vt 0.400000 0.250103
vt 0.390433 0.250103
vt 0.390193 0.250062
vt 0.400000 0.250063
vt 0.375000 0.250103
vt 0.375000 0.250064
vt 0.874898 0.500263
vt 0.874897 0.500162
vt 0.874938 0.500160
vt 0.874937 0.500263
vt 0.874897 0.500000
vt 0.874936 0.500000
vt 0.875000 0.500165
vt 0.875000 0.500263
vt 0.874957 0.500000
vt 0.600000 0.250103
vt 0.600000 0.250063
vt 0.609807 0.250062
vt 0.609567 0.250103
vt 0.600000 0.250000
vt 0.609309 0.250000
vt 0.625000 0.250064
vt 0.625000 0.250103
vt 0.619717 0.249944
vt 0.600000 0.249737
vt 0.609567 0.249737
vt 0.609807 0.249840
vt 0.600000 0.249838
vt 0.625000 0.249737
vt 0.625000 0.249835
vt 0.374897 0.749737
vt 0.374937 0.749737
vt 0.374938 0.749840
vt 0.374897 0.749838
vt 0.375000 0.749737
vt 0.375000 0.749835
vt 0.374968 0.750032
vt 0.374949 0.750051
vt 0.378522 0.749977
vt 0.400000 0.749737
vt 0.400000 0.749838
vt 0.390193 0.749840
vt 0.390433 0.749737
vt 0.400000 0.750000
vt 0.390691 0.750000
vt 0.400000 0.750103
vt 0.390433 0.750103
vt 0.390193 0.750062
vt 0.400000 0.750063
vt 0.625103 0.749737
vt 0.625103 0.749838
vt 0.625062 0.749840
vt 0.625063 0.749737
vt 0.625051 0.750051
vt 0.625032 0.750032
vt 0.625000 0.749835
vt 0.625000 0.749737
vt 0.621492 0.749963
vt 0.600000 0.750103
vt 0.600000 0.750063
vt 0.609807 0.750062
vt 0.609567 0.750103
vt 0.600000 0.750000
vt 0.609309 0.750000
vt 0.600000 0.749737
vt 0.609567 0.749737
vt 0.609807 0.749840
vt 0.600000 0.749838
vt 0.374897 0.500263
vt 0.374897 0.500162
vt 0.374938 0.500160
vt 0.374937 0.500263
vt 0.374949 0.499949
vt 0.374968 0.499968
vt 0.375000 0.500165
vt 0.375000 0.500263
vt 0.378508 0.500037
vt 0.400000 0.499897
vt 0.400000 0.499937
vt 0.390193 0.499938
vt 0.390433 0.499897
vt 0.400000 0.500000
vt 0.390691 0.500000
vt 0.400000 0.500263
vt 0.390433 0.500263
vt 0.390193 0.500160
vt 0.400000 0.500162
vt 0.625103 0.500263
vt 0.625063 0.500263
vt 0.625062 0.500160
vt 0.625103 0.500162
vt 0.625000 0.500263
vt 0.625000 0.500165
vt 0.625032 0.499968
vt 0.625051 0.499949
vt 0.621478 0.500023
vt 0.600000 0.500263
vt 0.600000 0.500162
vt 0.609807 0.500160
vt 0.609567 0.500263
vt 0.600000 0.500000
vt 0.609309 0.500000
vt 0.600000 0.499897
vt 0.609567 0.499897
vt 0.609807 0.499938
vt 0.600000 0.499937
s 0
usemtl Plastic
f 2513/3273/2305 2516/3274/2305 2519/3275/2305 2518/3276/2305
f 2516/3274/2306 2517/3277/2306 2520/3278/2306 2519/3275/2306
f 2518/3276/2307 2519/3275/2307 2531/3279/2307 2528/3280/2307
f 2519/3275/2308 2520/3278/2308 2521/3281/2308 2531/3279/2308
f 2514/3282/2309 2522/3283/2309 2525/3284/2309 2524/3285/2309
f 2522/3283/2310 2523/3286/2310 2526/3287/2310 2525/3284/2310
f 2524/3285/2311 2525/3284/2311 2520/3288/2311 2517/3289/2311
f 2525/3284/2312 2526/3287/2312 2521/3290/2312 2520/3288/2312
f 2515/3291/2313 2527/3292/2313 2530/3293/2313 2529/3294/2313
f 2527/3292/2314 2528/3295/2314 2531/3296/2314 2530/3293/2314
f 2529/3294/2315 2530/3293/2315 2526/3297/2315 2523/3298/2315
f 2530/3293/2316 2531/3296/2316 2521/3299/2316 2526/3297/2316
f 2532/3300/2317 2535/3301/2317 2538/3302/2317 2537/3303/2317
f 2535/3301/2318 2536/3304/2318 2539/3305/2318 2538/3302/2318
f 2537/3303/2319 2538/3302/2319 2550/3306/2319 2547/3307/2319
f 2538/3302/2320 2539/3305/2320 2540/3308/2320 2550/3306/2320
f 2533/3309/2321 2541/3310/2321 2544/3311/2321 2543/3312/2321
f 2541/3310/2322 2542/3313/2322 2545/3314/2322 2544/3311/2322
f 2543/3312/2323 2544/3311/2323 2539/3315/2323 2536/3316/2323
f 2544/3311/2324 2545/3314/2324 2540/3317/2324 2539/3315/2324
f 2534/3318/2325 2546/3319/2325 2549/3320/2325 2548/3321/2325
f 2546/3319/2326 2547/3322/2326 2550/3323/2326 2549/3320/2326
f 2548/3321/2327 2549/3320/2327 2545/3324/2327 2542/3325/2327
f 2549/3320/2328 2550/3323/2328 2540/3326/2328 2545/3324/2328
f 2551/3327/2329 2554/3328/2329 2557/3329/2329 2556/3330/2329
f 2554/3328/2330 2555/3331/2330 2558/3332/2330 2557/3329/2330
f 2556/3330/2331 2557/3329/2331 2569/3333/2331 2566/3334/2331
f 2557/3329/2332 2558/3332/2332 2559/3335/2332 2569/3333/2332
f 2552/3336/2333 2560/3337/2333 2563/3338/2333 2562/3339/2333
f 2560/3337/2334 2561/3340/2334 2564/3341/2334 2563/3338/2334
f 2562/3339/2335 2563/3338/2335 2558/3342/2335 2555/3343/2335
f 2563/3338/2336 2564/3341/2336 2559/3344/2336 2558/3342/2336
f 2553/3345/2337 2565/3346/2337 2568/3347/2337 2567/3348/2337
f 2565/3346/2338 2566/3349/2338 2569/3350/2338 2568/3347/2338
f 2567/3348/2339 2568/3347/2339 2564/3341/2339 2561/3340/2339
f 2568/3347/2340 2569/3350/2340 2559/3344/2340 2564/3341/2340
f 2570/3351/2341 2573/3352/2341 2576/3353/2341 2575/3354/2341
f 2573/3352/2342 2574/3355/2342 2577/3356/2342 2576/3353/2342
f 2575/3354/2343 2576/3353/2343 2588/3357/2343 2585/3358/2343
f 2576/3353/2344 2577/3356/2344 2578/3359/2344 2588/3357/2344
f 2571/3360/2345 2579/3361/2345 2582/3362/2345 2581/3363/2345
f 2579/3361/2346 2580/3364/2346 2583/3365/2346 2582/3362/2346
f 2581/3363/2347 2582/3362/2347 2577/3366/2347 2574/3367/2347
f 2582/3362/2348 2583/3365/2348 2578/3368/2348 2577/3366/2348
f 2572/3369/2349 2584/3370/2349 2587/3371/2349 2586/3372/2349
f 2584/3370/2350 2585/3373/2350 2588/3374/2350 2587/3371/2350
f 2586/3372/2351 2587/3371/2351 2583/3365/2351 2580/3364/2351
f 2587/3371/2352 2588/3374/2352 2578/3368/2352 2583/3365/2352
f 2589/3375/2353 2592/3376/2353 2595/3377/2353 2594/3378/2353
f 2592/3376/2354 2593/3379/2354 2596/3380/2354 2595/3377/2354
f 2594/3378/2355 2595/3377/2355 2607/3381/2355 2604/3382/2355
f 2595/3377/2356 2596/3380/2356 2597/3383/2356 2607/3381/2356
f 2590/3384/2357 2598/3385/2357 2601/3386/2357 2600/3387/2357
f 2598/3385/2358 2599/3388/2358 2602/3389/2358 2601/3386/2358
f 2600/3387/2359 2601/3386/2359 2596/3380/2359 2593/3379/2359
f 2601/3386/2360 2602/3389/2360 2597/3383/2360 2596/3380/2360
f 2591/3390/2361 2603/3391/2361 2606/3392/2361 2605/3393/2361
f 2603/3391/2362 2604/3382/2362 2607/3381/2362 2606/3392/2362
f 2605/3393/2363 2606/3392/2363 2602/3389/2363 2599/3388/2363
f 2606/3392/2364 2607/3381/2364 2597/3383/2364 2602/3389/2364
f 2608/3394/2365 2611/3395/2365 2614/3396/2365 2613/3397/2365
f 2611/3395/2366 2612/3398/2366 2615/3399/2366 2614/3396/2366
f 2613/3397/2367 2614/3396/2367 2626/3400/2367 2623/3401/2367
f 2614/3396/2368 2615/3399/2368 2616/3402/2368 2626/3400/2368
f 2609/3403/2369 2617/3404/2369 2620/3405/2369 2619/3406/2369
f 2617/3404/2370 2618/3407/2370 2621/3408/2370 2620/3405/2370
f 2619/3406/2371 2620/3405/2371 2615/3399/2371 2612/3398/2371
f 2620/3405/2372 2621/3408/2372 2616/3402/2372 2615/3399/2372
f 2610/3409/2373 2622/3410/2373 2625/3411/2373 2624/3412/2373
f 2622/3410/2374 2623/3401/2374 2626/3400/2374 2625/3411/2374
f 2624/3412/2375 2625/3411/2375 2621/3408/2375 2618/3407/2375
f 2625/3411/2376 2626/3400/2376 2616/3402/2376 2621/3408/2376
f 2627/3413/2377 2630/3414/2377 2633/3415/2377 2632/3416/2377
f 2630/3414/2378 2631/3417/2378 2634/3418/2378 2633/3415/2378
f 2632/3416/2379 2633/3415/2379 2645/3419/2379 2642/3420/2379
f 2633/3415/2380 2634/3418/2380 2635/3421/2380 2645/3419/2380
f 2628/3422/2381 2636/3423/2381 2639/3424/2381 2638/3425/2381
f 2636/3423/2382 2637/3426/2382 2640/3427/2382 2639/3424/2382
f 2638/3425/2383 2639/3424/2383 2634/3418/2383 2631/3417/2383
f 2639/3424/2384 2640/3427/2384 2635/3421/2384 2634/3418/2384
f 2629/3428/2385 2641/3429/2385 2644/3430/2385 2643/3431/2385
f 2641/3429/2386 2642/3420/2386 2645/3419/2386 2644/3430/2386
f 2643/3431/2387 2644/3430/2387 2640/3427/2387 2637/3426/2387
f 2644/3430/2388 2645/3419/2388 2635/3421/2388 2640/3427/2388
f 2646/3432/2389 2649/3433/2389 2652/3434/2389 2651/3435/2389
f 2649/3433/2390 2650/3436/2390 2653/3437/2390 2652/3434/2390
f 2651/3435/2391 2652/3434/2391 2664/3438/2391 2661/3439/2391
f 2652/3434/2392 2653/3437/2392 2654/3440/2392 2664/3438/2392
f 2647/3441/2393 2655/3442/2393 2658/3443/2393 2657/3444/2393
f 2655/3442/2394 2656/3445/2394 2659/3446/2394 2658/3443/2394
f 2657/3444/2395 2658/3443/2395 2653/3437/2395 2650/3436/2395
f 2658/3443/2396 2659/3446/2396 2654/3440/2396 2653/3437/2396
f 2648/3447/2397 2660/3448/2397 2663/3449/2397 2662/3450/2397
f 2660/3448/2398 2661/3439/2398 2664/3438/2398 2663/3449/2398
f 2662/3450/2399 2663/3449/2399 2659/3446/2399 2656/3445/2399
f 2663/3449/2400 2664/3438/2400 2654/3440/2400 2659/3446/2400
f 2551/3327/2401 2513/3273/2401 2518/3276/2401 2554/3328/2401
f 2554/3328/2402 2518/3276/2402 2528/3280/2402 2555/3331/2402
f 2555/3343/2403 2528/3295/2403 2527/3292/2403 2562/3339/2403
f 2562/3339/2404 2527/3292/2404 2515/3291/2404 2552/3336/2404
f 2514/3282/2405 2532/3300/2405 2537/3303/2405 2522/3283/2405
f 2522/3283/2406 2537/3303/2406 2547/3307/2406 2523/3286/2406
f 2523/3298/2407 2547/3322/2407 2546/3319/2407 2529/3294/2407
f 2529/3294/2408 2546/3319/2408 2534/3318/2408 2515/3291/2408
f 2533/3309/2409 2570/3351/2409 2575/3354/2409 2541/3310/2409
f 2541/3310/2410 2575/3354/2410 2585/3358/2410 2542/3313/2410
f 2542/3325/2411 2585/3373/2411 2584/3370/2411 2548/3321/2411
f 2548/3321/2412 2584/3370/2412 2572/3369/2412 2534/3318/2412
f 2571/3360/2413 2553/3345/2413 2567/3348/2413 2579/3361/2413
f 2579/3361/2414 2567/3348/2414 2561/3340/2414 2580/3364/2414
f 2580/3364/2415 2561/3340/2415 2560/3337/2415 2586/3372/2415
f 2586/3372/2416 2560/3337/2416 2552/3336/2416 2572/3369/2416
f 2627/3413/2417 2551/3327/2417 2556/3330/2417 2630/3414/2417
f 2630/3414/2418 2556/3330/2418 2566/3334/2418 2631/3417/2418
f 2631/3417/2419 2566/3349/2419 2565/3346/2419 2638/3425/2419
f 2638/3425/2420 2565/3346/2420 2553/3345/2420 2628/3422/2420
f 2570/3351/2421 2646/3432/2421 2651/3435/2421 2573/3352/2421
f 2573/3352/2422 2651/3435/2422 2661/3439/2422 2574/3355/2422
f 2574/3367/2423 2661/3439/2423 2660/3448/2423 2581/3363/2423
f 2581/3363/2424 2660/3448/2424 2648/3447/2424 2571/3360/2424
f 2647/3441/2425 2629/3428/2425 2643/3431/2425 2655/3442/2425
f 2655/3442/2426 2643/3431/2426 2637/3426/2426 2656/3445/2426
f 2656/3445/2427 2637/3426/2427 2636/3423/2427 2662/3450/2427
f 2662/3450/2428 2636/3423/2428 2628/3422/2428 2648/3447/2428
f 2589/3375/2429 2627/3413/2429 2632/3416/2429 2592/3376/2429
f 2592/3376/2430 2632/3416/2430 2642/3420/2430 2593/3379/2430
f 2593/3379/2431 2642/3420/2431 2641/3429/2431 2600/3387/2431
f 2600/3387/2432 2641/3429/2432 2629/3428/2432 2590/3384/2432
f 2646/3432/2433 2608/3394/2433 2613/3397/2433 2649/3433/2433
f 2649/3433/2434 2613/3397/2434 2623/3401/2434 2650/3436/2434
f 2650/3436/2435 2623/3401/2435 2622/3410/2435 2657/3444/2435
f 2657/3444/2436 2622/3410/2436 2610/3409/2436 2647/3441/2436
f 2609/3403/2437 2591/3390/2437 2605/3393/2437 2617/3404/2437
f 2617/3404/2438 2605/3393/2438 2599/3388/2438 2618/3407/2438
f 2618/3407/2439 2599/3388/2439 2598/3385/2439 2624/3412/2439
f 2624/3412/2440 2598/3385/2440 2590/3384/2440 2610/3409/2440
f 2513/3273/2441 2589/3375/2441 2594/3378/2441 2516/3274/2441
f 2516/3274/2442 2594/3378/2442 2604/3382/2442 2517/3277/2442
f 2517/3289/2443 2604/3382/2443 2603/3391/2443 2524/3285/2443
f 2524/3285/2444 2603/3391/2444 2591/3390/2444 2514/3282/2444
f 2608/3394/2445 2533/3309/2445 2543/3312/2445 2611/3395/2445
f 2611/3395/2446 2543/3312/2446 2536/3316/2446 2612/3398/2446
f 2612/3398/2447 2536/3304/2447 2535/3301/2447 2619/3406/2447
f 2619/3406/2448 2535/3301/2448 2532/3300/2448 2609/3403/2448
f 2551/3327/2449 2627/3413/2449 2589/3375/2449 2513/3273/2449
f 2515/3291/2450 2534/3318/2450 2572/3369/2450 2552/3336/2450
f 2591/3390/2451 2609/3403/2451 2532/3300/2451 2514/3282/2451
f 2646/3432/2452 2570/3351/2452 2533/3309/2452 2608/3394/2452
f 2553/3345/2453 2571/3360/2453 2648/3447/2453 2628/3422/2453
f 2629/3428/2454 2647/3441/2454 2610/3409/2454 2590/3384/2454
o 15_KeyboardBacklightLayer
v -0.121864 0.008000 0.047508
v -0.121864 0.008050 0.047558
v -0.121914 0.008050 0.047508
v -0.121864 0.008004 0.047527
v -0.121864 0.008015 0.047543
v -0.121883 0.008004 0.047508
v -0.121884 0.008008 0.047528
v -0.121883 0.008017 0.047541
v -0.121893 0.008021 0.047537
v -0.121883 0.008050 0.047554
v -0.121899 0.008050 0.047543
v -0.121864 0.008031 0.047554
v -0.121884 0.008030 0.047550
v -0.121897 0.008031 0.047541
v -0.121910 0.008031 0.047508
v -0.121899 0.008015 0.047508
v -0.121910 0.008050 0.047527
v -0.121906 0.008030 0.047528
v -0.121897 0.008017 0.047527
v -0.121864 0.008450 0.047558
v -0.121864 0.008500 0.047508
v -0.121914 0.008450 0.047508
v -0.121864 0.008469 0.047554
v -0.121864 0.008485 0.047543
v -0.121883 0.008450 0.047554
v -0.121884 0.008470 0.047550
v -0.121883 0.008483 0.047541
v -0.121893 0.008479 0.047537
v -0.121883 0.008496 0.047508
v -0.121899 0.008485 0.047508
v -0.121864 0.008496 0.047527
v -0.121884 0.008492 0.047528
v -0.121897 0.008483 0.047527
v -0.121910 0.008450 0.047527
v -0.121899 0.008450 0.047543
v -0.121910 0.008469 0.047508
v -0.121906 0.008470 0.047528
v -0.121897 0.008469 0.047541
v -0.121864 0.008000 -0.047508
v -0.121914 0.008050 -0.047508
v -0.121864 0.008050 -0.047558
v -0.121883 0.008004 -0.047508
v -0.121899 0.008015 -0.047508
v -0.121864 0.008004 -0.047527
v -0.121884 0.008008 -0.047528
v -0.121897 0.008017 -0.047527
v -0.121893 0.008021 -0.047537
v -0.121910 0.008050 -0.047527
v -0.121899 0.008050 -0.047543
v -0.121910 0.008031 -0.047508
v -0.121906 0.008030 -0.047528
v -0.121897 0.008031 -0.047541
v -0.121864 0.008031 -0.047554
v -0.121864 0.008015 -0.047543
v -0.121883 0.008050 -0.047554
v -0.121884 0.008030 -0.047550
v -0.121883 0.008017 -0.047541
v -0.121864 0.008500 -0.047508
v -0.121864 0.008450 -0.047558
v -0.121914 0.008450 -0.047508
v -0.121864 0.008496 -0.047527
v -0.121864 0.008485 -0.047543
v -0.121883 0.008496 -0.047508
v -0.121884 0.008492 -0.047528
v -0.121883 0.008483 -0.047541
v -0.121893 0.008479 -0.047537
v -0.121883 0.008450 -0.047554
v -0.121899 0.008450 -0.047543
v -0.121864 0.008469 -0.047554
v -0.121884 0.008470 -0.047550
v -0.121897 0.008469 -0.047541
v -0.121910 0.008469 -0.047508
v -0.121899 0.008485 -0.047508
v -0.121910 0.008450 -0.047527
v -0.121906 0.008470 -0.047528
v -0.121897 0.008483 -0.047527
v 0.121864 0.008000 0.047508
v 0.121914 0.008050 0.047508
v 0.121864 0.008050 0.047558
v 0.121883 0.008004 0.047508
v 0.121899 0.008015 0.047508
v 0.121864 0.008004 0.047527
v 0.121884 0.008008 0.047528
v 0.121897 0.008017 0.047527
v 0.121893 0.008021 0.047537
v 0.121910 0.008050 0.047527
v 0.121899 0.008050 0.047543
v 0.121910 0.008031 0.047508
v 0.121906 0.008030 0.047528
v 0.121897 0.008031 0.047541
v 0.121864 0.008031 0.047554
v 0.121864 0.008015 0.047543
v 0.121883 0.008050 0.047554
v 0.121884 0.008030 0.047550
v 0.121883 0.008017 0.047541
v 0.121864 0.008500 0.047508
v 0.121864 0.008450 0.047558
v 0.121914 0.008450 0.047508
v 0.121864 0.008496 0.047527
v 0.121864 0.008485 0.047543
v 0.121883 0.008496 0.047508
v 0.121884 0.008492 0.047528
v 0.121883 0.008483 0.047541
v 0.121893 0.008479 0.047537
v 0.121883 0.008450 0.047554
v 0.121899 0.008450 0.047543
v 0.121864 0.008469 0.047554
v 0.121884 0.008470 0.047550
v 0.121897 0.008469 0.047541
v 0.121910 0.008469 0.047508
v 0.121899 0.008485 0.047508
v 0.121910 0.008450 0.047527
v 0.121906 0.008470 0.047528
v 0.121897 0.008483 0.047527
v 0.121864 0.008000 -0.047508
v 0.121864 0.008050 -0.047558
v 0.121914 0.008050 -0.047508
v 0.121864 0.008004 -0.047527
v 0.121864 0.008015 -0.047543
v 0.121883 0.008004 -0.047508
v 0.121884 0.008008 -0.047528
v 0.121883 0.008017 -0.047541
v 0.121893 0.008021 -0.047537
v 0.121883 0.008050 -0.047554
v 0.121899 0.008050 -0.047543
v 0.121864 0.008031 -0.047554
v 0.121884 0.008030 -0.047550
v 0.121897 0.008031 -0.047541
v 0.121910 0.008031 -0.047508
v 0.121899 0.008015 -0.047508
v 0.121910 0.008050 -0.047527
v 0.121906 0.008030 -0.047528
v 0.121897 0.008017 -0.047527
v 0.121864 0.008500 -0.047508
v 0.121914 0.008450 -0.047508
v 0.121864 0.008450 -0.047558
v 0.121883 0.008496 -0.047508
v 0.121899 0.008485 -0.047508
v 0.121864 0.008496 -0.047527
v 0.121884 0.008492 -0.047528
v 0.121897 0.008483 -0.047527
v 0.121893 0.008479 -0.047537
v 0.121910 0.008450 -0.047527
v 0.121899 0.008450 -0.047543
v 0.121910 0.008469 -0.047508
v 0.121906 0.008470 -0.047528
v 0.121897 0.008469 -0.047541
v 0.121864 0.008469 -0.047554
v 0.121864 0.008485 -0.047543
v 0.121883 0.008450 -0.047554
v 0.121884 0.008470 -0.047550
v 0.121883 0.008483 -0.047541
vn -0.2049 -0.9571 0.2048
vn -0.1817 -0.8151 0.5501
vn -0.5499 -0.8153 0.1814
vn -0.4932 -0.7167 0.4930
vn -0.2048 -0.2047 0.9572
vn -0.5501 -0.1817 0.8151
vn -0.1819 -0.5501 0.8150
vn -0.4931 -0.4931 0.7167
vn -0.9572 -0.2047 0.2047
vn -0.8152 -0.5500 0.1816
vn -0.8148 -0.1818 0.5505
vn -0.7170 -0.4930 0.4928
vn -0.2048 0.2046 0.9572
vn -0.1819 0.5501 0.8150
vn -0.5501 0.1817 0.8151
vn -0.4931 0.4933 0.7166
vn -0.2049 0.9571 0.2050
vn -0.5500 0.8152 0.1816
vn -0.1818 0.8151 0.5500
vn -0.4932 0.7167 0.4930
vn -0.9572 0.2047 0.2047
vn -0.8149 0.1818 0.5504
vn -0.8152 0.5500 0.1816
vn -0.7170 0.4930 0.4928
vn -0.2050 -0.9570 -0.2050
vn -0.5500 -0.8152 -0.1816
vn -0.1818 -0.8153 -0.5497
vn -0.4931 -0.7165 -0.4935
vn -0.9571 -0.2050 -0.2047
vn -0.8148 -0.1818 -0.5504
vn -0.8152 -0.5501 -0.1813
vn -0.7169 -0.4929 -0.4930
vn -0.2048 -0.2045 -0.9572
vn -0.1819 -0.5501 -0.8150
vn -0.5501 -0.1817 -0.8151
vn -0.4929 -0.4931 -0.7169
vn -0.2049 0.9571 -0.2048
vn -0.1817 0.8151 -0.5501
vn -0.5499 0.8153 -0.1814
vn -0.4932 0.7167 -0.4930
vn -0.2048 0.2047 -0.9572
vn -0.5501 0.1817 -0.8151
vn -0.1819 0.5501 -0.8150
vn -0.4931 0.4931 -0.7167
vn -0.9572 0.2047 -0.2047
vn -0.8152 0.5500 -0.1816
vn -0.8148 0.1818 -0.5505
vn -0.7170 0.4930 -0.4928
vn 0.2050 -0.9570 0.2050
vn 0.5500 -0.8152 0.1816
vn 0.1818 -0.8153 0.5497
vn 0.4931 -0.7165 0.4935
vn 0.9571 -0.2050 0.2047
vn 0.8148 -0.1818 0.5504
vn 0.8152 -0.5501 0.1813
vn 0.7169 -0.4929 0.4930
vn 0.2048 -0.2045 0.9572
vn 0.1819 -0.5501 0.8150
vn 0.5501 -0.1817 0.8151
vn 0.4929 -0.4931 0.7169
vn 0.2049 0.9571 0.2048
vn 0.1817 0.8151 0.5501
vn 0.5499 0.8153 0.1814
vn 0.4932 0.7167 0.4930
vn 0.2048 0.2047 0.9572
vn 0.5501 0.1817 0.8151
vn 0.1819 0.5501 0.8150
vn 0.4931 0.4931 0.7167
vn 0.9572 0.2047 0.2047
vn 0.8152 0.5500 0.1816
vn 0.8148 0.1818 0.5505
vn 0.7170 0.4930 0.4928
vn 0.2049 -0.9571 -0.2048
vn 0.1817 -0.8151 -0.5501
vn 0.5499 -0.8153 -0.1814
vn 0.4932 -0.7167 -0.4930
vn 0.2048 -0.2047 -0.9572
vn 0.5501 -0.1817 -0.8151
vn 0.1819 -0.5501 -0.8150
vn 0.4931 -0.4931 -0.7167
vn 0.9572 -0.2047 -0.2047
vn 0.8152 -0.5500 -0.1816
vn 0.8148 -0.1818 -0.5505
vn 0.7170 -0.4930 -0.4928
vn 0.2050 0.9570 -0.2050
vn 0.5500 0.8152 -0.1816
vn 0.1818 0.8153 -0.5497
vn 0.4931 0.7165 -0.4935
vn 0.9571 0.2050 -0.2047
vn 0.8148 0.1818 -0.5504
vn 0.8152 0.5501 -0.1813
vn 0.7169 0.4929 -0.4930
vn 0.2048 0.2045 -0.9572
vn 0.1819 0.5501 -0.8150
vn 0.5501 0.1817 -0.8151
vn 0.4929 0.4931 -0.7169
vn -0.1951 -0.9808 -0.0000
vn -0.5556 -0.8314 -0.0000
vn -0.8314 -0.5556 -0.0000
vn -0.9808 -0.1952 -0.0000
vn -0.1949 -0.0000 0.9808
vn -0.5554 -0.0000 0.8316
vn -0.8314 -0.0000 0.5556
vn -0.9809 -0.0000 0.1944
vn -0.1950 0.9808 -0.0000
vn -0.5556 0.8314 -0.0000
vn -0.8314 0.5556 -0.0000
vn -0.9808 0.1948 -0.0000
vn -0.1949 -0.0000 -0.9808
vn -0.5556 -0.0000 -0.8314
vn -0.8314 -0.0000 -0.5556
vn -0.9808 -0.0000 -0.1949
vn -0.0000 -0.9808 -0.1951
vn -0.0000 -0.8315 -0.5555
vn -0.0000 -0.5555 -0.8315
vn -0.0000 -0.1949 -0.9808
vn -0.0000 0.9808 -0.1951
vn -0.0000 0.8315 -0.5555
vn -0.0000 0.5555 -0.8315
vn -0.0000 0.1949 -0.9808
vn 0.9808 -0.0000 -0.1949
vn 0.8314 -0.0000 -0.5556
vn 0.5556 -0.0000 -0.8314
vn 0.1949 -0.0000 -0.9808
vn 0.1951 -0.9808 -0.0000
vn 0.5556 -0.8314 -0.0000
vn 0.8314 -0.5556 -0.0000
vn 0.9808 -0.1952 -0.0000
vn 0.1951 0.9808 -0.0000
vn 0.5556 0.8314 -0.0000
vn 0.8314 0.5556 -0.0000
vn 0.9808 0.1952 -0.0000
vn 0.1949 -0.0000 0.9808
vn 0.5556 -0.0000 0.8314
vn 0.8314 -0.0000 0.5556
vn 0.9808 -0.0000 0.1949
vn -0.0000 -0.9808 0.1951
vn -0.0000 -0.8315 0.5555
vn -0.0000 -0.5555 0.8315
vn -0.0000 -0.1949 0.9808
vn -0.0000 0.9808 0.1950
vn -0.0000 0.8315 0.5556
vn -0.0000 0.5555 0.8315
vn -0.0000 0.1949 0.9808
vn -0.0000 -1.0000 -0.0000
vn -1.0000 -0.0000 -0.0000
vn -0.0000 -0.0000 1.0000
vn -0.0000 1.0000 -0.0000
vn -0.0000 -0.0000 -1.0000
vn 1.0000 -0.0000 -0.0000
vt 0.125051 0.749869
vt 0.125051 0.749919
vt 0.125031 0.749920
vt 0.125032 0.749869
vt 0.125051 0.750000
vt 0.125032 0.750000
vt 0.125000 0.749918
vt 0.125000 0.749869
vt 0.125022 0.750000
vt 0.400000 0.999949
vt 0.400000 0.999968
vt 0.390193 0.999969
vt 0.390433 0.999949
vt 0.400000 1.000000
vt 0.390691 1.000000
vt 0.375000 0.999968
vt 0.375000 0.999949
vt 0.385566 1.000000
vt 0.400000 0.000131
vt 0.390433 0.000131
vt 0.390193 0.000080
vt 0.400000 0.000081
vt 0.375000 0.000131
vt 0.375000 0.000082
vt 0.390691 0.000000
vt 0.400000 0.000000
vt 0.375000 0.000056
vt 0.600000 0.999949
vt 0.609567 0.999949
vt 0.609807 0.999969
vt 0.600000 0.999968
vt 0.625000 0.999949
vt 0.625000 0.999968
vt 0.609309 1.000000
vt 0.600000 1.000000
vt 0.625000 0.999978
vt 0.874949 0.749869
vt 0.874968 0.749869
vt 0.874969 0.749920
vt 0.874949 0.749919
vt 0.875000 0.749869
vt 0.875000 0.749918
vt 0.874968 0.750000
vt 0.874949 0.750000
vt 0.875000 0.749944
vt 0.600000 0.000131
vt 0.600000 0.000081
vt 0.609807 0.000080
vt 0.609567 0.000131
vt 0.600000 0.000000
vt 0.609309 0.000000
vt 0.625000 0.000082
vt 0.625000 0.000131
vt 0.614434 0.000000
vt 0.125051 0.500131
vt 0.125032 0.500131
vt 0.125031 0.500080
vt 0.125051 0.500081
vt 0.125000 0.500131
vt 0.125000 0.500082
vt 0.125032 0.500000
vt 0.125051 0.500000
vt 0.125000 0.500056
vt 0.400000 0.249869
vt 0.400000 0.249919
vt 0.390193 0.249920
vt 0.390433 0.249869
vt 0.400000 0.250000
vt 0.390691 0.250000
vt 0.375000 0.249918
vt 0.375000 0.249869
vt 0.380283 0.250011
vt 0.400000 0.250051
vt 0.390433 0.250051
vt 0.390193 0.250031
vt 0.400000 0.250032
vt 0.375000 0.250051
vt 0.375000 0.250032
vt 0.874949 0.500131
vt 0.874949 0.500081
vt 0.874969 0.500080
vt 0.874968 0.500131
vt 0.874949 0.500000
vt 0.874968 0.500000
vt 0.875000 0.500082
vt 0.875000 0.500131
vt 0.874978 0.500000
vt 0.600000 0.250051
vt 0.600000 0.250032
vt 0.609807 0.250031
vt 0.609567 0.250051
vt 0.600000 0.250000
vt 0.609309 0.250000
vt 0.625000 0.250032
vt 0.625000 0.250051
vt 0.619717 0.249972
vt 0.600000 0.249869
vt 0.609567 0.249869
vt 0.609807 0.249920
vt 0.600000 0.249919
vt 0.625000 0.249869
vt 0.625000 0.249918
vt 0.374949 0.749869
vt 0.374968 0.749869
vt 0.374969 0.749920
vt 0.374949 0.749919
vt 0.375000 0.749869
vt 0.375000 0.749918
vt 0.374984 0.750016
vt 0.374974 0.750026
vt 0.378522 0.749989
vt 0.400000 0.749869
vt 0.400000 0.749919
vt 0.390193 0.749920
vt 0.390433 0.749869
vt 0.400000 0.750000
vt 0.390691 0.750000
vt 0.400000 0.750051
vt 0.390433 0.750051
vt 0.390193 0.750031
vt 0.400000 0.750032
vt 0.625051 0.749869
vt 0.625051 0.749919
vt 0.625031 0.749920
vt 0.625032 0.749869
vt 0.625026 0.750026
vt 0.625016 0.750016
vt 0.625000 0.749918
vt 0.625000 0.749869
vt 0.621485 0.749982
vt 0.600000 0.750051
vt 0.600000 0.750032
vt 0.609807 0.750031
vt 0.609567 0.750051
vt 0.600000 0.750000
vt 0.609309 0.750000
vt 0.600000 0.749869
vt 0.609567 0.749869
vt 0.609807 0.749920
vt 0.600000 0.749919
vt 0.374949 0.500131
vt 0.374949 0.500081
vt 0.374969 0.500080
vt 0.374968 0.500131
vt 0.374974 0.499974
vt 0.374984 0.499984
vt 0.375000 0.500082
vt 0.375000 0.500131
vt 0.378515 0.500019
vt 0.400000 0.499949
vt 0.400000 0.499968
vt 0.390193 0.499969
vt 0.390433 0.499949
vt 0.400000 0.500000
vt 0.390691 0.500000
vt 0.400000 0.500131
vt 0.390433 0.500131
vt 0.390193 0.500080
vt 0.400000 0.500081
vt 0.625051 0.500131
vt 0.625032 0.500131
vt 0.625031 0.500080
vt 0.625051 0.500081
vt 0.625000 0.500131
vt 0.625000 0.500082
vt 0.625016 0.499984
vt 0.625026 0.499974
vt 0.621478 0.500011
vt 0.600000 0.500131
vt 0.600000 0.500081
vt 0.609807 0.500080
vt 0.609567 0.500131
vt 0.600000 0.500000
vt 0.609309 0.500000
vt 0.600000 0.499949
vt 0.609567 0.499949
vt 0.609807 0.499969
vt 0.600000 0.499968
s 0
usemtl Plastic
f 2665/3451/2455 2668/3452/2455 2671/3453/2455 2670/3454/2455
f 2668/3452/2456 2669/3455/2456 2672/3456/2456 2671/3453/2456
f 2670/3454/2457 2671/3453/2457 2683/3457/2457 2680/3458/2457
f 2671/3453/2458 2672/3456/2458 2673/3459/2458 2683/3457/2458
f 2666/3460/2459 2674/3461/2459 2677/3462/2459 2676/3463/2459
f 2674/3461/2460 2675/3464/2460 2678/3465/2460 2677/3462/2460
f 2676/3463/2461 2677/3462/2461 2672/3466/2461 2669/3467/2461
f 2677/3462/2462 2678/3465/2462 2673/3468/2462 2672/3466/2462
f 2667/3469/2463 2679/3470/2463 2682/3471/2463 2681/3472/2463
f 2679/3470/2464 2680/3473/2464 2683/3474/2464 2682/3471/2464
f 2681/3472/2465 2682/3471/2465 2678/3475/2465 2675/3476/2465
f 2682/3471/2466 2683/3474/2466 2673/3477/2466 2678/3475/2466
f 2684/3478/2467 2687/3479/2467 2690/3480/2467 2689/3481/2467
f 2687/3479/2468 2688/3482/2468 2691/3483/2468 2690/3480/2468
f 2689/3481/2469 2690/3480/2469 2702/3484/2469 2699/3485/2469
f 2690/3480/2470 2691/3483/2470 2692/3486/2470 2702/3484/2470
f 2685/3487/2471 2693/3488/2471 2696/3489/2471 2695/3490/2471
f 2693/3488/2472 2694/3491/2472 2697/3492/2472 2696/3489/2472
f 2695/3490/2473 2696/3489/2473 2691/3493/2473 2688/3494/2473
f 2696/3489/2474 2697/3492/2474 2692/3495/2474 2691/3493/2474
f 2686/3496/2475 2698/3497/2475 2701/3498/2475 2700/3499/2475
f 2698/3497/2476 2699/3500/2476 2702/3501/2476 2701/3498/2476
f 2700/3499/2477 2701/3498/2477 2697/3502/2477 2694/3503/2477
f 2701/3498/2478 2702/3501/2478 2692/3504/2478 2697/3502/2478
f 2703/3505/2479 2706/3506/2479 2709/3507/2479 2708/3508/2479
f 2706/3506/2480 2707/3509/2480 2710/3510/2480 2709/3507/2480
f 2708/3508/2481 2709/3507/2481 2721/3511/2481 2718/3512/2481
f 2709/3507/2482 2710/3510/2482 2711/3513/2482 2721/3511/2482
f 2704/3514/2483 2712/3515/2483 2715/3516/2483 2714/3517/2483
f 2712/3515/2484 2713/3518/2484 2716/3519/2484 2715/3516/2484
f 2714/3517/2485 2715/3516/2485 2710/3520/2485 2707/3521/2485
f 2715/3516/2486 2716/3519/2486 2711/3522/2486 2710/3520/2486
f 2705/3523/2487 2717/3524/2487 2720/3525/2487 2719/3526/2487
f 2717/3524/2488 2718/3527/2488 2721/3528/2488 2720/3525/2488
f 2719/3526/2489 2720/3525/2489 2716/3519/2489 2713/3518/2489
f 2720/3525/2490 2721/3528/2490 2711/3522/2490 2716/3519/2490
f 2722/3529/2491 2725/3530/2491 2728/3531/2491 2727/3532/2491
f 2725/3530/2492 2726/3533/2492 2729/3534/2492 2728/3531/2492
f 2727/3532/2493 2728/3531/2493 2740/3535/2493 2737/3536/2493
f 2728/3531/2494 2729/3534/2494 2730/3537/2494 2740/3535/2494
f 2723/3538/2495 2731/3539/2495 2734/3540/2495 2733/3541/2495
f 2731/3539/2496 2732/3542/2496 2735/3543/2496 2734/3540/2496
f 2733/3541/2497 2734/3540/2497 2729/3544/2497 2726/3545/2497
f 2734/3540/2498 2735/3543/2498 2730/3546/2498 2729/3544/2498
f 2724/3547/2499 2736/3548/2499 2739/3549/2499 2738/3550/2499
f 2736/3548/2500 2737/3551/2500 2740/3552/2500 2739/3549/2500
f 2738/3550/2501 2739/3549/2501 2735/3543/2501 2732/3542/2501
f 2739/3549/2502 2740/3552/2502 2730/3546/2502 2735/3543/2502
f 2741/3553/2503 2744/3554/2503 2747/3555/2503 2746/3556/2503
f 2744/3554/2504 2745/3557/2504 2748/3558/2504 2747/3555/2504
f 2746/3556/2505 2747/3555/2505 2759/3559/2505 2756/3560/2505
f 2747/3555/2506 2748/3558/2506 2749/3561/2506 2759/3559/2506
f 2742/3562/2507 2750/3563/2507 2753/3564/2507 2752/3565/2507
f 2750/3563/2508 2751/3566/2508 2754/3567/2508 2753/3564/2508
f 2752/3565/2509 2753/3564/2509 2748/3558/2509 2745/3557/2509
f 2753/3564/2510 2754/3567/2510 2749/3561/2510 2748/3558/2510
f 2743/3568/2511 2755/3569/2511 2758/3570/2511 2757/3571/2511
f 2755/3569/2512 2756/3560/2512 2759/3559/2512 2758/3570/2512
f 2757/3571/2513 2758/3570/2513 2754/3567/2513 2751/3566/2513
f 2758/3570/2514 2759/3559/2514 2749/3561/2514 2754/3567/2514
f 2760/3572/2515 2763/3573/2515 2766/3574/2515 2765/3575/2515
f 2763/3573/2516 2764/3576/2516 2767/3577/2516 2766/3574/2516
f 2765/3575/2517 2766/3574/2517 2778/3578/2517 2775/3579/2517
f 2766/3574/2518 2767/3577/2518 2768/3580/2518 2778/3578/2518
f 2761/3581/2519 2769/3582/2519 2772/3583/2519 2771/3584/2519
f 2769/3582/2520 2770/3585/2520 2773/3586/2520 2772/3583/2520
f 2771/3584/2521 2772/3583/2521 2767/3577/2521 2764/3576/2521
f 2772/3583/2522 2773/3586/2522 2768/3580/2522 2767/3577/2522
f 2762/3587/2523 2774/3588/2523 2777/3589/2523 2776/3590/2523
f 2774/3588/2524 2775/3579/2524 2778/3578/2524 2777/3589/2524
f 2776/3590/2525 2777/3589/2525 2773/3586/2525 2770/3585/2525
f 2777/3589/2526 2778/3578/2526 2768/3580/2526 2773/3586/2526
f 2779/3591/2527 2782/3592/2527 2785/3593/2527 2784/3594/2527
f 2782/3592/2528 2783/3595/2528 2786/3596/2528 2785/3593/2528
f 2784/3594/2529 2785/3593/2529 2797/3597/2529 2794/3598/2529
f 2785/3593/2530 2786/3596/2530 2787/3599/2530 2797/3597/2530
f 2780/3600/2531 2788/3601/2531 2791/3602/2531 2790/3603/2531
f 2788/3601/2532 2789/3604/2532 2792/3605/2532 2791/3602/2532
f 2790/3603/2533 2791/3602/2533 2786/3596/2533 2783/3595/2533
f 2791/3602/2534 2792/3605/2534 2787/3599/2534 2786/3596/2534
f 2781/3606/2535 2793/3607/2535 2796/3608/2535 2795/3609/2535
f 2793/3607/2536 2794/3598/2536 2797/3597/2536 2796/3608/2536
f 2795/3609/2537 2796/3608/2537 2792/3605/2537 2789/3604/2537
f 2796/3608/2538 2797/3597/2538 2787/3599/2538 2792/3605/2538
f 2798/3610/2539 2801/3611/2539 2804/3612/2539 2803/3613/2539
f 2801/3611/2540 2802/3614/2540 2805/3615/2540 2804/3612/2540
f 2803/3613/2541 2804/3612/2541 2816/3616/2541 2813/3617/2541
f 2804/3612/2542 2805/3615/2542 2806/3618/2542 2816/3616/2542
f 2799/3619/2543 2807/3620/2543 2810/3621/2543 2809/3622/2543
f 2807/3620/2544 2808/3623/2544 2811/3624/2544 2810/3621/2544
f 2809/3622/2545 2810/3621/2545 2805/3615/2545 2802/3614/2545
f 2810/3621/2546 2811/3624/2546 2806/3618/2546 2805/3615/2546
f 2800/3625/2547 2812/3626/2547 2815/3627/2547 2814/3628/2547
f 2812/3626/2548 2813/3617/2548 2816/3616/2548 2815/3627/2548
f 2814/3628/2549 2815/3627/2549 2811/3624/2549 2808/3623/2549
f 2815/3627/2550 2816/3616/2550 2806/3618/2550 2811/3624/2550
f 2703/3505/2551 2665/3451/2551 2670/3454/2551 2706/3506/2551
f 2706/3506/2552 2670/3454/2552 2680/3458/2552 2707/3509/2552
f 2707/3521/2553 2680/3473/2553 2679/3470/2553 2714/3517/2553
f 2714/3517/2554 2679/3470/2554 2667/3469/2554 2704/3514/2554
f 2666/3460/2555 2684/3478/2555 2689/3481/2555 2674/3461/2555
f 2674/3461/2556 2689/3481/2556 2699/3485/2556 2675/3464/2556
f 2675/3476/2557 2699/3500/2557 2698/3497/2557 2681/3472/2557
f 2681/3472/2558 2698/3497/2558 2686/3496/2558 2667/3469/2558
f 2685/3487/2559 2722/3529/2559 2727/3532/2559 2693/3488/2559
f 2693/3488/2560 2727/3532/2560 2737/3536/2560 2694/3491/2560
f 2694/3503/2561 2737/3551/2561 2736/3548/2561 2700/3499/2561
f 2700/3499/2562 2736/3548/2562 2724/3547/2562 2686/3496/2562
f 2723/3538/2563 2705/3523/2563 2719/3526/2563 2731/3539/2563
f 2731/3539/2564 2719/3526/2564 2713/3518/2564 2732/3542/2564
f 2732/3542/2565 2713/3518/2565 2712/3515/2565 2738/3550/2565
f 2738/3550/2566 2712/3515/2566 2704/3514/2566 2724/3547/2566
f 2779/3591/2567 2703/3505/2567 2708/3508/2567 2782/3592/2567
f 2782/3592/2568 2708/3508/2568 2718/3512/2568 2783/3595/2568
f 2783/3595/2569 2718/3527/2569 2717/3524/2569 2790/3603/2569
f 2790/3603/2570 2717/3524/2570 2705/3523/2570 2780/3600/2570
f 2722/3529/2571 2798/3610/2571 2803/3613/2571 2725/3530/2571
f 2725/3530/2572 2803/3613/2572 2813/3617/2572 2726/3533/2572
f 2726/3545/2573 2813/3617/2573 2812/3626/2573 2733/3541/2573
f 2733/3541/2574 2812/3626/2574 2800/3625/2574 2723/3538/2574
f 2799/3619/2575 2781/3606/2575 2795/3609/2575 2807/3620/2575
f 2807/3620/2576 2795/3609/2576 2789/3604/2576 2808/3623/2576
f 2808/3623/2577 2789/3604/2577 2788/3601/2577 2814/3628/2577
f 2814/3628/2578 2788/3601/2578 2780/3600/2578 2800/3625/2578
f 2741/3553/2579 2779/3591/2579 2784/3594/2579 2744/3554/2579
f 2744/3554/2580 2784/3594/2580 2794/3598/2580 2745/3557/2580
f 2745/3557/2581 2794/3598/2581 2793/3607/2581 2752/3565/2581
f 2752/3565/2582 2793/3607/2582 2781/3606/2582 2742/3562/2582
f 2798/3610/2583 2760/3572/2583 2765/3575/2583 2801/3611/2583
f 2801/3611/2584 2765/3575/2584 2775/3579/2584 2802/3614/2584
f 2802/3614/2585 2775/3579/2585 2774/3588/2585 2809/3622/2585
f 2809/3622/2586 2774/3588/2586 2762/3587/2586 2799/3619/2586
f 2761/3581/2587 2743/3568/2587 2757/3571/2587 2769/3582/2587
f 2769/3582/2588 2757/3571/2588 2751/3566/2588 2770/3585/2588
f 2770/3585/2589 2751/3566/2589 2750/3563/2589 2776/3590/2589
f 2776/3590/2590 2750/3563/2590 2742/3562/2590 2762/3587/2590
f 2665/3451/2591 2741/3553/2591 2746/3556/2591 2668/3452/2591
f 2668/3452/2592 2746/3556/2592 2756/3560/2592 2669/3455/2592
f 2669/3467/2593 2756/3560/2593 2755/3569/2593 2676/3463/2593
f 2676/3463/2594 2755/3569/2594 2743/3568/2594 2666/3460/2594
f 2760/3572/2595 2685/3487/2595 2695/3490/2595 2763/3573/2595
f 2763/3573/2596 2695/3490/2596 2688/3494/2596 2764/3576/2596
f 2764/3576/2597 2688/3482/2597 2687/3479/2597 2771/3584/2597
f 2771/3584/2598 2687/3479/2598 2684/3478/2598 2761/3581/2598
f 2703/3505/2599 2779/3591/2599 2741/3553/2599 2665/3451/2599
f 2667/3469/2600 2686/3496/2600 2724/3547/2600 2704/3514/2600
f 2743/3568/2601 2761/3581/2601 2684/3478/2601 2666/3460/2601
f 2798/3610/2602 2722/3529/2602 2685/3487/2602 2760/3572/2602
f 2705/3523/2603 2723/3538/2603 2800/3625/2603 2780/3600/2603
f 2781/3606/2604 2799/3619/2604 2762/3587/2604 2742/3562/2604
o 16_TouchIDButton
v 0.107740 0.007750 -0.026940
v 0.107740 0.007950 -0.026740
v 0.107540 0.007950 -0.026940
v 0.107740 0.007765 -0.026863
v 0.107740 0.007809 -0.026799
v 0.107663 0.007765 -0.026940
v 0.107662 0.007784 -0.026862
v 0.107666 0.007819 -0.026809
v 0.107625 0.007835 -0.026825
v 0.107663 0.007950 -0.026755
v 0.107599 0.007950 -0.026799
v 0.107740 0.007873 -0.026755
v 0.107662 0.007872 -0.026774
v 0.107609 0.007876 -0.026809
v 0.107555 0.007873 -0.026940
v 0.107599 0.007809 -0.026940
v 0.107555 0.007950 -0.026863
v 0.107574 0.007872 -0.026862
v 0.107609 0.007819 -0.026866
v 0.107740 0.009550 -0.026740
v 0.107740 0.009750 -0.026940
v 0.107540 0.009550 -0.026940
v 0.107740 0.009627 -0.026755
v 0.107740 0.009691 -0.026799
v 0.107663 0.009550 -0.026755
v 0.107662 0.009628 -0.026774
v 0.107666 0.009681 -0.026809
v 0.107625 0.009665 -0.026825
v 0.107663 0.009735 -0.026940
v 0.107599 0.009691 -0.026940
v 0.107740 0.009735 -0.026863
v 0.107662 0.009716 -0.026862
v 0.107609 0.009681 -0.026866
v 0.107555 0.009550 -0.026863
v 0.107599 0.009550 -0.026799
v 0.107555 0.009627 -0.026940
v 0.107574 0.009628 -0.026862
v 0.107609 0.009624 -0.026809
v 0.107740 0.007750 -0.041540
v 0.107540 0.007950 -0.041540
v 0.107740 0.007950 -0.041740
v 0.107663 0.007765 -0.041540
v 0.107599 0.007809 -0.041540
v 0.107740 0.007765 -0.041617
v 0.107662 0.007784 -0.041618
v 0.107609 0.007819 -0.041614
v 0.107625 0.007835 -0.041655
v 0.107555 0.007950 -0.041617
v 0.107599 0.007950 -0.041681
v 0.107555 0.007873 -0.041540
v 0.107574 0.007872 -0.041618
v 0.107609 0.007876 -0.041671
v 0.107740 0.007873 -0.041725
v 0.107740 0.007809 -0.041681
v 0.107663 0.007950 -0.041725
v 0.107662 0.007872 -0.041706
v 0.107666 0.007819 -0.041671
v 0.107740 0.009750 -0.041540
v 0.107740 0.009550 -0.041740
v 0.107540 0.009550 -0.041540
v 0.107740 0.009735 -0.041617
v 0.107740 0.009691 -0.041681
v 0.107663 0.009735 -0.041540
v 0.107662 0.009716 -0.041618
v 0.107666 0.009681 -0.041671
v 0.107625 0.009665 -0.041655
v 0.107663 0.009550 -0.041725
v 0.107599 0.009550 -0.041681
v 0.107740 0.009627 -0.041725
v 0.107662 0.009628 -0.041706
v 0.107609 0.009624 -0.041671
v 0.107555 0.009627 -0.041540
v 0.107599 0.009691 -0.041540
v 0.107555 0.009550 -0.041617
v 0.107574 0.009628 -0.041618
v 0.107609 0.009681 -0.041614
v 0.122340 0.007750 -0.026940
v 0.122540 0.007950 -0.026940
v 0.122340 0.007950 -0.026740
v 0.122417 0.007765 -0.026940
v 0.122481 0.007809 -0.026940
v 0.122340 0.007765 -0.026863
v 0.122418 0.007784 -0.026862
v 0.122471 0.007819 -0.026866
v 0.122455 0.007835 -0.026825
v 0.122525 0.007950 -0.026863
v 0.122481 0.007950 -0.026799
v 0.122525 0.007873 -0.026940
v 0.122506 0.007872 -0.026862
v 0.122471 0.007876 -0.026809
v 0.122340 0.007873 -0.026755
v 0.122340 0.007809 -0.026799
v 0.122417 0.007950 -0.026755
v 0.122418 0.007872 -0.026774
v 0.122414 0.007819 -0.026809
v 0.122340 0.009750 -0.026940
v 0.122340 0.009550 -0.026740
v 0.122540 0.009550 -0.026940
v 0.122340 0.009735 -0.026863
v 0.122340 0.009691 -0.026799
v 0.122417 0.009735 -0.026940
v 0.122418 0.009716 -0.026862
v 0.122414 0.009681 -0.026809
v 0.122455 0.009665 -0.026825
v 0.122417 0.009550 -0.026755
v 0.122481 0.009550 -0.026799
v 0.122340 0.009627 -0.026755
v 0.122418 0.009628 -0.026774
v 0.122471 0.009624 -0.026809
v 0.122525 0.009627 -0.026940
v 0.122481 0.009691 -0.026940
v 0.122525 0.009550 -0.026863
v 0.122506 0.009628 -0.026862
v 0.122471 0.009681 -0.026866
v 0.122340 0.007750 -0.041540
v 0.122340 0.007950 -0.041740
v 0.122540 0.007950 -0.041540
v 0.122340 0.007765 -0.041617
v 0.122340 0.007809 -0.041681
v 0.122417 0.007765 -0.041540
v 0.122418 0.007784 -0.041618
v 0.122414 0.007819 -0.041671
v 0.122455 0.007835 -0.041655
v 0.122417 0.007950 -0.041725
v 0.122481 0.007950 -0.041681
v 0.122340 0.007873 -0.041725
v 0.122418 0.007872 -0.041706
v 0.122471 0.007876 -0.041671
v 0.122525 0.007873 -0.041540
v 0.122481 0.007809 -0.041540
v 0.122525 0.007950 -0.041617
v 0.122506 0.007872 -0.041618
v 0.122471 0.007819 -0.041614
v 0.122340 0.009750 -0.041540
v 0.122540 0.009550 -0.041540
v 0.122340 0.009550 -0.041740
v 0.122417 0.009735 -0.041540
v 0.122481 0.009691 -0.041540
v 0.122340 0.009735 -0.041617
v 0.122418 0.009716 -0.041618
v 0.122471 0.009681 -0.041614
v 0.122455 0.009665 -0.041655
v 0.122525 0.009550 -0.041617
v 0.122481 0.009550 -0.041681
v 0.122525 0.009627 -0.041540
v 0.122506 0.009628 -0.041618
v 0.122471 0.009624 -0.041671
v 0.122340 0.009627 -0.041725
v 0.122340 0.009691 -0.041681
v 0.122417 0.009550 -0.041725
v 0.122418 0.009628 -0.041706
v 0.122414 0.009681 -0.041671
vn -0.2049 -0.9571 0.2049
vn -0.1818 -0.8152 0.5499
vn -0.5500 -0.8152 0.1818
vn -0.4931 -0.7167 0.4931
vn -0.2049 -0.2049 0.9571
vn -0.5500 -0.1818 0.8152
vn -0.1818 -0.5499 0.8152
vn -0.4931 -0.4931 0.7167
vn -0.9571 -0.2049 0.2049
vn -0.8152 -0.5500 0.1818
vn -0.8152 -0.1818 0.5500
vn -0.7167 -0.4931 0.4931
vn -0.2049 0.2049 0.9571
vn -0.1818 0.5499 0.8152
vn -0.5500 0.1818 0.8152
vn -0.4931 0.4931 0.7167
vn -0.2049 0.9571 0.2049
vn -0.5500 0.8152 0.1818
vn -0.1818 0.8152 0.5500
vn -0.4931 0.7167 0.4931
vn -0.9571 0.2049 0.2049
vn -0.8152 0.1818 0.5500
vn -0.8152 0.5500 0.1818
vn -0.7167 0.4931 0.4931
vn -0.2049 -0.9571 -0.2049
vn -0.5500 -0.8152 -0.1818
vn -0.1818 -0.8152 -0.5500
vn -0.4931 -0.7167 -0.4931
vn -0.9571 -0.2049 -0.2049
vn -0.8152 -0.1818 -0.5500
vn -0.8152 -0.5500 -0.1818
vn -0.7167 -0.4931 -0.4931
vn -0.2049 -0.2049 -0.9571
vn -0.1818 -0.5500 -0.8152
vn -0.5500 -0.1818 -0.8152
vn -0.4931 -0.4931 -0.7167
vn -0.2049 0.9571 -0.2049
vn -0.1818 0.8152 -0.5499
vn -0.5500 0.8152 -0.1818
vn -0.4931 0.7167 -0.4931
vn -0.2049 0.2049 -0.9571
vn -0.5500 0.1818 -0.8152
vn -0.1818 0.5499 -0.8152
vn -0.4931 0.4931 -0.7167
vn -0.9571 0.2049 -0.2049
vn -0.8152 0.5500 -0.1818
vn -0.8152 0.1818 -0.5500
vn -0.7167 0.4931 -0.4931
vn 0.2049 -0.9571 0.2049
vn 0.5500 -0.8152 0.1818
vn 0.1818 -0.8152 0.5500
vn 0.4931 -0.7167 0.4931
vn 0.9571 -0.2049 0.2049
vn 0.8152 -0.1818 0.5500
vn 0.8152 -0.5500 0.1818
vn 0.7167 -0.4931 0.4931
vn 0.2049 -0.2049 0.9571
vn 0.1818 -0.5500 0.8152
vn 0.5500 -0.1818 0.8152
vn 0.4931 -0.4931 0.7167
vn 0.2049 0.9571 0.2049
vn 0.1818 0.8152 0.5499
vn 0.5500 0.8152 0.1818
vn 0.4931 0.7167 0.4931
vn 0.2049 0.2049 0.9571
vn 0.5500 0.1818 0.8152
vn 0.1818 0.5499 0.8152
vn 0.4931 0.4931 0.7167
vn 0.9571 0.2049 0.2049
vn 0.8152 0.5500 0.1818
vn 0.8152 0.1818 0.5500
vn 0.7167 0.4931 0.4931
vn 0.2049 -0.9571 -0.2049
vn 0.1818 -0.8152 -0.5499
vn 0.5500 -0.8152 -0.1818
vn 0.4931 -0.7167 -0.4931
vn 0.2049 -0.2049 -0.9571
vn 0.5500 -0.1818 -0.8152
vn 0.1818 -0.5499 -0.8152
vn 0.4931 -0.4931 -0.7167
vn 0.9571 -0.2049 -0.2049
vn 0.8152 -0.5500 -0.1818
vn 0.8152 -0.1818 -0.5500
vn 0.7167 -0.4931 -0.4931
vn 0.2049 0.9571 -0.2049
vn 0.5500 0.8152 -0.1818
vn 0.1818 0.8152 -0.5500
vn 0.4931 0.7167 -0.4931
vn 0.9571 0.2049 -0.2049
vn 0.8152 0.1818 -0.5500
vn 0.8152 0.5500 -0.1818
vn 0.7167 0.4931 -0.4931
vn 0.2049 0.2049 -0.9571
vn 0.1818 0.5500 -0.8152
vn 0.5500 0.1818 -0.8152
vn 0.4931 0.4931 -0.7167
vn -0.1951 -0.9808 -0.0000
vn -0.5556 -0.8315 -0.0000
vn -0.8315 -0.5556 -0.0000
vn -0.9808 -0.1951 -0.0000
vn -0.1951 -0.0000 0.9808
vn -0.5556 -0.0000 0.8315
vn -0.8315 -0.0000 0.5556
vn -0.9808 -0.0000 0.1951
vn -0.1951 0.9808 -0.0000
vn -0.5556 0.8315 -0.0000
vn -0.8315 0.5556 -0.0000
vn -0.9808 0.1951 -0.0000
vn -0.1951 -0.0000 -0.9808
vn -0.5556 -0.0000 -0.8315
vn -0.8315 -0.0000 -0.5556
vn -0.9808 -0.0000 -0.1951
vn -0.0000 -0.9808 -0.1951
vn -0.0000 -0.8315 -0.5556
vn -0.0000 -0.5556 -0.8315
vn -0.0000 -0.1951 -0.9808
vn -0.0000 0.9808 -0.1951
vn -0.0000 0.8315 -0.5556
vn -0.0000 0.5556 -0.8315
vn -0.0000 0.1951 -0.9808
vn 0.9808 -0.0000 -0.1951
vn 0.8315 -0.0000 -0.5556
vn 0.5556 -0.0000 -0.8315
vn 0.1951 -0.0000 -0.9808
vn 0.1951 -0.9808 -0.0000
vn 0.5556 -0.8315 -0.0000
vn 0.8315 -0.5556 -0.0000
vn 0.9808 -0.1951 -0.0000
vn 0.1951 0.9808 -0.0000
vn 0.5556 0.8315 -0.0000
vn 0.8315 0.5556 -0.0000
vn 0.9808 0.1951 -0.0000
vn 0.1951 -0.0000 0.9808
vn 0.5556 -0.0000 0.8315
vn 0.8315 -0.0000 0.5556
vn 0.9808 -0.0000 0.1951
vn -0.0000 -0.9808 0.1951
vn -0.0000 -0.8315 0.5556
vn -0.0000 -0.5556 0.8315
vn -0.0000 -0.1951 0.9808
vn -0.0000 0.9808 0.1951
vn -0.0000 0.8315 0.5556
vn -0.0000 0.5556 0.8315
vn -0.0000 0.1951 0.9808
vn -0.0000 -1.0000 -0.0000
vn -1.0000 -0.0000 -0.0000
vn -0.0000 -0.0000 1.0000
vn -0.0000 1.0000 -0.0000
vn -0.0000 -0.0000 -1.0000
vn 1.0000 -0.0000 -0.0000
vt 0.128333 0.746667
vt 0.128333 0.747942
vt 0.127026 0.747974
vt 0.127058 0.746667
vt 0.128333 0.750000
vt 0.127092 0.750000
vt 0.125000 0.747908
vt 0.125000 0.746667
vt 0.126409 0.750000
vt 0.400000 0.996667
vt 0.400000 0.997942
vt 0.390193 0.997974
vt 0.390433 0.996667
vt 0.400000 1.000000
vt 0.390691 1.000000
vt 0.375000 0.997908
vt 0.375000 0.996667
vt 0.385566 1.000000
vt 0.400000 0.003333
vt 0.390433 0.003333
vt 0.390193 0.002026
vt 0.400000 0.002058
vt 0.375000 0.003333
vt 0.375000 0.002092
vt 0.390691 0.000000
vt 0.400000 0.000000
vt 0.375000 0.001409
vt 0.600000 0.996667
vt 0.609567 0.996667
vt 0.609807 0.997974
vt 0.600000 0.997942
vt 0.625000 0.996667
vt 0.625000 0.997908
vt 0.609309 1.000000
vt 0.600000 1.000000
vt 0.625000 0.998591
vt 0.871667 0.746667
vt 0.872942 0.746667
vt 0.872974 0.747974
vt 0.871667 0.747942
vt 0.875000 0.746667
vt 0.875000 0.747908
vt 0.872908 0.750000
vt 0.871667 0.750000
vt 0.875000 0.748591
vt 0.600000 0.003333
vt 0.600000 0.002058
vt 0.609807 0.002026
vt 0.609567 0.003333
vt 0.600000 0.000000
vt 0.609309 0.000000
vt 0.625000 0.002092
vt 0.625000 0.003333
vt 0.614434 0.000000
vt 0.128333 0.503333
vt 0.127058 0.503333
vt 0.127026 0.502026
vt 0.128333 0.502058
vt 0.125000 0.503333
vt 0.125000 0.502092
vt 0.127092 0.500000
vt 0.128333 0.500000
vt 0.125000 0.501409
vt 0.400000 0.246667
vt 0.400000 0.247942
vt 0.390193 0.247974
vt 0.390433 0.246667
vt 0.400000 0.250000
vt 0.390691 0.250000
vt 0.375000 0.247908
vt 0.375000 0.246667
vt 0.380283 0.250704
vt 0.400000 0.253333
vt 0.390433 0.253333
vt 0.390193 0.252026
vt 0.400000 0.252058
vt 0.375000 0.253333
vt 0.375000 0.252092
vt 0.871667 0.503333
vt 0.871667 0.502058
vt 0.872974 0.502026
vt 0.872942 0.503333
vt 0.871667 0.500000
vt 0.872908 0.500000
vt 0.875000 0.502092
vt 0.875000 0.503333
vt 0.873591 0.500000
vt 0.600000 0.253333
vt 0.600000 0.252058
vt 0.609807 0.252026
vt 0.609567 0.253333
vt 0.600000 0.250000
vt 0.609309 0.250000
vt 0.625000 0.252092
vt 0.625000 0.253333
vt 0.619717 0.249296
vt 0.600000 0.246667
vt 0.609567 0.246667
vt 0.609807 0.247974
vt 0.600000 0.247942
vt 0.625000 0.246667
vt 0.625000 0.247908
vt 0.371667 0.746667
vt 0.372942 0.746667
vt 0.372974 0.747974
vt 0.371667 0.747942
vt 0.375000 0.746667
vt 0.375000 0.747908
vt 0.373954 0.751046
vt 0.373333 0.751667
vt 0.378522 0.750000
vt 0.400000 0.746667
vt 0.400000 0.747942
vt 0.390193 0.747974
vt 0.390433 0.746667
vt 0.400000 0.750000
vt 0.390691 0.750000
vt 0.400000 0.753333
vt 0.390433 0.753333
vt 0.390193 0.752026
vt 0.400000 0.752058
vt 0.628333 0.746667
vt 0.628333 0.747942
vt 0.627026 0.747974
vt 0.627058 0.746667
vt 0.626667 0.751667
vt 0.626046 0.751046
vt 0.625000 0.747908
vt 0.625000 0.746667
vt 0.621948 0.749530
vt 0.600000 0.753333
vt 0.600000 0.752058
vt 0.609807 0.752026
vt 0.609567 0.753333
vt 0.600000 0.750000
vt 0.609309 0.750000
vt 0.600000 0.746667
vt 0.609567 0.746667
vt 0.609807 0.747974
vt 0.600000 0.747942
vt 0.371667 0.503333
vt 0.371667 0.502058
vt 0.372974 0.502026
vt 0.372942 0.503333
vt 0.373333 0.498333
vt 0.373954 0.498954
vt 0.375000 0.502092
vt 0.375000 0.503333
vt 0.378052 0.500470
vt 0.400000 0.496667
vt 0.400000 0.497942
vt 0.390193 0.497974
vt 0.390433 0.496667
vt 0.400000 0.500000
vt 0.390691 0.500000
vt 0.400000 0.503333
vt 0.390433 0.503333
vt 0.390193 0.502026
vt 0.400000 0.502058
vt 0.628333 0.503333
vt 0.627058 0.503333
vt 0.627026 0.502026
vt 0.628333 0.502058
vt 0.625000 0.503333
vt 0.625000 0.502092
vt 0.626046 0.498954
vt 0.626667 0.498333
vt 0.621478 0.500000
vt 0.600000 0.503333
vt 0.600000 0.502058
vt 0.609807 0.502026
vt 0.609567 0.503333
vt 0.600000 0.500000
vt 0.609309 0.500000
vt 0.600000 0.496667
vt 0.609567 0.496667
vt 0.609807 0.497974
vt 0.600000 0.497942
s 0
usemtl Glass
f 2817/3629/2605 2820/3630/2605 2823/3631/2605 2822/3632/2605
f 2820/3630/2606 2821/3633/2606 2824/3634/2606 2823/3631/2606
f 2822/3632/2607 2823/3631/2607 2835/3635/2607 2832/3636/2607
f 2823/3631/2608 2824/3634/2608 2825/3637/2608 2835/3635/2608
f 2818/3638/2609 2826/3639/2609 2829/3640/2609 2828/3641/2609
f 2826/3639/2610 2827/3642/2610 2830/3643/2610 2829/3640/2610
f 2828/3641/2611 2829/3640/2611 2824/3644/2611 2821/3645/2611
f 2829/3640/2612 2830/3643/2612 2825/3646/2612 2824/3644/2612
f 2819/3647/2613 2831/3648/2613 2834/3649/2613 2833/3650/2613
f 2831/3648/2614 2832/3651/2614 2835/3652/2614 2834/3649/2614
f 2833/3650/2615 2834/3649/2615 2830/3653/2615 2827/3654/2615
f 2834/3649/2616 2835/3652/2616 2825/3655/2616 2830/3653/2616
f 2836/3656/2617 2839/3657/2617 2842/3658/2617 2841/3659/2617
f 2839/3657/2618 2840/3660/2618 2843/3661/2618 2842/3658/2618
f 2841/3659/2619 2842/3658/2619 2854/3662/2619 2851/3663/2619
f 2842/3658/2620 2843/3661/2620 2844/3664/2620 2854/3662/2620
f 2837/3665/2621 2845/3666/2621 2848/3667/2621 2847/3668/2621
f 2845/3666/2622 2846/3669/2622 2849/3670/2622 2848/3667/2622
f 2847/3668/2623 2848/3667/2623 2843/3671/2623 2840/3672/2623
f 2848/3667/2624 2849/3670/2624 2844/3673/2624 2843/3671/2624
f 2838/3674/2625 2850/3675/2625 2853/3676/2625 2852/3677/2625
f 2850/3675/2626 2851/3678/2626 2854/3679/2626 2853/3676/2626
f 2852/3677/2627 2853/3676/2627 2849/3680/2627 2846/3681/2627
f 2853/3676/2628 2854/3679/2628 2844/3682/2628 2849/3680/2628
f 2855/3683/2629 2858/3684/2629 2861/3685/2629 2860/3686/2629
f 2858/3684/2630 2859/3687/2630 2862/3688/2630 2861/3685/2630
f 2860/3686/2631 2861/3685/2631 2873/3689/2631 2870/3690/2631
f 2861/3685/2632 2862/3688/2632 2863/3691/2632 2873/3689/2632
f 2856/3692/2633 2864/3693/2633 2867/3694/2633 2866/3695/2633
f 2864/3693/2634 2865/3696/2634 2868/3697/2634 2867/3694/2634
f 2866/3695/2635 2867/3694/2635 2862/3698/2635 2859/3699/2635
f 2867/3694/2636 2868/3697/2636 2863/3700/2636 2862/3698/2636
f 2857/3701/2637 2869/3702/2637 2872/3703/2637 2871/3704/2637
f 2869/3702/2638 2870/3705/2638 2873/3706/2638 2872/3703/2638
f 2871/3704/2639 2872/3703/2639 2868/3697/2639 2865/3696/2639
f 2872/3703/2640 2873/3706/2640 2863/3700/2640 2868/3697/2640
f 2874/3707/2641 2877/3708/2641 2880/3709/2641 2879/3710/2641
f 2877/3708/2642 2878/3711/2642 2881/3712/2642 2880/3709/2642
f 2879/3710/2643 2880/3709/2643 2892/3713/2643 2889/3714/2643
f 2880/3709/2644 2881/3712/2644 2882/3715/2644 2892/3713/2644
f 2875/3716/2645 2883/3717/2645 2886/3718/2645 2885/3719/2645
f 2883/3717/2646 2884/3720/2646 2887/3721/2646 2886/3718/2646
f 2885/3719/2647 2886/3718/2647 2881/3722/2647 2878/3723/2647
f 2886/3718/2648 2887/3721/2648 2882/3724/2648 2881/3722/2648
f 2876/3725/2649 2888/3726/2649 2891/3727/2649 2890/3728/2649
f 2888/3726/2650 2889/3729/2650 2892/3730/2650 2891/3727/2650
f 2890/3728/2651 2891/3727/2651 2887/3721/2651 2884/3720/2651
f 2891/3727/2652 2892/3730/2652 2882/3724/2652 2887/3721/2652
f 2893/3731/2653 2896/3732/2653 2899/3733/2653 2898/3734/2653
f 2896/3732/2654 2897/3735/2654 2900/3736/2654 2899/3733/2654
f 2898/3734/2655 2899/3733/2655 2911/3737/2655 2908/3738/2655
f 2899/3733/2656 2900/3736/2656 2901/3739/2656 2911/3737/2656
f 2894/3740/2657 2902/3741/2657 2905/3742/2657 2904/3743/2657
f 2902/3741/2658 2903/3744/2658 2906/3745/2658 2905/3742/2658
f 2904/3743/2659 2905/3742/2659 2900/3736/2659 2897/3735/2659
f 2905/3742/2660 2906/3745/2660 2901/3739/2660 2900/3736/2660
f 2895/3746/2661 2907/3747/2661 2910/3748/2661 2909/3749/2661
f 2907/3747/2662 2908/3738/2662 2911/3737/2662 2910/3748/2662
f 2909/3749/2663 2910/3748/2663 2906/3745/2663 2903/3744/2663
f 2910/3748/2664 2911/3737/2664 2901/3739/2664 2906/3745/2664
f 2912/3750/2665 2915/3751/2665 2918/3752/2665 2917/3753/2665
f 2915/3751/2666 2916/3754/2666 2919/3755/2666 2918/3752/2666
f 2917/3753/2667 2918/3752/2667 2930/3756/2667 2927/3757/2667
f 2918/3752/2668 2919/3755/2668 2920/3758/2668 2930/3756/2668
f 2913/3759/2669 2921/3760/2669 2924/3761/2669 2923/3762/2669
f 2921/3760/2670 2922/3763/2670 2925/3764/2670 2924/3761/2670
f 2923/3762/2671 2924/3761/2671 2919/3755/2671 2916/3754/2671
f 2924/3761/2672 2925/3764/2672 2920/3758/2672 2919/3755/2672
f 2914/3765/2673 2926/3766/2673 2929/3767/2673 2928/3768/2673
f 2926/3766/2674 2927/3757/2674 2930/3756/2674 2929/3767/2674
f 2928/3768/2675 2929/3767/2675 2925/3764/2675 2922/3763/2675
f 2929/3767/2676 2930/3756/2676 2920/3758/2676 2925/3764/2676
f 2931/3769/2677 2934/3770/2677 2937/3771/2677 2936/3772/2677
f 2934/3770/2678 2935/3773/2678 2938/3774/2678 2937/3771/2678
f 2936/3772/2679 2937/3771/2679 2949/3775/2679 2946/3776/2679
f 2937/3771/2680 2938/3774/2680 2939/3777/2680 2949/3775/2680
f 2932/3778/2681 2940/3779/2681 2943/3780/2681 2942/3781/2681
f 2940/3779/2682 2941/3782/2682 2944/3783/2682 2943/3780/2682
f 2942/3781/2683 2943/3780/2683 2938/3774/2683 2935/3773/2683
f 2943/3780/2684 2944/3783/2684 2939/3777/2684 2938/3774/2684
f 2933/3784/2685 2945/3785/2685 2948/3786/2685 2947/3787/2685
f 2945/3785/2686 2946/3776/2686 2949/3775/2686 2948/3786/2686
f 2947/3787/2687 2948/3786/2687 2944/3783/2687 2941/3782/2687
f 2948/3786/2688 2949/3775/2688 2939/3777/2688 2944/3783/2688
f 2950/3788/2689 2953/3789/2689 2956/3790/2689 2955/3791/2689
f 2953/3789/2690 2954/3792/2690 2957/3793/2690 2956/3790/2690
f 2955/3791/2691 2956/3790/2691 2968/3794/2691 2965/3795/2691
f 2956/3790/2692 2957/3793/2692 2958/3796/2692 2968/3794/2692
f 2951/3797/2693 2959/3798/2693 2962/3799/2693 2961/3800/2693
f 2959/3798/2694 2960/3801/2694 2963/3802/2694 2962/3799/2694
f 2961/3800/2695 2962/3799/2695 2957/3793/2695 2954/3792/2695
f 2962/3799/2696 2963/3802/2696 2958/3796/2696 2957/3793/2696
f 2952/3803/2697 2964/3804/2697 2967/3805/2697 2966/3806/2697
f 2964/3804/2698 2965/3795/2698 2968/3794/2698 2967/3805/2698
f 2966/3806/2699 2967/3805/2699 2963/3802/2699 2960/3801/2699
f 2967/3805/2700 2968/3794/2700 2958/3796/2700 2963/3802/2700
f 2855/3683/2701 2817/3629/2701 2822/3632/2701 2858/3684/2701
f 2858/3684/2702 2822/3632/2702 2832/3636/2702 2859/3687/2702
f 2859/3699/2703 2832/3651/2703 2831/3648/2703 2866/3695/2703
f 2866/3695/2704 2831/3648/2704 2819/3647/2704 2856/3692/2704
f 2818/3638/2705 2836/3656/2705 2841/3659/2705 2826/3639/2705
f 2826/3639/2706 2841/3659/2706 2851/3663/2706 2827/3642/2706
f 2827/3654/2707 2851/3678/2707 2850/3675/2707 2833/3650/2707
f 2833/3650/2708 2850/3675/2708 2838/3674/2708 2819/3647/2708
f 2837/3665/2709 2874/3707/2709 2879/3710/2709 2845/3666/2709
f 2845/3666/2710 2879/3710/2710 2889/3714/2710 2846/3669/2710
f 2846/3681/2711 2889/3729/2711 2888/3726/2711 2852/3677/2711
f 2852/3677/2712 2888/3726/2712 2876/3725/2712 2838/3674/2712
f 2875/3716/2713 2857/3701/2713 2871/3704/2713 2883/3717/2713
f 2883/3717/2714 2871/3704/2714 2865/3696/2714 2884/3720/2714
f 2884/3720/2715 2865/3696/2715 2864/3693/2715 2890/3728/2715
f 2890/3728/2716 2864/3693/2716 2856/3692/2716 2876/3725/2716
f 2931/3769/2717 2855/3683/2717 2860/3686/2717 2934/3770/2717
f 2934/3770/2718 2860/3686/2718 2870/3690/2718 2935/3773/2718
f 2935/3773/2719 2870/3705/2719 2869/3702/2719 2942/3781/2719
f 2942/3781/2720 2869/3702/2720 2857/3701/2720 2932/3778/2720
f 2874/3707/2721 2950/3788/2721 2955/3791/2721 2877/3708/2721
f 2877/3708/2722 2955/3791/2722 2965/3795/2722 2878/3711/2722
f 2878/3723/2723 2965/3795/2723 2964/3804/2723 2885/3719/2723
f 2885/3719/2724 2964/3804/2724 2952/3803/2724 2875/3716/2724
f 2951/3797/2725 2933/3784/2725 2947/3787/2725 2959/3798/2725
f 2959/3798/2726 2947/3787/2726 2941/3782/2726 2960/3801/2726
f 2960/3801/2727 2941/3782/2727 2940/3779/2727 2966/3806/2727
f 2966/3806/2728 2940/3779/2728 2932/3778/2728 2952/3803/2728
f 2893/3731/2729 2931/3769/2729 2936/3772/2729 2896/3732/2729
f 2896/3732/2730 2936/3772/2730 2946/3776/2730 2897/3735/2730
f 2897/3735/2731 2946/3776/2731 2945/3785/2731 2904/3743/2731
f 2904/3743/2732 2945/3785/2732 2933/3784/2732 2894/3740/2732
f 2950/3788/2733 2912/3750/2733 2917/3753/2733 2953/3789/2733
f 2953/3789/2734 2917/3753/2734 2927/3757/2734 2954/3792/2734
f 2954/3792/2735 2927/3757/2735 2926/3766/2735 2961/3800/2735
f 2961/3800/2736 2926/3766/2736 2914/3765/2736 2951/3797/2736
f 2913/3759/2737 2895/3746/2737 2909/3749/2737 2921/3760/2737
f 2921/3760/2738 2909/3749/2738 2903/3744/2738 2922/3763/2738
f 2922/3763/2739 2903/3744/2739 2902/3741/2739 2928/3768/2739
f 2928/3768/2740 2902/3741/2740 2894/3740/2740 2914/3765/2740
f 2817/3629/2741 2893/3731/2741 2898/3734/2741 2820/3630/2741
f 2820/3630/2742 2898/3734/2742 2908/3738/2742 2821/3633/2742
f 2821/3645/2743 2908/3738/2743 2907/3747/2743 2828/3641/2743
f 2828/3641/2744 2907/3747/2744 2895/3746/2744 2818/3638/2744
f 2912/3750/2745 2837/3665/2745 2847/3668/2745 2915/3751/2745
f 2915/3751/2746 2847/3668/2746 2840/3672/2746 2916/3754/2746
f 2916/3754/2747 2840/3660/2747 2839/3657/2747 2923/3762/2747
f 2923/3762/2748 2839/3657/2748 2836/3656/2748 2913/3759/2748
f 2855/3683/2749 2931/3769/2749 2893/3731/2749 2817/3629/2749
f 2819/3647/2750 2838/3674/2750 2876/3725/2750 2856/3692/2750
f 2895/3746/2751 2913/3759/2751 2836/3656/2751 2818/3638/2751
f 2950/3788/2752 2874/3707/2752 2837/3665/2752 2912/3750/2752
f 2857/3701/2753 2875/3716/2753 2952/3803/2753 2932/3778/2753
f 2933/3784/2754 2951/3797/2754 2914/3765/2754 2894/3740/2754
o 17_TrackpadGlass
v -0.062320 0.007750 0.104870
v -0.062320 0.007950 0.105070
v -0.062520 0.007950 0.104870
v -0.062320 0.007765 0.104947
v -0.062320 0.007809 0.105011
v -0.062397 0.007765 0.104870
v -0.062398 0.007784 0.104948
v -0.062394 0.007819 0.105001
v -0.062435 0.007835 0.104985
v -0.062397 0.007950 0.105055
v -0.062461 0.007950 0.105011
v -0.062320 0.007873 0.105055
v -0.062398 0.007872 0.105036
v -0.062451 0.007876 0.105001
v -0.062505 0.007873 0.104870
v -0.062461 0.007809 0.104870
v -0.062505 0.007950 0.104947
v -0.062486 0.007872 0.104948
v -0.062451 0.007819 0.104944
v -0.062320 0.009550 0.105070
v -0.062320 0.009750 0.104870
v -0.062520 0.009550 0.104870
v -0.062320 0.009627 0.105055
v -0.062320 0.009691 0.105011
v -0.062397 0.009550 0.105055
v -0.062398 0.009628 0.105036
v -0.062394 0.009681 0.105001
v -0.062435 0.009665 0.104985
v -0.062397 0.009735 0.104870
v -0.062461 0.009691 0.104870
v -0.062320 0.009735 0.104947
v -0.062398 0.009716 0.104948
v -0.062451 0.009681 0.104944
v -0.062505 0.009550 0.104947
v -0.062461 0.009550 0.105011
v -0.062505 0.009627 0.104870
v -0.062486 0.009628 0.104948
v -0.062451 0.009624 0.105001
v -0.062320 0.007750 0.027850
v -0.062520 0.007950 0.027850
v -0.062320 0.007950 0.027650
v -0.062397 0.007765 0.027850
v -0.062461 0.007809 0.027850
v -0.062320 0.007765 0.027773
v -0.062398 0.007784 0.027772
v -0.062451 0.007819 0.027776
v -0.062435 0.007835 0.027735
v -0.062505 0.007950 0.027773
v -0.062461 0.007950 0.027709
v -0.062505 0.007873 0.027850
v -0.062486 0.007872 0.027772
v -0.062451 0.007876 0.027719
v -0.062320 0.007873 0.027665
v -0.062320 0.007809 0.027709
v -0.062397 0.007950 0.027665
v -0.062398 0.007872 0.027684
v -0.062394 0.007819 0.027719
v -0.062320 0.009750 0.027850
v -0.062320 0.009550 0.027650
v -0.062520 0.009550 0.027850
v -0.062320 0.009735 0.027773
v -0.062320 0.009691 0.027709
v -0.062397 0.009735 0.027850
v -0.062398 0.009716 0.027772
v -0.062394 0.009681 0.027719
v -0.062435 0.009665 0.027735
v -0.062397 0.009550 0.027665
v -0.062461 0.009550 0.027709
v -0.062320 0.009627 0.027665
v -0.062398 0.009628 0.027684
v -0.062451 0.009624 0.027719
v -0.062505 0.009627 0.027850
v -0.062461 0.009691 0.027850
v -0.062505 0.009550 0.027773
v -0.062486 0.009628 0.027772
v -0.062451 0.009681 0.027776
v 0.062320 0.007750 0.104870
v 0.062520 0.007950 0.104870
v 0.062320 0.007950 0.105070
v 0.062397 0.007765 0.104870
v 0.062461 0.007809 0.104870
v 0.062320 0.007765 0.104947
v 0.062398 0.007784 0.104948
v 0.062451 0.007819 0.104944
v 0.062435 0.007835 0.104985
v 0.062505 0.007950 0.104947
v 0.062461 0.007950 0.105011
v 0.062505 0.007873 0.104870
v 0.062486 0.007872 0.104948
v 0.062451 0.007876 0.105001
v 0.062320 0.007873 0.105055
v 0.062320 0.007809 0.105011
v 0.062397 0.007950 0.105055
v 0.062398 0.007872 0.105036
v 0.062394 0.007819 0.105001
v 0.062320 0.009750 0.104870
v 0.062320 0.009550 0.105070
v 0.062520 0.009550 0.104870
v 0.062320 0.009735 0.104947
v 0.062320 0.009691 0.105011
v 0.062397 0.009735 0.104870
v 0.062398 0.009716 0.104948
v 0.062394 0.009681 0.105001
v 0.062435 0.009665 0.104985
v 0.062397 0.009550 0.105055
v 0.062461 0.009550 0.105011
v 0.062320 0.009627 0.105055
v 0.062398 0.009628 0.105036
v 0.062451 0.009624 0.105001
v 0.062505 0.009627 0.104870
v 0.062461 0.009691 0.104870
v 0.062505 0.009550 0.104947
v 0.062486 0.009628 0.104948
v 0.062451 0.009681 0.104944
v 0.062320 0.007750 0.027850
v 0.062320 0.007950 0.027650
v 0.062520 0.007950 0.027850
v 0.062320 0.007765 0.027773
v 0.062320 0.007809 0.027709
v 0.062397 0.007765 0.027850
v 0.062398 0.007784 0.027772
v 0.062394 0.007819 0.027719
v 0.062435 0.007835 0.027735
v 0.062397 0.007950 0.027665
v 0.062461 0.007950 0.027709
v 0.062320 0.007873 0.027665
v 0.062398 0.007872 0.027684
v 0.062451 0.007876 0.027719
v 0.062505 0.007873 0.027850
v 0.062461 0.007809 0.027850
v 0.062505 0.007950 0.027773
v 0.062486 0.007872 0.027772
v 0.062451 0.007819 0.027776
v 0.062320 0.009750 0.027850
v 0.062520 0.009550 0.027850
v 0.062320 0.009550 0.027650
v 0.062397 0.009735 0.027850
v 0.062461 0.009691 0.027850
v 0.062320 0.009735 0.027773
v 0.062398 0.009716 0.027772
v 0.062451 0.009681 0.027776
v 0.062435 0.009665 0.027735
v 0.062505 0.009550 0.027773
v 0.062461 0.009550 0.027709
v 0.062505 0.009627 0.027850
v 0.062486 0.009628 0.027772
v 0.062451 0.009624 0.027719
v 0.062320 0.009627 0.027665
v 0.062320 0.009691 0.027709
v 0.062397 0.009550 0.027665
v 0.062398 0.009628 0.027684
v 0.062394 0.009681 0.027719
vn -0.2049 -0.9571 0.2049
vn -0.1818 -0.8152 0.5500
vn -0.5500 -0.8152 0.1819
vn -0.4931 -0.7167 0.4931
vn -0.2049 -0.2050 0.9571
vn -0.5499 -0.1818 0.8152
vn -0.1818 -0.5499 0.8152
vn -0.4931 -0.4931 0.7167
vn -0.9571 -0.2049 0.2049
vn -0.8152 -0.5500 0.1818
vn -0.8151 -0.1819 0.5500
vn -0.7167 -0.4931 0.4932
vn -0.2049 0.2050 0.9571
vn -0.1818 0.5499 0.8152
vn -0.5500 0.1818 0.8152
vn -0.4931 0.4931 0.7167
vn -0.2049 0.9571 0.2049
vn -0.5500 0.8151 0.1819
vn -0.1818 0.8152 0.5500
vn -0.4931 0.7167 0.4931
vn -0.9571 0.2049 0.2049
vn -0.8151 0.1819 0.5500
vn -0.8152 0.5500 0.1818
vn -0.7167 0.4931 0.4931
vn -0.2049 -0.9571 -0.2049
vn -0.5500 -0.8151 -0.1819
vn -0.1818 -0.8152 -0.5500
vn -0.4931 -0.7167 -0.4931
vn -0.9571 -0.2049 -0.2049
vn -0.8151 -0.1819 -0.5500
vn -0.8152 -0.5500 -0.1818
vn -0.7167 -0.4931 -0.4931
vn -0.2049 -0.2050 -0.9571
vn -0.1818 -0.5499 -0.8152
vn -0.5500 -0.1818 -0.8152
vn -0.4931 -0.4931 -0.7167
vn -0.2049 0.9571 -0.2049
vn -0.1818 0.8152 -0.5500
vn -0.5500 0.8152 -0.1819
vn -0.4931 0.7167 -0.4931
vn -0.2049 0.2050 -0.9571
vn -0.5499 0.1818 -0.8152
vn -0.1818 0.5499 -0.8152
vn -0.4931 0.4931 -0.7167
vn -0.9571 0.2049 -0.2049
vn -0.8152 0.5500 -0.1818
vn -0.8151 0.1819 -0.5500
vn -0.7167 0.4931 -0.4932
vn 0.2049 -0.9571 0.2049
vn 0.5500 -0.8151 0.1819
vn 0.1818 -0.8152 0.5500
vn 0.4931 -0.7167 0.4931
vn 0.9571 -0.2049 0.2049
vn 0.8151 -0.1819 0.5500
vn 0.8152 -0.5500 0.1818
vn 0.7167 -0.4931 0.4931
vn 0.2049 -0.2050 0.9571
vn 0.1818 -0.5499 0.8152
vn 0.5500 -0.1818 0.8152
vn 0.4931 -0.4931 0.7167
vn 0.2049 0.9571 0.2049
vn 0.1818 0.8152 0.5500
vn 0.5500 0.8152 0.1819
vn 0.4931 0.7167 0.4931
vn 0.2049 0.2050 0.9571
vn 0.5499 0.1818 0.8152
vn 0.1818 0.5499 0.8152
vn 0.4931 0.4931 0.7167
vn 0.9571 0.2049 0.2049
vn 0.8152 0.5500 0.1818
vn 0.8151 0.1819 0.5500
vn 0.7167 0.4931 0.4932
vn 0.2049 -0.9571 -0.2049
vn 0.1818 -0.8152 -0.5500
vn 0.5500 -0.8152 -0.1819
vn 0.4931 -0.7167 -0.4931
vn 0.2049 -0.2050 -0.9571
vn 0.5499 -0.1818 -0.8152
vn 0.1818 -0.5499 -0.8152
vn 0.4931 -0.4931 -0.7167
vn 0.9571 -0.2049 -0.2049
vn 0.8152 -0.5500 -0.1818
vn 0.8151 -0.1819 -0.5500
vn 0.7167 -0.4931 -0.4932
vn 0.2049 0.9571 -0.2049
vn 0.5500 0.8151 -0.1819
vn 0.1818 0.8152 -0.5500
vn 0.4931 0.7167 -0.4931
vn 0.9571 0.2049 -0.2049
vn 0.8151 0.1819 -0.5500
vn 0.8152 0.5500 -0.1818
vn 0.7167 0.4931 -0.4931
vn 0.2049 0.2050 -0.9571
vn 0.1818 0.5499 -0.8152
vn 0.5500 0.1818 -0.8152
vn 0.4931 0.4931 -0.7167
vn -0.1951 -0.9808 -0.0000
vn -0.5556 -0.8315 -0.0000
vn -0.8315 -0.5556 -0.0000
vn -0.9808 -0.1952 -0.0000
vn -0.1951 -0.0000 0.9808
vn -0.5556 -0.0000 0.8315
vn -0.8315 -0.0000 0.5556
vn -0.9808 -0.0000 0.1952
vn -0.1951 0.9808 -0.0000
vn -0.5556 0.8315 -0.0000
vn -0.8315 0.5556 -0.0000
vn -0.9808 0.1952 -0.0000
vn -0.1951 -0.0000 -0.9808
vn -0.5556 -0.0000 -0.8315
vn -0.8315 -0.0000 -0.5556
vn -0.9808 -0.0000 -0.1952
vn -0.0000 -0.9808 -0.1951
vn -0.0000 -0.8315 -0.5556
vn -0.0000 -0.5556 -0.8315
vn -0.0000 -0.1951 -0.9808
vn -0.0000 0.9808 -0.1951
vn -0.0000 0.8315 -0.5556
vn -0.0000 0.5556 -0.8315
vn -0.0000 0.1951 -0.9808
vn 0.9808 -0.0000 -0.1952
vn 0.8315 -0.0000 -0.5556
vn 0.5556 -0.0000 -0.8315
vn 0.1951 -0.0000 -0.9808
vn 0.1951 -0.9808 -0.0000
vn 0.5556 -0.8315 -0.0000
vn 0.8315 -0.5556 -0.0000
vn 0.9808 -0.1952 -0.0000
vn 0.1951 0.9808 -0.0000
vn 0.5556 0.8315 -0.0000
vn 0.8315 0.5556 -0.0000
vn 0.9808 0.1952 -0.0000
vn 0.1951 -0.0000 0.9808
vn 0.5556 -0.0000 0.8315
vn 0.8315 -0.0000 0.5556
vn 0.9808 -0.0000 0.1952
vn -0.0000 -0.9808 0.1951
vn -0.0000 -0.8315 0.5556
vn -0.0000 -0.5556 0.8315
vn -0.0000 -0.1951 0.9808
vn -0.0000 0.9808 0.1951
vn -0.0000 0.8315 0.5556
vn -0.0000 0.5556 0.8315
vn -0.0000 0.1951 0.9808
vn -0.0000 -1.0000 -0.0000
vn -1.0000 -0.0000 -0.0000
vn -0.0000 -0.0000 1.0000
vn -0.0000 1.0000 -0.0000
vn -0.0000 -0.0000 -1.0000
vn 1.0000 -0.0000 -0.0000
vt 0.125400 0.749354
vt 0.125400 0.749601
vt 0.125243 0.749608
vt 0.125247 0.749354
vt 0.125400 0.750000
vt 0.125251 0.750000
vt 0.125000 0.749595
vt 0.125000 0.749354
vt 0.125169 0.750000
vt 0.400000 0.999600
vt 0.400000 0.999753
vt 0.390193 0.999757
vt 0.390433 0.999600
vt 0.400000 1.000000
vt 0.390691 1.000000
vt 0.375000 0.999749
vt 0.375000 0.999600
vt 0.385566 1.000000
vt 0.400000 0.000646
vt 0.390433 0.000646
vt 0.390193 0.000392
vt 0.400000 0.000399
vt 0.375000 0.000646
vt 0.375000 0.000405
vt 0.390691 0.000000
vt 0.400000 0.000000
vt 0.375000 0.000273
vt 0.600000 0.999600
vt 0.609567 0.999600
vt 0.609807 0.999757
vt 0.600000 0.999753
vt 0.625000 0.999600
vt 0.625000 0.999749
vt 0.609309 1.000000
vt 0.600000 1.000000
vt 0.625000 0.999831
vt 0.874600 0.749354
vt 0.874753 0.749354
vt 0.874757 0.749608
vt 0.874600 0.749601
vt 0.875000 0.749354
vt 0.875000 0.749595
vt 0.874749 0.750000
vt 0.874600 0.750000
vt 0.875000 0.749727
vt 0.600000 0.000646
vt 0.600000 0.000399
vt 0.609807 0.000392
vt 0.609567 0.000646
vt 0.600000 0.000000
vt 0.609309 0.000000
vt 0.625000 0.000405
vt 0.625000 0.000646
vt 0.614434 0.000000
vt 0.125400 0.500646
vt 0.125247 0.500646
vt 0.125243 0.500392
vt 0.125400 0.500399
vt 0.125000 0.500646
vt 0.125000 0.500405
vt 0.125251 0.500000
vt 0.125400 0.500000
vt 0.125000 0.500273
vt 0.400000 0.249354
vt 0.400000 0.249601
vt 0.390193 0.249608
vt 0.390433 0.249354
vt 0.400000 0.250000
vt 0.390691 0.250000
vt 0.375000 0.249595
vt 0.375000 0.249354
vt 0.380283 0.250085
vt 0.400000 0.250400
vt 0.390433 0.250400
vt 0.390193 0.250243
vt 0.400000 0.250247
vt 0.375000 0.250400
vt 0.375000 0.250251
vt 0.874600 0.500646
vt 0.874600 0.500399
vt 0.874757 0.500393
vt 0.874753 0.500646
vt 0.874600 0.500000
vt 0.874749 0.500000
vt 0.875000 0.500405
vt 0.875000 0.500646
vt 0.874831 0.500000
vt 0.600000 0.250400
vt 0.600000 0.250247
vt 0.609807 0.250243
vt 0.609567 0.250400
vt 0.600000 0.250000
vt 0.609309 0.250000
vt 0.625000 0.250251
vt 0.625000 0.250400
vt 0.619717 0.249864
vt 0.600000 0.249354
vt 0.609567 0.249354
vt 0.609807 0.249608
vt 0.600000 0.249601
vt 0.625000 0.249354
vt 0.625000 0.249595
vt 0.374600 0.749354
vt 0.374753 0.749354
vt 0.374757 0.749608
vt 0.374600 0.749601
vt 0.375000 0.749354
vt 0.375000 0.749595
vt 0.374875 0.750126
vt 0.374800 0.750200
vt 0.378522 0.749965
vt 0.400000 0.749354
vt 0.400000 0.749601
vt 0.390193 0.749608
vt 0.390433 0.749354
vt 0.400000 0.750000
vt 0.390691 0.750000
vt 0.400000 0.750400
vt 0.390433 0.750400
vt 0.390193 0.750243
vt 0.400000 0.750247
vt 0.625400 0.749354
vt 0.625400 0.749601
vt 0.625243 0.749608
vt 0.625247 0.749354
vt 0.625200 0.750200
vt 0.625126 0.750126
vt 0.625000 0.749595
vt 0.625000 0.749354
vt 0.621534 0.749909
vt 0.600000 0.750400
vt 0.600000 0.750247
vt 0.609807 0.750243
vt 0.609567 0.750400
vt 0.600000 0.750000
vt 0.609309 0.750000
vt 0.600000 0.749354
vt 0.609567 0.749354
vt 0.609807 0.749608
vt 0.600000 0.749601
vt 0.374600 0.500646
vt 0.374600 0.500399
vt 0.374757 0.500393
vt 0.374753 0.500646
vt 0.374800 0.499800
vt 0.374875 0.499875
vt 0.375000 0.500405
vt 0.375000 0.500646
vt 0.378466 0.500091
vt 0.400000 0.499600
vt 0.400000 0.499753
vt 0.390193 0.499757
vt 0.390433 0.499600
vt 0.400000 0.500000
vt 0.390691 0.500000
vt 0.400000 0.500646
vt 0.390433 0.500646
vt 0.390193 0.500392
vt 0.400000 0.500399
vt 0.625400 0.500646
vt 0.625247 0.500646
vt 0.625243 0.500392
vt 0.625400 0.500399
vt 0.625000 0.500646
vt 0.625000 0.500405
vt 0.625125 0.499874
vt 0.625200 0.499800
vt 0.621478 0.500035
vt 0.600000 0.500646
vt 0.600000 0.500399
vt 0.609807 0.500392
vt 0.609567 0.500646
vt 0.600000 0.500000
vt 0.609309 0.500000
vt 0.600000 0.499600
vt 0.609567 0.499600
vt 0.609807 0.499757
vt 0.600000 0.499753
s 0
usemtl Glass
f 2969/3807/2755 2972/3808/2755 2975/3809/2755 2974/3810/2755
f 2972/3808/2756 2973/3811/2756 2976/3812/2756 2975/3809/2756
f 2974/3810/2757 2975/3809/2757 2987/3813/2757 2984/3814/2757
f 2975/3809/2758 2976/3812/2758 2977/3815/2758 2987/3813/2758
f 2970/3816/2759 2978/3817/2759 2981/3818/2759 2980/3819/2759
f 2978/3817/2760 2979/3820/2760 2982/3821/2760 2981/3818/2760
f 2980/3819/2761 2981/3818/2761 2976/3822/2761 2973/3823/2761
f 2981/3818/2762 2982/3821/2762 2977/3824/2762 2976/3822/2762
f 2971/3825/2763 2983/3826/2763 2986/3827/2763 2985/3828/2763
f 2983/3826/2764 2984/3829/2764 2987/3830/2764 2986/3827/2764
f 2985/3828/2765 2986/3827/2765 2982/3831/2765 2979/3832/2765
f 2986/3827/2766 2987/3830/2766 2977/3833/2766 2982/3831/2766
f 2988/3834/2767 2991/3835/2767 2994/3836/2767 2993/3837/2767
f 2991/3835/2768 2992/3838/2768 2995/3839/2768 2994/3836/2768
f 2993/3837/2769 2994/3836/2769 3006/3840/2769 3003/3841/2769
f 2994/3836/2770 2995/3839/2770 2996/3842/2770 3006/3840/2770
f 2989/3843/2771 2997/3844/2771 3000/3845/2771 2999/3846/2771
f 2997/3844/2772 2998/3847/2772 3001/3848/2772 3000/3845/2772
f 2999/3846/2773 3000/3845/2773 2995/3849/2773 2992/3850/2773
f 3000/3845/2774 3001/3848/2774 2996/3851/2774 2995/3849/2774
f 2990/3852/2775 3002/3853/2775 3005/3854/2775 3004/3855/2775
f 3002/3853/2776 3003/3856/2776 3006/3857/2776 3005/3854/2776
f 3004/3855/2777 3005/3854/2777 3001/3858/2777 2998/3859/2777
f 3005/3854/2778 3006/3857/2778 2996/3860/2778 3001/3858/2778
f 3007/3861/2779 3010/3862/2779 3013/3863/2779 3012/3864/2779
f 3010/3862/2780 3011/3865/2780 3014/3866/2780 3013/3863/2780
f 3012/3864/2781 3013/3863/2781 3025/3867/2781 3022/3868/2781
f 3013/3863/2782 3014/3866/2782 3015/3869/2782 3025/3867/2782
f 3008/3870/2783 3016/3871/2783 3019/3872/2783 3018/3873/2783
f 3016/3871/2784 3017/3874/2784 3020/3875/2784 3019/3872/2784
f 3018/3873/2785 3019/3872/2785 3014/3876/2785 3011/3877/2785
f 3019/3872/2786 3020/3875/2786 3015/3878/2786 3014/3876/2786
f 3009/3879/2787 3021/3880/2787 3024/3881/2787 3023/3882/2787
f 3021/3880/2788 3022/3883/2788 3025/3884/2788 3024/3881/2788
f 3023/3882/2789 3024/3881/2789 3020/3875/2789 3017/3874/2789
f 3024/3881/2790 3025/3884/2790 3015/3878/2790 3020/3875/2790
f 3026/3885/2791 3029/3886/2791 3032/3887/2791 3031/3888/2791
f 3029/3886/2792 3030/3889/2792 3033/3890/2792 3032/3887/2792
f 3031/3888/2793 3032/3887/2793 3044/3891/2793 3041/3892/2793
f 3032/3887/2794 3033/3890/2794 3034/3893/2794 3044/3891/2794
f 3027/3894/2795 3035/3895/2795 3038/3896/2795 3037/3897/2795
f 3035/3895/2796 3036/3898/2796 3039/3899/2796 3038/3896/2796
f 3037/3897/2797 3038/3896/2797 3033/3900/2797 3030/3901/2797
f 3038/3896/2798 3039/3899/2798 3034/3902/2798 3033/3900/2798
f 3028/3903/2799 3040/3904/2799 3043/3905/2799 3042/3906/2799
f 3040/3904/2800 3041/3907/2800 3044/3908/2800 3043/3905/2800
f 3042/3906/2801 3043/3905/2801 3039/3899/2801 3036/3898/2801
f 3043/3905/2802 3044/3908/2802 3034/3902/2802 3039/3899/2802
f 3045/3909/2803 3048/3910/2803 3051/3911/2803 3050/3912/2803
f 3048/3910/2804 3049/3913/2804 3052/3914/2804 3051/3911/2804
f 3050/3912/2805 3051/3911/2805 3063/3915/2805 3060/3916/2805
f 3051/3911/2806 3052/3914/2806 3053/3917/2806 3063/3915/2806
f 3046/3918/2807 3054/3919/2807 3057/3920/2807 3056/3921/2807
f 3054/3919/2808 3055/3922/2808 3058/3923/2808 3057/3920/2808
f 3056/3921/2809 3057/3920/2809 3052/3914/2809 3049/3913/2809
f 3057/3920/2810 3058/3923/2810 3053/3917/2810 3052/3914/2810
f 3047/3924/2811 3059/3925/2811 3062/3926/2811 3061/3927/2811
f 3059/3925/2812 3060/3916/2812 3063/3915/2812 3062/3926/2812
f 3061/3927/2813 3062/3926/2813 3058/3923/2813 3055/3922/2813
f 3062/3926/2814 3063/3915/2814 3053/3917/2814 3058/3923/2814
f 3064/3928/2815 3067/3929/2815 3070/3930/2815 3069/3931/2815
f 3067/3929/2816 3068/3932/2816 3071/3933/2816 3070/3930/2816
f 3069/3931/2817 3070/3930/2817 3082/3934/2817 3079/3935/2817
f 3070/3930/2818 3071/3933/2818 3072/3936/2818 3082/3934/2818
f 3065/3937/2819 3073/3938/2819 3076/3939/2819 3075/3940/2819
f 3073/3938/2820 3074/3941/2820 3077/3942/2820 3076/3939/2820
f 3075/3940/2821 3076/3939/2821 3071/3933/2821 3068/3932/2821
f 3076/3939/2822 3077/3942/2822 3072/3936/2822 3071/3933/2822
f 3066/3943/2823 3078/3944/2823 3081/3945/2823 3080/3946/2823
f 3078/3944/2824 3079/3935/2824 3082/3934/2824 3081/3945/2824
f 3080/3946/2825 3081/3945/2825 3077/3942/2825 3074/3941/2825
f 3081/3945/2826 3082/3934/2826 3072/3936/2826 3077/3942/2826
f 3083/3947/2827 3086/3948/2827 3089/3949/2827 3088/3950/2827
f 3086/3948/2828 3087/3951/2828 3090/3952/2828 3089/3949/2828
f 3088/3950/2829 3089/3949/2829 3101/3953/2829 3098/3954/2829
f 3089/3949/2830 3090/3952/2830 3091/3955/2830 3101/3953/2830
f 3084/3956/2831 3092/3957/2831 3095/3958/2831 3094/3959/2831
f 3092/3957/2832 3093/3960/2832 3096/3961/2832 3095/3958/2832
f 3094/3959/2833 3095/3958/2833 3090/3952/2833 3087/3951/2833
f 3095/3958/2834 3096/3961/2834 3091/3955/2834 3090/3952/2834
f 3085/3962/2835 3097/3963/2835 3100/3964/2835 3099/3965/2835
f 3097/3963/2836 3098/3954/2836 3101/3953/2836 3100/3964/2836
f 3099/3965/2837 3100/3964/2837 3096/3961/2837 3093/3960/2837
f 3100/3964/2838 3101/3953/2838 3091/3955/2838 3096/3961/2838
f 3102/3966/2839 3105/3967/2839 3108/3968/2839 3107/3969/2839
f 3105/3967/2840 3106/3970/2840 3109/3971/2840 3108/3968/2840
f 3107/3969/2841 3108/3968/2841 3120/3972/2841 3117/3973/2841
f 3108/3968/2842 3109/3971/2842 3110/3974/2842 3120/3972/2842
f 3103/3975/2843 3111/3976/2843 3114/3977/2843 3113/3978/2843
f 3111/3976/2844 3112/3979/2844 3115/3980/2844 3114/3977/2844
f 3113/3978/2845 3114/3977/2845 3109/3971/2845 3106/3970/2845
f 3114/3977/2846 3115/3980/2846 3110/3974/2846 3109/3971/2846
f 3104/3981/2847 3116/3982/2847 3119/3983/2847 3118/3984/2847
f 3116/3982/2848 3117/3973/2848 3120/3972/2848 3119/3983/2848
f 3118/3984/2849 3119/3983/2849 3115/3980/2849 3112/3979/2849
f 3119/3983/2850 3120/3972/2850 3110/3974/2850 3115/3980/2850
f 3007/3861/2851 2969/3807/2851 2974/3810/2851 3010/3862/2851
f 3010/3862/2852 2974/3810/2852 2984/3814/2852 3011/3865/2852
f 3011/3877/2853 2984/3829/2853 2983/3826/2853 3018/3873/2853
f 3018/3873/2854 2983/3826/2854 2971/3825/2854 3008/3870/2854
f 2970/3816/2855 2988/3834/2855 2993/3837/2855 2978/3817/2855
f 2978/3817/2856 2993/3837/2856 3003/3841/2856 2979/3820/2856
f 2979/3832/2857 3003/3856/2857 3002/3853/2857 2985/3828/2857
f 2985/3828/2858 3002/3853/2858 2990/3852/2858 2971/3825/2858
f 2989/3843/2859 3026/3885/2859 3031/3888/2859 2997/3844/2859
f 2997/3844/2860 3031/3888/2860 3041/3892/2860 2998/3847/2860
f 2998/3859/2861 3041/3907/2861 3040/3904/2861 3004/3855/2861
f 3004/3855/2862 3040/3904/2862 3028/3903/2862 2990/3852/2862
f 3027/3894/2863 3009/3879/2863 3023/3882/2863 3035/3895/2863
f 3035/3895/2864 3023/3882/2864 3017/3874/2864 3036/3898/2864
f 3036/3898/2865 3017/3874/2865 3016/3871/2865 3042/3906/2865
f 3042/3906/2866 3016/3871/2866 3008/3870/2866 3028/3903/2866
f 3083/3947/2867 3007/3861/2867 3012/3864/2867 3086/3948/2867
f 3086/3948/2868 3012/3864/2868 3022/3868/2868 3087/3951/2868
f 3087/3951/2869 3022/3883/2869 3021/3880/2869 3094/3959/2869
f 3094/3959/2870 3021/3880/2870 3009/3879/2870 3084/3956/2870
f 3026/3885/2871 3102/3966/2871 3107/3969/2871 3029/3886/2871
f 3029/3886/2872 3107/3969/2872 3117/3973/2872 3030/3889/2872
f 3030/3901/2873 3117/3973/2873 3116/3982/2873 3037/3897/2873
f 3037/3897/2874 3116/3982/2874 3104/3981/2874 3027/3894/2874
f 3103/3975/2875 3085/3962/2875 3099/3965/2875 3111/3976/2875
f 3111/3976/2876 3099/3965/2876 3093/3960/2876 3112/3979/2876
f 3112/3979/2877 3093/3960/2877 3092/3957/2877 3118/3984/2877
f 3118/3984/2878 3092/3957/2878 3084/3956/2878 3104/3981/2878
f 3045/3909/2879 3083/3947/2879 3088/3950/2879 3048/3910/2879
f 3048/3910/2880 3088/3950/2880 3098/3954/2880 3049/3913/2880
f 3049/3913/2881 3098/3954/2881 3097/3963/2881 3056/3921/2881
f 3056/3921/2882 3097/3963/2882 3085/3962/2882 3046/3918/2882
f 3102/3966/2883 3064/3928/2883 3069/3931/2883 3105/3967/2883
f 3105/3967/2884 3069/3931/2884 3079/3935/2884 3106/3970/2884
f 3106/3970/2885 3079/3935/2885 3078/3944/2885 3113/3978/2885
f 3113/3978/2886 3078/3944/2886 3066/3943/2886 3103/3975/2886
f 3065/3937/2887 3047/3924/2887 3061/3927/2887 3073/3938/2887
f 3073/3938/2888 3061/3927/2888 3055/3922/2888 3074/3941/2888
f 3074/3941/2889 3055/3922/2889 3054/3919/2889 3080/3946/2889
f 3080/3946/2890 3054/3919/2890 3046/3918/2890 3066/3943/2890
f 2969/3807/2891 3045/3909/2891 3050/3912/2891 2972/3808/2891
f 2972/3808/2892 3050/3912/2892 3060/3916/2892 2973/3811/2892
f 2973/3823/2893 3060/3916/2893 3059/3925/2893 2980/3819/2893
f 2980/3819/2894 3059/3925/2894 3047/3924/2894 2970/3816/2894
f 3064/3928/2895 2989/3843/2895 2999/3846/2895 3067/3929/2895
f 3067/3929/2896 2999/3846/2896 2992/3850/2896 3068/3932/2896
f 3068/3932/2897 2992/3838/2897 2991/3835/2897 3075/3940/2897
f 3075/3940/2898 2991/3835/2898 2988/3834/2898 3065/3937/2898
f 3007/3861/2899 3083/3947/2899 3045/3909/2899 2969/3807/2899
f 2971/3825/2900 2990/3852/2900 3028/3903/2900 3008/3870/2900
f 3047/3924/2901 3065/3937/2901 2988/3834/2901 2970/3816/2901
f 3102/3966/2902 3026/3885/2902 2989/3843/2902 3064/3928/2902
f 3009/3879/2903 3027/3894/2903 3104/3981/2903 3084/3956/2903
f 3085/3962/2904 3103/3975/2904 3066/3943/2904 3046/3918/2904
o 18_TrackpadMechanics
v -0.062220 0.006250 0.104770
v -0.062220 0.006550 0.105070
v -0.062520 0.006550 0.104770
v -0.062220 0.006273 0.104885
v -0.062220 0.006338 0.104982
v -0.062335 0.006273 0.104770
v -0.062338 0.006300 0.104888
v -0.062332 0.006353 0.104967
v -0.062393 0.006377 0.104943
v -0.062335 0.006550 0.105047
v -0.062432 0.006550 0.104982
v -0.062220 0.006435 0.105047
v -0.062338 0.006432 0.105020
v -0.062417 0.006438 0.104967
v -0.062497 0.006435 0.104770
v -0.062432 0.006338 0.104770
v -0.062497 0.006550 0.104885
v -0.062470 0.006432 0.104888
v -0.062417 0.006353 0.104882
v -0.062220 0.008950 0.105070
v -0.062220 0.009250 0.104770
v -0.062520 0.008950 0.104770
v -0.062220 0.009065 0.105047
v -0.062220 0.009162 0.104982
v -0.062335 0.008950 0.105047
v -0.062338 0.009068 0.105020
v -0.062332 0.009147 0.104967
v -0.062393 0.009123 0.104943
v -0.062335 0.009227 0.104770
v -0.062432 0.009162 0.104770
v -0.062220 0.009227 0.104885
v -0.062338 0.009200 0.104888
v -0.062417 0.009147 0.104882
v -0.062497 0.008950 0.104885
v -0.062432 0.008950 0.104982
v -0.062497 0.009065 0.104770
v -0.062470 0.009068 0.104888
v -0.062417 0.009062 0.104967
v -0.062220 0.006250 0.027950
v -0.062520 0.006550 0.027950
v -0.062220 0.006550 0.027650
v -0.062335 0.006273 0.027950
v -0.062432 0.006338 0.027950
v -0.062220 0.006273 0.027835
v -0.062338 0.006300 0.027832
v -0.062417 0.006353 0.027838
v -0.062393 0.006377 0.027777
v -0.062497 0.006550 0.027835
v -0.062432 0.006550 0.027738
v -0.062497 0.006435 0.027950
v -0.062470 0.006432 0.027832
v -0.062417 0.006438 0.027753
v -0.062220 0.006435 0.027673
v -0.062220 0.006338 0.027738
v -0.062335 0.006550 0.027673
v -0.062338 0.006432 0.027700
v -0.062332 0.006353 0.027753
v -0.062220 0.009250 0.027950
v -0.062220 0.008950 0.027650
v -0.062520 0.008950 0.027950
v -0.062220 0.009227 0.027835
v -0.062220 0.009162 0.027738
v -0.062335 0.009227 0.027950
v -0.062338 0.009200 0.027832
v -0.062332 0.009147 0.027753
v -0.062393 0.009123 0.027777
v -0.062335 0.008950 0.027673
v -0.062432 0.008950 0.027738
v -0.062220 0.009065 0.027673
v -0.062338 0.009068 0.027700
v -0.062417 0.009062 0.027753
v -0.062497 0.009065 0.027950
v -0.062432 0.009162 0.027950
v -0.062497 0.008950 0.027835
v -0.062470 0.009068 0.027832
v -0.062417 0.009147 0.027838
v 0.062220 0.006250 0.104770
v 0.062520 0.006550 0.104770
v 0.062220 0.006550 0.105070
v 0.062335 0.006273 0.104770
v 0.062432 0.006338 0.104770
v 0.062220 0.006273 0.104885
v 0.062338 0.006300 0.104888
v 0.062417 0.006353 0.104882
v 0.062393 0.006377 0.104943
v 0.062497 0.006550 0.104885
v 0.062432 0.006550 0.104982
v 0.062497 0.006435 0.104770
v 0.062470 0.006432 0.104888
v 0.062417 0.006438 0.104967
v 0.062220 0.006435 0.105047
v 0.062220 0.006338 0.104982
v 0.062335 0.006550 0.105047
v 0.062338 0.006432 0.105020
v 0.062332 0.006353 0.104967
v 0.062220 0.009250 0.104770
v 0.062220 0.008950 0.105070
v 0.062520 0.008950 0.104770
v 0.062220 0.009227 0.104885
v 0.062220 0.009162 0.104982
v 0.062335 0.009227 0.104770
v 0.062338 0.009200 0.104888
v 0.062332 0.009147 0.104967
v 0.062393 0.009123 0.104943
v 0.062335 0.008950 0.105047
v 0.062432 0.008950 0.104982
v 0.062220 0.009065 0.105047
v 0.062338 0.009068 0.105020
v 0.062417 0.009062 0.104967
v 0.062497 0.009065 0.104770
v 0.062432 0.009162 0.104770
v 0.062497 0.008950 0.104885
v 0.062470 0.009068 0.104888
v 0.062417 0.009147 0.104882
v 0.062220 0.006250 0.027950
v 0.062220 0.006550 0.027650
v 0.062520 0.006550 0.027950
v 0.062220 0.006273 0.027835
v 0.062220 0.006338 0.027738
v 0.062335 0.006273 0.027950
v 0.062338 0.006300 0.027832
v 0.062332 0.006353 0.027753
v 0.062393 0.006377 0.027777
v 0.062335 0.006550 0.027673
v 0.062432 0.006550 0.027738
v 0.062220 0.006435 0.027673
v 0.062338 0.006432 0.027700
v 0.062417 0.006438 0.027753
v 0.062497 0.006435 0.027950
v 0.062432 0.006338 0.027950
v 0.062497 0.006550 0.027835
v 0.062470 0.006432 0.027832
v 0.062417 0.006353 0.027838
v 0.062220 0.009250 0.027950
v 0.062520 0.008950 0.027950
v 0.062220 0.008950 0.027650
v 0.062335 0.009227 0.027950
v 0.062432 0.009162 0.027950
v 0.062220 0.009227 0.027835
v 0.062338 0.009200 0.027832
v 0.062417 0.009147 0.027838
v 0.062393 0.009123 0.027777
v 0.062497 0.008950 0.027835
v 0.062432 0.008950 0.027738
v 0.062497 0.009065 0.027950
v 0.062470 0.009068 0.027832
v 0.062417 0.009062 0.027753
v 0.062220 0.009065 0.027673
v 0.062220 0.009162 0.027738
v 0.062335 0.008950 0.027673
v 0.062338 0.009068 0.027700
v 0.062332 0.009147 0.027753
vn -0.2049 -0.9571 0.2049
vn -0.1818 -0.8151 0.5500
vn -0.5500 -0.8152 0.1818
vn -0.4931 -0.7168 0.4931
vn -0.2049 -0.2049 0.9571
vn -0.5500 -0.1818 0.8152
vn -0.1818 -0.5500 0.8151
vn -0.4931 -0.4931 0.7167
vn -0.9571 -0.2049 0.2049
vn -0.8152 -0.5500 0.1818
vn -0.8152 -0.1818 0.5499
vn -0.7167 -0.4931 0.4931
vn -0.2049 0.2049 0.9571
vn -0.1818 0.5500 0.8151
vn -0.5499 0.1818 0.8152
vn -0.4931 0.4931 0.7167
vn -0.2049 0.9571 0.2049
vn -0.5500 0.8152 0.1818
vn -0.1818 0.8152 0.5500
vn -0.4931 0.7168 0.4931
vn -0.9571 0.2049 0.2049
vn -0.8152 0.1818 0.5500
vn -0.8152 0.5499 0.1818
vn -0.7167 0.4931 0.4931
vn -0.2049 -0.9571 -0.2049
vn -0.5500 -0.8152 -0.1818
vn -0.1818 -0.8152 -0.5500
vn -0.4931 -0.7168 -0.4931
vn -0.9571 -0.2049 -0.2049
vn -0.8152 -0.1818 -0.5500
vn -0.8152 -0.5499 -0.1818
vn -0.7167 -0.4931 -0.4931
vn -0.2049 -0.2049 -0.9571
vn -0.1818 -0.5500 -0.8151
vn -0.5499 -0.1818 -0.8152
vn -0.4931 -0.4931 -0.7167
vn -0.2049 0.9571 -0.2049
vn -0.1818 0.8151 -0.5500
vn -0.5500 0.8152 -0.1818
vn -0.4931 0.7168 -0.4931
vn -0.2049 0.2049 -0.9571
vn -0.5500 0.1818 -0.8152
vn -0.1818 0.5500 -0.8151
vn -0.4931 0.4931 -0.7167
vn -0.9571 0.2049 -0.2049
vn -0.8152 0.5500 -0.1818
vn -0.8152 0.1818 -0.5499
vn -0.7167 0.4931 -0.4931
vn 0.2049 -0.9571 0.2049
vn 0.5500 -0.8152 0.1818
vn 0.1818 -0.8152 0.5500
vn 0.4931 -0.7168 0.4931
vn 0.9571 -0.2049 0.2049
vn 0.8152 -0.1818 0.5500
vn 0.8152 -0.5499 0.1818
vn 0.7167 -0.4931 0.4931
vn 0.2049 -0.2049 0.9571
vn 0.1818 -0.5500 0.8151
vn 0.5499 -0.1818 0.8152
vn 0.4931 -0.4931 0.7167
vn 0.2049 0.9571 0.2049
vn 0.1818 0.8151 0.5500
vn 0.5500 0.8152 0.1818
vn 0.4931 0.7168 0.4931
vn 0.2049 0.2049 0.9571
vn 0.5500 0.1818 0.8152
vn 0.1818 0.5500 0.8151
vn 0.4931 0.4931 0.7167
vn 0.9571 0.2049 0.2049
vn 0.8152 0.5500 0.1818
vn 0.8152 0.1818 0.5499
vn 0.7167 0.4931 0.4931
vn 0.2049 -0.9571 -0.2049
vn 0.1818 -0.8151 -0.5500
vn 0.5500 -0.8152 -0.1818
vn 0.4931 -0.7168 -0.4931
vn 0.2049 -0.2049 -0.9571
vn 0.5500 -0.1818 -0.8152
vn 0.1818 -0.5500 -0.8151
vn 0.4931 -0.4931 -0.7167
vn 0.9571 -0.2049 -0.2049
vn 0.8152 -0.5500 -0.1818
vn 0.8152 -0.1818 -0.5499
vn 0.7167 -0.4931 -0.4931
vn 0.2049 0.9571 -0.2049
vn 0.5500 0.8152 -0.1818
vn 0.1818 0.8152 -0.5500
vn 0.4931 0.7168 -0.4931
vn 0.9571 0.2049 -0.2049
vn 0.8152 0.1818 -0.5500
vn 0.8152 0.5499 -0.1818
vn 0.7167 0.4931 -0.4931
vn 0.2049 0.2049 -0.9571
vn 0.1818 0.5500 -0.8151
vn 0.5499 0.1818 -0.8152
vn 0.4931 0.4931 -0.7167
vn -0.1951 -0.9808 -0.0000
vn -0.5556 -0.8315 -0.0000
vn -0.8315 -0.5556 -0.0000
vn -0.9808 -0.1951 -0.0000
vn -0.1951 -0.0000 0.9808
vn -0.5556 -0.0000 0.8315
vn -0.8315 -0.0000 0.5556
vn -0.9808 -0.0000 0.1951
vn -0.1951 0.9808 -0.0000
vn -0.5556 0.8315 -0.0000
vn -0.8315 0.5556 -0.0000
vn -0.9808 0.1951 -0.0000
vn -0.1951 -0.0000 -0.9808
vn -0.5556 -0.0000 -0.8315
vn -0.8315 -0.0000 -0.5556
vn -0.9808 -0.0000 -0.1951
vn -0.0000 -0.9808 -0.1951
vn -0.0000 -0.8315 -0.5556
vn -0.0000 -0.5556 -0.8315
vn -0.0000 -0.1951 -0.9808
vn -0.0000 0.9808 -0.1951
vn -0.0000 0.8315 -0.5556
vn -0.0000 0.5556 -0.8315
vn -0.0000 0.1951 -0.9808
vn 0.9808 -0.0000 -0.1951
vn 0.8315 -0.0000 -0.5556
vn 0.5556 -0.0000 -0.8315
vn 0.1951 -0.0000 -0.9808
vn 0.1951 -0.9808 -0.0000
vn 0.5556 -0.8315 -0.0000
vn 0.8315 -0.5556 -0.0000
vn 0.9808 -0.1951 -0.0000
vn 0.1951 0.9808 -0.0000
vn 0.5556 0.8315 -0.0000
vn 0.8315 0.5556 -0.0000
vn 0.9808 0.1951 -0.0000
vn 0.1951 -0.0000 0.9808
vn 0.5556 -0.0000 0.8315
vn 0.8315 -0.0000 0.5556
vn 0.9808 -0.0000 0.1951
vn -0.0000 -0.9808 0.1951
vn -0.0000 -0.8315 0.5556
vn -0.0000 -0.5556 0.8315
vn -0.0000 -0.1951 0.9808
vn -0.0000 0.9808 0.1951
vn -0.0000 0.8315 0.5556
vn -0.0000 0.5556 0.8315
vn -0.0000 0.1951 0.9808
vn -0.0000 -1.0000 -0.0000
vn -1.0000 -0.0000 -0.0000
vn -0.0000 -0.0000 1.0000
vn -0.0000 1.0000 -0.0000
vn -0.0000 -0.0000 -1.0000
vn 1.0000 -0.0000 -0.0000
vt 0.125600 0.749031
vt 0.125600 0.749402
vt 0.125365 0.749411
vt 0.125370 0.749031
vt 0.125600 0.750000
vt 0.125376 0.750000
vt 0.125000 0.749392
vt 0.125000 0.749031
vt 0.125254 0.750000
vt 0.400000 0.999400
vt 0.400000 0.999630
vt 0.390193 0.999635
vt 0.390433 0.999400
vt 0.400000 1.000000
vt 0.390691 1.000000
vt 0.375000 0.999624
vt 0.375000 0.999400
vt 0.385566 1.000000
vt 0.400000 0.000969
vt 0.390433 0.000969
vt 0.390193 0.000589
vt 0.400000 0.000598
vt 0.375000 0.000969
vt 0.375000 0.000608
vt 0.390691 0.000000
vt 0.400000 0.000000
vt 0.375000 0.000409
vt 0.600000 0.999400
vt 0.609567 0.999400
vt 0.609807 0.999635
vt 0.600000 0.999630
vt 0.625000 0.999400
vt 0.625000 0.999624
vt 0.609309 1.000000
vt 0.600000 1.000000
vt 0.625000 0.999747
vt 0.874400 0.749031
vt 0.874630 0.749031
vt 0.874635 0.749411
vt 0.874400 0.749402
vt 0.875000 0.749031
vt 0.875000 0.749392
vt 0.874624 0.750000
vt 0.874400 0.750000
vt 0.875000 0.749591
vt 0.600000 0.000969
vt 0.600000 0.000598
vt 0.609807 0.000589
vt 0.609567 0.000969
vt 0.600000 0.000000
vt 0.609309 0.000000
vt 0.625000 0.000608
vt 0.625000 0.000969
vt 0.614434 0.000000
vt 0.125600 0.500969
vt 0.125370 0.500969
vt 0.125365 0.500589
vt 0.125600 0.500598
vt 0.125000 0.500969
vt 0.125000 0.500608
vt 0.125376 0.500000
vt 0.125600 0.500000
vt 0.125000 0.500409
vt 0.400000 0.249031
vt 0.400000 0.249402
vt 0.390193 0.249411
vt 0.390433 0.249031
vt 0.400000 0.250000
vt 0.390691 0.250000
vt 0.375000 0.249392
vt 0.375000 0.249031
vt 0.380283 0.250127
vt 0.400000 0.250600
vt 0.390433 0.250600
vt 0.390193 0.250365
vt 0.400000 0.250370
vt 0.375000 0.250600
vt 0.375000 0.250376
vt 0.874400 0.500969
vt 0.874400 0.500598
vt 0.874635 0.500589
vt 0.874630 0.500969
vt 0.874400 0.500000
vt 0.874624 0.500000
vt 0.875000 0.500608
vt 0.875000 0.500969
vt 0.874747 0.500000
vt 0.600000 0.250600
vt 0.600000 0.250370
vt 0.609807 0.250365
vt 0.609567 0.250600
vt 0.600000 0.250000
vt 0.609309 0.250000
vt 0.625000 0.250376
vt 0.625000 0.250600
vt 0.619717 0.249795
vt 0.600000 0.249031
vt 0.609567 0.249031
vt 0.609807 0.249411
vt 0.600000 0.249402
vt 0.625000 0.249031
vt 0.625000 0.249392
vt 0.374400 0.749031
vt 0.374630 0.749031
vt 0.374635 0.749411
vt 0.374400 0.749402
vt 0.375000 0.749031
vt 0.375000 0.749392
vt 0.374812 0.750188
vt 0.374700 0.750300
vt 0.378522 0.749948
vt 0.400000 0.749031
vt 0.400000 0.749402
vt 0.390193 0.749411
vt 0.390433 0.749031
vt 0.400000 0.750000
vt 0.390691 0.750000
vt 0.400000 0.750600
vt 0.390433 0.750600
vt 0.390193 0.750364
vt 0.400000 0.750370
vt 0.625600 0.749031
vt 0.625600 0.749402
vt 0.625365 0.749411
vt 0.625370 0.749031
vt 0.625300 0.750300
vt 0.625188 0.750188
vt 0.625000 0.749392
vt 0.625000 0.749031
vt 0.621562 0.749864
vt 0.600000 0.750600
vt 0.600000 0.750370
vt 0.609807 0.750364
vt 0.609567 0.750600
vt 0.600000 0.750000
vt 0.609309 0.750000
vt 0.600000 0.749031
vt 0.609567 0.749031
vt 0.609807 0.749411
vt 0.600000 0.749402
vt 0.374400 0.500969
vt 0.374400 0.500598
vt 0.374635 0.500589
vt 0.374630 0.500969
vt 0.374700 0.499700
vt 0.374812 0.499812
vt 0.375000 0.500608
vt 0.375000 0.500969
vt 0.378438 0.500136
vt 0.400000 0.499400
vt 0.400000 0.499630
vt 0.390193 0.499635
vt 0.390433 0.499400
vt 0.400000 0.500000
vt 0.390691 0.500000
vt 0.400000 0.500969
vt 0.390433 0.500969
vt 0.390193 0.500589
vt 0.400000 0.500598
vt 0.625600 0.500969
vt 0.625370 0.500969
vt 0.625364 0.500589
vt 0.625600 0.500598
vt 0.625000 0.500969
vt 0.625000 0.500608
vt 0.625188 0.499812
vt 0.625300 0.499700
vt 0.621478 0.500052
vt 0.600000 0.500969
vt 0.600000 0.500598
vt 0.609807 0.500589
vt 0.609567 0.500969
vt 0.600000 0.500000
vt 0.609309 0.500000
vt 0.600000 0.499400
vt 0.609567 0.499400
vt 0.609807 0.499635
vt 0.600000 0.499630
s 0
usemtl Steel
f 3121/3985/2905 3124/3986/2905 3127/3987/2905 3126/3988/2905
f 3124/3986/2906 3125/3989/2906 3128/3990/2906 3127/3987/2906
f 3126/3988/2907 3127/3987/2907 3139/3991/2907 3136/3992/2907
f 3127/3987/2908 3128/3990/2908 3129/3993/2908 3139/3991/2908
f 3122/3994/2909 3130/3995/2909 3133/3996/2909 3132/3997/2909
f 3130/3995/2910 3131/3998/2910 3134/3999/2910 3133/3996/2910
f 3132/3997/2911 3133/3996/2911 3128/4000/2911 3125/4001/2911
f 3133/3996/2912 3134/3999/2912 3129/4002/2912 3128/4000/2912
f 3123/4003/2913 3135/4004/2913 3138/4005/2913 3137/4006/2913
f 3135/4004/2914 3136/4007/2914 3139/4008/2914 3138/4005/2914
f 3137/4006/2915 3138/4005/2915 3134/4009/2915 3131/4010/2915
f 3138/4005/2916 3139/4008/2916 3129/4011/2916 3134/4009/2916
f 3140/4012/2917 3143/4013/2917 3146/4014/2917 3145/4015/2917
f 3143/4013/2918 3144/4016/2918 3147/4017/2918 3146/4014/2918
f 3145/4015/2919 3146/4014/2919 3158/4018/2919 3155/4019/2919
f 3146/4014/2920 3147/4017/2920 3148/4020/2920 3158/4018/2920
f 3141/4021/2921 3149/4022/2921 3152/4023/2921 3151/4024/2921
f 3149/4022/2922 3150/4025/2922 3153/4026/2922 3152/4023/2922
f 3151/4024/2923 3152/4023/2923 3147/4027/2923 3144/4028/2923
f 3152/4023/2924 3153/4026/2924 3148/4029/2924 3147/4027/2924
f 3142/4030/2925 3154/4031/2925 3157/4032/2925 3156/4033/2925
f 3154/4031/2926 3155/4034/2926 3158/4035/2926 3157/4032/2926
f 3156/4033/2927 3157/4032/2927 3153/4036/2927 3150/4037/2927
f 3157/4032/2928 3158/4035/2928 3148/4038/2928 3153/4036/2928
f 3159/4039/2929 3162/4040/2929 3165/4041/2929 3164/4042/2929
f 3162/4040/2930 3163/4043/2930 3166/4044/2930 3165/4041/2930
f 3164/4042/2931 3165/4041/2931 3177/4045/2931 3174/4046/2931
f 3165/4041/2932 3166/4044/2932 3167/4047/2932 3177/4045/2932
f 3160/4048/2933 3168/4049/2933 3171/4050/2933 3170/4051/2933
f 3168/4049/2934 3169/4052/2934 3172/4053/2934 3171/4050/2934
f 3170/4051/2935 3171/4050/2935 3166/4054/2935 3163/4055/2935
f 3171/4050/2936 3172/4053/2936 3167/4056/2936 3166/4054/2936
f 3161/4057/2937 3173/4058/2937 3176/4059/2937 3175/4060/2937
f 3173/4058/2938 3174/4061/2938 3177/4062/2938 3176/4059/2938
f 3175/4060/2939 3176/4059/2939 3172/4053/2939 3169/4052/2939
f 3176/4059/2940 3177/4062/2940 3167/4056/2940 3172/4053/2940
f 3178/4063/2941 3181/4064/2941 3184/4065/2941 3183/4066/2941
f 3181/4064/2942 3182/4067/2942 3185/4068/2942 3184/4065/2942
f 3183/4066/2943 3184/4065/2943 3196/4069/2943 3193/4070/2943
f 3184/4065/2944 3185/4068/2944 3186/4071/2944 3196/4069/2944
f 3179/4072/2945 3187/4073/2945 3190/4074/2945 3189/4075/2945
f 3187/4073/2946 3188/4076/2946 3191/4077/2946 3190/4074/2946
f 3189/4075/2947 3190/4074/2947 3185/4078/2947 3182/4079/2947
f 3190/4074/2948 3191/4077/2948 3186/4080/2948 3185/4078/2948
f 3180/4081/2949 3192/4082/2949 3195/4083/2949 3194/4084/2949
f 3192/4082/2950 3193/4085/2950 3196/4086/2950 3195/4083/2950
f 3194/4084/2951 3195/4083/2951 3191/4077/2951 3188/4076/2951
f 3195/4083/2952 3196/4086/2952 3186/4080/2952 3191/4077/2952
f 3197/4087/2953 3200/4088/2953 3203/4089/2953 3202/4090/2953
f 3200/4088/2954 3201/4091/2954 3204/4092/2954 3203/4089/2954
f 3202/4090/2955 3203/4089/2955 3215/4093/2955 3212/4094/2955
f 3203/4089/2956 3204/4092/2956 3205/4095/2956 3215/4093/2956
f 3198/4096/2957 3206/4097/2957 3209/4098/2957 3208/4099/2957
f 3206/4097/2958 3207/4100/2958 3210/4101/2958 3209/4098/2958
f 3208/4099/2959 3209/4098/2959 3204/4092/2959 3201/4091/2959
f 3209/4098/2960 3210/4101/2960 3205/4095/2960 3204/4092/2960
f 3199/4102/2961 3211/4103/2961 3214/4104/2961 3213/4105/2961
f 3211/4103/2962 3212/4094/2962 3215/4093/2962 3214/4104/2962
f 3213/4105/2963 3214/4104/2963 3210/4101/2963 3207/4100/2963
f 3214/4104/2964 3215/4093/2964 3205/4095/2964 3210/4101/2964
f 3216/4106/2965 3219/4107/2965 3222/4108/2965 3221/4109/2965
f 3219/4107/2966 3220/4110/2966 3223/4111/2966 3222/4108/2966
f 3221/4109/2967 3222/4108/2967 3234/4112/2967 3231/4113/2967
f 3222/4108/2968 3223/4111/2968 3224/4114/2968 3234/4112/2968
f 3217/4115/2969 3225/4116/2969 3228/4117/2969 3227/4118/2969
f 3225/4116/2970 3226/4119/2970 3229/4120/2970 3228/4117/2970
f 3227/4118/2971 3228/4117/2971 3223/4111/2971 3220/4110/2971
f 3228/4117/2972 3229/4120/2972 3224/4114/2972 3223/4111/2972
f 3218/4121/2973 3230/4122/2973 3233/4123/2973 3232/4124/2973
f 3230/4122/2974 3231/4113/2974 3234/4112/2974 3233/4123/2974
f 3232/4124/2975 3233/4123/2975 3229/4120/2975 3226/4119/2975
f 3233/4123/2976 3234/4112/2976 3224/4114/2976 3229/4120/2976
f 3235/4125/2977 3238/4126/2977 3241/4127/2977 3240/4128/2977
f 3238/4126/2978 3239/4129/2978 3242/4130/2978 3241/4127/2978
f 3240/4128/2979 3241/4127/2979 3253/4131/2979 3250/4132/2979
f 3241/4127/2980 3242/4130/2980 3243/4133/2980 3253/4131/2980
f 3236/4134/2981 3244/4135/2981 3247/4136/2981 3246/4137/2981
f 3244/4135/2982 3245/4138/2982 3248/4139/2982 3247/4136/2982
f 3246/4137/2983 3247/4136/2983 3242/4130/2983 3239/4129/2983
f 3247/4136/2984 3248/4139/2984 3243/4133/2984 3242/4130/2984
f 3237/4140/2985 3249/4141/2985 3252/4142/2985 3251/4143/2985
f 3249/4141/2986 3250/4132/2986 3253/4131/2986 3252/4142/2986
f 3251/4143/2987 3252/4142/2987 3248/4139/2987 3245/4138/2987
f 3252/4142/2988 3253/4131/2988 3243/4133/2988 3248/4139/2988
f 3254/4144/2989 3257/4145/2989 3260/4146/2989 3259/4147/2989
f 3257/4145/2990 3258/4148/2990 3261/4149/2990 3260/4146/2990
f 3259/4147/2991 3260/4146/2991 3272/4150/2991 3269/4151/2991
f 3260/4146/2992 3261/4149/2992 3262/4152/2992 3272/4150/2992
f 3255/4153/2993 3263/4154/2993 3266/4155/2993 3265/4156/2993
f 3263/4154/2994 3264/4157/2994 3267/4158/2994 3266/4155/2994
f 3265/4156/2995 3266/4155/2995 3261/4149/2995 3258/4148/2995
f 3266/4155/2996 3267/4158/2996 3262/4152/2996 3261/4149/2996
f 3256/4159/2997 3268/4160/2997 3271/4161/2997 3270/4162/2997
f 3268/4160/2998 3269/4151/2998 3272/4150/2998 3271/4161/2998
f 3270/4162/2999 3271/4161/2999 3267/4158/2999 3264/4157/2999
f 3271/4161/3000 3272/4150/3000 3262/4152/3000 3267/4158/3000
f 3159/4039/3001 3121/3985/3001 3126/3988/3001 3162/4040/3001
f 3162/4040/3002 3126/3988/3002 3136/3992/3002 3163/4043/3002
f 3163/4055/3003 3136/4007/3003 3135/4004/3003 3170/4051/3003
f 3170/4051/3004 3135/4004/3004 3123/4003/3004 3160/4048/3004
f 3122/3994/3005 3140/4012/3005 3145/4015/3005 3130/3995/3005
f 3130/3995/3006 3145/4015/3006 3155/4019/3006 3131/3998/3006
f 3131/4010/3007 3155/4034/3007 3154/4031/3007 3137/4006/3007
f 3137/4006/3008 3154/4031/3008 3142/4030/3008 3123/4003/3008
f 3141/4021/3009 3178/4063/3009 3183/4066/3009 3149/4022/3009
f 3149/4022/3010 3183/4066/3010 3193/4070/3010 3150/4025/3010
f 3150/4037/3011 3193/4085/3011 3192/4082/3011 3156/4033/3011
f 3156/4033/3012 3192/4082/3012 3180/4081/3012 3142/4030/3012
f 3179/4072/3013 3161/4057/3013 3175/4060/3013 3187/4073/3013
f 3187/4073/3014 3175/4060/3014 3169/4052/3014 3188/4076/3014
f 3188/4076/3015 3169/4052/3015 3168/4049/3015 3194/4084/3015
f 3194/4084/3016 3168/4049/3016 3160/4048/3016 3180/4081/3016
f 3235/4125/3017 3159/4039/3017 3164/4042/3017 3238/4126/3017
f 3238/4126/3018 3164/4042/3018 3174/4046/3018 3239/4129/3018
f 3239/4129/3019 3174/4061/3019 3173/4058/3019 3246/4137/3019
f 3246/4137/3020 3173/4058/3020 3161/4057/3020 3236/4134/3020
f 3178/4063/3021 3254/4144/3021 3259/4147/3021 3181/4064/3021
f 3181/4064/3022 3259/4147/3022 3269/4151/3022 3182/4067/3022
f 3182/4079/3023 3269/4151/3023 3268/4160/3023 3189/4075/3023
f 3189/4075/3024 3268/4160/3024 3256/4159/3024 3179/4072/3024
f 3255/4153/3025 3237/4140/3025 3251/4143/3025 3263/4154/3025
f 3263/4154/3026 3251/4143/3026 3245/4138/3026 3264/4157/3026
f 3264/4157/3027 3245/4138/3027 3244/4135/3027 3270/4162/3027
f 3270/4162/3028 3244/4135/3028 3236/4134/3028 3256/4159/3028
f 3197/4087/3029 3235/4125/3029 3240/4128/3029 3200/4088/3029
f 3200/4088/3030 3240/4128/3030 3250/4132/3030 3201/4091/3030
f 3201/4091/3031 3250/4132/3031 3249/4141/3031 3208/4099/3031
f 3208/4099/3032 3249/4141/3032 3237/4140/3032 3198/4096/3032
f 3254/4144/3033 3216/4106/3033 3221/4109/3033 3257/4145/3033
f 3257/4145/3034 3221/4109/3034 3231/4113/3034 3258/4148/3034
f 3258/4148/3035 3231/4113/3035 3230/4122/3035 3265/4156/3035
f 3265/4156/3036 3230/4122/3036 3218/4121/3036 3255/4153/3036
f 3217/4115/3037 3199/4102/3037 3213/4105/3037 3225/4116/3037
f 3225/4116/3038 3213/4105/3038 3207/4100/3038 3226/4119/3038
f 3226/4119/3039 3207/4100/3039 3206/4097/3039 3232/4124/3039
f 3232/4124/3040 3206/4097/3040 3198/4096/3040 3218/4121/3040
f 3121/3985/3041 3197/4087/3041 3202/4090/3041 3124/3986/3041
f 3124/3986/3042 3202/4090/3042 3212/4094/3042 3125/3989/3042
f 3125/4001/3043 3212/4094/3043 3211/4103/3043 3132/3997/3043
f 3132/3997/3044 3211/4103/3044 3199/4102/3044 3122/3994/3044
f 3216/4106/3045 3141/4021/3045 3151/4024/3045 3219/4107/3045
f 3219/4107/3046 3151/4024/3046 3144/4028/3046 3220/4110/3046
f 3220/4110/3047 3144/4016/3047 3143/4013/3047 3227/4118/3047
f 3227/4118/3048 3143/4013/3048 3140/4012/3048 3217/4115/3048
f 3159/4039/3049 3235/4125/3049 3197/4087/3049 3121/3985/3049
f 3123/4003/3050 3142/4030/3050 3180/4081/3050 3160/4048/3050
f 3199/4102/3051 3217/4115/3051 3140/4012/3051 3122/3994/3051
f 3254/4144/3052 3178/4063/3052 3141/4021/3052 3216/4106/3052
f 3161/4057/3053 3179/4072/3053 3256/4159/3053 3236/4134/3053
f 3237/4140/3054 3255/4153/3054 3218/4121/3054 3198/4096/3054
o 11_HingeMechanism
v 0.000000 0.005250 -0.113100
v 0.000000 0.010250 -0.113100
v 0.019509 0.005250 -0.113052
v 0.019509 0.010250 -0.113052
v 0.038268 0.005250 -0.112910
v 0.038268 0.010250 -0.112910
v 0.055557 0.005250 -0.112679
v 0.055557 0.010250 -0.112679
v 0.070711 0.005250 -0.112368
v 0.070711 0.010250 -0.112368
v 0.083147 0.005250 -0.111989
v 0.083147 0.010250 -0.111989
v 0.092388 0.005250 -0.111557
v 0.092388 0.010250 -0.111557
v 0.098079 0.005250 -0.111088
v 0.098079 0.010250 -0.111088
v 0.100000 0.005250 -0.110600
v 0.100000 0.010250 -0.110600
v 0.098079 0.005250 -0.110112
v 0.098079 0.010250 -0.110112
v 0.092388 0.005250 -0.109643
v 0.092388 0.010250 -0.109643
v 0.083147 0.005250 -0.109211
v 0.083147 0.010250 -0.109211
v 0.070711 0.005250 -0.108832
v 0.070711 0.010250 -0.108832
v 0.055557 0.005250 -0.108521
v 0.055557 0.010250 -0.108521
v 0.038268 0.005250 -0.108290
v 0.038268 0.010250 -0.108290
v 0.019509 0.005250 -0.108148
v 0.019509 0.010250 -0.108148
v 0.000000 0.005250 -0.108100
v 0.000000 0.010250 -0.108100
v -0.019509 0.005250 -0.108148
v -0.019509 0.010250 -0.108148
v -0.038268 0.005250 -0.108290
v -0.038268 0.010250 -0.108290
v -0.055557 0.005250 -0.108521
v -0.055557 0.010250 -0.108521
v -0.070711 0.005250 -0.108832
v -0.070711 0.010250 -0.108832
v -0.083147 0.005250 -0.109211
v -0.083147 0.010250 -0.109211
v -0.092388 0.005250 -0.109643
v -0.092388 0.010250 -0.109643
v -0.098079 0.005250 -0.110112
v -0.098079 0.010250 -0.110112
v -0.100000 0.005250 -0.110600
v -0.100000 0.010250 -0.110600
v -0.098079 0.005250 -0.111088
v -0.098079 0.010250 -0.111088
v -0.092388 0.005250 -0.111557
v -0.092388 0.010250 -0.111557
v -0.083147 0.005250 -0.111989
v -0.083147 0.010250 -0.111989
v -0.070711 0.005250 -0.112368
v -0.070711 0.010250 -0.112368
v -0.055557 0.005250 -0.112679
v -0.055557 0.010250 -0.112679
v -0.038268 0.005250 -0.112910
v -0.038268 0.010250 -0.112910
v -0.019509 0.005250 -0.113052
v -0.019509 0.010250 -0.113052
vn 0.0025 -0.0000 -1.0000
vn 0.0076 -0.0000 -1.0000
vn 0.0134 -0.0000 -0.9999
vn 0.0205 -0.0000 -0.9998
vn 0.0304 -0.0000 -0.9995
vn 0.0467 -0.0000 -0.9989
vn 0.0821 -0.0000 -0.9966
vn 0.2460 -0.0000 -0.9693
vn 0.2460 -0.0000 0.9693
vn 0.0821 -0.0000 0.9966
vn 0.0467 -0.0000 0.9989
vn 0.0304 -0.0000 0.9995
vn 0.0205 -0.0000 0.9998
vn 0.0134 -0.0000 0.9999
vn 0.0076 -0.0000 1.0000
vn 0.0025 -0.0000 1.0000
vn -0.0025 -0.0000 1.0000
vn -0.0076 -0.0000 1.0000
vn -0.0134 -0.0000 0.9999
vn -0.0205 -0.0000 0.9998
vn -0.0304 -0.0000 0.9995
vn -0.0467 -0.0000 0.9989
vn -0.0821 -0.0000 0.9966
vn -0.2460 -0.0000 0.9693
vn -0.2460 -0.0000 -0.9693
vn -0.0821 -0.0000 -0.9966
vn -0.0467 -0.0000 -0.9989
vn -0.0304 -0.0000 -0.9995
vn -0.0205 -0.0000 -0.9998
vn -0.0134 -0.0000 -0.9999
vn -0.0000 1.0000 -0.0000
vn -0.0076 -0.0000 -1.0000
vn -0.0025 -0.0000 -1.0000
vn -0.0000 -1.0000 -0.0000
vt 1.000000 0.500000
vt 1.000000 1.000000
vt 0.968750 1.000000
vt 0.968750 0.500000
vt 0.937500 1.000000
vt 0.937500 0.500000
vt 0.906250 1.000000
vt 0.906250 0.500000
vt 0.875000 1.000000
vt 0.875000 0.500000
vt 0.843750 1.000000
vt 0.843750 0.500000
vt 0.812500 1.000000
vt 0.812500 0.500000
vt 0.781250 1.000000
vt 0.781250 0.500000
vt 0.750000 1.000000
vt 0.750000 0.500000
vt 0.718750 1.000000
vt 0.718750 0.500000
vt 0.687500 1.000000
vt 0.687500 0.500000
vt 0.656250 1.000000
vt 0.656250 0.500000
vt 0.625000 1.000000
vt 0.625000 0.500000
vt 0.593750 1.000000
vt 0.593750 0.500000
vt 0.562500 1.000000
vt 0.562500 0.500000
vt 0.531250 1.000000
vt 0.531250 0.500000
vt 0.500000 1.000000
vt 0.500000 0.500000
vt 0.468750 1.000000
vt 0.468750 0.500000
vt 0.437500 1.000000
vt 0.437500 0.500000
vt 0.406250 1.000000
vt 0.406250 0.500000
vt 0.375000 1.000000
vt 0.375000 0.500000
vt 0.343750 1.000000
vt 0.343750 0.500000
vt 0.312500 1.000000
vt 0.312500 0.500000
vt 0.281250 1.000000
vt 0.281250 0.500000
vt 0.250000 1.000000
vt 0.250000 0.500000
vt 0.218750 1.000000
vt 0.218750 0.500000
vt 0.187500 1.000000
vt 0.187500 0.500000
vt 0.156250 1.000000
vt 0.156250 0.500000
vt 0.125000 1.000000
vt 0.125000 0.500000
vt 0.093750 1.000000
vt 0.093750 0.500000
vt 0.062500 1.000000
vt 0.062500 0.500000
vt 0.296822 0.485388
vt 0.250000 0.490000
vt 0.203178 0.485388
vt 0.158156 0.471731
vt 0.116663 0.449553
vt 0.080294 0.419706
vt 0.050447 0.383337
vt 0.028269 0.341844
vt 0.014612 0.296822
vt 0.010000 0.250000
vt 0.014612 0.203178
vt 0.028269 0.158156
vt 0.050447 0.116663
vt 0.080294 0.080294
vt 0.116663 0.050447
vt 0.158156 0.028269
vt 0.203178 0.014612
vt 0.250000 0.010000
vt 0.296822 0.014612
vt 0.341844 0.028269
vt 0.383337 0.050447
vt 0.419706 0.080294
vt 0.449553 0.116663
vt 0.471731 0.158156
vt 0.485388 0.203178
vt 0.490000 0.250000
vt 0.485388 0.296822
vt 0.471731 0.341844
vt 0.449553 0.383337
vt 0.419706 0.419706
vt 0.383337 0.449553
vt 0.341844 0.471731
vt 0.031250 1.000000
vt 0.031250 0.500000
vt 0.000000 1.000000
vt 0.000000 0.500000
vt 0.750000 0.490000
vt 0.796822 0.485388
vt 0.841844 0.471731
vt 0.883337 0.449553
vt 0.919706 0.419706
vt 0.949553 0.383337
vt 0.971731 0.341844
vt 0.985388 0.296822
vt 0.990000 0.250000
vt 0.985388 0.203178
vt 0.971731 0.158156
vt 0.949553 0.116663
vt 0.919706 0.080294
vt 0.883337 0.050447
vt 0.841844 0.028269
vt 0.796822 0.014612
vt 0.750000 0.010000
vt 0.703178 0.014612
vt 0.658156 0.028269
vt 0.616663 0.050447
vt 0.580294 0.080294
vt 0.550447 0.116663
vt 0.528269 0.158156
vt 0.514612 0.203178
vt 0.510000 0.250000
vt 0.514612 0.296822
vt 0.528269 0.341844
vt 0.550447 0.383337
vt 0.580294 0.419706
vt 0.616663 0.449553
vt 0.658156 0.471731
vt 0.703178 0.485388
s 0
usemtl Steel
f 3273/4163/3055 3274/4164/3055 3276/4165/3055 3275/4166/3055
f 3275/4166/3056 3276/4165/3056 3278/4167/3056 3277/4168/3056
f 3277/4168/3057 3278/4167/3057 3280/4169/3057 3279/4170/3057
f 3279/4170/3058 3280/4169/3058 3282/4171/3058 3281/4172/3058
f 3281/4172/3059 3282/4171/3059 3284/4173/3059 3283/4174/3059
f 3283/4174/3060 3284/4173/3060 3286/4175/3060 3285/4176/3060
f 3285/4176/3061 3286/4175/3061 3288/4177/3061 3287/4178/3061
f 3287/4178/3062 3288/4177/3062 3290/4179/3062 3289/4180/3062
f 3289/4180/3063 3290/4179/3063 3292/4181/3063 3291/4182/3063
f 3291/4182/3064 3292/4181/3064 3294/4183/3064 3293/4184/3064
f 3293/4184/3065 3294/4183/3065 3296/4185/3065 3295/4186/3065
f 3295/4186/3066 3296/4185/3066 3298/4187/3066 3297/4188/3066
f 3297/4188/3067 3298/4187/3067 3300/4189/3067 3299/4190/3067
f 3299/4190/3068 3300/4189/3068 3302/4191/3068 3301/4192/3068
f 3301/4192/3069 3302/4191/3069 3304/4193/3069 3303/4194/3069
f 3303/4194/3070 3304/4193/3070 3306/4195/3070 3305/4196/3070
f 3305/4196/3071 3306/4195/3071 3308/4197/3071 3307/4198/3071
f 3307/4198/3072 3308/4197/3072 3310/4199/3072 3309/4200/3072
f 3309/4200/3073 3310/4199/3073 3312/4201/3073 3311/4202/3073
f 3311/4202/3074 3312/4201/3074 3314/4203/3074 3313/4204/3074
f 3313/4204/3075 3314/4203/3075 3316/4205/3075 3315/4206/3075
f 3315/4206/3076 3316/4205/3076 3318/4207/3076 3317/4208/3076
f 3317/4208/3077 3318/4207/3077 3320/4209/3077 3319/4210/3077
f 3319/4210/3078 3320/4209/3078 3322/4211/3078 3321/4212/3078
f 3321/4212/3079 3322/4211/3079 3324/4213/3079 3323/4214/3079
f 3323/4214/3080 3324/4213/3080 3326/4215/3080 3325/4216/3080
f 3325/4216/3081 3326/4215/3081 3328/4217/3081 3327/4218/3081
f 3327/4218/3082 3328/4217/3082 3330/4219/3082 3329/4220/3082
f 3329/4220/3083 3330/4219/3083 3332/4221/3083 3331/4222/3083
f 3331/4222/3084 3332/4221/3084 3334/4223/3084 3333/4224/3084
f 3276/4225/3085 3274/4226/3085 3336/4227/3085 3334/4228/3085 3332/4229/3085 3330/4230/3085 3328/4231/3085 3326/4232/3085 3324/4233/3085 3322/4234/3085 3320/4235/3085 3318/4236/3085 3316/4237/3085 3314/4238/3085 3312/4239/3085 3310/4240/3085 3308/4241/3085 3306/4242/3085 3304/4243/3085 3302/4244/3085 3300/4245/3085 3298/4246/3085 3296/4247/3085 3294/4248/3085 3292/4249/3085 3290/4250/3085 3288/4251/3085 3286/4252/3085 3284/4253/3085 3282/4254/3085 3280/4255/3085 3278/4256/3085
f 3333/4224/3086 3334/4223/3086 3336/4257/3086 3335/4258/3086
f 3335/4258/3087 3336/4257/3087 3274/4259/3087 3273/4260/3087
f 3273/4261/3088 3275/4262/3088 3277/4263/3088 3279/4264/3088 3281/4265/3088 3283/4266/3088 3285/4267/3088 3287/4268/3088 3289/4269/3088 3291/4270/3088 3293/4271/3088 3295/4272/3088 3297/4273/3088 3299/4274/3088 3301/4275/3088 3303/4276/3088 3305/4277/3088 3307/4278/3088 3309/4279/3088 3311/4280/3088 3313/4281/3088 3315/4282/3088 3317/4283/3088 3319/4284/3088 3321/4285/3088 3323/4286/3088 3325/4287/3088 3327/4288/3088 3329/4289/3088 3331/4290/3088 3333/4291/3088 3335/4292/3088
o 21_SpeakerChambers
v 0.133355 0.001375 0.043740
v 0.133355 0.001875 0.044240
v 0.132855 0.001875 0.043740
v 0.133355 0.001413 0.043931
v 0.133355 0.001521 0.044094
v 0.133164 0.001413 0.043740
v 0.133159 0.001459 0.043936
v 0.133169 0.001547 0.044068
v 0.133066 0.001586 0.044029
v 0.133164 0.001875 0.044202
v 0.133001 0.001875 0.044094
v 0.133355 0.001684 0.044202
v 0.133159 0.001679 0.044156
v 0.133027 0.001689 0.044068
v 0.132893 0.001684 0.043740
v 0.133001 0.001521 0.043740
v 0.132893 0.001875 0.043931
v 0.132939 0.001679 0.043936
v 0.133027 0.001547 0.043926
v 0.133355 0.005875 0.044240
v 0.133355 0.006375 0.043740
v 0.132855 0.005875 0.043740
v 0.133355 0.006066 0.044202
v 0.133355 0.006229 0.044094
v 0.133164 0.005875 0.044202
v 0.133159 0.006071 0.044156
v 0.133169 0.006203 0.044068
v 0.133066 0.006164 0.044029
v 0.133164 0.006337 0.043740
v 0.133001 0.006229 0.043740
v 0.133355 0.006337 0.043931
v 0.133159 0.006291 0.043936
v 0.133027 0.006203 0.043926
v 0.132893 0.005875 0.043931
v 0.133001 0.005875 0.044094
v 0.132893 0.006066 0.043740
v 0.132939 0.006071 0.043936
v 0.133027 0.006061 0.044068
v 0.133355 0.001375 -0.043740
v 0.132855 0.001875 -0.043740
v 0.133355 0.001875 -0.044240
v 0.133164 0.001413 -0.043740
v 0.133001 0.001521 -0.043740
v 0.133355 0.001413 -0.043931
v 0.133159 0.001459 -0.043936
v 0.133027 0.001547 -0.043926
v 0.133066 0.001586 -0.044029
v 0.132893 0.001875 -0.043931
v 0.133001 0.001875 -0.044094
v 0.132893 0.001684 -0.043740
v 0.132939 0.001679 -0.043936
v 0.133027 0.001689 -0.044068
v 0.133355 0.001684 -0.044202
v 0.133355 0.001521 -0.044094
v 0.133164 0.001875 -0.044202
v 0.133159 0.001679 -0.044156
v 0.133169 0.001547 -0.044068
v 0.133355 0.006375 -0.043740
v 0.133355 0.005875 -0.044240
v 0.132855 0.005875 -0.043740
v 0.133355 0.006337 -0.043931
v 0.133355 0.006229 -0.044094
v 0.133164 0.006337 -0.043740
v 0.133159 0.006291 -0.043936
v 0.133169 0.006203 -0.044068
v 0.133066 0.006164 -0.044029
v 0.133164 0.005875 -0.044202
v 0.133001 0.005875 -0.044094
v 0.133355 0.006066 -0.044202
v 0.133159 0.006071 -0.044156
v 0.133027 0.006061 -0.044068
v 0.132893 0.006066 -0.043740
v 0.133001 0.006229 -0.043740
v 0.132893 0.005875 -0.043931
v 0.132939 0.006071 -0.043936
v 0.133027 0.006203 -0.043926
v 0.147985 0.001375 0.043740
v 0.148485 0.001875 0.043740
v 0.147985 0.001875 0.044240
v 0.148176 0.001413 0.043740
v 0.148339 0.001521 0.043740
v 0.147985 0.001413 0.043931
v 0.148181 0.001459 0.043936
v 0.148313 0.001547 0.043926
v 0.148274 0.001586 0.044029
v 0.148447 0.001875 0.043931
v 0.148339 0.001875 0.044094
v 0.148447 0.001684 0.043740
v 0.148401 0.001679 0.043936
v 0.148313 0.001689 0.044068
v 0.147985 0.001684 0.044202
v 0.147985 0.001521 0.044094
v 0.148176 0.001875 0.044202
v 0.148181 0.001679 0.044156
v 0.148171 0.001547 0.044068
v 0.147985 0.006375 0.043740
v 0.147985 0.005875 0.044240
v 0.148485 0.005875 0.043740
v 0.147985 0.006337 0.043931
v 0.147985 0.006229 0.044094
v 0.148176 0.006337 0.043740
v 0.148181 0.006291 0.043936
v 0.148171 0.006203 0.044068
v 0.148274 0.006164 0.044029
v 0.148176 0.005875 0.044202
v 0.148339 0.005875 0.044094
v 0.147985 0.006066 0.044202
v 0.148181 0.006071 0.044156
v 0.148313 0.006061 0.044068
v 0.148447 0.006066 0.043740
v 0.148339 0.006229 0.043740
v 0.148447 0.005875 0.043931
v 0.148401 0.006071 0.043936
v 0.148313 0.006203 0.043926
v 0.147985 0.001375 -0.043740
v 0.147985 0.001875 -0.044240
v 0.148485 0.001875 -0.043740
v 0.147985 0.001413 -0.043931
v 0.147985 0.001521 -0.044094
v 0.148176 0.001413 -0.043740
v 0.148181 0.001459 -0.043936
v 0.148171 0.001547 -0.044068
v 0.148274 0.001586 -0.044029
v 0.148176 0.001875 -0.044202
v 0.148339 0.001875 -0.044094
v 0.147985 0.001684 -0.044202
v 0.148181 0.001679 -0.044156
v 0.148313 0.001689 -0.044068
v 0.148447 0.001684 -0.043740
v 0.148339 0.001521 -0.043740
v 0.148447 0.001875 -0.043931
v 0.148401 0.001679 -0.043936
v 0.148313 0.001547 -0.043926
v 0.147985 0.006375 -0.043740
v 0.148485 0.005875 -0.043740
v 0.147985 0.005875 -0.044240
v 0.148176 0.006337 -0.043740
v 0.148339 0.006229 -0.043740
v 0.147985 0.006337 -0.043931
v 0.148181 0.006291 -0.043936
v 0.148313 0.006203 -0.043926
v 0.148274 0.006164 -0.044029
v 0.148447 0.005875 -0.043931
v 0.148339 0.005875 -0.044094
v 0.148447 0.006066 -0.043740
v 0.148401 0.006071 -0.043936
v 0.148313 0.006061 -0.044068
v 0.147985 0.006066 -0.044202
v 0.147985 0.006229 -0.044094
v 0.148176 0.005875 -0.044202
v 0.148181 0.006071 -0.044156
v 0.148171 0.006203 -0.044068
vn -0.2049 -0.9571 0.2049
vn -0.1818 -0.8152 0.5499
vn -0.5500 -0.8152 0.1818
vn -0.4931 -0.7167 0.4931
vn -0.2049 -0.2049 0.9571
vn -0.5500 -0.1818 0.8152
vn -0.1818 -0.5500 0.8152
vn -0.4931 -0.4931 0.7167
vn -0.9571 -0.2049 0.2049
vn -0.8152 -0.5499 0.1818
vn -0.8152 -0.1818 0.5500
vn -0.7167 -0.4931 0.4931
vn -0.2049 0.2049 0.9571
vn -0.1818 0.5500 0.8152
vn -0.5500 0.1818 0.8152
vn -0.4931 0.4931 0.7167
vn -0.2049 0.9571 0.2049
vn -0.5500 0.8152 0.1818
vn -0.1818 0.8152 0.5500
vn -0.4931 0.7167 0.4931
vn -0.9571 0.2049 0.2049
vn -0.8152 0.1818 0.5500
vn -0.8152 0.5499 0.1818
vn -0.7167 0.4931 0.4931
vn -0.2049 -0.9571 -0.2049
vn -0.5500 -0.8152 -0.1818
vn -0.1818 -0.8152 -0.5500
vn -0.4931 -0.7167 -0.4931
vn -0.9571 -0.2049 -0.2049
vn -0.8152 -0.1818 -0.5500
vn -0.8152 -0.5499 -0.1818
vn -0.7167 -0.4931 -0.4931
vn -0.2049 -0.2049 -0.9571
vn -0.1818 -0.5500 -0.8152
vn -0.5500 -0.1818 -0.8152
vn -0.4931 -0.4931 -0.7167
vn -0.2049 0.9571 -0.2049
vn -0.1818 0.8152 -0.5499
vn -0.5500 0.8152 -0.1818
vn -0.4931 0.7167 -0.4931
vn -0.2049 0.2049 -0.9571
vn -0.5500 0.1818 -0.8152
vn -0.1818 0.5500 -0.8152
vn -0.4931 0.4931 -0.7167
vn -0.9571 0.2049 -0.2049
vn -0.8152 0.5499 -0.1818
vn -0.8152 0.1818 -0.5500
vn -0.7167 0.4931 -0.4931
vn 0.2049 -0.9571 0.2049
vn 0.5500 -0.8152 0.1818
vn 0.1818 -0.8152 0.5500
vn 0.4931 -0.7167 0.4931
vn 0.9571 -0.2049 0.2049
vn 0.8152 -0.1818 0.5500
vn 0.8152 -0.5499 0.1818
vn 0.7167 -0.4931 0.4931
vn 0.2049 -0.2049 0.9571
vn 0.1818 -0.5500 0.8152
vn 0.5500 -0.1818 0.8152
vn 0.4931 -0.4931 0.7167
vn 0.2049 0.9571 0.2049
vn 0.1818 0.8152 0.5499
vn 0.5500 0.8152 0.1818
vn 0.4931 0.7167 0.4931
vn 0.2049 0.2049 0.9571
vn 0.5500 0.1818 0.8152
vn 0.1818 0.5500 0.8152
vn 0.4931 0.4931 0.7167
vn 0.9571 0.2049 0.2049
vn 0.8152 0.5499 0.1818
vn 0.8152 0.1818 0.5500
vn 0.7167 0.4931 0.4931
vn 0.2049 -0.9571 -0.2049
vn 0.1818 -0.8152 -0.5499
vn 0.5500 -0.8152 -0.1818
vn 0.4931 -0.7167 -0.4931
vn 0.2049 -0.2049 -0.9571
vn 0.5500 -0.1818 -0.8152
vn 0.1818 -0.5500 -0.8152
vn 0.4931 -0.4931 -0.7167
vn 0.9571 -0.2049 -0.2049
vn 0.8152 -0.5499 -0.1818
vn 0.8152 -0.1818 -0.5500
vn 0.7167 -0.4931 -0.4931
vn 0.2049 0.9571 -0.2049
vn 0.5500 0.8152 -0.1818
vn 0.1818 0.8152 -0.5500
vn 0.4931 0.7167 -0.4931
vn 0.9571 0.2049 -0.2049
vn 0.8152 0.1818 -0.5500
vn 0.8152 0.5499 -0.1818
vn 0.7167 0.4931 -0.4931
vn 0.2049 0.2049 -0.9571
vn 0.1818 0.5500 -0.8152
vn 0.5500 0.1818 -0.8152
vn 0.4931 0.4931 -0.7167
vn -0.1951 -0.9808 -0.0000
vn -0.5556 -0.8315 -0.0000
vn -0.8315 -0.5556 -0.0000
vn -0.9808 -0.1951 -0.0000
vn -0.1951 -0.0000 0.9808
vn -0.5556 -0.0000 0.8315
vn -0.8315 -0.0000 0.5556
vn -0.9808 -0.0000 0.1951
vn -0.1951 0.9808 -0.0000
vn -0.5556 0.8315 -0.0000
vn -0.8315 0.5556 -0.0000
vn -0.9808 0.1951 -0.0000
vn -0.1951 -0.0000 -0.9808
vn -0.5556 -0.0000 -0.8315
vn -0.8315 -0.0000 -0.5556
vn -0.9808 -0.0000 -0.1951
vn -0.0000 -0.9808 -0.1951
vn -0.0000 -0.8315 -0.5556
vn -0.0000 -0.5556 -0.8315
vn -0.0000 -0.1951 -0.9808
vn -0.0000 0.9808 -0.1951
vn -0.0000 0.8315 -0.5556
vn -0.0000 0.5556 -0.8315
vn -0.0000 0.1951 -0.9808
vn 0.9808 -0.0000 -0.1951
vn 0.8315 -0.0000 -0.5556
vn 0.5556 -0.0000 -0.8315
vn 0.1951 -0.0000 -0.9808
vn 0.1951 -0.9808 -0.0000
vn 0.5556 -0.8315 -0.0000
vn 0.8315 -0.5556 -0.0000
vn 0.9808 -0.1951 -0.0000
vn 0.1951 0.9808 -0.0000
vn 0.5556 0.8315 -0.0000
vn 0.8315 0.5556 -0.0000
vn 0.9808 0.1951 -0.0000
vn 0.1951 -0.0000 0.9808
vn 0.5556 -0.0000 0.8315
vn 0.8315 -0.0000 0.5556
vn 0.9808 -0.0000 0.1951
vn -0.0000 -0.9808 0.1951
vn -0.0000 -0.8315 0.5556
vn -0.0000 -0.5556 0.8315
vn -0.0000 -0.1951 0.9808
vn -0.0000 0.9808 0.1951
vn -0.0000 0.8315 0.5556
vn -0.0000 0.5556 0.8315
vn -0.0000 0.1951 0.9808
vn -0.0000 -1.0000 -0.0000
vn -1.0000 -0.0000 -0.0000
vn -0.0000 -0.0000 1.0000
vn -0.0000 1.0000 -0.0000
vn -0.0000 -0.0000 -1.0000
vn 1.0000 -0.0000 -0.0000
vt 0.132997 0.748587
vt 0.132997 0.749128
vt 0.129860 0.749141
vt 0.129937 0.748587
vt 0.132997 0.750000
vt 0.130019 0.750000
vt 0.125000 0.749113
vt 0.125000 0.748587
vt 0.128380 0.750000
vt 0.400000 0.992003
vt 0.400000 0.995063
vt 0.390193 0.995140
vt 0.390433 0.992003
vt 0.400000 1.000000
vt 0.390691 1.000000
vt 0.375000 0.994981
vt 0.375000 0.992003
vt 0.385566 1.000000
vt 0.400000 0.001413
vt 0.390433 0.001413
vt 0.390193 0.000859
vt 0.400000 0.000872
vt 0.375000 0.001413
vt 0.375000 0.000887
vt 0.390691 0.000000
vt 0.400000 0.000000
vt 0.375000 0.000597
vt 0.600000 0.992002
vt 0.609567 0.992003
vt 0.609807 0.995140
vt 0.600000 0.995063
vt 0.625000 0.992003
vt 0.625000 0.994981
vt 0.609309 1.000000
vt 0.600000 1.000000
vt 0.625000 0.996620
vt 0.867003 0.748587
vt 0.870063 0.748587
vt 0.870140 0.749141
vt 0.867003 0.749128
vt 0.875000 0.748587
vt 0.875000 0.749113
vt 0.869981 0.750000
vt 0.867003 0.750000
vt 0.875000 0.749403
vt 0.600000 0.001413
vt 0.600000 0.000872
vt 0.609807 0.000859
vt 0.609567 0.001413
vt 0.600000 0.000000
vt 0.609309 0.000000
vt 0.625000 0.000887
vt 0.625000 0.001413
vt 0.614434 0.000000
vt 0.132997 0.501413
vt 0.129937 0.501413
vt 0.129860 0.500859
vt 0.132997 0.500872
vt 0.125000 0.501413
vt 0.125000 0.500887
vt 0.130019 0.500000
vt 0.132997 0.500000
vt 0.125000 0.500597
vt 0.400000 0.248587
vt 0.400000 0.249128
vt 0.390193 0.249141
vt 0.390433 0.248587
vt 0.400000 0.250000
vt 0.390691 0.250000
vt 0.375000 0.249113
vt 0.375000 0.248587
vt 0.380283 0.251690
vt 0.400000 0.257997
vt 0.390433 0.257997
vt 0.390193 0.254860
vt 0.400000 0.254937
vt 0.375000 0.257997
vt 0.375000 0.255019
vt 0.867003 0.501413
vt 0.867003 0.500872
vt 0.870140 0.500859
vt 0.870063 0.501413
vt 0.867003 0.500000
vt 0.869981 0.500000
vt 0.875000 0.500887
vt 0.875000 0.501413
vt 0.871620 0.500000
vt 0.600000 0.257997
vt 0.600000 0.254937
vt 0.609807 0.254860
vt 0.609567 0.257997
vt 0.600000 0.250000
vt 0.609309 0.250000
vt 0.625000 0.255019
vt 0.625000 0.257997
vt 0.619717 0.249701
vt 0.600000 0.248587
vt 0.609567 0.248587
vt 0.609807 0.249141
vt 0.600000 0.249128
vt 0.625000 0.248587
vt 0.625000 0.249113
vt 0.367003 0.748587
vt 0.370063 0.748587
vt 0.370140 0.749141
vt 0.367003 0.749128
vt 0.375000 0.748587
vt 0.375000 0.749113
vt 0.372490 0.752510
vt 0.371001 0.753999
vt 0.378522 0.750928
vt 0.400000 0.748587
vt 0.400000 0.749128
vt 0.390193 0.749142
vt 0.390433 0.748587
vt 0.400000 0.750000
vt 0.390691 0.750000
vt 0.400000 0.757998
vt 0.390433 0.757997
vt 0.390193 0.754860
vt 0.400000 0.754937
vt 0.632997 0.748587
vt 0.632997 0.749128
vt 0.629860 0.749141
vt 0.629937 0.748587
vt 0.628999 0.753999
vt 0.627510 0.752510
vt 0.625000 0.749113
vt 0.625000 0.748587
vt 0.622605 0.749801
vt 0.600000 0.757997
vt 0.600000 0.754937
vt 0.609807 0.754860
vt 0.609567 0.757997
vt 0.600000 0.750000
vt 0.609309 0.750000
vt 0.600000 0.748587
vt 0.609567 0.748587
vt 0.609807 0.749141
vt 0.600000 0.749128
vt 0.367003 0.501413
vt 0.367003 0.500872
vt 0.370140 0.500859
vt 0.370063 0.501413
vt 0.371001 0.496001
vt 0.372490 0.497490
vt 0.375000 0.500887
vt 0.375000 0.501413
vt 0.377395 0.500199
vt 0.400000 0.492003
vt 0.400000 0.495063
vt 0.390193 0.495140
vt 0.390433 0.492003
vt 0.400000 0.500000
vt 0.390691 0.500000
vt 0.400000 0.501413
vt 0.390433 0.501413
vt 0.390193 0.500859
vt 0.400000 0.500872
vt 0.632997 0.501413
vt 0.629937 0.501413
vt 0.629860 0.500859
vt 0.632997 0.500872
vt 0.625000 0.501413
vt 0.625000 0.500887
vt 0.627510 0.497490
vt 0.628999 0.496001
vt 0.621478 0.499072
vt 0.600000 0.501413
vt 0.600000 0.500872
vt 0.609807 0.500859
vt 0.609567 0.501413
vt 0.600000 0.500000
vt 0.609309 0.500000
vt 0.600000 0.492003
vt 0.609567 0.492003
vt 0.609807 0.495140
vt 0.600000 0.495063
s 0
usemtl Plastic
f 3337/4293/3089 3340/4294/3089 3343/4295/3089 3342/4296/3089
f 3340/4294/3090 3341/4297/3090 3344/4298/3090 3343/4295/3090
f 3342/4296/3091 3343/4295/3091 3355/4299/3091 3352/4300/3091
f 3343/4295/3092 3344/4298/3092 3345/4301/3092 3355/4299/3092
f 3338/4302/3093 3346/4303/3093 3349/4304/3093 3348/4305/3093
f 3346/4303/3094 3347/4306/3094 3350/4307/3094 3349/4304/3094
f 3348/4305/3095 3349/4304/3095 3344/4308/3095 3341/4309/3095
f 3349/4304/3096 3350/4307/3096 3345/4310/3096 3344/4308/3096
f 3339/4311/3097 3351/4312/3097 3354/4313/3097 3353/4314/3097
f 3351/4312/3098 3352/4315/3098 3355/4316/3098 3354/4313/3098
f 3353/4314/3099 3354/4313/3099 3350/4317/3099 3347/4318/3099
f 3354/4313/3100 3355/4316/3100 3345/4319/3100 3350/4317/3100
f 3356/4320/3101 3359/4321/3101 3362/4322/3101 3361/4323/3101
f 3359/4321/3102 3360/4324/3102 3363/4325/3102 3362/4322/3102
f 3361/4323/3103 3362/4322/3103 3374/4326/3103 3371/4327/3103
f 3362/4322/3104 3363/4325/3104 3364/4328/3104 3374/4326/3104
f 3357/4329/3105 3365/4330/3105 3368/4331/3105 3367/4332/3105
f 3365/4330/3106 3366/4333/3106 3369/4334/3106 3368/4331/3106
f 3367/4332/3107 3368/4331/3107 3363/4335/3107 3360/4336/3107
f 3368/4331/3108 3369/4334/3108 3364/4337/3108 3363/4335/3108
f 3358/4338/3109 3370/4339/3109 3373/4340/3109 3372/4341/3109
f 3370/4339/3110 3371/4342/3110 3374/4343/3110 3373/4340/3110
f 3372/4341/3111 3373/4340/3111 3369/4344/3111 3366/4345/3111
f 3373/4340/3112 3374/4343/3112 3364/4346/3112 3369/4344/3112
f 3375/4347/3113 3378/4348/3113 3381/4349/3113 3380/4350/3113
f 3378/4348/3114 3379/4351/3114 3382/4352/3114 3381/4349/3114
f 3380/4350/3115 3381/4349/3115 3393/4353/3115 3390/4354/3115
f 3381/4349/3116 3382/4352/3116 3383/4355/3116 3393/4353/3116
f 3376/4356/3117 3384/4357/3117 3387/4358/3117 3386/4359/3117
f 3384/4357/3118 3385/4360/3118 3388/4361/3118 3387/4358/3118
f 3386/4359/3119 3387/4358/3119 3382/4362/3119 3379/4363/3119
f 3387/4358/3120 3388/4361/3120 3383/4364/3120 3382/4362/3120
f 3377/4365/3121 3389/4366/3121 3392/4367/3121 3391/4368/3121
f 3389/4366/3122 3390/4369/3122 3393/4370/3122 3392/4367/3122
f 3391/4368/3123 3392/4367/3123 3388/4361/3123 3385/4360/3123
f 3392/4367/3124 3393/4370/3124 3383/4364/3124 3388/4361/3124
f 3394/4371/3125 3397/4372/3125 3400/4373/3125 3399/4374/3125
f 3397/4372/3126 3398/4375/3126 3401/4376/3126 3400/4373/3126
f 3399/4374/3127 3400/4373/3127 3412/4377/3127 3409/4378/3127
f 3400/4373/3128 3401/4376/3128 3402/4379/3128 3412/4377/3128
f 3395/4380/3129 3403/4381/3129 3406/4382/3129 3405/4383/3129
f 3403/4381/3130 3404/4384/3130 3407/4385/3130 3406/4382/3130
f 3405/4383/3131 3406/4382/3131 3401/4386/3131 3398/4387/3131
f 3406/4382/3132 3407/4385/3132 3402/4388/3132 3401/4386/3132
f 3396/4389/3133 3408/4390/3133 3411/4391/3133 3410/4392/3133
f 3408/4390/3134 3409/4393/3134 3412/4394/3134 3411/4391/3134
f 3410/4392/3135 3411/4391/3135 3407/4385/3135 3404/4384/3135
f 3411/4391/3136 3412/4394/3136 3402/4388/3136 3407/4385/3136
f 3413/4395/3137 3416/4396/3137 3419/4397/3137 3418/4398/3137
f 3416/4396/3138 3417/4399/3138 3420/4400/3138 3419/4397/3138
f 3418/4398/3139 3419/4397/3139 3431/4401/3139 3428/4402/3139
f 3419/4397/3140 3420/4400/3140 3421/4403/3140 3431/4401/3140
f 3414/4404/3141 3422/4405/3141 3425/4406/3141 3424/4407/3141
f 3422/4405/3142 3423/4408/3142 3426/4409/3142 3425/4406/3142
f 3424/4407/3143 3425/4406/3143 3420/4400/3143 3417/4399/3143
f 3425/4406/3144 3426/4409/3144 3421/4403/3144 3420/4400/3144
f 3415/4410/3145 3427/4411/3145 3430/4412/3145 3429/4413/3145
f 3427/4411/3146 3428/4402/3146 3431/4401/3146 3430/4412/3146
f 3429/4413/3147 3430/4412/3147 3426/4409/3147 3423/4408/3147
f 3430/4412/3148 3431/4401/3148 3421/4403/3148 3426/4409/3148
f 3432/4414/3149 3435/4415/3149 3438/4416/3149 3437/4417/3149
f 3435/4415/3150 3436/4418/3150 3439/4419/3150 3438/4416/3150
f 3437/4417/3151 3438/4416/3151 3450/4420/3151 3447/4421/3151
f 3438/4416/3152 3439/4419/3152 3440/4422/3152 3450/4420/3152
f 3433/4423/3153 3441/4424/3153 3444/4425/3153 3443/4426/3153
f 3441/4424/3154 3442/4427/3154 3445/4428/3154 3444/4425/3154
f 3443/4426/3155 3444/4425/3155 3439/4419/3155 3436/4418/3155
f 3444/4425/3156 3445/4428/3156 3440/4422/3156 3439/4419/3156
f 3434/4429/3157 3446/4430/3157 3449/4431/3157 3448/4432/3157
f 3446/4430/3158 3447/4421/3158 3450/4420/3158 3449/4431/3158
f 3448/4432/3159 3449/4431/3159 3445/4428/3159 3442/4427/3159
f 3449/4431/3160 3450/4420/3160 3440/4422/3160 3445/4428/3160
f 3451/4433/3161 3454/4434/3161 3457/4435/3161 3456/4436/3161
f 3454/4434/3162 3455/4437/3162 3458/4438/3162 3457/4435/3162
f 3456/4436/3163 3457/4435/3163 3469/4439/3163 3466/4440/3163
f 3457/4435/3164 3458/4438/3164 3459/4441/3164 3469/4439/3164
f 3452/4442/3165 3460/4443/3165 3463/4444/3165 3462/4445/3165
f 3460/4443/3166 3461/4446/3166 3464/4447/3166 3463/4444/3166
f 3462/4445/3167 3463/4444/3167 3458/4438/3167 3455/4437/3167
f 3463/4444/3168 3464/4447/3168 3459/4441/3168 3458/4438/3168
f 3453/4448/3169 3465/4449/3169 3468/4450/3169 3467/4451/3169
f 3465/4449/3170 3466/4440/3170 3469/4439/3170 3468/4450/3170
f 3467/4451/3171 3468/4450/3171 3464/4447/3171 3461/4446/3171
f 3468/4450/3172 3469/4439/3172 3459/4441/3172 3464/4447/3172
f 3470/4452/3173 3473/4453/3173 3476/4454/3173 3475/4455/3173
f 3473/4453/3174 3474/4456/3174 3477/4457/3174 3476/4454/3174
f 3475/4455/3175 3476/4454/3175 3488/4458/3175 3485/4459/3175
f 3476/4454/3176 3477/4457/3176 3478/4460/3176 3488/4458/3176
f 3471/4461/3177 3479/4462/3177 3482/4463/3177 3481/4464/3177
f 3479/4462/3178 3480/4465/3178 3483/4466/3178 3482/4463/3178
f 3481/4464/3179 3482/4463/3179 3477/4457/3179 3474/4456/3179
f 3482/4463/3180 3483/4466/3180 3478/4460/3180 3477/4457/3180
f 3472/4467/3181 3484/4468/3181 3487/4469/3181 3486/4470/3181
f 3484/4468/3182 3485/4459/3182 3488/4458/3182 3487/4469/3182
f 3486/4470/3183 3487/4469/3183 3483/4466/3183 3480/4465/3183
f 3487/4469/3184 3488/4458/3184 3478/4460/3184 3483/4466/3184
f 3375/4347/3185 3337/4293/3185 3342/4296/3185 3378/4348/3185
f 3378/4348/3186 3342/4296/3186 3352/4300/3186 3379/4351/3186
f 3379/4363/3187 3352/4315/3187 3351/4312/3187 3386/4359/3187
f 3386/4359/3188 3351/4312/3188 3339/4311/3188 3376/4356/3188
f 3338/4302/3189 3356/4320/3189 3361/4323/3189 3346/4303/3189
f 3346/4303/3190 3361/4323/3190 3371/4327/3190 3347/4306/3190
f 3347/4318/3191 3371/4342/3191 3370/4339/3191 3353/4314/3191
f 3353/4314/3192 3370/4339/3192 3358/4338/3192 3339/4311/3192
f 3357/4329/3193 3394/4371/3193 3399/4374/3193 3365/4330/3193
f 3365/4330/3194 3399/4374/3194 3409/4378/3194 3366/4333/3194
f 3366/4345/3195 3409/4393/3195 3408/4390/3195 3372/4341/3195
f 3372/4341/3196 3408/4390/3196 3396/4389/3196 3358/4338/3196
f 3395/4380/3197 3377/4365/3197 3391/4368/3197 3403/4381/3197
f 3403/4381/3198 3391/4368/3198 3385/4360/3198 3404/4384/3198
f 3404/4384/3199 3385/4360/3199 3384/4357/3199 3410/4392/3199
f 3410/4392/3200 3384/4357/3200 3376/4356/3200 3396/4389/3200
f 3451/4433/3201 3375/4347/3201 3380/4350/3201 3454/4434/3201
f 3454/4434/3202 3380/4350/3202 3390/4354/3202 3455/4437/3202
f 3455/4437/3203 3390/4369/3203 3389/4366/3203 3462/4445/3203
f 3462/4445/3204 3389/4366/3204 3377/4365/3204 3452/4442/3204
f 3394/4371/3205 3470/4452/3205 3475/4455/3205 3397/4372/3205
f 3397/4372/3206 3475/4455/3206 3485/4459/3206 3398/4375/3206
f 3398/4387/3207 3485/4459/3207 3484/4468/3207 3405/4383/3207
f 3405/4383/3208 3484/4468/3208 3472/4467/3208 3395/4380/3208
f 3471/4461/3209 3453/4448/3209 3467/4451/3209 3479/4462/3209
f 3479/4462/3210 3467/4451/3210 3461/4446/3210 3480/4465/3210
f 3480/4465/3211 3461/4446/3211 3460/4443/3211 3486/4470/3211
f 3486/4470/3212 3460/4443/3212 3452/4442/3212 3472/4467/3212
f 3413/4395/3213 3451/4433/3213 3456/4436/3213 3416/4396/3213
f 3416/4396/3214 3456/4436/3214 3466/4440/3214 3417/4399/3214
f 3417/4399/3215 3466/4440/3215 3465/4449/3215 3424/4407/3215
f 3424/4407/3216 3465/4449/3216 3453/4448/3216 3414/4404/3216
f 3470/4452/3217 3432/4414/3217 3437/4417/3217 3473/4453/3217
f 3473/4453/3218 3437/4417/3218 3447/4421/3218 3474/4456/3218
f 3474/4456/3219 3447/4421/3219 3446/4430/3219 3481/4464/3219
f 3481/4464/3220 3446/4430/3220 3434/4429/3220 3471/4461/3220
f 3433/4423/3221 3415/4410/3221 3429/4413/3221 3441/4424/3221
f 3441/4424/3222 3429/4413/3222 3423/4408/3222 3442/4427/3222
f 3442/4427/3223 3423/4408/3223 3422/4405/3223 3448/4432/3223
f 3448/4432/3224 3422/4405/3224 3414/4404/3224 3434/4429/3224
f 3337/4293/3225 3413/4395/3225 3418/4398/3225 3340/4294/3225
f 3340/4294/3226 3418/4398/3226 3428/4402/3226 3341/4297/3226
f 3341/4309/3227 3428/4402/3227 3427/4411/3227 3348/4305/3227
f 3348/4305/3228 3427/4411/3228 3415/4410/3228 3338/4302/3228
f 3432/4414/3229 3357/4329/3229 3367/4332/3229 3435/4415/3229
f 3435/4415/3230 3367/4332/3230 3360/4336/3230 3436/4418/3230
f 3436/4418/3231 3360/4324/3231 3359/4321/3231 3443/4426/3231
f 3443/4426/3232 3359/4321/3232 3356/4320/3232 3433/4423/3232
f 3375/4347/3233 3451/4433/3233 3413/4395/3233 3337/4293/3233
f 3339/4311/3234 3358/4338/3234 3396/4389/3234 3376/4356/3234
f 3415/4410/3235 3433/4423/3235 3356/4320/3235 3338/4302/3235
f 3470/4452/3236 3394/4371/3236 3357/4329/3236 3432/4414/3236
f 3377/4365/3237 3395/4380/3237 3472/4467/3237 3452/4442/3237
f 3453/4448/3238 3471/4461/3238 3434/4429/3238 3414/4404/3238
o 22_LeftSpeaker
v -0.146522 0.001875 0.032780
v -0.146522 0.002275 0.033180
v -0.146922 0.002275 0.032780
v -0.146522 0.001905 0.032933
v -0.146522 0.001992 0.033063
v -0.146675 0.001905 0.032780
v -0.146679 0.001942 0.032937
v -0.146671 0.002012 0.033043
v -0.146753 0.002044 0.033011
v -0.146675 0.002275 0.033150
v -0.146805 0.002275 0.033063
v -0.146522 0.002122 0.033150
v -0.146679 0.002118 0.033113
v -0.146784 0.002126 0.033043
v -0.146892 0.002122 0.032780
v -0.146805 0.001992 0.032780
v -0.146892 0.002275 0.032933
v -0.146855 0.002118 0.032937
v -0.146784 0.002012 0.032929
v -0.146522 0.005475 0.033180
v -0.146522 0.005875 0.032780
v -0.146922 0.005475 0.032780
v -0.146522 0.005628 0.033150
v -0.146522 0.005758 0.033063
v -0.146675 0.005475 0.033150
v -0.146679 0.005632 0.033113
v -0.146671 0.005738 0.033043
v -0.146753 0.005706 0.033011
v -0.146675 0.005845 0.032780
v -0.146805 0.005758 0.032780
v -0.146522 0.005845 0.032933
v -0.146679 0.005808 0.032937
v -0.146784 0.005738 0.032929
v -0.146892 0.005475 0.032933
v -0.146805 0.005475 0.033063
v -0.146892 0.005628 0.032780
v -0.146855 0.005632 0.032937
v -0.146784 0.005624 0.033043
v -0.146522 0.001875 -0.032780
v -0.146922 0.002275 -0.032780
v -0.146522 0.002275 -0.033180
v -0.146675 0.001905 -0.032780
v -0.146805 0.001992 -0.032780
v -0.146522 0.001905 -0.032933
v -0.146679 0.001942 -0.032937
v -0.146784 0.002012 -0.032929
v -0.146753 0.002044 -0.033011
v -0.146892 0.002275 -0.032933
v -0.146805 0.002275 -0.033063
v -0.146892 0.002122 -0.032780
v -0.146855 0.002118 -0.032937
v -0.146784 0.002126 -0.033043
v -0.146522 0.002122 -0.033150
v -0.146522 0.001992 -0.033063
v -0.146675 0.002275 -0.033150
v -0.146679 0.002118 -0.033113
v -0.146671 0.002012 -0.033043
v -0.146522 0.005875 -0.032780
v -0.146522 0.005475 -0.033180
v -0.146922 0.005475 -0.032780
v -0.146522 0.005845 -0.032933
v -0.146522 0.005758 -0.033063
v -0.146675 0.005845 -0.032780
v -0.146679 0.005808 -0.032937
v -0.146671 0.005738 -0.033043
v -0.146753 0.005706 -0.033011
v -0.146675 0.005475 -0.033150
v -0.146805 0.005475 -0.033063
v -0.146522 0.005628 -0.033150
v -0.146679 0.005632 -0.033113
v -0.146784 0.005624 -0.033043
v -0.146892 0.005628 -0.032780
v -0.146805 0.005758 -0.032780
v -0.146892 0.005475 -0.032933
v -0.146855 0.005632 -0.032937
v -0.146784 0.005738 -0.032929
v -0.134818 0.001875 0.032780
v -0.134418 0.002275 0.032780
v -0.134818 0.002275 0.033180
v -0.134665 0.001905 0.032780
v -0.134535 0.001992 0.032780
v -0.134818 0.001905 0.032933
v -0.134661 0.001942 0.032937
v -0.134556 0.002012 0.032929
v -0.134587 0.002044 0.033011
v -0.134448 0.002275 0.032933
v -0.134535 0.002275 0.033063
v -0.134448 0.002122 0.032780
v -0.134485 0.002118 0.032937
v -0.134556 0.002126 0.033043
v -0.134818 0.002122 0.033150
v -0.134818 0.001992 0.033063
v -0.134665 0.002275 0.033150
v -0.134661 0.002118 0.033113
v -0.134669 0.002012 0.033043
v -0.134818 0.005875 0.032780
v -0.134818 0.005475 0.033180
v -0.134418 0.005475 0.032780
v -0.134818 0.005845 0.032933
v -0.134818 0.005758 0.033063
v -0.134665 0.005845 0.032780
v -0.134661 0.005808 0.032937
v -0.134669 0.005738 0.033043
v -0.134587 0.005706 0.033011
v -0.134665 0.005475 0.033150
v -0.134535 0.005475 0.033063
v -0.134818 0.005628 0.033150
v -0.134661 0.005632 0.033113
v -0.134556 0.005624 0.033043
v -0.134448 0.005628 0.032780
v -0.134535 0.005758 0.032780
v -0.134448 0.005475 0.032933
v -0.134485 0.005632 0.032937
v -0.134556 0.005738 0.032929
v -0.134818 0.001875 -0.032780
v -0.134818 0.002275 -0.033180
v -0.134418 0.002275 -0.032780
v -0.134818 0.001905 -0.032933
v -0.134818 0.001992 -0.033063
v -0.134665 0.001905 -0.032780
v -0.134661 0.001942 -0.032937
v -0.134669 0.002012 -0.033043
v -0.134587 0.002044 -0.033011
v -0.134665 0.002275 -0.033150
v -0.134535 0.002275 -0.033063
v -0.134818 0.002122 -0.033150
v -0.134661 0.002118 -0.033113
v -0.134556 0.002126 -0.033043
v -0.134448 0.002122 -0.032780
v -0.134535 0.001992 -0.032780
v -0.134448 0.002275 -0.032933
v -0.134485 0.002118 -0.032937
v -0.134556 0.002012 -0.032929
v -0.134818 0.005875 -0.032780
v -0.134418 0.005475 -0.032780
v -0.134818 0.005475 -0.033180
v -0.134665 0.005845 -0.032780
v -0.134535 0.005758 -0.032780
v -0.134818 0.005845 -0.032933
v -0.134661 0.005808 -0.032937
v -0.134556 0.005738 -0.032929
v -0.134587 0.005706 -0.033011
v -0.134448 0.005475 -0.032933
v -0.134535 0.005475 -0.033063
v -0.134448 0.005628 -0.032780
v -0.134485 0.005632 -0.032937
v -0.134556 0.005624 -0.033043
v -0.134818 0.005628 -0.033150
v -0.134818 0.005758 -0.033063
v -0.134665 0.005475 -0.033150
v -0.134661 0.005632 -0.033113
v -0.134669 0.005738 -0.033043
vn -0.2049 -0.9571 0.2049
vn -0.1818 -0.8152 0.5500
vn -0.5500 -0.8152 0.1818
vn -0.4931 -0.7167 0.4931
vn -0.2049 -0.2050 0.9571
vn -0.5499 -0.1818 0.8152
vn -0.1818 -0.5500 0.8152
vn -0.4931 -0.4931 0.7167
vn -0.9571 -0.2049 0.2049
vn -0.8152 -0.5500 0.1818
vn -0.8152 -0.1818 0.5499
vn -0.7167 -0.4931 0.4931
vn -0.2049 0.2050 0.9571
vn -0.1818 0.5499 0.8152
vn -0.5499 0.1818 0.8152
vn -0.4931 0.4931 0.7167
vn -0.2049 0.9571 0.2049
vn -0.5499 0.8152 0.1818
vn -0.1818 0.8152 0.5500
vn -0.4931 0.7167 0.4931
vn -0.9571 0.2049 0.2049
vn -0.8152 0.1818 0.5499
vn -0.8152 0.5500 0.1818
vn -0.7167 0.4931 0.4931
vn -0.2049 -0.9571 -0.2049
vn -0.5499 -0.8152 -0.1818
vn -0.1818 -0.8152 -0.5500
vn -0.4931 -0.7167 -0.4931
vn -0.9571 -0.2049 -0.2049
vn -0.8152 -0.1818 -0.5499
vn -0.8152 -0.5500 -0.1818
vn -0.7167 -0.4931 -0.4931
vn -0.2049 -0.2050 -0.9571
vn -0.1818 -0.5499 -0.8152
vn -0.5499 -0.1818 -0.8152
vn -0.4931 -0.4931 -0.7167
vn -0.2049 0.9571 -0.2049
vn -0.1818 0.8152 -0.5500
vn -0.5500 0.8152 -0.1818
vn -0.4931 0.7167 -0.4931
vn -0.2049 0.2050 -0.9571
vn -0.5499 0.1818 -0.8152
vn -0.1818 0.5500 -0.8152
vn -0.4931 0.4931 -0.7167
vn -0.9571 0.2049 -0.2049
vn -0.8152 0.5500 -0.1818
vn -0.8152 0.1818 -0.5499
vn -0.7167 0.4931 -0.4931
vn 0.2049 -0.9571 0.2049
vn 0.5499 -0.8152 0.1818
vn 0.1818 -0.8152 0.5500
vn 0.4931 -0.7167 0.4931
vn 0.9571 -0.2049 0.2049
vn 0.8152 -0.1818 0.5499
vn 0.8152 -0.5500 0.1818
vn 0.7167 -0.4931 0.4931
vn 0.2049 -0.2050 0.9571
vn 0.1818 -0.5499 0.8152
vn 0.5499 -0.1818 0.8152
vn 0.4931 -0.4931 0.7167
vn 0.2049 0.9571 0.2049
vn 0.1818 0.8152 0.5500
vn 0.5500 0.8152 0.1818
vn 0.4931 0.7167 0.4931
vn 0.2049 0.2050 0.9571
vn 0.5499 0.1818 0.8152
vn 0.1818 0.5500 0.8152
vn 0.4931 0.4931 0.7167
vn 0.9571 0.2049 0.2049
vn 0.8152 0.5500 0.1818
vn 0.8152 0.1818 0.5499
vn 0.7167 0.4931 0.4931
vn 0.2049 -0.9571 -0.2049
vn 0.1818 -0.8152 -0.5500
vn 0.5500 -0.8152 -0.1818
vn 0.4931 -0.7167 -0.4931
vn 0.2049 -0.2050 -0.9571
vn 0.5499 -0.1818 -0.8152
vn 0.1818 -0.5500 -0.8152
vn 0.4931 -0.4931 -0.7167
vn 0.9571 -0.2049 -0.2049
vn 0.8152 -0.5500 -0.1818
vn 0.8152 -0.1818 -0.5499
vn 0.7167 -0.4931 -0.4931
vn 0.2049 0.9571 -0.2049
vn 0.5499 0.8152 -0.1818
vn 0.1818 0.8152 -0.5500
vn 0.4931 0.7167 -0.4931
vn 0.9571 0.2049 -0.2049
vn 0.8152 0.1818 -0.5499
vn 0.8152 0.5500 -0.1818
vn 0.7167 0.4931 -0.4931
vn 0.2049 0.2050 -0.9571
vn 0.1818 0.5499 -0.8152
vn 0.5499 0.1818 -0.8152
vn 0.4931 0.4931 -0.7167
vn -0.1951 -0.9808 -0.0000
vn -0.5556 -0.8315 -0.0000
vn -0.8315 -0.5556 -0.0000
vn -0.9808 -0.1951 -0.0000
vn -0.1951 -0.0000 0.9808
vn -0.5556 -0.0000 0.8315
vn -0.8315 -0.0000 0.5556
vn -0.9808 -0.0000 0.1951
vn -0.1951 0.9808 -0.0000
vn -0.5556 0.8315 -0.0000
vn -0.8315 0.5556 -0.0000
vn -0.9808 0.1951 -0.0000
vn -0.1951 -0.0000 -0.9808
vn -0.5556 -0.0000 -0.8315
vn -0.8315 -0.0000 -0.5556
vn -0.9808 -0.0000 -0.1951
vn -0.0000 -0.9808 -0.1951
vn -0.0000 -0.8315 -0.5556
vn -0.0000 -0.5556 -0.8315
vn -0.0000 -0.1951 -0.9808
vn -0.0000 0.9808 -0.1951
vn -0.0000 0.8315 -0.5556
vn -0.0000 0.5556 -0.8315
vn -0.0000 0.1951 -0.9808
vn 0.9808 -0.0000 -0.1951
vn 0.8315 -0.0000 -0.5556
vn 0.5556 -0.0000 -0.8315
vn 0.1951 -0.0000 -0.9808
vn 0.1951 -0.9808 -0.0000
vn 0.5556 -0.8315 -0.0000
vn 0.8315 -0.5556 -0.0000
vn 0.9808 -0.1951 -0.0000
vn 0.1951 0.9808 -0.0000
vn 0.5556 0.8315 -0.0000
vn 0.8315 0.5556 -0.0000
vn 0.9808 0.1951 -0.0000
vn 0.1951 -0.0000 0.9808
vn 0.5556 -0.0000 0.8315
vn 0.8315 -0.0000 0.5556
vn 0.9808 -0.0000 0.1951
vn -0.0000 -0.9808 0.1951
vn -0.0000 -0.8315 0.5556
vn -0.0000 -0.5556 0.8315
vn -0.0000 -0.1951 0.9808
vn -0.0000 0.9808 0.1951
vn -0.0000 0.8315 0.5556
vn -0.0000 0.5556 0.8315
vn -0.0000 0.1951 0.9808
vn -0.0000 -1.0000 -0.0000
vn -1.0000 -0.0000 -0.0000
vn -0.0000 -0.0000 1.0000
vn -0.0000 1.0000 -0.0000
vn -0.0000 -0.0000 -1.0000
vn 1.0000 -0.0000 -0.0000
vt 0.132997 0.748493
vt 0.132997 0.749070
vt 0.129860 0.749084
vt 0.129937 0.748493
vt 0.132997 0.750000
vt 0.130019 0.750000
vt 0.125000 0.749054
vt 0.125000 0.748493
vt 0.128380 0.750000
vt 0.400000 0.992002
vt 0.400000 0.995063
vt 0.390193 0.995140
vt 0.390433 0.992003
vt 0.400000 1.000000
vt 0.390691 1.000000
vt 0.375000 0.994981
vt 0.375000 0.992003
vt 0.385566 1.000000
vt 0.400000 0.001507
vt 0.390433 0.001507
vt 0.390193 0.000916
vt 0.400000 0.000930
vt 0.375000 0.001507
vt 0.375000 0.000946
vt 0.390691 0.000000
vt 0.400000 0.000000
vt 0.375000 0.000637
vt 0.600000 0.992003
vt 0.609567 0.992003
vt 0.609807 0.995140
vt 0.600000 0.995063
vt 0.625000 0.992003
vt 0.625000 0.994981
vt 0.609309 1.000000
vt 0.600000 1.000000
vt 0.625000 0.996620
vt 0.867002 0.748493
vt 0.870063 0.748493
vt 0.870140 0.749084
vt 0.867003 0.749070
vt 0.875000 0.748493
vt 0.875000 0.749054
vt 0.869981 0.750000
vt 0.867003 0.750000
vt 0.875000 0.749363
vt 0.600000 0.001507
vt 0.600000 0.000930
vt 0.609807 0.000916
vt 0.609567 0.001507
vt 0.600000 0.000000
vt 0.609309 0.000000
vt 0.625000 0.000946
vt 0.625000 0.001507
vt 0.614434 0.000000
vt 0.132997 0.501507
vt 0.129937 0.501507
vt 0.129860 0.500916
vt 0.132997 0.500930
vt 0.125000 0.501507
vt 0.125000 0.500946
vt 0.130019 0.500000
vt 0.132997 0.500000
vt 0.125000 0.500637
vt 0.400000 0.248493
vt 0.400000 0.249070
vt 0.390193 0.249084
vt 0.390433 0.248493
vt 0.400000 0.250000
vt 0.390691 0.250000
vt 0.375000 0.249054
vt 0.375000 0.248493
vt 0.380283 0.251690
vt 0.400000 0.257997
vt 0.390433 0.257997
vt 0.390193 0.254860
vt 0.400000 0.254937
vt 0.375000 0.257997
vt 0.375000 0.255019
vt 0.867002 0.501507
vt 0.867003 0.500930
vt 0.870140 0.500916
vt 0.870063 0.501507
vt 0.867003 0.500000
vt 0.869981 0.500000
vt 0.875000 0.500946
vt 0.875000 0.501507
vt 0.871620 0.500000
vt 0.600000 0.257997
vt 0.600000 0.254937
vt 0.609807 0.254860
vt 0.609567 0.257997
vt 0.600000 0.250000
vt 0.609309 0.250000
vt 0.625000 0.255019
vt 0.625000 0.257997
vt 0.619717 0.249682
vt 0.600000 0.248493
vt 0.609567 0.248493
vt 0.609807 0.249084
vt 0.600000 0.249070
vt 0.625000 0.248493
vt 0.625000 0.249054
vt 0.367003 0.748493
vt 0.370063 0.748493
vt 0.370140 0.749084
vt 0.367003 0.749070
vt 0.375000 0.748493
vt 0.375000 0.749054
vt 0.372490 0.752510
vt 0.371001 0.753999
vt 0.378522 0.750914
vt 0.400000 0.748493
vt 0.400000 0.749070
vt 0.390193 0.749084
vt 0.390433 0.748493
vt 0.400000 0.750000
vt 0.390691 0.750000
vt 0.400000 0.757997
vt 0.390433 0.757997
vt 0.390193 0.754860
vt 0.400000 0.754937
vt 0.632997 0.748493
vt 0.632997 0.749070
vt 0.629860 0.749084
vt 0.629937 0.748493
vt 0.628999 0.753999
vt 0.627510 0.752510
vt 0.625000 0.749054
vt 0.625000 0.748493
vt 0.622605 0.749788
vt 0.600000 0.757998
vt 0.600000 0.754937
vt 0.609807 0.754860
vt 0.609567 0.757997
vt 0.600000 0.750000
vt 0.609309 0.750000
vt 0.600000 0.748493
vt 0.609567 0.748493
vt 0.609807 0.749084
vt 0.600000 0.749070
vt 0.367003 0.501507
vt 0.367003 0.500930
vt 0.370140 0.500916
vt 0.370063 0.501507
vt 0.371001 0.496001
vt 0.372490 0.497490
vt 0.375000 0.500946
vt 0.375000 0.501507
vt 0.377395 0.500212
vt 0.400000 0.492003
vt 0.400000 0.495063
vt 0.390193 0.495140
vt 0.390433 0.492003
vt 0.400000 0.500000
vt 0.390691 0.500000
vt 0.400000 0.501507
vt 0.390433 0.501507
vt 0.390193 0.500916
vt 0.400000 0.500930
vt 0.632997 0.501507
vt 0.629937 0.501507
vt 0.629860 0.500916
vt 0.632997 0.500930
vt 0.625000 0.501507
vt 0.625000 0.500946
vt 0.627510 0.497490
vt 0.628999 0.496001
vt 0.621478 0.499086
vt 0.600000 0.501507
vt 0.600000 0.500930
vt 0.609807 0.500916
vt 0.609567 0.501507
vt 0.600000 0.500000
vt 0.609309 0.500000
vt 0.600000 0.492003
vt 0.609567 0.492003
vt 0.609807 0.495140
vt 0.600000 0.495063
s 0
usemtl Steel
f 3489/4471/3239 3492/4472/3239 3495/4473/3239 3494/4474/3239
f 3492/4472/3240 3493/4475/3240 3496/4476/3240 3495/4473/3240
f 3494/4474/3241 3495/4473/3241 3507/4477/3241 3504/4478/3241
f 3495/4473/3242 3496/4476/3242 3497/4479/3242 3507/4477/3242
f 3490/4480/3243 3498/4481/3243 3501/4482/3243 3500/4483/3243
f 3498/4481/3244 3499/4484/3244 3502/4485/3244 3501/4482/3244
f 3500/4483/3245 3501/4482/3245 3496/4486/3245 3493/4487/3245
f 3501/4482/3246 3502/4485/3246 3497/4488/3246 3496/4486/3246
f 3491/4489/3247 3503/4490/3247 3506/4491/3247 3505/4492/3247
f 3503/4490/3248 3504/4493/3248 3507/4494/3248 3506/4491/3248
f 3505/4492/3249 3506/4491/3249 3502/4495/3249 3499/4496/3249
f 3506/4491/3250 3507/4494/3250 3497/4497/3250 3502/4495/3250
f 3508/4498/3251 3511/4499/3251 3514/4500/3251 3513/4501/3251
f 3511/4499/3252 3512/4502/3252 3515/4503/3252 3514/4500/3252
f 3513/4501/3253 3514/4500/3253 3526/4504/3253 3523/4505/3253
f 3514/4500/3254 3515/4503/3254 3516/4506/3254 3526/4504/3254
f 3509/4507/3255 3517/4508/3255 3520/4509/3255 3519/4510/3255
f 3517/4508/3256 3518/4511/3256 3521/4512/3256 3520/4509/3256
f 3519/4510/3257 3520/4509/3257 3515/4513/3257 3512/4514/3257
f 3520/4509/3258 3521/4512/3258 3516/4515/3258 3515/4513/3258
f 3510/4516/3259 3522/4517/3259 3525/4518/3259 3524/4519/3259
f 3522/4517/3260 3523/4520/3260 3526/4521/3260 3525/4518/3260
f 3524/4519/3261 3525/4518/3261 3521/4522/3261 3518/4523/3261
f 3525/4518/3262 3526/4521/3262 3516/4524/3262 3521/4522/3262
f 3527/4525/3263 3530/4526/3263 3533/4527/3263 3532/4528/3263
f 3530/4526/3264 3531/4529/3264 3534/4530/3264 3533/4527/3264
f 3532/4528/3265 3533/4527/3265 3545/4531/3265 3542/4532/3265
f 3533/4527/3266 3534/4530/3266 3535/4533/3266 3545/4531/3266
f 3528/4534/3267 3536/4535/3267 3539/4536/3267 3538/4537/3267
f 3536/4535/3268 3537/4538/3268 3540/4539/3268 3539/4536/3268
f 3538/4537/3269 3539/4536/3269 3534/4540/3269 3531/4541/3269
f 3539/4536/3270 3540/4539/3270 3535/4542/3270 3534/4540/3270
f 3529/4543/3271 3541/4544/3271 3544/4545/3271 3543/4546/3271
f 3541/4544/3272 3542/4547/3272 3545/4548/3272 3544/4545/3272
f 3543/4546/3273 3544/4545/3273 3540/4539/3273 3537/4538/3273
f 3544/4545/3274 3545/4548/3274 3535/4542/3274 3540/4539/3274
f 3546/4549/3275 3549/4550/3275 3552/4551/3275 3551/4552/3275
f 3549/4550/3276 3550/4553/3276 3553/4554/3276 3552/4551/3276
f 3551/4552/3277 3552/4551/3277 3564/4555/3277 3561/4556/3277
f 3552/4551/3278 3553/4554/3278 3554/4557/3278 3564/4555/3278
f 3547/4558/3279 3555/4559/3279 3558/4560/3279 3557/4561/3279
f 3555/4559/3280 3556/4562/3280 3559/4563/3280 3558/4560/3280
f 3557/4561/3281 3558/4560/3281 3553/4564/3281 3550/4565/3281
f 3558/4560/3282 3559/4563/3282 3554/4566/3282 3553/4564/3282
f 3548/4567/3283 3560/4568/3283 3563/4569/3283 3562/4570/3283
f 3560/4568/3284 3561/4571/3284 3564/4572/3284 3563/4569/3284
f 3562/4570/3285 3563/4569/3285 3559/4563/3285 3556/4562/3285
f 3563/4569/3286 3564/4572/3286 3554/4566/3286 3559/4563/3286
f 3565/4573/3287 3568/4574/3287 3571/4575/3287 3570/4576/3287
f 3568/4574/3288 3569/4577/3288 3572/4578/3288 3571/4575/3288
f 3570/4576/3289 3571/4575/3289 3583/4579/3289 3580/4580/3289
f 3571/4575/3290 3572/4578/3290 3573/4581/3290 3583/4579/3290
f 3566/4582/3291 3574/4583/3291 3577/4584/3291 3576/4585/3291
f 3574/4583/3292 3575/4586/3292 3578/4587/3292 3577/4584/3292
f 3576/4585/3293 3577/4584/3293 3572/4578/3293 3569/4577/3293
f 3577/4584/3294 3578/4587/3294 3573/4581/3294 3572/4578/3294
f 3567/4588/3295 3579/4589/3295 3582/4590/3295 3581/4591/3295
f 3579/4589/3296 3580/4580/3296 3583/4579/3296 3582/4590/3296
f 3581/4591/3297 3582/4590/3297 3578/4587/3297 3575/4586/3297
f 3582/4590/3298 3583/4579/3298 3573/4581/3298 3578/4587/3298
f 3584/4592/3299 3587/4593/3299 3590/4594/3299 3589/4595/3299
f 3587/4593/3300 3588/4596/3300 3591/4597/3300 3590/4594/3300
f 3589/4595/3301 3590/4594/3301 3602/4598/3301 3599/4599/3301
f 3590/4594/3302 3591/4597/3302 3592/4600/3302 3602/4598/3302
f 3585/4601/3303 3593/4602/3303 3596/4603/3303 3595/4604/3303
f 3593/4602/3304 3594/4605/3304 3597/4606/3304 3596/4603/3304
f 3595/4604/3305 3596/4603/3305 3591/4597/3305 3588/4596/3305
f 3596/4603/3306 3597/4606/3306 3592/4600/3306 3591/4597/3306
f 3586/4607/3307 3598/4608/3307 3601/4609/3307 3600/4610/3307
f 3598/4608/3308 3599/4599/3308 3602/4598/3308 3601/4609/3308
f 3600/4610/3309 3601/4609/3309 3597/4606/3309 3594/4605/3309
f 3601/4609/3310 3602/4598/3310 3592/4600/3310 3597/4606/3310
f 3603/4611/3311 3606/4612/3311 3609/4613/3311 3608/4614/3311
f 3606/4612/3312 3607/4615/3312 3610/4616/3312 3609/4613/3312
f 3608/4614/3313 3609/4613/3313 3621/4617/3313 3618/4618/3313
f 3609/4613/3314 3610/4616/3314 3611/4619/3314 3621/4617/3314
f 3604/4620/3315 3612/4621/3315 3615/4622/3315 3614/4623/3315
f 3612/4621/3316 3613/4624/3316 3616/4625/3316 3615/4622/3316
f 3614/4623/3317 3615/4622/3317 3610/4616/3317 3607/4615/3317
f 3615/4622/3318 3616/4625/3318 3611/4619/3318 3610/4616/3318
f 3605/4626/3319 3617/4627/3319 3620/4628/3319 3619/4629/3319
f 3617/4627/3320 3618/4618/3320 3621/4617/3320 3620/4628/3320
f 3619/4629/3321 3620/4628/3321 3616/4625/3321 3613/4624/3321
f 3620/4628/3322 3621/4617/3322 3611/4619/3322 3616/4625/3322
f 3622/4630/3323 3625/4631/3323 3628/4632/3323 3627/4633/3323
f 3625/4631/3324 3626/4634/3324 3629/4635/3324 3628/4632/3324
f 3627/4633/3325 3628/4632/3325 3640/4636/3325 3637/4637/3325
f 3628/4632/3326 3629/4635/3326 3630/4638/3326 3640/4636/3326
f 3623/4639/3327 3631/4640/3327 3634/4641/3327 3633/4642/3327
f 3631/4640/3328 3632/4643/3328 3635/4644/3328 3634/4641/3328
f 3633/4642/3329 3634/4641/3329 3629/4635/3329 3626/4634/3329
f 3634/4641/3330 3635/4644/3330 3630/4638/3330 3629/4635/3330
f 3624/4645/3331 3636/4646/3331 3639/4647/3331 3638/4648/3331
f 3636/4646/3332 3637/4637/3332 3640/4636/3332 3639/4647/3332
f 3638/4648/3333 3639/4647/3333 3635/4644/3333 3632/4643/3333
f 3639/4647/3334 3640/4636/3334 3630/4638/3334 3635/4644/3334
f 3527/4525/3335 3489/4471/3335 3494/4474/3335 3530/4526/3335
f 3530/4526/3336 3494/4474/3336 3504/4478/3336 3531/4529/3336
f 3531/4541/3337 3504/4493/3337 3503/4490/3337 3538/4537/3337
f 3538/4537/3338 3503/4490/3338 3491/4489/3338 3528/4534/3338
f 3490/4480/3339 3508/4498/3339 3513/4501/3339 3498/4481/3339
f 3498/4481/3340 3513/4501/3340 3523/4505/3340 3499/4484/3340
f 3499/4496/3341 3523/4520/3341 3522/4517/3341 3505/4492/3341
f 3505/4492/3342 3522/4517/3342 3510/4516/3342 3491/4489/3342
f 3509/4507/3343 3546/4549/3343 3551/4552/3343 3517/4508/3343
f 3517/4508/3344 3551/4552/3344 3561/4556/3344 3518/4511/3344
f 3518/4523/3345 3561/4571/3345 3560/4568/3345 3524/4519/3345
f 3524/4519/3346 3560/4568/3346 3548/4567/3346 3510/4516/3346
f 3547/4558/3347 3529/4543/3347 3543/4546/3347 3555/4559/3347
f 3555/4559/3348 3543/4546/3348 3537/4538/3348 3556/4562/3348
f 3556/4562/3349 3537/4538/3349 3536/4535/3349 3562/4570/3349
f 3562/4570/3350 3536/4535/3350 3528/4534/3350 3548/4567/3350
f 3603/4611/3351 3527/4525/3351 3532/4528/3351 3606/4612/3351
f 3606/4612/3352 3532/4528/3352 3542/4532/3352 3607/4615/3352
f 3607/4615/3353 3542/4547/3353 3541/4544/3353 3614/4623/3353
f 3614/4623/3354 3541/4544/3354 3529/4543/3354 3604/4620/3354
f 3546/4549/3355 3622/4630/3355 3627/4633/3355 3549/4550/3355
f 3549/4550/3356 3627/4633/3356 3637/4637/3356 3550/4553/3356
f 3550/4565/3357 3637/4637/3357 3636/4646/3357 3557/4561/3357
f 3557/4561/3358 3636/4646/3358 3624/4645/3358 3547/4558/3358
f 3623/4639/3359 3605/4626/3359 3619/4629/3359 3631/4640/3359
f 3631/4640/3360 3619/4629/3360 3613/4624/3360 3632/4643/3360
f 3632/4643/3361 3613/4624/3361 3612/4621/3361 3638/4648/3361
f 3638/4648/3362 3612/4621/3362 3604/4620/3362 3624/4645/3362
f 3565/4573/3363 3603/4611/3363 3608/4614/3363 3568/4574/3363
f 3568/4574/3364 3608/4614/3364 3618/4618/3364 3569/4577/3364
f 3569/4577/3365 3618/4618/3365 3617/4627/3365 3576/4585/3365
f 3576/4585/3366 3617/4627/3366 3605/4626/3366 3566/4582/3366
f 3622/4630/3367 3584/4592/3367 3589/4595/3367 3625/4631/3367
f 3625/4631/3368 3589/4595/3368 3599/4599/3368 3626/4634/3368
f 3626/4634/3369 3599/4599/3369 3598/4608/3369 3633/4642/3369
f 3633/4642/3370 3598/4608/3370 3586/4607/3370 3623/4639/3370
f 3585/4601/3371 3567/4588/3371 3581/4591/3371 3593/4602/3371
f 3593/4602/3372 3581/4591/3372 3575/4586/3372 3594/4605/3372
f 3594/4605/3373 3575/4586/3373 3574/4583/3373 3600/4610/3373
f 3600/4610/3374 3574/4583/3374 3566/4582/3374 3586/4607/3374
f 3489/4471/3375 3565/4573/3375 3570/4576/3375 3492/4472/3375
f 3492/4472/3376 3570/4576/3376 3580/4580/3376 3493/4475/3376
f 3493/4487/3377 3580/4580/3377 3579/4589/3377 3500/4483/3377
f 3500/4483/3378 3579/4589/3378 3567/4588/3378 3490/4480/3378
f 3584/4592/3379 3509/4507/3379 3519/4510/3379 3587/4593/3379
f 3587/4593/3380 3519/4510/3380 3512/4514/3380 3588/4596/3380
f 3588/4596/3381 3512/4502/3381 3511/4499/3381 3595/4604/3381
f 3595/4604/3382 3511/4499/3382 3508/4498/3382 3585/4601/3382
f 3527/4525/3383 3603/4611/3383 3565/4573/3383 3489/4471/3383
f 3491/4489/3384 3510/4516/3384 3548/4567/3384 3528/4534/3384
f 3567/4588/3385 3585/4601/3385 3508/4498/3385 3490/4480/3385
f 3622/4630/3386 3546/4549/3386 3509/4507/3386 3584/4592/3386
f 3529/4543/3387 3547/4558/3387 3624/4645/3387 3604/4620/3387
f 3605/4626/3388 3623/4639/3388 3586/4607/3388 3566/4582/3388
o 23_RightSpeaker
v 0.134818 0.001875 0.032780
v 0.134818 0.002275 0.033180
v 0.134418 0.002275 0.032780
v 0.134818 0.001905 0.032933
v 0.134818 0.001992 0.033063
v 0.134665 0.001905 0.032780
v 0.134661 0.001942 0.032937
v 0.134669 0.002012 0.033043
v 0.134587 0.002044 0.033011
v 0.134665 0.002275 0.033150
v 0.134535 0.002275 0.033063
v 0.134818 0.002122 0.033150
v 0.134661 0.002118 0.033113
v 0.134556 0.002126 0.033043
v 0.134448 0.002122 0.032780
v 0.134535 0.001992 0.032780
v 0.134448 0.002275 0.032933
v 0.134485 0.002118 0.032937
v 0.134556 0.002012 0.032929
v 0.134818 0.005475 0.033180
v 0.134818 0.005875 0.032780
v 0.134418 0.005475 0.032780
v 0.134818 0.005628 0.033150
v 0.134818 0.005758 0.033063
v 0.134665 0.005475 0.033150
v 0.134661 0.005632 0.033113
v 0.134669 0.005738 0.033043
v 0.134587 0.005706 0.033011
v 0.134665 0.005845 0.032780
v 0.134535 0.005758 0.032780
v 0.134818 0.005845 0.032933
v 0.134661 0.005808 0.032937
v 0.134556 0.005738 0.032929
v 0.134448 0.005475 0.032933
v 0.134535 0.005475 0.033063
v 0.134448 0.005628 0.032780
v 0.134485 0.005632 0.032937
v 0.134556 0.005624 0.033043
v 0.134818 0.001875 -0.032780
v 0.134418 0.002275 -0.032780
v 0.134818 0.002275 -0.033180
v 0.134665 0.001905 -0.032780
v 0.134535 0.001992 -0.032780
v 0.134818 0.001905 -0.032933
v 0.134661 0.001942 -0.032937
v 0.134556 0.002012 -0.032929
v 0.134587 0.002044 -0.033011
v 0.134448 0.002275 -0.032933
v 0.134535 0.002275 -0.033063
v 0.134448 0.002122 -0.032780
v 0.134485 0.002118 -0.032937
v 0.134556 0.002126 -0.033043
v 0.134818 0.002122 -0.033150
v 0.134818 0.001992 -0.033063
v 0.134665 0.002275 -0.033150
v 0.134661 0.002118 -0.033113
v 0.134669 0.002012 -0.033043
v 0.134818 0.005875 -0.032780
v 0.134818 0.005475 -0.033180
v 0.134418 0.005475 -0.032780
v 0.134818 0.005845 -0.032933
v 0.134818 0.005758 -0.033063
v 0.134665 0.005845 -0.032780
v 0.134661 0.005808 -0.032937
v 0.134669 0.005738 -0.033043
v 0.134587 0.005706 -0.033011
v 0.134665 0.005475 -0.033150
v 0.134535 0.005475 -0.033063
v 0.134818 0.005628 -0.033150
v 0.134661 0.005632 -0.033113
v 0.134556 0.005624 -0.033043
v 0.134448 0.005628 -0.032780
v 0.134535 0.005758 -0.032780
v 0.134448 0.005475 -0.032933
v 0.134485 0.005632 -0.032937
v 0.134556 0.005738 -0.032929
v 0.146522 0.001875 0.032780
v 0.146922 0.002275 0.032780
v 0.146522 0.002275 0.033180
v 0.146675 0.001905 0.032780
v 0.146805 0.001992 0.032780
v 0.146522 0.001905 0.032933
v 0.146679 0.001942 0.032937
v 0.146784 0.002012 0.032929
v 0.146753 0.002044 0.033011
v 0.146892 0.002275 0.032933
v 0.146805 0.002275 0.033063
v 0.146892 0.002122 0.032780
v 0.146855 0.002118 0.032937
v 0.146784 0.002126 0.033043
v 0.146522 0.002122 0.033150
v 0.146522 0.001992 0.033063
v 0.146675 0.002275 0.033150
v 0.146679 0.002118 0.033113
v 0.146671 0.002012 0.033043
v 0.146522 0.005875 0.032780
v 0.146522 0.005475 0.033180
v 0.146922 0.005475 0.032780
v 0.146522 0.005845 0.032933
v 0.146522 0.005758 0.033063
v 0.146675 0.005845 0.032780
v 0.146679 0.005808 0.032937
v 0.146671 0.005738 0.033043
v 0.146753 0.005706 0.033011
v 0.146675 0.005475 0.033150
v 0.146805 0.005475 0.033063
v 0.146522 0.005628 0.033150
v 0.146679 0.005632 0.033113
v 0.146784 0.005624 0.033043
v 0.146892 0.005628 0.032780
v 0.146805 0.005758 0.032780
v 0.146892 0.005475 0.032933
v 0.146855 0.005632 0.032937
v 0.146784 0.005738 0.032929
v 0.146522 0.001875 -0.032780
v 0.146522 0.002275 -0.033180
v 0.146922 0.002275 -0.032780
v 0.146522 0.001905 -0.032933
v 0.146522 0.001992 -0.033063
v 0.146675 0.001905 -0.032780
v 0.146679 0.001942 -0.032937
v 0.146671 0.002012 -0.033043
v 0.146753 0.002044 -0.033011
v 0.146675 0.002275 -0.033150
v 0.146805 0.002275 -0.033063
v 0.146522 0.002122 -0.033150
v 0.146679 0.002118 -0.033113
v 0.146784 0.002126 -0.033043
v 0.146892 0.002122 -0.032780
v 0.146805 0.001992 -0.032780
v 0.146892 0.002275 -0.032933
v 0.146855 0.002118 -0.032937
v 0.146784 0.002012 -0.032929
v 0.146522 0.005875 -0.032780
v 0.146922 0.005475 -0.032780
v 0.146522 0.005475 -0.033180
v 0.146675 0.005845 -0.032780
v 0.146805 0.005758 -0.032780
v 0.146522 0.005845 -0.032933
v 0.146679 0.005808 -0.032937
v 0.146784 0.005738 -0.032929
v 0.146753 0.005706 -0.033011
v 0.146892 0.005475 -0.032933
v 0.146805 0.005475 -0.033063
v 0.146892 0.005628 -0.032780
v 0.146855 0.005632 -0.032937
v 0.146784 0.005624 -0.033043
v 0.146522 0.005628 -0.033150
v 0.146522 0.005758 -0.033063
v 0.146675 0.005475 -0.033150
v 0.146679 0.005632 -0.033113
v 0.146671 0.005738 -0.033043
vn -0.2049 -0.9571 0.2049
vn -0.1818 -0.8152 0.5500
vn -0.5500 -0.8152 0.1818
vn -0.4931 -0.7167 0.4931
vn -0.2049 -0.2050 0.9571
vn -0.5499 -0.1818 0.8152
vn -0.1818 -0.5500 0.8152
vn -0.4931 -0.4931 0.7167
vn -0.9571 -0.2049 0.2049
vn -0.8152 -0.5500 0.1818
vn -0.8152 -0.1818 0.5499
vn -0.7167 -0.4931 0.4931
vn -0.2049 0.2050 0.9571
vn -0.1818 0.5499 0.8152
vn -0.5499 0.1818 0.8152
vn -0.4931 0.4931 0.7167
vn -0.2049 0.9571 0.2049
vn -0.5499 0.8152 0.1818
vn -0.1818 0.8152 0.5500
vn -0.4931 0.7167 0.4931
vn -0.9571 0.2049 0.2049
vn -0.8152 0.1818 0.5499
vn -0.8152 0.5500 0.1818
vn -0.7167 0.4931 0.4931
vn -0.2049 -0.9571 -0.2049
vn -0.5499 -0.8152 -0.1818
vn -0.1818 -0.8152 -0.5500
vn -0.4931 -0.7167 -0.4931
vn -0.9571 -0.2049 -0.2049
vn -0.8152 -0.1818 -0.5499
vn -0.8152 -0.5500 -0.1818
vn -0.7167 -0.4931 -0.4931
vn -0.2049 -0.2050 -0.9571
vn -0.1818 -0.5499 -0.8152
vn -0.5499 -0.1818 -0.8152
vn -0.4931 -0.4931 -0.7167
vn -0.2049 0.9571 -0.2049
vn -0.1818 0.8152 -0.5500
vn -0.5500 0.8152 -0.1818
vn -0.4931 0.7167 -0.4931
vn -0.2049 0.2050 -0.9571
vn -0.5499 0.1818 -0.8152
vn -0.1818 0.5500 -0.8152
vn -0.4931 0.4931 -0.7167
vn -0.9571 0.2049 -0.2049
vn -0.8152 0.5500 -0.1818
vn -0.8152 0.1818 -0.5499
vn -0.7167 0.4931 -0.4931
vn 0.2049 -0.9571 0.2049
vn 0.5499 -0.8152 0.1818
vn 0.1818 -0.8152 0.5500
vn 0.4931 -0.7167 0.4931
vn 0.9571 -0.2049 0.2049
vn 0.8152 -0.1818 0.5499
vn 0.8152 -0.5500 0.1818
vn 0.7167 -0.4931 0.4931
vn 0.2049 -0.2050 0.9571
vn 0.1818 -0.5499 0.8152
vn 0.5499 -0.1818 0.8152
vn 0.4931 -0.4931 0.7167
vn 0.2049 0.9571 0.2049
vn 0.1818 0.8152 0.5500
vn 0.5500 0.8152 0.1818
vn 0.4931 0.7167 0.4931
vn 0.2049 0.2050 0.9571
vn 0.5499 0.1818 0.8152
vn 0.1818 0.5500 0.8152
vn 0.4931 0.4931 0.7167
vn 0.9571 0.2049 0.2049
vn 0.8152 0.5500 0.1818
vn 0.8152 0.1818 0.5499
vn 0.7167 0.4931 0.4931
vn 0.2049 -0.9571 -0.2049
vn 0.1818 -0.8152 -0.5500
vn 0.5500 -0.8152 -0.1818
vn 0.4931 -0.7167 -0.4931
vn 0.2049 -0.2050 -0.9571
vn 0.5499 -0.1818 -0.8152
vn 0.1818 -0.5500 -0.8152
vn 0.4931 -0.4931 -0.7167
vn 0.9571 -0.2049 -0.2049
vn 0.8152 -0.5500 -0.1818
vn 0.8152 -0.1818 -0.5499
vn 0.7167 -0.4931 -0.4931
vn 0.2049 0.9571 -0.2049
vn 0.5499 0.8152 -0.1818
vn 0.1818 0.8152 -0.5500
vn 0.4931 0.7167 -0.4931
vn 0.9571 0.2049 -0.2049
vn 0.8152 0.1818 -0.5499
vn 0.8152 0.5500 -0.1818
vn 0.7167 0.4931 -0.4931
vn 0.2049 0.2050 -0.9571
vn 0.1818 0.5499 -0.8152
vn 0.5499 0.1818 -0.8152
vn 0.4931 0.4931 -0.7167
vn -0.1951 -0.9808 -0.0000
vn -0.5556 -0.8315 -0.0000
vn -0.8315 -0.5556 -0.0000
vn -0.9808 -0.1951 -0.0000
vn -0.1951 -0.0000 0.9808
vn -0.5556 -0.0000 0.8315
vn -0.8315 -0.0000 0.5556
vn -0.9808 -0.0000 0.1951
vn -0.1951 0.9808 -0.0000
vn -0.5556 0.8315 -0.0000
vn -0.8315 0.5556 -0.0000
vn -0.9808 0.1951 -0.0000
vn -0.1951 -0.0000 -0.9808
vn -0.5556 -0.0000 -0.8315
vn -0.8315 -0.0000 -0.5556
vn -0.9808 -0.0000 -0.1951
vn -0.0000 -0.9808 -0.1951
vn -0.0000 -0.8315 -0.5556
vn -0.0000 -0.5556 -0.8315
vn -0.0000 -0.1951 -0.9808
vn -0.0000 0.9808 -0.1951
vn -0.0000 0.8315 -0.5556
vn -0.0000 0.5556 -0.8315
vn -0.0000 0.1951 -0.9808
vn 0.9808 -0.0000 -0.1951
vn 0.8315 -0.0000 -0.5556
vn 0.5556 -0.0000 -0.8315
vn 0.1951 -0.0000 -0.9808
vn 0.1951 -0.9808 -0.0000
vn 0.5556 -0.8315 -0.0000
vn 0.8315 -0.5556 -0.0000
vn 0.9808 -0.1951 -0.0000
vn 0.1951 0.9808 -0.0000
vn 0.5556 0.8315 -0.0000
vn 0.8315 0.5556 -0.0000
vn 0.9808 0.1951 -0.0000
vn 0.1951 -0.0000 0.9808
vn 0.5556 -0.0000 0.8315
vn 0.8315 -0.0000 0.5556
vn 0.9808 -0.0000 0.1951
vn -0.0000 -0.9808 0.1951
vn -0.0000 -0.8315 0.5556
vn -0.0000 -0.5556 0.8315
vn -0.0000 -0.1951 0.9808
vn -0.0000 0.9808 0.1951
vn -0.0000 0.8315 0.5556
vn -0.0000 0.5556 0.8315
vn -0.0000 0.1951 0.9808
vn -0.0000 -1.0000 -0.0000
vn -1.0000 -0.0000 -0.0000
vn -0.0000 -0.0000 1.0000
vn -0.0000 1.0000 -0.0000
vn -0.0000 -0.0000 -1.0000
vn 1.0000 -0.0000 -0.0000
vt 0.132997 0.748493
vt 0.132997 0.749070
vt 0.129860 0.749084
vt 0.129937 0.748493
vt 0.132997 0.750000
vt 0.130019 0.750000
vt 0.125000 0.749054
vt 0.125000 0.748493
vt 0.128380 0.750000
vt 0.400000 0.992002
vt 0.400000 0.995063
vt 0.390193 0.995140
vt 0.390433 0.992003
vt 0.400000 1.000000
vt 0.390691 1.000000
vt 0.375000 0.994981
vt 0.375000 0.992003
vt 0.385566 1.000000
vt 0.400000 0.001507
vt 0.390433 0.001507
vt 0.390193 0.000916
vt 0.400000 0.000930
vt 0.375000 0.001507
vt 0.375000 0.000946
vt 0.390691 0.000000
vt 0.400000 0.000000
vt 0.375000 0.000637
vt 0.600000 0.992003
vt 0.609567 0.992003
vt 0.609807 0.995140
vt 0.600000 0.995063
vt 0.625000 0.992003
vt 0.625000 0.994981
vt 0.609309 1.000000
vt 0.600000 1.000000
vt 0.625000 0.996620
vt 0.867002 0.748493
vt 0.870063 0.748493
vt 0.870140 0.749084
vt 0.867003 0.749070
vt 0.875000 0.748493
vt 0.875000 0.749054
vt 0.869981 0.750000
vt 0.867003 0.750000
vt 0.875000 0.749363
vt 0.600000 0.001507
vt 0.600000 0.000930
vt 0.609807 0.000916
vt 0.609567 0.001507
vt 0.600000 0.000000
vt 0.609309 0.000000
vt 0.625000 0.000946
vt 0.625000 0.001507
vt 0.614434 0.000000
vt 0.132997 0.501507
vt 0.129937 0.501507
vt 0.129860 0.500916
vt 0.132997 0.500930
vt 0.125000 0.501507
vt 0.125000 0.500946
vt 0.130019 0.500000
vt 0.132997 0.500000
vt 0.125000 0.500637
vt 0.400000 0.248493
vt 0.400000 0.249070
vt 0.390193 0.249084
vt 0.390433 0.248493
vt 0.400000 0.250000
vt 0.390691 0.250000
vt 0.375000 0.249054
vt 0.375000 0.248493
vt 0.380283 0.251690
vt 0.400000 0.257997
vt 0.390433 0.257997
vt 0.390193 0.254860
vt 0.400000 0.254937
vt 0.375000 0.257997
vt 0.375000 0.255019
vt 0.867002 0.501507
vt 0.867003 0.500930
vt 0.870140 0.500916
vt 0.870063 0.501507
vt 0.867003 0.500000
vt 0.869981 0.500000
vt 0.875000 0.500946
vt 0.875000 0.501507
vt 0.871620 0.500000
vt 0.600000 0.257997
vt 0.600000 0.254937
vt 0.609807 0.254860
vt 0.609567 0.257997
vt 0.600000 0.250000
vt 0.609309 0.250000
vt 0.625000 0.255019
vt 0.625000 0.257997
vt 0.619717 0.249682
vt 0.600000 0.248493
vt 0.609567 0.248493
vt 0.609807 0.249084
vt 0.600000 0.249070
vt 0.625000 0.248493
vt 0.625000 0.249054
vt 0.367003 0.748493
vt 0.370063 0.748493
vt 0.370140 0.749084
vt 0.367003 0.749070
vt 0.375000 0.748493
vt 0.375000 0.749054
vt 0.372490 0.752510
vt 0.371001 0.753999
vt 0.378522 0.750914
vt 0.400000 0.748493
vt 0.400000 0.749070
vt 0.390193 0.749084
vt 0.390433 0.748493
vt 0.400000 0.750000
vt 0.390691 0.750000
vt 0.400000 0.757997
vt 0.390433 0.757997
vt 0.390193 0.754860
vt 0.400000 0.754937
vt 0.632997 0.748493
vt 0.632997 0.749070
vt 0.629860 0.749084
vt 0.629937 0.748493
vt 0.628999 0.753999
vt 0.627510 0.752510
vt 0.625000 0.749054
vt 0.625000 0.748493
vt 0.622605 0.749788
vt 0.600000 0.757998
vt 0.600000 0.754937
vt 0.609807 0.754860
vt 0.609567 0.757997
vt 0.600000 0.750000
vt 0.609309 0.750000
vt 0.600000 0.748493
vt 0.609567 0.748493
vt 0.609807 0.749084
vt 0.600000 0.749070
vt 0.367003 0.501507
vt 0.367003 0.500930
vt 0.370140 0.500916
vt 0.370063 0.501507
vt 0.371001 0.496001
vt 0.372490 0.497490
vt 0.375000 0.500946
vt 0.375000 0.501507
vt 0.377395 0.500212
vt 0.400000 0.492003
vt 0.400000 0.495063
vt 0.390193 0.495140
vt 0.390433 0.492003
vt 0.400000 0.500000
vt 0.390691 0.500000
vt 0.400000 0.501507
vt 0.390433 0.501507
vt 0.390193 0.500916
vt 0.400000 0.500930
vt 0.632997 0.501507
vt 0.629937 0.501507
vt 0.629860 0.500916
vt 0.632997 0.500930
vt 0.625000 0.501507
vt 0.625000 0.500946
vt 0.627510 0.497490
vt 0.628999 0.496001
vt 0.621478 0.499086
vt 0.600000 0.501507
vt 0.600000 0.500930
vt 0.609807 0.500916
vt 0.609567 0.501507
vt 0.600000 0.500000
vt 0.609309 0.500000
vt 0.600000 0.492003
vt 0.609567 0.492003
vt 0.609807 0.495140
vt 0.600000 0.495063
s 0
usemtl Steel
f 3641/4649/3389 3644/4650/3389 3647/4651/3389 3646/4652/3389
f 3644/4650/3390 3645/4653/3390 3648/4654/3390 3647/4651/3390
f 3646/4652/3391 3647/4651/3391 3659/4655/3391 3656/4656/3391
f 3647/4651/3392 3648/4654/3392 3649/4657/3392 3659/4655/3392
f 3642/4658/3393 3650/4659/3393 3653/4660/3393 3652/4661/3393
f 3650/4659/3394 3651/4662/3394 3654/4663/3394 3653/4660/3394
f 3652/4661/3395 3653/4660/3395 3648/4664/3395 3645/4665/3395
f 3653/4660/3396 3654/4663/3396 3649/4666/3396 3648/4664/3396
f 3643/4667/3397 3655/4668/3397 3658/4669/3397 3657/4670/3397
f 3655/4668/3398 3656/4671/3398 3659/4672/3398 3658/4669/3398
f 3657/4670/3399 3658/4669/3399 3654/4673/3399 3651/4674/3399
f 3658/4669/3400 3659/4672/3400 3649/4675/3400 3654/4673/3400
f 3660/4676/3401 3663/4677/3401 3666/4678/3401 3665/4679/3401
f 3663/4677/3402 3664/4680/3402 3667/4681/3402 3666/4678/3402
f 3665/4679/3403 3666/4678/3403 3678/4682/3403 3675/4683/3403
f 3666/4678/3404 3667/4681/3404 3668/4684/3404 3678/4682/3404
f 3661/4685/3405 3669/4686/3405 3672/4687/3405 3671/4688/3405
f 3669/4686/3406 3670/4689/3406 3673/4690/3406 3672/4687/3406
f 3671/4688/3407 3672/4687/3407 3667/4691/3407 3664/4692/3407
f 3672/4687/3408 3673/4690/3408 3668/4693/3408 3667/4691/3408
f 3662/4694/3409 3674/4695/3409 3677/4696/3409 3676/4697/3409
f 3674/4695/3410 3675/4698/3410 3678/4699/3410 3677/4696/3410
f 3676/4697/3411 3677/4696/3411 3673/4700/3411 3670/4701/3411
f 3677/4696/3412 3678/4699/3412 3668/4702/3412 3673/4700/3412
f 3679/4703/3413 3682/4704/3413 3685/4705/3413 3684/4706/3413
f 3682/4704/3414 3683/4707/3414 3686/4708/3414 3685/4705/3414
f 3684/4706/3415 3685/4705/3415 3697/4709/3415 3694/4710/3415
f 3685/4705/3416 3686/4708/3416 3687/4711/3416 3697/4709/3416
f 3680/4712/3417 3688/4713/3417 3691/4714/3417 3690/4715/3417
f 3688/4713/3418 3689/4716/3418 3692/4717/3418 3691/4714/3418
f 3690/4715/3419 3691/4714/3419 3686/4718/3419 3683/4719/3419
f 3691/4714/3420 3692/4717/3420 3687/4720/3420 3686/4718/3420
f 3681/4721/3421 3693/4722/3421 3696/4723/3421 3695/4724/3421
f 3693/4722/3422 3694/4725/3422 3697/4726/3422 3696/4723/3422
f 3695/4724/3423 3696/4723/3423 3692/4717/3423 3689/4716/3423
f 3696/4723/3424 3697/4726/3424 3687/4720/3424 3692/4717/3424
f 3698/4727/3425 3701/4728/3425 3704/4729/3425 3703/4730/3425
f 3701/4728/3426 3702/4731/3426 3705/4732/3426 3704/4729/3426
f 3703/4730/3427 3704/4729/3427 3716/4733/3427 3713/4734/3427
f 3704/4729/3428 3705/4732/3428 3706/4735/3428 3716/4733/3428
f 3699/4736/3429 3707/4737/3429 3710/4738/3429 3709/4739/3429
f 3707/4737/3430 3708/4740/3430 3711/4741/3430 3710/4738/3430
f 3709/4739/3431 3710/4738/3431 3705/4742/3431 3702/4743/3431
f 3710/4738/3432 3711/4741/3432 3706/4744/3432 3705/4742/3432
f 3700/4745/3433 3712/4746/3433 3715/4747/3433 3714/4748/3433
f 3712/4746/3434 3713/4749/3434 3716/4750/3434 3715/4747/3434
f 3714/4748/3435 3715/4747/3435 3711/4741/3435 3708/4740/3435
f 3715/4747/3436 3716/4750/3436 3706/4744/3436 3711/4741/3436
f 3717/4751/3437 3720/4752/3437 3723/4753/3437 3722/4754/3437
f 3720/4752/3438 3721/4755/3438 3724/4756/3438 3723/4753/3438
f 3722/4754/3439 3723/4753/3439 3735/4757/3439 3732/4758/3439
f 3723/4753/3440 3724/4756/3440 3725/4759/3440 3735/4757/3440
f 3718/4760/3441 3726/4761/3441 3729/4762/3441 3728/4763/3441
f 3726/4761/3442 3727/4764/3442 3730/4765/3442 3729/4762/3442
f 3728/4763/3443 3729/4762/3443 3724/4756/3443 3721/4755/3443
f 3729/4762/3444 3730/4765/3444 3725/4759/3444 3724/4756/3444
f 3719/4766/3445 3731/4767/3445 3734/4768/3445 3733/4769/3445
f 3731/4767/3446 3732/4758/3446 3735/4757/3446 3734/4768/3446
f 3733/4769/3447 3734/4768/3447 3730/4765/3447 3727/4764/3447
f 3734/4768/3448 3735/4757/3448 3725/4759/3448 3730/4765/3448
f 3736/4770/3449 3739/4771/3449 3742/4772/3449 3741/4773/3449
f 3739/4771/3450 3740/4774/3450 3743/4775/3450 3742/4772/3450
f 3741/4773/3451 3742/4772/3451 3754/4776/3451 3751/4777/3451
f 3742/4772/3452 3743/4775/3452 3744/4778/3452 3754/4776/3452
f 3737/4779/3453 3745/4780/3453 3748/4781/3453 3747/4782/3453
f 3745/4780/3454 3746/4783/3454 3749/4784/3454 3748/4781/3454
f 3747/4782/3455 3748/4781/3455 3743/4775/3455 3740/4774/3455
f 3748/4781/3456 3749/4784/3456 3744/4778/3456 3743/4775/3456
f 3738/4785/3457 3750/4786/3457 3753/4787/3457 3752/4788/3457
f 3750/4786/3458 3751/4777/3458 3754/4776/3458 3753/4787/3458
f 3752/4788/3459 3753/4787/3459 3749/4784/3459 3746/4783/3459
f 3753/4787/3460 3754/4776/3460 3744/4778/3460 3749/4784/3460
f 3755/4789/3461 3758/4790/3461 3761/4791/3461 3760/4792/3461
f 3758/4790/3462 3759/4793/3462 3762/4794/3462 3761/4791/3462
f 3760/4792/3463 3761/4791/3463 3773/4795/3463 3770/4796/3463
f 3761/4791/3464 3762/4794/3464 3763/4797/3464 3773/4795/3464
f 3756/4798/3465 3764/4799/3465 3767/4800/3465 3766/4801/3465
f 3764/4799/3466 3765/4802/3466 3768/4803/3466 3767/4800/3466
f 3766/4801/3467 3767/4800/3467 3762/4794/3467 3759/4793/3467
f 3767/4800/3468 3768/4803/3468 3763/4797/3468 3762/4794/3468
f 3757/4804/3469 3769/4805/3469 3772/4806/3469 3771/4807/3469
f 3769/4805/3470 3770/4796/3470 3773/4795/3470 3772/4806/3470
f 3771/4807/3471 3772/4806/3471 3768/4803/3471 3765/4802/3471
f 3772/4806/3472 3773/4795/3472 3763/4797/3472 3768/4803/3472
f 3774/4808/3473 3777/4809/3473 3780/4810/3473 3779/4811/3473
f 3777/4809/3474 3778/4812/3474 3781/4813/3474 3780/4810/3474
f 3779/4811/3475 3780/4810/3475 3792/4814/3475 3789/4815/3475
f 3780/4810/3476 3781/4813/3476 3782/4816/3476 3792/4814/3476
f 3775/4817/3477 3783/4818/3477 3786/4819/3477 3785/4820/3477
f 3783/4818/3478 3784/4821/3478 3787/4822/3478 3786/4819/3478
f 3785/4820/3479 3786/4819/3479 3781/4813/3479 3778/4812/3479
f 3786/4819/3480 3787/4822/3480 3782/4816/3480 3781/4813/3480
f 3776/4823/3481 3788/4824/3481 3791/4825/3481 3790/4826/3481
f 3788/4824/3482 3789/4815/3482 3792/4814/3482 3791/4825/3482
f 3790/4826/3483 3791/4825/3483 3787/4822/3483 3784/4821/3483
f 3791/4825/3484 3792/4814/3484 3782/4816/3484 3787/4822/3484
f 3679/4703/3485 3641/4649/3485 3646/4652/3485 3682/4704/3485
f 3682/4704/3486 3646/4652/3486 3656/4656/3486 3683/4707/3486
f 3683/4719/3487 3656/4671/3487 3655/4668/3487 3690/4715/3487
f 3690/4715/3488 3655/4668/3488 3643/4667/3488 3680/4712/3488
f 3642/4658/3489 3660/4676/3489 3665/4679/3489 3650/4659/3489
f 3650/4659/3490 3665/4679/3490 3675/4683/3490 3651/4662/3490
f 3651/4674/3491 3675/4698/3491 3674/4695/3491 3657/4670/3491
f 3657/4670/3492 3674/4695/3492 3662/4694/3492 3643/4667/3492
f 3661/4685/3493 3698/4727/3493 3703/4730/3493 3669/4686/3493
f 3669/4686/3494 3703/4730/3494 3713/4734/3494 3670/4689/3494
f 3670/4701/3495 3713/4749/3495 3712/4746/3495 3676/4697/3495
f 3676/4697/3496 3712/4746/3496 3700/4745/3496 3662/4694/3496
f 3699/4736/3497 3681/4721/3497 3695/4724/3497 3707/4737/3497
f 3707/4737/3498 3695/4724/3498 3689/4716/3498 3708/4740/3498
f 3708/4740/3499 3689/4716/3499 3688/4713/3499 3714/4748/3499
f 3714/4748/3500 3688/4713/3500 3680/4712/3500 3700/4745/3500
f 3755/4789/3501 3679/4703/3501 3684/4706/3501 3758/4790/3501
f 3758/4790/3502 3684/4706/3502 3694/4710/3502 3759/4793/3502
f 3759/4793/3503 3694/4725/3503 3693/4722/3503 3766/4801/3503
f 3766/4801/3504 3693/4722/3504 3681/4721/3504 3756/4798/3504
f 3698/4727/3505 3774/4808/3505 3779/4811/3505 3701/4728/3505
f 3701/4728/3506 3779/4811/3506 3789/4815/3506 3702/4731/3506
f 3702/4743/3507 3789/4815/3507 3788/4824/3507 3709/4739/3507
f 3709/4739/3508 3788/4824/3508 3776/4823/3508 3699/4736/3508
f 3775/4817/3509 3757/4804/3509 3771/4807/3509 3783/4818/3509
f 3783/4818/3510 3771/4807/3510 3765/4802/3510 3784/4821/3510
f 3784/4821/3511 3765/4802/3511 3764/4799/3511 3790/4826/3511
f 3790/4826/3512 3764/4799/3512 3756/4798/3512 3776/4823/3512
f 3717/4751/3513 3755/4789/3513 3760/4792/3513 3720/4752/3513
f 3720/4752/3514 3760/4792/3514 3770/4796/3514 3721/4755/3514
f 3721/4755/3515 3770/4796/3515 3769/4805/3515 3728/4763/3515
f 3728/4763/3516 3769/4805/3516 3757/4804/3516 3718/4760/3516
f 3774/4808/3517 3736/4770/3517 3741/4773/3517 3777/4809/3517
f 3777/4809/3518 3741/4773/3518 3751/4777/3518 3778/4812/3518
f 3778/4812/3519 3751/4777/3519 3750/4786/3519 3785/4820/3519
f 3785/4820/3520 3750/4786/3520 3738/4785/3520 3775/4817/3520
f 3737/4779/3521 3719/4766/3521 3733/4769/3521 3745/4780/3521
f 3745/4780/3522 3733/4769/3522 3727/4764/3522 3746/4783/3522
f 3746/4783/3523 3727/4764/3523 3726/4761/3523 3752/4788/3523
f 3752/4788/3524 3726/4761/3524 3718/4760/3524 3738/4785/3524
f 3641/4649/3525 3717/4751/3525 3722/4754/3525 3644/4650/3525
f 3644/4650/3526 3722/4754/3526 3732/4758/3526 3645/4653/3526
f 3645/4665/3527 3732/4758/3527 3731/4767/3527 3652/4661/3527
f 3652/4661/3528 3731/4767/3528 3719/4766/3528 3642/4658/3528
f 3736/4770/3529 3661/4685/3529 3671/4688/3529 3739/4771/3529
f 3739/4771/3530 3671/4688/3530 3664/4692/3530 3740/4774/3530
f 3740/4774/3531 3664/4680/3531 3663/4677/3531 3747/4782/3531
f 3747/4782/3532 3663/4677/3532 3660/4676/3532 3737/4779/3532
f 3679/4703/3533 3755/4789/3533 3717/4751/3533 3641/4649/3533
f 3643/4667/3534 3662/4694/3534 3700/4745/3534 3680/4712/3534
f 3719/4766/3535 3737/4779/3535 3660/4676/3535 3642/4658/3535
f 3774/4808/3536 3698/4727/3536 3661/4685/3536 3736/4770/3536
f 3681/4721/3537 3699/4736/3537 3776/4823/3537 3756/4798/3537
f 3757/4804/3538 3775/4817/3538 3738/4785/3538 3718/4760/3538
o 24_BatteryCells
v -0.093280 0.001375 0.099040
v -0.093280 0.001875 0.099540
v -0.093780 0.001875 0.099040
v -0.093280 0.001413 0.099231
v -0.093280 0.001521 0.099394
v -0.093471 0.001413 0.099040
v -0.093476 0.001459 0.099236
v -0.093466 0.001547 0.099368
v -0.093569 0.001586 0.099329
v -0.093471 0.001875 0.099502
v -0.093634 0.001875 0.099394
v -0.093280 0.001684 0.099502
v -0.093476 0.001679 0.099456
v -0.093608 0.001689 0.099368
v -0.093742 0.001684 0.099040
v -0.093634 0.001521 0.099040
v -0.093742 0.001875 0.099231
v -0.093696 0.001679 0.099236
v -0.093608 0.001547 0.099226
v -0.093280 0.005875 0.099540
v -0.093280 0.006375 0.099040
v -0.093780 0.005875 0.099040
v -0.093280 0.006066 0.099502
v -0.093280 0.006229 0.099394
v -0.093471 0.005875 0.099502
v -0.093476 0.006071 0.099456
v -0.093466 0.006203 0.099368
v -0.093569 0.006164 0.099329
v -0.093471 0.006337 0.099040
v -0.093634 0.006229 0.099040
v -0.093280 0.006337 0.099231
v -0.093476 0.006291 0.099236
v -0.093608 0.006203 0.099226
v -0.093742 0.005875 0.099231
v -0.093634 0.005875 0.099394
v -0.093742 0.006066 0.099040
v -0.093696 0.006071 0.099236
v -0.093608 0.006061 0.099368
v -0.093280 0.001375 0.033680
v -0.093780 0.001875 0.033680
v -0.093280 0.001875 0.033180
v -0.093471 0.001413 0.033680
v -0.093634 0.001521 0.033680
v -0.093280 0.001413 0.033489
v -0.093476 0.001459 0.033484
v -0.093608 0.001547 0.033494
v -0.093569 0.001586 0.033391
v -0.093742 0.001875 0.033489
v -0.093634 0.001875 0.033326
v -0.093742 0.001684 0.033680
v -0.093696 0.001679 0.033484
v -0.093608 0.001689 0.033352
v -0.093280 0.001684 0.033218
v -0.093280 0.001521 0.033326
v -0.093471 0.001875 0.033218
v -0.093476 0.001679 0.033264
v -0.093466 0.001547 0.033352
v -0.093280 0.006375 0.033680
v -0.093280 0.005875 0.033180
v -0.093780 0.005875 0.033680
v -0.093280 0.006337 0.033489
v -0.093280 0.006229 0.033326
v -0.093471 0.006337 0.033680
v -0.093476 0.006291 0.033484
v -0.093466 0.006203 0.033352
v -0.093569 0.006164 0.033391
v -0.093471 0.005875 0.033218
v -0.093634 0.005875 0.033326
v -0.093280 0.006066 0.033218
v -0.093476 0.006071 0.033264
v -0.093608 0.006061 0.033352
v -0.093742 0.006066 0.033680
v -0.093634 0.006229 0.033680
v -0.093742 0.005875 0.033489
v -0.093696 0.006071 0.033484
v -0.093608 0.006203 0.033494
v 0.093280 0.001375 0.099040
v 0.093780 0.001875 0.099040
v 0.093280 0.001875 0.099540
v 0.093471 0.001413 0.099040
v 0.093634 0.001521 0.099040
v 0.093280 0.001413 0.099231
v 0.093476 0.001459 0.099236
v 0.093608 0.001547 0.099226
v 0.093569 0.001586 0.099329
v 0.093742 0.001875 0.099231
v 0.093634 0.001875 0.099394
v 0.093742 0.001684 0.099040
v 0.093696 0.001679 0.099236
v 0.093608 0.001689 0.099368
v 0.093280 0.001684 0.099502
v 0.093280 0.001521 0.099394
v 0.093471 0.001875 0.099502
v 0.093476 0.001679 0.099456
v 0.093466 0.001547 0.099368
v 0.093280 0.006375 0.099040
v 0.093280 0.005875 0.099540
v 0.093780 0.005875 0.099040
v 0.093280 0.006337 0.099231
v 0.093280 0.006229 0.099394
v 0.093471 0.006337 0.099040
v 0.093476 0.006291 0.099236
v 0.093466 0.006203 0.099368
v 0.093569 0.006164 0.099329
v 0.093471 0.005875 0.099502
v 0.093634 0.005875 0.099394
v 0.093280 0.006066 0.099502
v 0.093476 0.006071 0.099456
v 0.093608 0.006061 0.099368
v 0.093742 0.006066 0.099040
v 0.093634 0.006229 0.099040
v 0.093742 0.005875 0.099231
v 0.093696 0.006071 0.099236
v 0.093608 0.006203 0.099226
v 0.093280 0.001375 0.033680
v 0.093280 0.001875 0.033180
v 0.093780 0.001875 0.033680
v 0.093280 0.001413 0.033489
v 0.093280 0.001521 0.033326
v 0.093471 0.001413 0.033680
v 0.093476 0.001459 0.033484
v 0.093466 0.001547 0.033352
v 0.093569 0.001586 0.033391
v 0.093471 0.001875 0.033218
v 0.093634 0.001875 0.033326
v 0.093280 0.001684 0.033218
v 0.093476 0.001679 0.033264
v 0.093608 0.001689 0.033352
v 0.093742 0.001684 0.033680
v 0.093634 0.001521 0.033680
v 0.093742 0.001875 0.033489
v 0.093696 0.001679 0.033484
v 0.093608 0.001547 0.033494
v 0.093280 0.006375 0.033680
v 0.093780 0.005875 0.033680
v 0.093280 0.005875 0.033180
v 0.093471 0.006337 0.033680
v 0.093634 0.006229 0.033680
v 0.093280 0.006337 0.033489
v 0.093476 0.006291 0.033484
v 0.093608 0.006203 0.033494
v 0.093569 0.006164 0.033391
v 0.093742 0.005875 0.033489
v 0.093634 0.005875 0.033326
v 0.093742 0.006066 0.033680
v 0.093696 0.006071 0.033484
v 0.093608 0.006061 0.033352
v 0.093280 0.006066 0.033218
v 0.093280 0.006229 0.033326
v 0.093471 0.005875 0.033218
v 0.093476 0.006071 0.033264
v 0.093466 0.006203 0.033352
vn -0.2049 -0.9571 0.2049
vn -0.1818 -0.8152 0.5500
vn -0.5500 -0.8152 0.1818
vn -0.4931 -0.7167 0.4931
vn -0.2049 -0.2049 0.9571
vn -0.5500 -0.1818 0.8152
vn -0.1818 -0.5500 0.8152
vn -0.4931 -0.4931 0.7167
vn -0.9571 -0.2049 0.2049
vn -0.8152 -0.5499 0.1819
vn -0.8152 -0.1818 0.5500
vn -0.7167 -0.4931 0.4931
vn -0.2049 0.2049 0.9571
vn -0.1818 0.5499 0.8152
vn -0.5500 0.1818 0.8152
vn -0.4931 0.4931 0.7167
vn -0.2049 0.9571 0.2049
vn -0.5500 0.8152 0.1818
vn -0.1818 0.8152 0.5500
vn -0.4931 0.7167 0.4931
vn -0.9571 0.2049 0.2049
vn -0.8152 0.1818 0.5500
vn -0.8152 0.5499 0.1818
vn -0.7167 0.4931 0.4931
vn -0.2049 -0.9571 -0.2049
vn -0.5500 -0.8152 -0.1818
vn -0.1818 -0.8152 -0.5500
vn -0.4931 -0.7167 -0.4931
vn -0.9571 -0.2049 -0.2049
vn -0.8152 -0.1818 -0.5500
vn -0.8152 -0.5499 -0.1818
vn -0.7167 -0.4931 -0.4931
vn -0.2049 -0.2049 -0.9571
vn -0.1818 -0.5499 -0.8152
vn -0.5500 -0.1818 -0.8152
vn -0.4931 -0.4931 -0.7167
vn -0.2049 0.9571 -0.2049
vn -0.1818 0.8152 -0.5500
vn -0.5500 0.8152 -0.1818
vn -0.4931 0.7167 -0.4931
vn -0.2049 0.2049 -0.9571
vn -0.5500 0.1818 -0.8152
vn -0.1818 0.5500 -0.8152
vn -0.4931 0.4931 -0.7167
vn -0.9571 0.2049 -0.2049
vn -0.8152 0.5499 -0.1819
vn -0.8152 0.1818 -0.5500
vn -0.7167 0.4931 -0.4931
vn 0.2049 -0.9571 0.2049
vn 0.5500 -0.8152 0.1818
vn 0.1818 -0.8152 0.5500
vn 0.4931 -0.7167 0.4931
vn 0.9571 -0.2049 0.2049
vn 0.8152 -0.1818 0.5500
vn 0.8152 -0.5499 0.1818
vn 0.7167 -0.4931 0.4931
vn 0.2049 -0.2049 0.9571
vn 0.1818 -0.5499 0.8152
vn 0.5500 -0.1818 0.8152
vn 0.4931 -0.4931 0.7167
vn 0.2049 0.9571 0.2049
vn 0.1818 0.8152 0.5500
vn 0.5500 0.8152 0.1818
vn 0.4931 0.7167 0.4931
vn 0.2049 0.2049 0.9571
vn 0.5500 0.1818 0.8152
vn 0.1818 0.5500 0.8152
vn 0.4931 0.4931 0.7167
vn 0.9571 0.2049 0.2049
vn 0.8152 0.5499 0.1819
vn 0.8152 0.1818 0.5500
vn 0.7167 0.4931 0.4931
vn 0.2049 -0.9571 -0.2049
vn 0.1818 -0.8152 -0.5500
vn 0.5500 -0.8152 -0.1818
vn 0.4931 -0.7167 -0.4931
vn 0.2049 -0.2049 -0.9571
vn 0.5500 -0.1818 -0.8152
vn 0.1818 -0.5500 -0.8152
vn 0.4931 -0.4931 -0.7167
vn 0.9571 -0.2049 -0.2049
vn 0.8152 -0.5499 -0.1819
vn 0.8152 -0.1818 -0.5500
vn 0.7167 -0.4931 -0.4931
vn 0.2049 0.9571 -0.2049
vn 0.5500 0.8152 -0.1818
vn 0.1818 0.8152 -0.5500
vn 0.4931 0.7167 -0.4931
vn 0.9571 0.2049 -0.2049
vn 0.8152 0.1818 -0.5500
vn 0.8152 0.5499 -0.1818
vn 0.7167 0.4931 -0.4931
vn 0.2049 0.2049 -0.9571
vn 0.1818 0.5499 -0.8152
vn 0.5500 0.1818 -0.8152
vn 0.4931 0.4931 -0.7167
vn -0.1951 -0.9808 -0.0000
vn -0.5556 -0.8315 -0.0000
vn -0.8315 -0.5556 -0.0000
vn -0.9808 -0.1951 -0.0000
vn -0.1951 -0.0000 0.9808
vn -0.5556 -0.0000 0.8315
vn -0.8315 -0.0000 0.5556
vn -0.9808 -0.0000 0.1951
vn -0.1951 0.9808 -0.0000
vn -0.5556 0.8315 -0.0000
vn -0.8315 0.5556 -0.0000
vn -0.9808 0.1951 -0.0000
vn -0.1951 -0.0000 -0.9808
vn -0.5556 -0.0000 -0.8315
vn -0.8315 -0.0000 -0.5556
vn -0.9808 -0.0000 -0.1951
vn -0.0000 -0.9808 -0.1951
vn -0.0000 -0.8315 -0.5556
vn -0.0000 -0.5556 -0.8315
vn -0.0000 -0.1951 -0.9808
vn -0.0000 0.9808 -0.1951
vn -0.0000 0.8315 -0.5556
vn -0.0000 0.5556 -0.8315
vn -0.0000 0.1951 -0.9808
vn 0.9808 -0.0000 -0.1951
vn 0.8315 -0.0000 -0.5556
vn 0.5556 -0.0000 -0.8315
vn 0.1951 -0.0000 -0.9808
vn 0.1951 -0.9808 -0.0000
vn 0.5556 -0.8315 -0.0000
vn 0.8315 -0.5556 -0.0000
vn 0.9808 -0.1951 -0.0000
vn 0.1951 0.9808 -0.0000
vn 0.5556 0.8315 -0.0000
vn 0.8315 0.5556 -0.0000
vn 0.9808 0.1951 -0.0000
vn 0.1951 -0.0000 0.9808
vn 0.5556 -0.0000 0.8315
vn 0.8315 -0.0000 0.5556
vn 0.9808 -0.0000 0.1951
vn -0.0000 -0.9808 0.1951
vn -0.0000 -0.8315 0.5556
vn -0.0000 -0.5556 0.8315
vn -0.0000 -0.1951 0.9808
vn -0.0000 0.9808 0.1951
vn -0.0000 0.8315 0.5556
vn -0.0000 0.5556 0.8315
vn -0.0000 0.1951 0.9808
vn -0.0000 -1.0000 -0.0000
vn -1.0000 -0.0000 -0.0000
vn -0.0000 -0.0000 1.0000
vn -0.0000 1.0000 -0.0000
vn -0.0000 -0.0000 -1.0000
vn 1.0000 -0.0000 -0.0000
vt 0.125666 0.748116
vt 0.125666 0.748837
vt 0.125405 0.748855
vt 0.125411 0.748116
vt 0.125666 0.750000
vt 0.125418 0.750000
vt 0.125000 0.748818
vt 0.125000 0.748116
vt 0.125282 0.750000
vt 0.400000 0.999334
vt 0.400000 0.999589
vt 0.390193 0.999595
vt 0.390433 0.999334
vt 0.400000 1.000000
vt 0.390691 1.000000
vt 0.375000 0.999582
vt 0.375000 0.999334
vt 0.385566 1.000000
vt 0.400000 0.001884
vt 0.390433 0.001884
vt 0.390193 0.001145
vt 0.400000 0.001163
vt 0.375000 0.001884
vt 0.375000 0.001182
vt 0.390691 0.000000
vt 0.400000 0.000000
vt 0.375000 0.000796
vt 0.600000 0.999334
vt 0.609567 0.999334
vt 0.609807 0.999595
vt 0.600000 0.999589
vt 0.625000 0.999334
vt 0.625000 0.999582
vt 0.609309 1.000000
vt 0.600000 1.000000
vt 0.625000 0.999718
vt 0.874334 0.748116
vt 0.874589 0.748116
vt 0.874595 0.748855
vt 0.874334 0.748837
vt 0.875000 0.748116
vt 0.875000 0.748818
vt 0.874582 0.750000
vt 0.874334 0.750000
vt 0.875000 0.749204
vt 0.600000 0.001884
vt 0.600000 0.001163
vt 0.609807 0.001145
vt 0.609567 0.001884
vt 0.600000 0.000000
vt 0.609309 0.000000
vt 0.625000 0.001182
vt 0.625000 0.001884
vt 0.614434 0.000000
vt 0.125666 0.501884
vt 0.125411 0.501884
vt 0.125405 0.501145
vt 0.125666 0.501163
vt 0.125000 0.501884
vt 0.125000 0.501182
vt 0.125418 0.500000
vt 0.125666 0.500000
vt 0.125000 0.500796
vt 0.400000 0.248116
vt 0.400000 0.248837
vt 0.390193 0.248855
vt 0.390433 0.248116
vt 0.400000 0.250000
vt 0.390691 0.250000
vt 0.375000 0.248818
vt 0.375000 0.248116
vt 0.380283 0.250141
vt 0.400000 0.250666
vt 0.390433 0.250666
vt 0.390193 0.250405
vt 0.400000 0.250411
vt 0.375000 0.250666
vt 0.375000 0.250418
vt 0.874334 0.501884
vt 0.874334 0.501163
vt 0.874595 0.501145
vt 0.874589 0.501884
vt 0.874334 0.500000
vt 0.874582 0.500000
vt 0.875000 0.501182
vt 0.875000 0.501884
vt 0.874718 0.500000
vt 0.600000 0.250666
vt 0.600000 0.250411
vt 0.609807 0.250405
vt 0.609567 0.250666
vt 0.600000 0.250000
vt 0.609309 0.250000
vt 0.625000 0.250418
vt 0.625000 0.250666
vt 0.619717 0.249602
vt 0.600000 0.248116
vt 0.609567 0.248116
vt 0.609807 0.248855
vt 0.600000 0.248837
vt 0.625000 0.248116
vt 0.625000 0.248818
vt 0.374334 0.748116
vt 0.374589 0.748116
vt 0.374595 0.748855
vt 0.374334 0.748837
vt 0.375000 0.748116
vt 0.375000 0.748818
vt 0.374791 0.750209
vt 0.374667 0.750333
vt 0.378522 0.749829
vt 0.400000 0.748116
vt 0.400000 0.748837
vt 0.390193 0.748855
vt 0.390433 0.748116
vt 0.400000 0.750000
vt 0.390691 0.750000
vt 0.400000 0.750666
vt 0.390433 0.750666
vt 0.390193 0.750405
vt 0.400000 0.750411
vt 0.625666 0.748116
vt 0.625666 0.748837
vt 0.625405 0.748855
vt 0.625411 0.748116
vt 0.625333 0.750333
vt 0.625209 0.750209
vt 0.625000 0.748818
vt 0.625000 0.748116
vt 0.621572 0.749735
vt 0.600000 0.750666
vt 0.600000 0.750411
vt 0.609807 0.750405
vt 0.609567 0.750666
vt 0.600000 0.750000
vt 0.609309 0.750000
vt 0.600000 0.748116
vt 0.609567 0.748116
vt 0.609807 0.748855
vt 0.600000 0.748837
vt 0.374334 0.501884
vt 0.374334 0.501163
vt 0.374595 0.501145
vt 0.374589 0.501884
vt 0.374667 0.499667
vt 0.374791 0.499791
vt 0.375000 0.501182
vt 0.375000 0.501884
vt 0.378428 0.500265
vt 0.400000 0.499334
vt 0.400000 0.499589
vt 0.390193 0.499595
vt 0.390433 0.499334
vt 0.400000 0.500000
vt 0.390691 0.500000
vt 0.400000 0.501884
vt 0.390433 0.501884
vt 0.390193 0.501145
vt 0.400000 0.501163
vt 0.625666 0.501884
vt 0.625411 0.501884
vt 0.625405 0.501145
vt 0.625666 0.501163
vt 0.625000 0.501884
vt 0.625000 0.501182
vt 0.625209 0.499791
vt 0.625333 0.499667
vt 0.621478 0.500172
vt 0.600000 0.501884
vt 0.600000 0.501163
vt 0.609807 0.501145
vt 0.609567 0.501884
vt 0.600000 0.500000
vt 0.609309 0.500000
vt 0.600000 0.499334
vt 0.609567 0.499334
vt 0.609807 0.499595
vt 0.600000 0.499589
s 0
usemtl Battery
f 3793/4827/3539 3796/4828/3539 3799/4829/3539 3798/4830/3539
f 3796/4828/3540 3797/4831/3540 3800/4832/3540 3799/4829/3540
f 3798/4830/3541 3799/4829/3541 3811/4833/3541 3808/4834/3541
f 3799/4829/3542 3800/4832/3542 3801/4835/3542 3811/4833/3542
f 3794/4836/3543 3802/4837/3543 3805/4838/3543 3804/4839/3543
f 3802/4837/3544 3803/4840/3544 3806/4841/3544 3805/4838/3544
f 3804/4839/3545 3805/4838/3545 3800/4842/3545 3797/4843/3545
f 3805/4838/3546 3806/4841/3546 3801/4844/3546 3800/4842/3546
f 3795/4845/3547 3807/4846/3547 3810/4847/3547 3809/4848/3547
f 3807/4846/3548 3808/4849/3548 3811/4850/3548 3810/4847/3548
f 3809/4848/3549 3810/4847/3549 3806/4851/3549 3803/4852/3549
f 3810/4847/3550 3811/4850/3550 3801/4853/3550 3806/4851/3550
f 3812/4854/3551 3815/4855/3551 3818/4856/3551 3817/4857/3551
f 3815/4855/3552 3816/4858/3552 3819/4859/3552 3818/4856/3552
f 3817/4857/3553 3818/4856/3553 3830/4860/3553 3827/4861/3553
f 3818/4856/3554 3819/4859/3554 3820/4862/3554 3830/4860/3554
f 3813/4863/3555 3821/4864/3555 3824/4865/3555 3823/4866/3555
f 3821/4864/3556 3822/4867/3556 3825/4868/3556 3824/4865/3556
f 3823/4866/3557 3824/4865/3557 3819/4869/3557 3816/4870/3557
f 3824/4865/3558 3825/4868/3558 3820/4871/3558 3819/4869/3558
f 3814/4872/3559 3826/4873/3559 3829/4874/3559 3828/4875/3559
f 3826/4873/3560 3827/4876/3560 3830/4877/3560 3829/4874/3560
f 3828/4875/3561 3829/4874/3561 3825/4878/3561 3822/4879/3561
f 3829/4874/3562 3830/4877/3562 3820/4880/3562 3825/4878/3562
f 3831/4881/3563 3834/4882/3563 3837/4883/3563 3836/4884/3563
f 3834/4882/3564 3835/4885/3564 3838/4886/3564 3837/4883/3564
f 3836/4884/3565 3837/4883/3565 3849/4887/3565 3846/4888/3565
f 3837/4883/3566 3838/4886/3566 3839/4889/3566 3849/4887/3566
f 3832/4890/3567 3840/4891/3567 3843/4892/3567 3842/4893/3567
f 3840/4891/3568 3841/4894/3568 3844/4895/3568 3843/4892/3568
f 3842/4893/3569 3843/4892/3569 3838/4896/3569 3835/4897/3569
f 3843/4892/3570 3844/4895/3570 3839/4898/3570 3838/4896/3570
f 3833/4899/3571 3845/4900/3571 3848/4901/3571 3847/4902/3571
f 3845/4900/3572 3846/4903/3572 3849/4904/3572 3848/4901/3572
f 3847/4902/3573 3848/4901/3573 3844/4895/3573 3841/4894/3573
f 3848/4901/3574 3849/4904/3574 3839/4898/3574 3844/4895/3574
f 3850/4905/3575 3853/4906/3575 3856/4907/3575 3855/4908/3575
f 3853/4906/3576 3854/4909/3576 3857/4910/3576 3856/4907/3576
f 3855/4908/3577 3856/4907/3577 3868/4911/3577 3865/4912/3577
f 3856/4907/3578 3857/4910/3578 3858/4913/3578 3868/4911/3578
f 3851/4914/3579 3859/4915/3579 3862/4916/3579 3861/4917/3579
f 3859/4915/3580 3860/4918/3580 3863/4919/3580 3862/4916/3580
f 3861/4917/3581 3862/4916/3581 3857/4920/3581 3854/4921/3581
f 3862/4916/3582 3863/4919/3582 3858/4922/3582 3857/4920/3582
f 3852/4923/3583 3864/4924/3583 3867/4925/3583 3866/4926/3583
f 3864/4924/3584 3865/4927/3584 3868/4928/3584 3867/4925/3584
f 3866/4926/3585 3867/4925/3585 3863/4919/3585 3860/4918/3585
f 3867/4925/3586 3868/4928/3586 3858/4922/3586 3863/4919/3586
f 3869/4929/3587 3872/4930/3587 3875/4931/3587 3874/4932/3587
f 3872/4930/3588 3873/4933/3588 3876/4934/3588 3875/4931/3588
f 3874/4932/3589 3875/4931/3589 3887/4935/3589 3884/4936/3589
f 3875/4931/3590 3876/4934/3590 3877/4937/3590 3887/4935/3590
f 3870/4938/3591 3878/4939/3591 3881/4940/3591 3880/4941/3591
f 3878/4939/3592 3879/4942/3592 3882/4943/3592 3881/4940/3592
f 3880/4941/3593 3881/4940/3593 3876/4934/3593 3873/4933/3593
f 3881/4940/3594 3882/4943/3594 3877/4937/3594 3876/4934/3594
f 3871/4944/3595 3883/4945/3595 3886/4946/3595 3885/4947/3595
f 3883/4945/3596 3884/4936/3596 3887/4935/3596 3886/4946/3596
f 3885/4947/3597 3886/4946/3597 3882/4943/3597 3879/4942/3597
f 3886/4946/3598 3887/4935/3598 3877/4937/3598 3882/4943/3598
f 3888/4948/3599 3891/4949/3599 3894/4950/3599 3893/4951/3599
f 3891/4949/3600 3892/4952/3600 3895/4953/3600 3894/4950/3600
f 3893/4951/3601 3894/4950/3601 3906/4954/3601 3903/4955/3601
f 3894/4950/3602 3895/4953/3602 3896/4956/3602 3906/4954/3602
f 3889/4957/3603 3897/4958/3603 3900/4959/3603 3899/4960/3603
f 3897/4958/3604 3898/4961/3604 3901/4962/3604 3900/4959/3604
f 3899/4960/3605 3900/4959/3605 3895/4953/3605 3892/4952/3605
f 3900/4959/3606 3901/4962/3606 3896/4956/3606 3895/4953/3606
f 3890/4963/3607 3902/4964/3607 3905/4965/3607 3904/4966/3607
f 3902/4964/3608 3903/4955/3608 3906/4954/3608 3905/4965/3608
f 3904/4966/3609 3905/4965/3609 3901/4962/3609 3898/4961/3609
f 3905/4965/3610 3906/4954/3610 3896/4956/3610 3901/4962/3610
f 3907/4967/3611 3910/4968/3611 3913/4969/3611 3912/4970/3611
f 3910/4968/3612 3911/4971/3612 3914/4972/3612 3913/4969/3612
f 3912/4970/3613 3913/4969/3613 3925/4973/3613 3922/4974/3613
f 3913/4969/3614 3914/4972/3614 3915/4975/3614 3925/4973/3614
f 3908/4976/3615 3916/4977/3615 3919/4978/3615 3918/4979/3615
f 3916/4977/3616 3917/4980/3616 3920/4981/3616 3919/4978/3616
f 3918/4979/3617 3919/4978/3617 3914/4972/3617 3911/4971/3617
f 3919/4978/3618 3920/4981/3618 3915/4975/3618 3914/4972/3618
f 3909/4982/3619 3921/4983/3619 3924/4984/3619 3923/4985/3619
f 3921/4983/3620 3922/4974/3620 3925/4973/3620 3924/4984/3620
f 3923/4985/3621 3924/4984/3621 3920/4981/3621 3917/4980/3621
f 3924/4984/3622 3925/4973/3622 3915/4975/3622 3920/4981/3622
f 3926/4986/3623 3929/4987/3623 3932/4988/3623 3931/4989/3623
f 3929/4987/3624 3930/4990/3624 3933/4991/3624 3932/4988/3624
f 3931/4989/3625 3932/4988/3625 3944/4992/3625 3941/4993/3625
f 3932/4988/3626 3933/4991/3626 3934/4994/3626 3944/4992/3626
f 3927/4995/3627 3935/4996/3627 3938/4997/3627 3937/4998/3627
f 3935/4996/3628 3936/4999/3628 3939/5000/3628 3938/4997/3628
f 3937/4998/3629 3938/4997/3629 3933/4991/3629 3930/4990/3629
f 3938/4997/3630 3939/5000/3630 3934/4994/3630 3933/4991/3630
f 3928/5001/3631 3940/5002/3631 3943/5003/3631 3942/5004/3631
f 3940/5002/3632 3941/4993/3632 3944/4992/3632 3943/5003/3632
f 3942/5004/3633 3943/5003/3633 3939/5000/3633 3936/4999/3633
f 3943/5003/3634 3944/4992/3634 3934/4994/3634 3939/5000/3634
f 3831/4881/3635 3793/4827/3635 3798/4830/3635 3834/4882/3635
f 3834/4882/3636 3798/4830/3636 3808/4834/3636 3835/4885/3636
f 3835/4897/3637 3808/4849/3637 3807/4846/3637 3842/4893/3637
f 3842/4893/3638 3807/4846/3638 3795/4845/3638 3832/4890/3638
f 3794/4836/3639 3812/4854/3639 3817/4857/3639 3802/4837/3639
f 3802/4837/3640 3817/4857/3640 3827/4861/3640 3803/4840/3640
f 3803/4852/3641 3827/4876/3641 3826/4873/3641 3809/4848/3641
f 3809/4848/3642 3826/4873/3642 3814/4872/3642 3795/4845/3642
f 3813/4863/3643 3850/4905/3643 3855/4908/3643 3821/4864/3643
f 3821/4864/3644 3855/4908/3644 3865/4912/3644 3822/4867/3644
f 3822/4879/3645 3865/4927/3645 3864/4924/3645 3828/4875/3645
f 3828/4875/3646 3864/4924/3646 3852/4923/3646 3814/4872/3646
f 3851/4914/3647 3833/4899/3647 3847/4902/3647 3859/4915/3647
f 3859/4915/3648 3847/4902/3648 3841/4894/3648 3860/4918/3648
f 3860/4918/3649 3841/4894/3649 3840/4891/3649 3866/4926/3649
f 3866/4926/3650 3840/4891/3650 3832/4890/3650 3852/4923/3650
f 3907/4967/3651 3831/4881/3651 3836/4884/3651 3910/4968/3651
f 3910/4968/3652 3836/4884/3652 3846/4888/3652 3911/4971/3652
f 3911/4971/3653 3846/4903/3653 3845/4900/3653 3918/4979/3653
f 3918/4979/3654 3845/4900/3654 3833/4899/3654 3908/4976/3654
f 3850/4905/3655 3926/4986/3655 3931/4989/3655 3853/4906/3655
f 3853/4906/3656 3931/4989/3656 3941/4993/3656 3854/4909/3656
f 3854/4921/3657 3941/4993/3657 3940/5002/3657 3861/4917/3657
f 3861/4917/3658 3940/5002/3658 3928/5001/3658 3851/4914/3658
f 3927/4995/3659 3909/4982/3659 3923/4985/3659 3935/4996/3659
f 3935/4996/3660 3923/4985/3660 3917/4980/3660 3936/4999/3660
f 3936/4999/3661 3917/4980/3661 3916/4977/3661 3942/5004/3661
f 3942/5004/3662 3916/4977/3662 3908/4976/3662 3928/5001/3662
f 3869/4929/3663 3907/4967/3663 3912/4970/3663 3872/4930/3663
f 3872/4930/3664 3912/4970/3664 3922/4974/3664 3873/4933/3664
f 3873/4933/3665 3922/4974/3665 3921/4983/3665 3880/4941/3665
f 3880/4941/3666 3921/4983/3666 3909/4982/3666 3870/4938/3666
f 3926/4986/3667 3888/4948/3667 3893/4951/3667 3929/4987/3667
f 3929/4987/3668 3893/4951/3668 3903/4955/3668 3930/4990/3668
f 3930/4990/3669 3903/4955/3669 3902/4964/3669 3937/4998/3669
f 3937/4998/3670 3902/4964/3670 3890/4963/3670 3927/4995/3670
f 3889/4957/3671 3871/4944/3671 3885/4947/3671 3897/4958/3671
f 3897/4958/3672 3885/4947/3672 3879/4942/3672 3898/4961/3672
f 3898/4961/3673 3879/4942/3673 3878/4939/3673 3904/4966/3673
f 3904/4966/3674 3878/4939/3674 3870/4938/3674 3890/4963/3674
f 3793/4827/3675 3869/4929/3675 3874/4932/3675 3796/4828/3675
f 3796/4828/3676 3874/4932/3676 3884/4936/3676 3797/4831/3676
f 3797/4843/3677 3884/4936/3677 3883/4945/3677 3804/4839/3677
f 3804/4839/3678 3883/4945/3678 3871/4944/3678 3794/4836/3678
f 3888/4948/3679 3813/4863/3679 3823/4866/3679 3891/4949/3679
f 3891/4949/3680 3823/4866/3680 3816/4870/3680 3892/4952/3680
f 3892/4952/3681 3816/4858/3681 3815/4855/3681 3899/4960/3681
f 3899/4960/3682 3815/4855/3682 3812/4854/3682 3889/4957/3682
f 3831/4881/3683 3907/4967/3683 3869/4929/3683 3793/4827/3683
f 3795/4845/3684 3814/4872/3684 3852/4923/3684 3832/4890/3684
f 3871/4944/3685 3889/4957/3685 3812/4854/3685 3794/4836/3685
f 3926/4986/3686 3850/4905/3686 3813/4863/3686 3888/4948/3686
f 3833/4899/3687 3851/4914/3687 3928/5001/3687 3908/4976/3687
f 3909/4982/3688 3927/4995/3688 3890/4963/3688 3870/4938/3688
o 25_BatteryFrame
v -0.096706 0.000875 0.101552
v -0.096706 0.001075 0.101752
v -0.096906 0.001075 0.101552
v -0.096706 0.000890 0.101629
v -0.096706 0.000934 0.101693
v -0.096783 0.000890 0.101552
v -0.096784 0.000909 0.101630
v -0.096780 0.000944 0.101683
v -0.096821 0.000960 0.101667
v -0.096783 0.001075 0.101737
v -0.096847 0.001075 0.101693
v -0.096706 0.000998 0.101737
v -0.096784 0.000997 0.101718
v -0.096837 0.001001 0.101683
v -0.096891 0.000998 0.101552
v -0.096847 0.000934 0.101552
v -0.096891 0.001075 0.101629
v -0.096872 0.000997 0.101630
v -0.096837 0.000944 0.101626
v -0.096706 0.002675 0.101752
v -0.096706 0.002875 0.101552
v -0.096906 0.002675 0.101552
v -0.096706 0.002752 0.101737
v -0.096706 0.002816 0.101693
v -0.096783 0.002675 0.101737
v -0.096784 0.002753 0.101718
v -0.096780 0.002806 0.101683
v -0.096821 0.002790 0.101667
v -0.096783 0.002860 0.101552
v -0.096847 0.002816 0.101552
v -0.096706 0.002860 0.101629
v -0.096784 0.002841 0.101630
v -0.096837 0.002806 0.101626
v -0.096891 0.002675 0.101629
v -0.096847 0.002675 0.101693
v -0.096891 0.002752 0.101552
v -0.096872 0.002753 0.101630
v -0.096837 0.002749 0.101683
v -0.096706 0.000875 0.031168
v -0.096906 0.001075 0.031168
v -0.096706 0.001075 0.030968
v -0.096783 0.000890 0.031168
v -0.096847 0.000934 0.031168
v -0.096706 0.000890 0.031091
v -0.096784 0.000909 0.031090
v -0.096837 0.000944 0.031094
v -0.096821 0.000960 0.031053
v -0.096891 0.001075 0.031091
v -0.096847 0.001075 0.031027
v -0.096891 0.000998 0.031168
v -0.096872 0.000997 0.031090
v -0.096837 0.001001 0.031037
v -0.096706 0.000998 0.030983
v -0.096706 0.000934 0.031027
v -0.096783 0.001075 0.030983
v -0.096784 0.000997 0.031002
v -0.096780 0.000944 0.031037
v -0.096706 0.002875 0.031168
v -0.096706 0.002675 0.030968
v -0.096906 0.002675 0.031168
v -0.096706 0.002860 0.031091
v -0.096706 0.002816 0.031027
v -0.096783 0.002860 0.031168
v -0.096784 0.002841 0.031090
v -0.096780 0.002806 0.031037
v -0.096821 0.002790 0.031053
v -0.096783 0.002675 0.030983
v -0.096847 0.002675 0.031027
v -0.096706 0.002752 0.030983
v -0.096784 0.002753 0.031002
v -0.096837 0.002749 0.031037
v -0.096891 0.002752 0.031168
v -0.096847 0.002816 0.031168
v -0.096891 0.002675 0.031091
v -0.096872 0.002753 0.031090
v -0.096837 0.002806 0.031094
v 0.096706 0.000875 0.101552
v 0.096906 0.001075 0.101552
v 0.096706 0.001075 0.101752
v 0.096783 0.000890 0.101552
v 0.096847 0.000934 0.101552
v 0.096706 0.000890 0.101629
v 0.096784 0.000909 0.101630
v 0.096837 0.000944 0.101626
v 0.096821 0.000960 0.101667
v 0.096891 0.001075 0.101629
v 0.096847 0.001075 0.101693
v 0.096891 0.000998 0.101552
v 0.096872 0.000997 0.101630
v 0.096837 0.001001 0.101683
v 0.096706 0.000998 0.101737
v 0.096706 0.000934 0.101693
v 0.096783 0.001075 0.101737
v 0.096784 0.000997 0.101718
v 0.096780 0.000944 0.101683
v 0.096706 0.002875 0.101552
v 0.096706 0.002675 0.101752
v 0.096906 0.002675 0.101552
v 0.096706 0.002860 0.101629
v 0.096706 0.002816 0.101693
v 0.096783 0.002860 0.101552
v 0.096784 0.002841 0.101630
v 0.096780 0.002806 0.101683
v 0.096821 0.002790 0.101667
v 0.096783 0.002675 0.101737
v 0.096847 0.002675 0.101693
v 0.096706 0.002752 0.101737
v 0.096784 0.002753 0.101718
v 0.096837 0.002749 0.101683
v 0.096891 0.002752 0.101552
v 0.096847 0.002816 0.101552
v 0.096891 0.002675 0.101629
v 0.096872 0.002753 0.101630
v 0.096837 0.002806 0.101626
v 0.096706 0.000875 0.031168
v 0.096706 0.001075 0.030968
v 0.096906 0.001075 0.031168
v 0.096706 0.000890 0.031091
v 0.096706 0.000934 0.031027
v 0.096783 0.000890 0.031168
v 0.096784 0.000909 0.031090
v 0.096780 0.000944 0.031037
v 0.096821 0.000960 0.031053
v 0.096783 0.001075 0.030983
v 0.096847 0.001075 0.031027
v 0.096706 0.000998 0.030983
v 0.096784 0.000997 0.031002
v 0.096837 0.001001 0.031037
v 0.096891 0.000998 0.031168
v 0.096847 0.000934 0.031168
v 0.096891 0.001075 0.031091
v 0.096872 0.000997 0.031090
v 0.096837 0.000944 0.031094
v 0.096706 0.002875 0.031168
v 0.096906 0.002675 0.031168
v 0.096706 0.002675 0.030968
v 0.096783 0.002860 0.031168
v 0.096847 0.002816 0.031168
v 0.096706 0.002860 0.031091
v 0.096784 0.002841 0.031090
v 0.096837 0.002806 0.031094
v 0.096821 0.002790 0.031053
v 0.096891 0.002675 0.031091
v 0.096847 0.002675 0.031027
v 0.096891 0.002752 0.031168
v 0.096872 0.002753 0.031090
v 0.096837 0.002749 0.031037
v 0.096706 0.002752 0.030983
v 0.096706 0.002816 0.031027
v 0.096783 0.002675 0.030983
v 0.096784 0.002753 0.031002
v 0.096780 0.002806 0.031037
vn -0.2049 -0.9571 0.2050
vn -0.1818 -0.8152 0.5499
vn -0.5500 -0.8151 0.1819
vn -0.4931 -0.7167 0.4931
vn -0.2050 -0.2049 0.9571
vn -0.5500 -0.1819 0.8151
vn -0.1818 -0.5500 0.8151
vn -0.4931 -0.4931 0.7167
vn -0.9571 -0.2050 0.2051
vn -0.8151 -0.5500 0.1818
vn -0.8151 -0.1819 0.5500
vn -0.7166 -0.4931 0.4933
vn -0.2049 0.2049 0.9571
vn -0.1818 0.5500 0.8151
vn -0.5499 0.1819 0.8152
vn -0.4931 0.4931 0.7167
vn -0.2049 0.9571 0.2050
vn -0.5500 0.8151 0.1819
vn -0.1818 0.8152 0.5500
vn -0.4931 0.7167 0.4931
vn -0.9571 0.2050 0.2050
vn -0.8151 0.1819 0.5500
vn -0.8151 0.5500 0.1819
vn -0.7167 0.4931 0.4932
vn -0.2049 -0.9571 -0.2050
vn -0.5500 -0.8151 -0.1819
vn -0.1818 -0.8152 -0.5500
vn -0.4931 -0.7167 -0.4931
vn -0.9571 -0.2050 -0.2050
vn -0.8151 -0.1818 -0.5500
vn -0.8151 -0.5500 -0.1819
vn -0.7166 -0.4932 -0.4932
vn -0.2049 -0.2049 -0.9571
vn -0.1818 -0.5500 -0.8151
vn -0.5499 -0.1819 -0.8152
vn -0.4931 -0.4931 -0.7167
vn -0.2049 0.9571 -0.2050
vn -0.1818 0.8152 -0.5499
vn -0.5500 0.8151 -0.1819
vn -0.4931 0.7167 -0.4931
vn -0.2050 0.2049 -0.9571
vn -0.5500 0.1819 -0.8151
vn -0.1818 0.5500 -0.8151
vn -0.4931 0.4931 -0.7167
vn -0.9571 0.2050 -0.2051
vn -0.8151 0.5500 -0.1818
vn -0.8151 0.1819 -0.5500
vn -0.7166 0.4931 -0.4933
vn 0.2049 -0.9571 0.2050
vn 0.5500 -0.8151 0.1819
vn 0.1818 -0.8152 0.5500
vn 0.4931 -0.7167 0.4931
vn 0.9571 -0.2050 0.2050
vn 0.8151 -0.1818 0.5500
vn 0.8151 -0.5500 0.1819
vn 0.7166 -0.4932 0.4932
vn 0.2049 -0.2049 0.9571
vn 0.1818 -0.5500 0.8151
vn 0.5499 -0.1819 0.8152
vn 0.4931 -0.4931 0.7167
vn 0.2049 0.9571 0.2050
vn 0.1818 0.8152 0.5499
vn 0.5500 0.8151 0.1819
vn 0.4931 0.7167 0.4931
vn 0.2050 0.2049 0.9571
vn 0.5500 0.1819 0.8151
vn 0.1818 0.5500 0.8151
vn 0.4931 0.4931 0.7167
vn 0.9571 0.2050 0.2051
vn 0.8151 0.5500 0.1818
vn 0.8151 0.1819 0.5500
vn 0.7166 0.4931 0.4933
vn 0.2049 -0.9571 -0.2050
vn 0.1818 -0.8152 -0.5499
vn 0.5500 -0.8151 -0.1819
vn 0.4931 -0.7167 -0.4931
vn 0.2050 -0.2049 -0.9571
vn 0.5500 -0.1819 -0.8151
vn 0.1818 -0.5500 -0.8151
vn 0.4931 -0.4931 -0.7167
vn 0.9571 -0.2050 -0.2051
vn 0.8151 -0.5500 -0.1818
vn 0.8151 -0.1819 -0.5500
vn 0.7166 -0.4931 -0.4933
vn 0.2049 0.9571 -0.2050
vn 0.5500 0.8151 -0.1819
vn 0.1818 0.8152 -0.5500
vn 0.4931 0.7167 -0.4931
vn 0.9571 0.2050 -0.2050
vn 0.8151 0.1818 -0.5500
vn 0.8151 0.5500 -0.1819
vn 0.7166 0.4932 -0.4932
vn 0.2049 0.2049 -0.9571
vn 0.1818 0.5500 -0.8151
vn 0.5499 0.1819 -0.8152
vn 0.4931 0.4931 -0.7167
vn -0.1951 -0.9808 -0.0000
vn -0.5556 -0.8315 -0.0000
vn -0.8315 -0.5556 -0.0000
vn -0.9808 -0.1952 -0.0000
vn -0.1951 -0.0000 0.9808
vn -0.5556 -0.0000 0.8315
vn -0.8315 -0.0000 0.5556
vn -0.9808 -0.0000 0.1951
vn -0.1951 0.9808 -0.0000
vn -0.5556 0.8315 -0.0000
vn -0.8315 0.5556 -0.0000
vn -0.9808 0.1952 -0.0000
vn -0.1951 -0.0000 -0.9808
vn -0.5556 -0.0000 -0.8315
vn -0.8315 -0.0000 -0.5556
vn -0.9808 -0.0000 -0.1951
vn -0.0000 -0.9808 -0.1951
vn -0.0000 -0.8315 -0.5556
vn -0.0000 -0.5556 -0.8315
vn -0.0000 -0.1951 -0.9808
vn -0.0000 0.9808 -0.1951
vn -0.0000 0.8315 -0.5556
vn -0.0000 0.5556 -0.8315
vn -0.0000 0.1951 -0.9808
vn 0.9808 -0.0000 -0.1951
vn 0.8315 -0.0000 -0.5556
vn 0.5556 -0.0000 -0.8315
vn 0.1951 -0.0000 -0.9808
vn 0.1951 -0.9808 -0.0000
vn 0.5556 -0.8315 -0.0000
vn 0.8315 -0.5556 -0.0000
vn 0.9808 -0.1952 -0.0000
vn 0.1951 0.9808 -0.0000
vn 0.5556 0.8315 -0.0000
vn 0.8315 0.5556 -0.0000
vn 0.9808 0.1952 -0.0000
vn 0.1951 -0.0000 0.9808
vn 0.5556 -0.0000 0.8315
vn 0.8315 -0.0000 0.5556
vn 0.9808 -0.0000 0.1951
vn -0.0000 -0.9808 0.1951
vn -0.0000 -0.8315 0.5556
vn -0.0000 -0.5556 0.8315
vn -0.0000 -0.1951 0.9808
vn -0.0000 0.9808 0.1951
vn -0.0000 0.8315 0.5556
vn -0.0000 0.5556 0.8315
vn -0.0000 0.1951 0.9808
vn -0.0000 -1.0000 -0.0000
vn -1.0000 -0.0000 -0.0000
vn -0.0000 -0.0000 1.0000
vn -0.0000 1.0000 -0.0000
vn -0.0000 -0.0000 -1.0000
vn 1.0000 -0.0000 -0.0000
vt 0.125258 0.749294
vt 0.125258 0.749564
vt 0.125157 0.749571
vt 0.125159 0.749294
vt 0.125258 0.750000
vt 0.125162 0.750000
vt 0.125000 0.749557
vt 0.125000 0.749294
vt 0.125109 0.750000
vt 0.400000 0.999742
vt 0.400000 0.999841
vt 0.390193 0.999843
vt 0.390433 0.999742
vt 0.400000 1.000000
vt 0.390691 1.000000
vt 0.375000 0.999838
vt 0.375000 0.999742
vt 0.385566 1.000000
vt 0.400000 0.000706
vt 0.390433 0.000706
vt 0.390193 0.000429
vt 0.400000 0.000436
vt 0.375000 0.000706
vt 0.375000 0.000443
vt 0.390691 0.000000
vt 0.400000 0.000000
vt 0.375000 0.000299
vt 0.600000 0.999742
vt 0.609567 0.999742
vt 0.609807 0.999843
vt 0.600000 0.999841
vt 0.625000 0.999742
vt 0.625000 0.999838
vt 0.609309 1.000000
vt 0.600000 1.000000
vt 0.625000 0.999891
vt 0.874742 0.749294
vt 0.874841 0.749294
vt 0.874843 0.749571
vt 0.874742 0.749564
vt 0.875000 0.749294
vt 0.875000 0.749557
vt 0.874838 0.750000
vt 0.874742 0.750000
vt 0.875000 0.749701
vt 0.600000 0.000706
vt 0.600000 0.000436
vt 0.609807 0.000429
vt 0.609567 0.000706
vt 0.600000 0.000000
vt 0.609309 0.000000
vt 0.625000 0.000443
vt 0.625000 0.000706
vt 0.614434 0.000000
vt 0.125258 0.500706
vt 0.125159 0.500706
vt 0.125157 0.500429
vt 0.125258 0.500436
vt 0.125000 0.500706
vt 0.125000 0.500443
vt 0.125162 0.500000
vt 0.125258 0.500000
vt 0.125000 0.500299
vt 0.400000 0.249294
vt 0.400000 0.249564
vt 0.390193 0.249571
vt 0.390433 0.249294
vt 0.400000 0.250000
vt 0.390691 0.250000
vt 0.375000 0.249557
vt 0.375000 0.249294
vt 0.380283 0.250055
vt 0.400000 0.250258
vt 0.390433 0.250258
vt 0.390193 0.250157
vt 0.400000 0.250159
vt 0.375000 0.250258
vt 0.375000 0.250162
vt 0.874742 0.500706
vt 0.874742 0.500436
vt 0.874843 0.500429
vt 0.874841 0.500706
vt 0.874742 0.500000
vt 0.874838 0.500000
vt 0.875000 0.500443
vt 0.875000 0.500706
vt 0.874891 0.500000
vt 0.600000 0.250258
vt 0.600000 0.250159
vt 0.609807 0.250157
vt 0.609567 0.250258
vt 0.600000 0.250000
vt 0.609309 0.250000
vt 0.625000 0.250162
vt 0.625000 0.250258
vt 0.619717 0.249851
vt 0.600000 0.249294
vt 0.609567 0.249294
vt 0.609807 0.249571
vt 0.600000 0.249564
vt 0.625000 0.249294
vt 0.625000 0.249557
vt 0.374742 0.749294
vt 0.374841 0.749294
vt 0.374843 0.749571
vt 0.374742 0.749564
vt 0.375000 0.749294
vt 0.375000 0.749557
vt 0.374919 0.750081
vt 0.374871 0.750129
vt 0.378522 0.749937
vt 0.400000 0.749294
vt 0.400000 0.749564
vt 0.390193 0.749571
vt 0.390433 0.749294
vt 0.400000 0.750000
vt 0.390691 0.750000
vt 0.400000 0.750258
vt 0.390433 0.750258
vt 0.390193 0.750157
vt 0.400000 0.750159
vt 0.625258 0.749294
vt 0.625258 0.749564
vt 0.625157 0.749571
vt 0.625159 0.749294
vt 0.625129 0.750129
vt 0.625081 0.750081
vt 0.625000 0.749557
vt 0.625000 0.749294
vt 0.621514 0.749901
vt 0.600000 0.750258
vt 0.600000 0.750159
vt 0.609807 0.750157
vt 0.609567 0.750258
vt 0.600000 0.750000
vt 0.609309 0.750000
vt 0.600000 0.749294
vt 0.609567 0.749294
vt 0.609807 0.749571
vt 0.600000 0.749564
vt 0.374742 0.500706
vt 0.374742 0.500436
vt 0.374843 0.500429
vt 0.374841 0.500706
vt 0.374871 0.499871
vt 0.374919 0.499919
vt 0.375000 0.500443
vt 0.375000 0.500706
vt 0.378486 0.500100
vt 0.400000 0.499742
vt 0.400000 0.499841
vt 0.390193 0.499843
vt 0.390433 0.499742
vt 0.400000 0.500000
vt 0.390691 0.500000
vt 0.400000 0.500706
vt 0.390433 0.500706
vt 0.390193 0.500429
vt 0.400000 0.500436
vt 0.625258 0.500706
vt 0.625159 0.500706
vt 0.625157 0.500429
vt 0.625258 0.500436
vt 0.625000 0.500706
vt 0.625000 0.500443
vt 0.625081 0.499919
vt 0.625129 0.499871
vt 0.621478 0.500063
vt 0.600000 0.500706
vt 0.600000 0.500436
vt 0.609807 0.500429
vt 0.609567 0.500706
vt 0.600000 0.500000
vt 0.609309 0.500000
vt 0.600000 0.499742
vt 0.609567 0.499742
vt 0.609807 0.499843
vt 0.600000 0.499841
s 0
usemtl Plastic
f 3945/5005/3689 3948/5006/3689 3951/5007/3689 3950/5008/3689
f 3948/5006/3690 3949/5009/3690 3952/5010/3690 3951/5007/3690
f 3950/5008/3691 3951/5007/3691 3963/5011/3691 3960/5012/3691
f 3951/5007/3692 3952/5010/3692 3953/5013/3692 3963/5011/3692
f 3946/5014/3693 3954/5015/3693 3957/5016/3693 3956/5017/3693
f 3954/5015/3694 3955/5018/3694 3958/5019/3694 3957/5016/3694
f 3956/5017/3695 3957/5016/3695 3952/5020/3695 3949/5021/3695
f 3957/5016/3696 3958/5019/3696 3953/5022/3696 3952/5020/3696
f 3947/5023/3697 3959/5024/3697 3962/5025/3697 3961/5026/3697
f 3959/5024/3698 3960/5027/3698 3963/5028/3698 3962/5025/3698
f 3961/5026/3699 3962/5025/3699 3958/5029/3699 3955/5030/3699
f 3962/5025/3700 3963/5028/3700 3953/5031/3700 3958/5029/3700
f 3964/5032/3701 3967/5033/3701 3970/5034/3701 3969/5035/3701
f 3967/5033/3702 3968/5036/3702 3971/5037/3702 3970/5034/3702
f 3969/5035/3703 3970/5034/3703 3982/5038/3703 3979/5039/3703
f 3970/5034/3704 3971/5037/3704 3972/5040/3704 3982/5038/3704
f 3965/5041/3705 3973/5042/3705 3976/5043/3705 3975/5044/3705
f 3973/5042/3706 3974/5045/3706 3977/5046/3706 3976/5043/3706
f 3975/5044/3707 3976/5043/3707 3971/5047/3707 3968/5048/3707
f 3976/5043/3708 3977/5046/3708 3972/5049/3708 3971/5047/3708
f 3966/5050/3709 3978/5051/3709 3981/5052/3709 3980/5053/3709
f 3978/5051/3710 3979/5054/3710 3982/5055/3710 3981/5052/3710
f 3980/5053/3711 3981/5052/3711 3977/5056/3711 3974/5057/3711
f 3981/5052/3712 3982/5055/3712 3972/5058/3712 3977/5056/3712
f 3983/5059/3713 3986/5060/3713 3989/5061/3713 3988/5062/3713
f 3986/5060/3714 3987/5063/3714 3990/5064/3714 3989/5061/3714
f 3988/5062/3715 3989/5061/3715 4001/5065/3715 3998/5066/3715
f 3989/5061/3716 3990/5064/3716 3991/5067/3716 4001/5065/3716
f 3984/5068/3717 3992/5069/3717 3995/5070/3717 3994/5071/3717
f 3992/5069/3718 3993/5072/3718 3996/5073/3718 3995/5070/3718
f 3994/5071/3719 3995/5070/3719 3990/5074/3719 3987/5075/3719
f 3995/5070/3720 3996/5073/3720 3991/5076/3720 3990/5074/3720
f 3985/5077/3721 3997/5078/3721 4000/5079/3721 3999/5080/3721
f 3997/5078/3722 3998/5081/3722 4001/5082/3722 4000/5079/3722
f 3999/5080/3723 4000/5079/3723 3996/5073/3723 3993/5072/3723
f 4000/5079/3724 4001/5082/3724 3991/5076/3724 3996/5073/3724
f 4002/5083/3725 4005/5084/3725 4008/5085/3725 4007/5086/3725
f 4005/5084/3726 4006/5087/3726 4009/5088/3726 4008/5085/3726
f 4007/5086/3727 4008/5085/3727 4020/5089/3727 4017/5090/3727
f 4008/5085/3728 4009/5088/3728 4010/5091/3728 4020/5089/3728
f 4003/5092/3729 4011/5093/3729 4014/5094/3729 4013/5095/3729
f 4011/5093/3730 4012/5096/3730 4015/5097/3730 4014/5094/3730
f 4013/5095/3731 4014/5094/3731 4009/5098/3731 4006/5099/3731
f 4014/5094/3732 4015/5097/3732 4010/5100/3732 4009/5098/3732
f 4004/5101/3733 4016/5102/3733 4019/5103/3733 4018/5104/3733
f 4016/5102/3734 4017/5105/3734 4020/5106/3734 4019/5103/3734
f 4018/5104/3735 4019/5103/3735 4015/5097/3735 4012/5096/3735
f 4019/5103/3736 4020/5106/3736 4010/5100/3736 4015/5097/3736
f 4021/5107/3737 4024/5108/3737 4027/5109/3737 4026/5110/3737
f 4024/5108/3738 4025/5111/3738 4028/5112/3738 4027/5109/3738
f 4026/5110/3739 4027/5109/3739 4039/5113/3739 4036/5114/3739
f 4027/5109/3740 4028/5112/3740 4029/5115/3740 4039/5113/3740
f 4022/5116/3741 4030/5117/3741 4033/5118/3741 4032/5119/3741
f 4030/5117/3742 4031/5120/3742 4034/5121/3742 4033/5118/3742
f 4032/5119/3743 4033/5118/3743 4028/5112/3743 4025/5111/3743
f 4033/5118/3744 4034/5121/3744 4029/5115/3744 4028/5112/3744
f 4023/5122/3745 4035/5123/3745 4038/5124/3745 4037/5125/3745
f 4035/5123/3746 4036/5114/3746 4039/5113/3746 4038/5124/3746
f 4037/5125/3747 4038/5124/3747 4034/5121/3747 4031/5120/3747
f 4038/5124/3748 4039/5113/3748 4029/5115/3748 4034/5121/3748
f 4040/5126/3749 4043/5127/3749 4046/5128/3749 4045/5129/3749
f 4043/5127/3750 4044/5130/3750 4047/5131/3750 4046/5128/3750
f 4045/5129/3751 4046/5128/3751 4058/5132/3751 4055/5133/3751
f 4046/5128/3752 4047/5131/3752 4048/5134/3752 4058/5132/3752
f 4041/5135/3753 4049/5136/3753 4052/5137/3753 4051/5138/3753
f 4049/5136/3754 4050/5139/3754 4053/5140/3754 4052/5137/3754
f 4051/5138/3755 4052/5137/3755 4047/5131/3755 4044/5130/3755
f 4052/5137/3756 4053/5140/3756 4048/5134/3756 4047/5131/3756
f 4042/5141/3757 4054/5142/3757 4057/5143/3757 4056/5144/3757
f 4054/5142/3758 4055/5133/3758 4058/5132/3758 4057/5143/3758
f 4056/5144/3759 4057/5143/3759 4053/5140/3759 4050/5139/3759
f 4057/5143/3760 4058/5132/3760 4048/5134/3760 4053/5140/3760
f 4059/5145/3761 4062/5146/3761 4065/5147/3761 4064/5148/3761
f 4062/5146/3762 4063/5149/3762 4066/5150/3762 4065/5147/3762
f 4064/5148/3763 4065/5147/3763 4077/5151/3763 4074/5152/3763
f 4065/5147/3764 4066/5150/3764 4067/5153/3764 4077/5151/3764
f 4060/5154/3765 4068/5155/3765 4071/5156/3765 4070/5157/3765
f 4068/5155/3766 4069/5158/3766 4072/5159/3766 4071/5156/3766
f 4070/5157/3767 4071/5156/3767 4066/5150/3767 4063/5149/3767
f 4071/5156/3768 4072/5159/3768 4067/5153/3768 4066/5150/3768
f 4061/5160/3769 4073/5161/3769 4076/5162/3769 4075/5163/3769
f 4073/5161/3770 4074/5152/3770 4077/5151/3770 4076/5162/3770
f 4075/5163/3771 4076/5162/3771 4072/5159/3771 4069/5158/3771
f 4076/5162/3772 4077/5151/3772 4067/5153/3772 4072/5159/3772
f 4078/5164/3773 4081/5165/3773 4084/5166/3773 4083/5167/3773
f 4081/5165/3774 4082/5168/3774 4085/5169/3774 4084/5166/3774
f 4083/5167/3775 4084/5166/3775 4096/5170/3775 4093/5171/3775
f 4084/5166/3776 4085/5169/3776 4086/5172/3776 4096/5170/3776
f 4079/5173/3777 4087/5174/3777 4090/5175/3777 4089/5176/3777
f 4087/5174/3778 4088/5177/3778 4091/5178/3778 4090/5175/3778
f 4089/5176/3779 4090/5175/3779 4085/5169/3779 4082/5168/3779
f 4090/5175/3780 4091/5178/3780 4086/5172/3780 4085/5169/3780
f 4080/5179/3781 4092/5180/3781 4095/5181/3781 4094/5182/3781
f 4092/5180/3782 4093/5171/3782 4096/5170/3782 4095/5181/3782
f 4094/5182/3783 4095/5181/3783 4091/5178/3783 4088/5177/3783
f 4095/5181/3784 4096/5170/3784 4086/5172/3784 4091/5178/3784
f 3983/5059/3785 3945/5005/3785 3950/5008/3785 3986/5060/3785
f 3986/5060/3786 3950/5008/3786 3960/5012/3786 3987/5063/3786
f 3987/5075/3787 3960/5027/3787 3959/5024/3787 3994/5071/3787
f 3994/5071/3788 3959/5024/3788 3947/5023/3788 3984/5068/3788
f 3946/5014/3789 3964/5032/3789 3969/5035/3789 3954/5015/3789
f 3954/5015/3790 3969/5035/3790 3979/5039/3790 3955/5018/3790
f 3955/5030/3791 3979/5054/3791 3978/5051/3791 3961/5026/3791
f 3961/5026/3792 3978/5051/3792 3966/5050/3792 3947/5023/3792
f 3965/5041/3793 4002/5083/3793 4007/5086/3793 3973/5042/3793
f 3973/5042/3794 4007/5086/3794 4017/5090/3794 3974/5045/3794
f 3974/5057/3795 4017/5105/3795 4016/5102/3795 3980/5053/3795
f 3980/5053/3796 4016/5102/3796 4004/5101/3796 3966/5050/3796
f 4003/5092/3797 3985/5077/3797 3999/5080/3797 4011/5093/3797
f 4011/5093/3798 3999/5080/3798 3993/5072/3798 4012/5096/3798
f 4012/5096/3799 3993/5072/3799 3992/5069/3799 4018/5104/3799
f 4018/5104/3800 3992/5069/3800 3984/5068/3800 4004/5101/3800
f 4059/5145/3801 3983/5059/3801 3988/5062/3801 4062/5146/3801
f 4062/5146/3802 3988/5062/3802 3998/5066/3802 4063/5149/3802
f 4063/5149/3803 3998/5081/3803 3997/5078/3803 4070/5157/3803
f 4070/5157/3804 3997/5078/3804 3985/5077/3804 4060/5154/3804
f 4002/5083/3805 4078/5164/3805 4083/5167/3805 4005/5084/3805
f 4005/5084/3806 4083/5167/3806 4093/5171/3806 4006/5087/3806
f 4006/5099/3807 4093/5171/3807 4092/5180/3807 4013/5095/3807
f 4013/5095/3808 4092/5180/3808 4080/5179/3808 4003/5092/3808
f 4079/5173/3809 4061/5160/3809 4075/5163/3809 4087/5174/3809
f 4087/5174/3810 4075/5163/3810 4069/5158/3810 4088/5177/3810
f 4088/5177/3811 4069/5158/3811 4068/5155/3811 4094/5182/3811
f 4094/5182/3812 4068/5155/3812 4060/5154/3812 4080/5179/3812
f 4021/5107/3813 4059/5145/3813 4064/5148/3813 4024/5108/3813
f 4024/5108/3814 4064/5148/3814 4074/5152/3814 4025/5111/3814
f 4025/5111/3815 4074/5152/3815 4073/5161/3815 4032/5119/3815
f 4032/5119/3816 4073/5161/3816 4061/5160/3816 4022/5116/3816
f 4078/5164/3817 4040/5126/3817 4045/5129/3817 4081/5165/3817
f 4081/5165/3818 4045/5129/3818 4055/5133/3818 4082/5168/3818
f 4082/5168/3819 4055/5133/3819 4054/5142/3819 4089/5176/3819
f 4089/5176/3820 4054/5142/3820 4042/5141/3820 4079/5173/3820
f 4041/5135/3821 4023/5122/3821 4037/5125/3821 4049/5136/3821
f 4049/5136/3822 4037/5125/3822 4031/5120/3822 4050/5139/3822
f 4050/5139/3823 4031/5120/3823 4030/5117/3823 4056/5144/3823
f 4056/5144/3824 4030/5117/3824 4022/5116/3824 4042/5141/3824
f 3945/5005/3825 4021/5107/3825 4026/5110/3825 3948/5006/3825
f 3948/5006/3826 4026/5110/3826 4036/5114/3826 3949/5009/3826
f 3949/5021/3827 4036/5114/3827 4035/5123/3827 3956/5017/3827
f 3956/5017/3828 4035/5123/3828 4023/5122/3828 3946/5014/3828
f 4040/5126/3829 3965/5041/3829 3975/5044/3829 4043/5127/3829
f 4043/5127/3830 3975/5044/3830 3968/5048/3830 4044/5130/3830
f 4044/5130/3831 3968/5036/3831 3967/5033/3831 4051/5138/3831
f 4051/5138/3832 3967/5033/3832 3964/5032/3832 4041/5135/3832
f 3983/5059/3833 4059/5145/3833 4021/5107/3833 3945/5005/3833
f 3947/5023/3834 3966/5050/3834 4004/5101/3834 3984/5068/3834
f 4023/5122/3835 4041/5135/3835 3964/5032/3835 3946/5014/3835
f 4078/5164/3836 4002/5083/3836 3965/5041/3836 4040/5126/3836
f 3985/5077/3837 4003/5092/3837 4080/5179/3837 4060/5154/3837
f 4061/5160/3838 4079/5173/3838 4042/5141/3838 4022/5116/3838
o 26_LogicBoard
v -0.093480 0.002375 -0.006060
v -0.093480 0.002675 -0.005760
v -0.093780 0.002675 -0.006060
v -0.093480 0.002398 -0.005945
v -0.093480 0.002463 -0.005848
v -0.093595 0.002398 -0.006060
v -0.093598 0.002425 -0.005942
v -0.093592 0.002478 -0.005863
v -0.093653 0.002502 -0.005887
v -0.093595 0.002675 -0.005783
v -0.093692 0.002675 -0.005848
v -0.093480 0.002560 -0.005783
v -0.093598 0.002557 -0.005810
v -0.093677 0.002563 -0.005863
v -0.093757 0.002560 -0.006060
v -0.093692 0.002463 -0.006060
v -0.093757 0.002675 -0.005945
v -0.093730 0.002557 -0.005942
v -0.093677 0.002478 -0.005948
v -0.093480 0.005075 -0.005760
v -0.093480 0.005375 -0.006060
v -0.093780 0.005075 -0.006060
v -0.093480 0.005190 -0.005783
v -0.093480 0.005287 -0.005848
v -0.093595 0.005075 -0.005783
v -0.093598 0.005193 -0.005810
v -0.093592 0.005272 -0.005863
v -0.093653 0.005248 -0.005887
v -0.093595 0.005352 -0.006060
v -0.093692 0.005287 -0.006060
v -0.093480 0.005352 -0.005945
v -0.093598 0.005325 -0.005942
v -0.093677 0.005272 -0.005948
v -0.093757 0.005075 -0.005945
v -0.093692 0.005075 -0.005848
v -0.093757 0.005190 -0.006060
v -0.093730 0.005193 -0.005942
v -0.093677 0.005187 -0.005863
v -0.093480 0.002375 -0.093940
v -0.093780 0.002675 -0.093940
v -0.093480 0.002675 -0.094240
v -0.093595 0.002398 -0.093940
v -0.093692 0.002463 -0.093940
v -0.093480 0.002398 -0.094055
v -0.093598 0.002425 -0.094058
v -0.093677 0.002478 -0.094052
v -0.093653 0.002502 -0.094113
v -0.093757 0.002675 -0.094055
v -0.093692 0.002675 -0.094152
v -0.093757 0.002560 -0.093940
v -0.093730 0.002557 -0.094058
v -0.093677 0.002563 -0.094137
v -0.093480 0.002560 -0.094217
v -0.093480 0.002463 -0.094152
v -0.093595 0.002675 -0.094217
v -0.093598 0.002557 -0.094190
v -0.093592 0.002478 -0.094137
v -0.093480 0.005375 -0.093940
v -0.093480 0.005075 -0.094240
v -0.093780 0.005075 -0.093940
v -0.093480 0.005352 -0.094055
v -0.093480 0.005287 -0.094152
v -0.093595 0.005352 -0.093940
v -0.093598 0.005325 -0.094058
v -0.093592 0.005272 -0.094137
v -0.093653 0.005248 -0.094113
v -0.093595 0.005075 -0.094217
v -0.093692 0.005075 -0.094152
v -0.093480 0.005190 -0.094217
v -0.093598 0.005193 -0.094190
v -0.093677 0.005187 -0.094137
v -0.093757 0.005190 -0.093940
v -0.093692 0.005287 -0.093940
v -0.093757 0.005075 -0.094055
v -0.093730 0.005193 -0.094058
v -0.093677 0.005272 -0.094052
v 0.093480 0.002375 -0.006060
v 0.093780 0.002675 -0.006060
v 0.093480 0.002675 -0.005760
v 0.093595 0.002398 -0.006060
v 0.093692 0.002463 -0.006060
v 0.093480 0.002398 -0.005945
v 0.093598 0.002425 -0.005942
v 0.093677 0.002478 -0.005948
v 0.093653 0.002502 -0.005887
v 0.093757 0.002675 -0.005945
v 0.093692 0.002675 -0.005848
v 0.093757 0.002560 -0.006060
v 0.093730 0.002557 -0.005942
v 0.093677 0.002563 -0.005863
v 0.093480 0.002560 -0.005783
v 0.093480 0.002463 -0.005848
v 0.093595 0.002675 -0.005783
v 0.093598 0.002557 -0.005810
v 0.093592 0.002478 -0.005863
v 0.093480 0.005375 -0.006060
v 0.093480 0.005075 -0.005760
v 0.093780 0.005075 -0.006060
v 0.093480 0.005352 -0.005945
v 0.093480 0.005287 -0.005848
v 0.093595 0.005352 -0.006060
v 0.093598 0.005325 -0.005942
v 0.093592 0.005272 -0.005863
v 0.093653 0.005248 -0.005887
v 0.093595 0.005075 -0.005783
v 0.093692 0.005075 -0.005848
v 0.093480 0.005190 -0.005783
v 0.093598 0.005193 -0.005810
v 0.093677 0.005187 -0.005863
v 0.093757 0.005190 -0.006060
v 0.093692 0.005287 -0.006060
v 0.093757 0.005075 -0.005945
v 0.093730 0.005193 -0.005942
v 0.093677 0.005272 -0.005948
v 0.093480 0.002375 -0.093940
v 0.093480 0.002675 -0.094240
v 0.093780 0.002675 -0.093940
v 0.093480 0.002398 -0.094055
v 0.093480 0.002463 -0.094152
v 0.093595 0.002398 -0.093940
v 0.093598 0.002425 -0.094058
v 0.093592 0.002478 -0.094137
v 0.093653 0.002502 -0.094113
v 0.093595 0.002675 -0.094217
v 0.093692 0.002675 -0.094152
v 0.093480 0.002560 -0.094217
v 0.093598 0.002557 -0.094190
v 0.093677 0.002563 -0.094137
v 0.093757 0.002560 -0.093940
v 0.093692 0.002463 -0.093940
v 0.093757 0.002675 -0.094055
v 0.093730 0.002557 -0.094058
v 0.093677 0.002478 -0.094052
v 0.093480 0.005375 -0.093940
v 0.093780 0.005075 -0.093940
v 0.093480 0.005075 -0.094240
v 0.093595 0.005352 -0.093940
v 0.093692 0.005287 -0.093940
v 0.093480 0.005352 -0.094055
v 0.093598 0.005325 -0.094058
v 0.093677 0.005272 -0.094052
v 0.093653 0.005248 -0.094113
v 0.093757 0.005075 -0.094055
v 0.093692 0.005075 -0.094152
v 0.093757 0.005190 -0.093940
v 0.093730 0.005193 -0.094058
v 0.093677 0.005187 -0.094137
v 0.093480 0.005190 -0.094217
v 0.093480 0.005287 -0.094152
v 0.093595 0.005075 -0.094217
v 0.093598 0.005193 -0.094190
v 0.093592 0.005272 -0.094137
vn -0.2049 -0.9571 0.2049
vn -0.1818 -0.8152 0.5500
vn -0.5500 -0.8152 0.1818
vn -0.4931 -0.7167 0.4931
vn -0.2049 -0.2049 0.9571
vn -0.5500 -0.1818 0.8152
vn -0.1818 -0.5499 0.8152
vn -0.4931 -0.4931 0.7167
vn -0.9571 -0.2049 0.2049
vn -0.8152 -0.5499 0.1819
vn -0.8152 -0.1818 0.5499
vn -0.7167 -0.4931 0.4931
vn -0.2049 0.2049 0.9571
vn -0.1818 0.5499 0.8152
vn -0.5500 0.1818 0.8152
vn -0.4931 0.4931 0.7167
vn -0.2049 0.9571 0.2049
vn -0.5500 0.8152 0.1818
vn -0.1818 0.8152 0.5500
vn -0.4931 0.7167 0.4931
vn -0.9571 0.2049 0.2049
vn -0.8152 0.1818 0.5499
vn -0.8152 0.5499 0.1819
vn -0.7167 0.4931 0.4931
vn -0.2049 -0.9571 -0.2049
vn -0.5500 -0.8152 -0.1818
vn -0.1818 -0.8152 -0.5500
vn -0.4931 -0.7167 -0.4931
vn -0.9571 -0.2049 -0.2049
vn -0.8152 -0.1818 -0.5499
vn -0.8152 -0.5499 -0.1819
vn -0.7167 -0.4931 -0.4931
vn -0.2049 -0.2049 -0.9571
vn -0.1818 -0.5500 -0.8151
vn -0.5500 -0.1818 -0.8152
vn -0.4931 -0.4932 -0.7167
vn -0.2049 0.9571 -0.2049
vn -0.1818 0.8152 -0.5500
vn -0.5500 0.8152 -0.1818
vn -0.4931 0.7167 -0.4931
vn -0.2049 0.2049 -0.9571
vn -0.5500 0.1818 -0.8152
vn -0.1818 0.5499 -0.8152
vn -0.4931 0.4931 -0.7167
vn -0.9571 0.2049 -0.2049
vn -0.8152 0.5499 -0.1819
vn -0.8152 0.1818 -0.5499
vn -0.7167 0.4931 -0.4931
vn 0.2049 -0.9571 0.2049
vn 0.5500 -0.8152 0.1818
vn 0.1818 -0.8152 0.5500
vn 0.4931 -0.7167 0.4931
vn 0.9571 -0.2049 0.2049
vn 0.8152 -0.1818 0.5499
vn 0.8152 -0.5499 0.1819
vn 0.7167 -0.4931 0.4931
vn 0.2049 -0.2049 0.9571
vn 0.1818 -0.5500 0.8151
vn 0.5500 -0.1818 0.8152
vn 0.4931 -0.4932 0.7167
vn 0.2049 0.9571 0.2049
vn 0.1818 0.8152 0.5500
vn 0.5500 0.8152 0.1818
vn 0.4931 0.7167 0.4931
vn 0.2049 0.2049 0.9571
vn 0.5500 0.1818 0.8152
vn 0.1818 0.5499 0.8152
vn 0.4931 0.4931 0.7167
vn 0.9571 0.2049 0.2049
vn 0.8152 0.5499 0.1819
vn 0.8152 0.1818 0.5499
vn 0.7167 0.4931 0.4931
vn 0.2049 -0.9571 -0.2049
vn 0.1818 -0.8152 -0.5500
vn 0.5500 -0.8152 -0.1818
vn 0.4931 -0.7167 -0.4931
vn 0.2049 -0.2049 -0.9571
vn 0.5500 -0.1818 -0.8152
vn 0.1818 -0.5499 -0.8152
vn 0.4931 -0.4931 -0.7167
vn 0.9571 -0.2049 -0.2049
vn 0.8152 -0.5499 -0.1819
vn 0.8152 -0.1818 -0.5499
vn 0.7167 -0.4931 -0.4931
vn 0.2049 0.9571 -0.2049
vn 0.5500 0.8152 -0.1818
vn 0.1818 0.8152 -0.5500
vn 0.4931 0.7167 -0.4931
vn 0.9571 0.2049 -0.2049
vn 0.8152 0.1818 -0.5499
vn 0.8152 0.5499 -0.1819
vn 0.7167 0.4931 -0.4931
vn 0.2049 0.2049 -0.9571
vn 0.1818 0.5500 -0.8151
vn 0.5500 0.1818 -0.8152
vn 0.4931 0.4932 -0.7167
vn -0.1951 -0.9808 -0.0000
vn -0.5556 -0.8315 -0.0000
vn -0.8315 -0.5556 -0.0000
vn -0.9808 -0.1951 -0.0000
vn -0.1950 -0.0000 0.9808
vn -0.5556 -0.0000 0.8315
vn -0.8315 -0.0000 0.5556
vn -0.9808 -0.0000 0.1951
vn -0.1951 0.9808 -0.0000
vn -0.5556 0.8315 -0.0000
vn -0.8315 0.5556 -0.0000
vn -0.9808 0.1951 -0.0000
vn -0.1951 -0.0000 -0.9808
vn -0.5556 -0.0000 -0.8315
vn -0.8315 -0.0000 -0.5556
vn -0.9808 -0.0000 -0.1951
vn -0.0000 -0.9808 -0.1951
vn -0.0000 -0.8315 -0.5556
vn -0.0000 -0.5556 -0.8314
vn -0.0000 -0.1950 -0.9808
vn -0.0000 0.9808 -0.1951
vn -0.0000 0.8315 -0.5556
vn -0.0000 0.5556 -0.8314
vn -0.0000 0.1950 -0.9808
vn 0.9808 -0.0000 -0.1951
vn 0.8315 -0.0000 -0.5556
vn 0.5556 -0.0000 -0.8315
vn 0.1951 -0.0000 -0.9808
vn 0.1951 -0.9808 -0.0000
vn 0.5556 -0.8315 -0.0000
vn 0.8315 -0.5556 -0.0000
vn 0.9808 -0.1951 -0.0000
vn 0.1951 0.9808 -0.0000
vn 0.5556 0.8315 -0.0000
vn 0.8315 0.5556 -0.0000
vn 0.9808 0.1951 -0.0000
vn 0.1951 -0.0000 0.9808
vn 0.5556 -0.0000 0.8315
vn 0.8315 -0.0000 0.5556
vn 0.9808 -0.0000 0.1951
vn -0.0000 -0.9808 0.1951
vn -0.0000 -0.8315 0.5556
vn -0.0000 -0.5556 0.8314
vn -0.0000 -0.1950 0.9808
vn -0.0000 0.9808 0.1951
vn -0.0000 0.8315 0.5556
vn -0.0000 0.5556 0.8315
vn -0.0000 0.1950 0.9808
vn -0.0000 -1.0000 -0.0000
vn -1.0000 -0.0000 -0.0000
vn -0.0000 -0.0000 1.0000
vn -0.0000 1.0000 -0.0000
vn -0.0000 -0.0000 -1.0000
vn 1.0000 -0.0000 -0.0000
vt 0.125400 0.749152
vt 0.125400 0.749477
vt 0.125243 0.749485
vt 0.125247 0.749152
vt 0.125400 0.750000
vt 0.125251 0.750000
vt 0.125000 0.749468
vt 0.125000 0.749152
vt 0.125169 0.750000
vt 0.400000 0.999600
vt 0.400000 0.999753
vt 0.390193 0.999757
vt 0.390433 0.999600
vt 0.400000 1.000000
vt 0.390691 1.000000
vt 0.375000 0.999749
vt 0.375000 0.999600
vt 0.385566 1.000000
vt 0.400000 0.000848
vt 0.390433 0.000848
vt 0.390193 0.000515
vt 0.400000 0.000523
vt 0.375000 0.000848
vt 0.375000 0.000532
vt 0.390691 0.000000
vt 0.400000 0.000000
vt 0.375000 0.000358
vt 0.600000 0.999600
vt 0.609567 0.999600
vt 0.609807 0.999757
vt 0.600000 0.999753
vt 0.625000 0.999600
vt 0.625000 0.999749
vt 0.609309 1.000000
vt 0.600000 1.000000
vt 0.625000 0.999831
vt 0.874600 0.749152
vt 0.874753 0.749152
vt 0.874757 0.749485
vt 0.874600 0.749477
vt 0.875000 0.749152
vt 0.875000 0.749468
vt 0.874749 0.750000
vt 0.874600 0.750000
vt 0.875000 0.749642
vt 0.600000 0.000848
vt 0.600000 0.000523
vt 0.609807 0.000515
vt 0.609567 0.000848
vt 0.600000 0.000000
vt 0.609309 0.000000
vt 0.625000 0.000532
vt 0.625000 0.000848
vt 0.614434 0.000000
vt 0.125400 0.500848
vt 0.125247 0.500848
vt 0.125243 0.500515
vt 0.125400 0.500523
vt 0.125000 0.500848
vt 0.125000 0.500532
vt 0.125251 0.500000
vt 0.125400 0.500000
vt 0.125000 0.500358
vt 0.400000 0.249152
vt 0.400000 0.249477
vt 0.390193 0.249485
vt 0.390433 0.249152
vt 0.400000 0.250000
vt 0.390691 0.250000
vt 0.375000 0.249468
vt 0.375000 0.249152
vt 0.380283 0.250084
vt 0.400000 0.250400
vt 0.390433 0.250400
vt 0.390193 0.250243
vt 0.400000 0.250247
vt 0.375000 0.250400
vt 0.375000 0.250251
vt 0.874600 0.500848
vt 0.874600 0.500523
vt 0.874757 0.500515
vt 0.874753 0.500848
vt 0.874600 0.500000
vt 0.874749 0.500000
vt 0.875000 0.500532
vt 0.875000 0.500848
vt 0.874831 0.500000
vt 0.600000 0.250400
vt 0.600000 0.250247
vt 0.609807 0.250243
vt 0.609567 0.250400
vt 0.600000 0.250000
vt 0.609309 0.250000
vt 0.625000 0.250251
vt 0.625000 0.250400
vt 0.619717 0.249821
vt 0.600000 0.249152
vt 0.609567 0.249152
vt 0.609807 0.249485
vt 0.600000 0.249477
vt 0.625000 0.249152
vt 0.625000 0.249468
vt 0.374600 0.749152
vt 0.374753 0.749152
vt 0.374757 0.749485
vt 0.374600 0.749477
vt 0.375000 0.749152
vt 0.375000 0.749468
vt 0.374875 0.750126
vt 0.374800 0.750200
vt 0.378522 0.749937
vt 0.400000 0.749152
vt 0.400000 0.749477
vt 0.390193 0.749485
vt 0.390433 0.749152
vt 0.400000 0.750000
vt 0.390691 0.750000
vt 0.400000 0.750400
vt 0.390433 0.750400
vt 0.390193 0.750243
vt 0.400000 0.750247
vt 0.625400 0.749152
vt 0.625400 0.749477
vt 0.625243 0.749485
vt 0.625247 0.749152
vt 0.625200 0.750200
vt 0.625126 0.750126
vt 0.625000 0.749468
vt 0.625000 0.749152
vt 0.621534 0.749881
vt 0.600000 0.750400
vt 0.600000 0.750247
vt 0.609807 0.750243
vt 0.609567 0.750400
vt 0.600000 0.750000
vt 0.609309 0.750000
vt 0.600000 0.749152
vt 0.609567 0.749152
vt 0.609807 0.749485
vt 0.600000 0.749477
vt 0.374600 0.500848
vt 0.374600 0.500523
vt 0.374757 0.500515
vt 0.374753 0.500848
vt 0.374800 0.499800
vt 0.374875 0.499875
vt 0.375000 0.500532
vt 0.375000 0.500848
vt 0.378466 0.500119
vt 0.400000 0.499600
vt 0.400000 0.499753
vt 0.390193 0.499757
vt 0.390433 0.499600
vt 0.400000 0.500000
vt 0.390691 0.500000
vt 0.400000 0.500848
vt 0.390433 0.500848
vt 0.390193 0.500515
vt 0.400000 0.500523
vt 0.625400 0.500848
vt 0.625247 0.500848
vt 0.625243 0.500515
vt 0.625400 0.500523
vt 0.625000 0.500848
vt 0.625000 0.500532
vt 0.625125 0.499874
vt 0.625200 0.499800
vt 0.621478 0.500063
vt 0.600000 0.500848
vt 0.600000 0.500523
vt 0.609807 0.500515
vt 0.609567 0.500848
vt 0.600000 0.500000
vt 0.609309 0.500000
vt 0.600000 0.499600
vt 0.609567 0.499600
vt 0.609807 0.499757
vt 0.600000 0.499753
s 0
usemtl PCB
f 4097/5183/3839 4100/5184/3839 4103/5185/3839 4102/5186/3839
f 4100/5184/3840 4101/5187/3840 4104/5188/3840 4103/5185/3840
f 4102/5186/3841 4103/5185/3841 4115/5189/3841 4112/5190/3841
f 4103/5185/3842 4104/5188/3842 4105/5191/3842 4115/5189/3842
f 4098/5192/3843 4106/5193/3843 4109/5194/3843 4108/5195/3843
f 4106/5193/3844 4107/5196/3844 4110/5197/3844 4109/5194/3844
f 4108/5195/3845 4109/5194/3845 4104/5198/3845 4101/5199/3845
f 4109/5194/3846 4110/5197/3846 4105/5200/3846 4104/5198/3846
f 4099/5201/3847 4111/5202/3847 4114/5203/3847 4113/5204/3847
f 4111/5202/3848 4112/5205/3848 4115/5206/3848 4114/5203/3848
f 4113/5204/3849 4114/5203/3849 4110/5207/3849 4107/5208/3849
f 4114/5203/3850 4115/5206/3850 4105/5209/3850 4110/5207/3850
f 4116/5210/3851 4119/5211/3851 4122/5212/3851 4121/5213/3851
f 4119/5211/3852 4120/5214/3852 4123/5215/3852 4122/5212/3852
f 4121/5213/3853 4122/5212/3853 4134/5216/3853 4131/5217/3853
f 4122/5212/3854 4123/5215/3854 4124/5218/3854 4134/5216/3854
f 4117/5219/3855 4125/5220/3855 4128/5221/3855 4127/5222/3855
f 4125/5220/3856 4126/5223/3856 4129/5224/3856 4128/5221/3856
f 4127/5222/3857 4128/5221/3857 4123/5225/3857 4120/5226/3857
f 4128/5221/3858 4129/5224/3858 4124/5227/3858 4123/5225/3858
f 4118/5228/3859 4130/5229/3859 4133/5230/3859 4132/5231/3859
f 4130/5229/3860 4131/5232/3860 4134/5233/3860 4133/5230/3860
f 4132/5231/3861 4133/5230/3861 4129/5234/3861 4126/5235/3861
f 4133/5230/3862 4134/5233/3862 4124/5236/3862 4129/5234/3862
f 4135/5237/3863 4138/5238/3863 4141/5239/3863 4140/5240/3863
f 4138/5238/3864 4139/5241/3864 4142/5242/3864 4141/5239/3864
f 4140/5240/3865 4141/5239/3865 4153/5243/3865 4150/5244/3865
f 4141/5239/3866 4142/5242/3866 4143/5245/3866 4153/5243/3866
f 4136/5246/3867 4144/5247/3867 4147/5248/3867 4146/5249/3867
f 4144/5247/3868 4145/5250/3868 4148/5251/3868 4147/5248/3868
f 4146/5249/3869 4147/5248/3869 4142/5252/3869 4139/5253/3869
f 4147/5248/3870 4148/5251/3870 4143/5254/3870 4142/5252/3870
f 4137/5255/3871 4149/5256/3871 4152/5257/3871 4151/5258/3871
f 4149/5256/3872 4150/5259/3872 4153/5260/3872 4152/5257/3872
f 4151/5258/3873 4152/5257/3873 4148/5251/3873 4145/5250/3873
f 4152/5257/3874 4153/5260/3874 4143/5254/3874 4148/5251/3874
f 4154/5261/3875 4157/5262/3875 4160/5263/3875 4159/5264/3875
f 4157/5262/3876 4158/5265/3876 4161/5266/3876 4160/5263/3876
f 4159/5264/3877 4160/5263/3877 4172/5267/3877 4169/5268/3877
f 4160/5263/3878 4161/5266/3878 4162/5269/3878 4172/5267/3878
f 4155/5270/3879 4163/5271/3879 4166/5272/3879 4165/5273/3879
f 4163/5271/3880 4164/5274/3880 4167/5275/3880 4166/5272/3880
f 4165/5273/3881 4166/5272/3881 4161/5276/3881 4158/5277/3881
f 4166/5272/3882 4167/5275/3882 4162/5278/3882 4161/5276/3882
f 4156/5279/3883 4168/5280/3883 4171/5281/3883 4170/5282/3883
f 4168/5280/3884 4169/5283/3884 4172/5284/3884 4171/5281/3884
f 4170/5282/3885 4171/5281/3885 4167/5275/3885 4164/5274/3885
f 4171/5281/3886 4172/5284/3886 4162/5278/3886 4167/5275/3886
f 4173/5285/3887 4176/5286/3887 4179/5287/3887 4178/5288/3887
f 4176/5286/3888 4177/5289/3888 4180/5290/3888 4179/5287/3888
f 4178/5288/3889 4179/5287/3889 4191/5291/3889 4188/5292/3889
f 4179/5287/3890 4180/5290/3890 4181/5293/3890 4191/5291/3890
f 4174/5294/3891 4182/5295/3891 4185/5296/3891 4184/5297/3891
f 4182/5295/3892 4183/5298/3892 4186/5299/3892 4185/5296/3892
f 4184/5297/3893 4185/5296/3893 4180/5290/3893 4177/5289/3893
f 4185/5296/3894 4186/5299/3894 4181/5293/3894 4180/5290/3894
f 4175/5300/3895 4187/5301/3895 4190/5302/3895 4189/5303/3895
f 4187/5301/3896 4188/5292/3896 4191/5291/3896 4190/5302/3896
f 4189/5303/3897 4190/5302/3897 4186/5299/3897 4183/5298/3897
f 4190/5302/3898 4191/5291/3898 4181/5293/3898 4186/5299/3898
f 4192/5304/3899 4195/5305/3899 4198/5306/3899 4197/5307/3899
f 4195/5305/3900 4196/5308/3900 4199/5309/3900 4198/5306/3900
f 4197/5307/3901 4198/5306/3901 4210/5310/3901 4207/5311/3901
f 4198/5306/3902 4199/5309/3902 4200/5312/3902 4210/5310/3902
f 4193/5313/3903 4201/5314/3903 4204/5315/3903 4203/5316/3903
f 4201/5314/3904 4202/5317/3904 4205/5318/3904 4204/5315/3904
f 4203/5316/3905 4204/5315/3905 4199/5309/3905 4196/5308/3905
f 4204/5315/3906 4205/5318/3906 4200/5312/3906 4199/5309/3906
f 4194/5319/3907 4206/5320/3907 4209/5321/3907 4208/5322/3907
f 4206/5320/3908 4207/5311/3908 4210/5310/3908 4209/5321/3908
f 4208/5322/3909 4209/5321/3909 4205/5318/3909 4202/5317/3909
f 4209/5321/3910 4210/5310/3910 4200/5312/3910 4205/5318/3910
f 4211/5323/3911 4214/5324/3911 4217/5325/3911 4216/5326/3911
f 4214/5324/3912 4215/5327/3912 4218/5328/3912 4217/5325/3912
f 4216/5326/3913 4217/5325/3913 4229/5329/3913 4226/5330/3913
f 4217/5325/3914 4218/5328/3914 4219/5331/3914 4229/5329/3914
f 4212/5332/3915 4220/5333/3915 4223/5334/3915 4222/5335/3915
f 4220/5333/3916 4221/5336/3916 4224/5337/3916 4223/5334/3916
f 4222/5335/3917 4223/5334/3917 4218/5328/3917 4215/5327/3917
f 4223/5334/3918 4224/5337/3918 4219/5331/3918 4218/5328/3918
f 4213/5338/3919 4225/5339/3919 4228/5340/3919 4227/5341/3919
f 4225/5339/3920 4226/5330/3920 4229/5329/3920 4228/5340/3920
f 4227/5341/3921 4228/5340/3921 4224/5337/3921 4221/5336/3921
f 4228/5340/3922 4229/5329/3922 4219/5331/3922 4224/5337/3922
f 4230/5342/3923 4233/5343/3923 4236/5344/3923 4235/5345/3923
f 4233/5343/3924 4234/5346/3924 4237/5347/3924 4236/5344/3924
f 4235/5345/3925 4236/5344/3925 4248/5348/3925 4245/5349/3925
f 4236/5344/3926 4237/5347/3926 4238/5350/3926 4248/5348/3926
f 4231/5351/3927 4239/5352/3927 4242/5353/3927 4241/5354/3927
f 4239/5352/3928 4240/5355/3928 4243/5356/3928 4242/5353/3928
f 4241/5354/3929 4242/5353/3929 4237/5347/3929 4234/5346/3929
f 4242/5353/3930 4243/5356/3930 4238/5350/3930 4237/5347/3930
f 4232/5357/3931 4244/5358/3931 4247/5359/3931 4246/5360/3931
f 4244/5358/3932 4245/5349/3932 4248/5348/3932 4247/5359/3932
f 4246/5360/3933 4247/5359/3933 4243/5356/3933 4240/5355/3933
f 4247/5359/3934 4248/5348/3934 4238/5350/3934 4243/5356/3934
f 4135/5237/3935 4097/5183/3935 4102/5186/3935 4138/5238/3935
f 4138/5238/3936 4102/5186/3936 4112/5190/3936 4139/5241/3936
f 4139/5253/3937 4112/5205/3937 4111/5202/3937 4146/5249/3937
f 4146/5249/3938 4111/5202/3938 4099/5201/3938 4136/5246/3938
f 4098/5192/3939 4116/5210/3939 4121/5213/3939 4106/5193/3939
f 4106/5193/3940 4121/5213/3940 4131/5217/3940 4107/5196/3940
f 4107/5208/3941 4131/5232/3941 4130/5229/3941 4113/5204/3941
f 4113/5204/3942 4130/5229/3942 4118/5228/3942 4099/5201/3942
f 4117/5219/3943 4154/5261/3943 4159/5264/3943 4125/5220/3943
f 4125/5220/3944 4159/5264/3944 4169/5268/3944 4126/5223/3944
f 4126/5235/3945 4169/5283/3945 4168/5280/3945 4132/5231/3945
f 4132/5231/3946 4168/5280/3946 4156/5279/3946 4118/5228/3946
f 4155/5270/3947 4137/5255/3947 4151/5258/3947 4163/5271/3947
f 4163/5271/3948 4151/5258/3948 4145/5250/3948 4164/5274/3948
f 4164/5274/3949 4145/5250/3949 4144/5247/3949 4170/5282/3949
f 4170/5282/3950 4144/5247/3950 4136/5246/3950 4156/5279/3950
f 4211/5323/3951 4135/5237/3951 4140/5240/3951 4214/5324/3951
f 4214/5324/3952 4140/5240/3952 4150/5244/3952 4215/5327/3952
f 4215/5327/3953 4150/5259/3953 4149/5256/3953 4222/5335/3953
f 4222/5335/3954 4149/5256/3954 4137/5255/3954 4212/5332/3954
f 4154/5261/3955 4230/5342/3955 4235/5345/3955 4157/5262/3955
f 4157/5262/3956 4235/5345/3956 4245/5349/3956 4158/5265/3956
f 4158/5277/3957 4245/5349/3957 4244/5358/3957 4165/5273/3957
f 4165/5273/3958 4244/5358/3958 4232/5357/3958 4155/5270/3958
f 4231/5351/3959 4213/5338/3959 4227/5341/3959 4239/5352/3959
f 4239/5352/3960 4227/5341/3960 4221/5336/3960 4240/5355/3960
f 4240/5355/3961 4221/5336/3961 4220/5333/3961 4246/5360/3961
f 4246/5360/3962 4220/5333/3962 4212/5332/3962 4232/5357/3962
f 4173/5285/3963 4211/5323/3963 4216/5326/3963 4176/5286/3963
f 4176/5286/3964 4216/5326/3964 4226/5330/3964 4177/5289/3964
f 4177/5289/3965 4226/5330/3965 4225/5339/3965 4184/5297/3965
f 4184/5297/3966 4225/5339/3966 4213/5338/3966 4174/5294/3966
f 4230/5342/3967 4192/5304/3967 4197/5307/3967 4233/5343/3967
f 4233/5343/3968 4197/5307/3968 4207/5311/3968 4234/5346/3968
f 4234/5346/3969 4207/5311/3969 4206/5320/3969 4241/5354/3969
f 4241/5354/3970 4206/5320/3970 4194/5319/3970 4231/5351/3970
f 4193/5313/3971 4175/5300/3971 4189/5303/3971 4201/5314/3971
f 4201/5314/3972 4189/5303/3972 4183/5298/3972 4202/5317/3972
f 4202/5317/3973 4183/5298/3973 4182/5295/3973 4208/5322/3973
f 4208/5322/3974 4182/5295/3974 4174/5294/3974 4194/5319/3974
f 4097/5183/3975 4173/5285/3975 4178/5288/3975 4100/5184/3975
f 4100/5184/3976 4178/5288/3976 4188/5292/3976 4101/5187/3976
f 4101/5199/3977 4188/5292/3977 4187/5301/3977 4108/5195/3977
f 4108/5195/3978 4187/5301/3978 4175/5300/3978 4098/5192/3978
f 4192/5304/3979 4117/5219/3979 4127/5222/3979 4195/5305/3979
f 4195/5305/3980 4127/5222/3980 4120/5226/3980 4196/5308/3980
f 4196/5308/3981 4120/5214/3981 4119/5211/3981 4203/5316/3981
f 4203/5316/3982 4119/5211/3982 4116/5210/3982 4193/5313/3982
f 4135/5237/3983 4211/5323/3983 4173/5285/3983 4097/5183/3983
f 4099/5201/3984 4118/5228/3984 4156/5279/3984 4136/5246/3984
f 4175/5300/3985 4193/5313/3985 4116/5210/3985 4098/5192/3985
f 4230/5342/3986 4154/5261/3986 4117/5219/3986 4192/5304/3986
f 4137/5255/3987 4155/5270/3987 4232/5357/3987 4212/5332/3987
f 4213/5338/3988 4231/5351/3988 4194/5319/3988 4174/5294/3988
o 27_CPUPackage
v -0.019800 0.004875 -0.030200
v -0.019800 0.005075 -0.030000
v -0.020000 0.005075 -0.030200
v -0.019800 0.004890 -0.030123
v -0.019800 0.004934 -0.030059
v -0.019877 0.004890 -0.030200
v -0.019878 0.004909 -0.030122
v -0.019874 0.004944 -0.030069
v -0.019915 0.004960 -0.030085
v -0.019877 0.005075 -0.030015
v -0.019941 0.005075 -0.030059
v -0.019800 0.004998 -0.030015
v -0.019878 0.004997 -0.030034
v -0.019931 0.005001 -0.030069
v -0.019985 0.004998 -0.030200
v -0.019941 0.004934 -0.030200
v -0.019985 0.005075 -0.030123
v -0.019966 0.004997 -0.030122
v -0.019931 0.004944 -0.030126
v -0.019800 0.006675 -0.030000
v -0.019800 0.006875 -0.030200
v -0.020000 0.006675 -0.030200
v -0.019800 0.006752 -0.030015
v -0.019800 0.006816 -0.030059
v -0.019877 0.006675 -0.030015
v -0.019878 0.006753 -0.030034
v -0.019874 0.006806 -0.030069
v -0.019915 0.006790 -0.030085
v -0.019877 0.006860 -0.030200
v -0.019941 0.006816 -0.030200
v -0.019800 0.006860 -0.030123
v -0.019878 0.006841 -0.030122
v -0.019931 0.006806 -0.030126
v -0.019985 0.006675 -0.030123
v -0.019941 0.006675 -0.030059
v -0.019985 0.006752 -0.030200
v -0.019966 0.006753 -0.030122
v -0.019931 0.006749 -0.030069
v -0.019800 0.004875 -0.069800
v -0.020000 0.005075 -0.069800
v -0.019800 0.005075 -0.070000
v -0.019877 0.004890 -0.069800
v -0.019941 0.004934 -0.069800
v -0.019800 0.004890 -0.069877
v -0.019878 0.004909 -0.069878
v -0.019931 0.004944 -0.069874
v -0.019915 0.004960 -0.069915
v -0.019985 0.005075 -0.069877
v -0.019941 0.005075 -0.069941
v -0.019985 0.004998 -0.069800
v -0.019966 0.004997 -0.069878
v -0.019931 0.005001 -0.069931
v -0.019800 0.004998 -0.069985
v -0.019800 0.004934 -0.069941
v -0.019877 0.005075 -0.069985
v -0.019878 0.004997 -0.069966
v -0.019874 0.004944 -0.069931
v -0.019800 0.006875 -0.069800
v -0.019800 0.006675 -0.070000
v -0.020000 0.006675 -0.069800
v -0.019800 0.006860 -0.069877
v -0.019800 0.006816 -0.069941
v -0.019877 0.006860 -0.069800
v -0.019878 0.006841 -0.069878
v -0.019874 0.006806 -0.069931
v -0.019915 0.006790 -0.069915
v -0.019877 0.006675 -0.069985
v -0.019941 0.006675 -0.069941
v -0.019800 0.006752 -0.069985
v -0.019878 0.006753 -0.069966
v -0.019931 0.006749 -0.069931
v -0.019985 0.006752 -0.069800
v -0.019941 0.006816 -0.069800
v -0.019985 0.006675 -0.069877
v -0.019966 0.006753 -0.069878
v -0.019931 0.006806 -0.069874
v 0.019800 0.004875 -0.030200
v 0.020000 0.005075 -0.030200
v 0.019800 0.005075 -0.030000
v 0.019877 0.004890 -0.030200
v 0.019941 0.004934 -0.030200
v 0.019800 0.004890 -0.030123
v 0.019878 0.004909 -0.030122
v 0.019931 0.004944 -0.030126
v 0.019915 0.004960 -0.030085
v 0.019985 0.005075 -0.030123
v 0.019941 0.005075 -0.030059
v 0.019985 0.004998 -0.030200
v 0.019966 0.004997 -0.030122
v 0.019931 0.005001 -0.030069
v 0.019800 0.004998 -0.030015
v 0.019800 0.004934 -0.030059
v 0.019877 0.005075 -0.030015
v 0.019878 0.004997 -0.030034
v 0.019874 0.004944 -0.030069
v 0.019800 0.006875 -0.030200
v 0.019800 0.006675 -0.030000
v 0.020000 0.006675 -0.030200
v 0.019800 0.006860 -0.030123
v 0.019800 0.006816 -0.030059
v 0.019877 0.006860 -0.030200
v 0.019878 0.006841 -0.030122
v 0.019874 0.006806 -0.030069
v 0.019915 0.006790 -0.030085
v 0.019877 0.006675 -0.030015
v 0.019941 0.006675 -0.030059
v 0.019800 0.006752 -0.030015
v 0.019878 0.006753 -0.030034
v 0.019931 0.006749 -0.030069
v 0.019985 0.006752 -0.030200
v 0.019941 0.006816 -0.030200
v 0.019985 0.006675 -0.030123
v 0.019966 0.006753 -0.030122
v 0.019931 0.006806 -0.030126
v 0.019800 0.004875 -0.069800
v 0.019800 0.005075 -0.070000
v 0.020000 0.005075 -0.069800
v 0.019800 0.004890 -0.069877
v 0.019800 0.004934 -0.069941
v 0.019877 0.004890 -0.069800
v 0.019878 0.004909 -0.069878
v 0.019874 0.004944 -0.069931
v 0.019915 0.004960 -0.069915
v 0.019877 0.005075 -0.069985
v 0.019941 0.005075 -0.069941
v 0.019800 0.004998 -0.069985
v 0.019878 0.004997 -0.069966
v 0.019931 0.005001 -0.069931
v 0.019985 0.004998 -0.069800
v 0.019941 0.004934 -0.069800
v 0.019985 0.005075 -0.069877
v 0.019966 0.004997 -0.069878
v 0.019931 0.004944 -0.069874
v 0.019800 0.006875 -0.069800
v 0.020000 0.006675 -0.069800
v 0.019800 0.006675 -0.070000
v 0.019877 0.006860 -0.069800
v 0.019941 0.006816 -0.069800
v 0.019800 0.006860 -0.069877
v 0.019878 0.006841 -0.069878
v 0.019931 0.006806 -0.069874
v 0.019915 0.006790 -0.069915
v 0.019985 0.006675 -0.069877
v 0.019941 0.006675 -0.069941
v 0.019985 0.006752 -0.069800
v 0.019966 0.006753 -0.069878
v 0.019931 0.006749 -0.069931
v 0.019800 0.006752 -0.069985
v 0.019800 0.006816 -0.069941
v 0.019877 0.006675 -0.069985
v 0.019878 0.006753 -0.069966
v 0.019874 0.006806 -0.069931
vn -0.2049 -0.9571 0.2049
vn -0.1818 -0.8152 0.5500
vn -0.5499 -0.8152 0.1818
vn -0.4931 -0.7167 0.4931
vn -0.2049 -0.2049 0.9571
vn -0.5499 -0.1818 0.8152
vn -0.1818 -0.5499 0.8152
vn -0.4931 -0.4931 0.7167
vn -0.9571 -0.2049 0.2050
vn -0.8152 -0.5500 0.1818
vn -0.8152 -0.1818 0.5499
vn -0.7167 -0.4931 0.4931
vn -0.2049 0.2050 0.9571
vn -0.1818 0.5499 0.8152
vn -0.5499 0.1818 0.8152
vn -0.4931 0.4931 0.7167
vn -0.2049 0.9571 0.2049
vn -0.5499 0.8152 0.1818
vn -0.1818 0.8152 0.5499
vn -0.4931 0.7167 0.4931
vn -0.9571 0.2049 0.2050
vn -0.8152 0.1818 0.5499
vn -0.8152 0.5500 0.1818
vn -0.7167 0.4931 0.4931
vn -0.2049 -0.9571 -0.2049
vn -0.5499 -0.8152 -0.1818
vn -0.1818 -0.8152 -0.5499
vn -0.4931 -0.7167 -0.4931
vn -0.9571 -0.2049 -0.2050
vn -0.8152 -0.1818 -0.5499
vn -0.8152 -0.5500 -0.1818
vn -0.7167 -0.4931 -0.4931
vn -0.2049 -0.2050 -0.9571
vn -0.1818 -0.5499 -0.8152
vn -0.5499 -0.1818 -0.8152
vn -0.4931 -0.4931 -0.7167
vn -0.2049 0.9571 -0.2049
vn -0.1818 0.8152 -0.5500
vn -0.5499 0.8152 -0.1818
vn -0.4931 0.7167 -0.4931
vn -0.2049 0.2049 -0.9571
vn -0.5499 0.1818 -0.8152
vn -0.1818 0.5499 -0.8152
vn -0.4931 0.4931 -0.7167
vn -0.9571 0.2049 -0.2050
vn -0.8152 0.5500 -0.1818
vn -0.8152 0.1818 -0.5499
vn -0.7167 0.4931 -0.4931
vn 0.2049 -0.9571 0.2049
vn 0.5499 -0.8152 0.1818
vn 0.1818 -0.8152 0.5499
vn 0.4931 -0.7167 0.4931
vn 0.9571 -0.2049 0.2050
vn 0.8152 -0.1818 0.5499
vn 0.8152 -0.5500 0.1818
vn 0.7167 -0.4931 0.4931
vn 0.2049 -0.2050 0.9571
vn 0.1818 -0.5499 0.8152
vn 0.5499 -0.1818 0.8152
vn 0.4931 -0.4931 0.7167
vn 0.2049 0.9571 0.2049
vn 0.1818 0.8152 0.5500
vn 0.5499 0.8152 0.1818
vn 0.4931 0.7167 0.4931
vn 0.2049 0.2049 0.9571
vn 0.5499 0.1818 0.8152
vn 0.1818 0.5499 0.8152
vn 0.4931 0.4931 0.7167
vn 0.9571 0.2049 0.2050
vn 0.8152 0.5500 0.1818
vn 0.8152 0.1818 0.5499
vn 0.7167 0.4931 0.4931
vn 0.2049 -0.9571 -0.2049
vn 0.1818 -0.8152 -0.5500
vn 0.5499 -0.8152 -0.1818
vn 0.4931 -0.7167 -0.4931
vn 0.2049 -0.2049 -0.9571
vn 0.5499 -0.1818 -0.8152
vn 0.1818 -0.5499 -0.8152
vn 0.4931 -0.4931 -0.7167
vn 0.9571 -0.2049 -0.2050
vn 0.8152 -0.5500 -0.1818
vn 0.8152 -0.1818 -0.5499
vn 0.7167 -0.4931 -0.4931
vn 0.2049 0.9571 -0.2049
vn 0.5499 0.8152 -0.1818
vn 0.1818 0.8152 -0.5499
vn 0.4931 0.7167 -0.4931
vn 0.9571 0.2049 -0.2050
vn 0.8152 0.1818 -0.5499
vn 0.8152 0.5500 -0.1818
vn 0.7167 0.4931 -0.4931
vn 0.2049 0.2050 -0.9571
vn 0.1818 0.5499 -0.8152
vn 0.5499 0.1818 -0.8152
vn 0.4931 0.4931 -0.7167
vn -0.1951 -0.9808 -0.0000
vn -0.5556 -0.8315 -0.0000
vn -0.8315 -0.5556 -0.0000
vn -0.9808 -0.1951 -0.0000
vn -0.1951 -0.0000 0.9808
vn -0.5556 -0.0000 0.8315
vn -0.8315 -0.0000 0.5556
vn -0.9808 -0.0000 0.1950
vn -0.1951 0.9808 -0.0000
vn -0.5556 0.8315 -0.0000
vn -0.8315 0.5556 -0.0000
vn -0.9808 0.1951 -0.0000
vn -0.1951 -0.0000 -0.9808
vn -0.5556 -0.0000 -0.8315
vn -0.8315 -0.0000 -0.5556
vn -0.9808 -0.0000 -0.1950
vn -0.0000 -0.9808 -0.1951
vn -0.0000 -0.8315 -0.5556
vn -0.0000 -0.5556 -0.8315
vn -0.0000 -0.1951 -0.9808
vn -0.0000 0.9808 -0.1951
vn -0.0000 0.8315 -0.5556
vn -0.0000 0.5556 -0.8315
vn -0.0000 0.1951 -0.9808
vn 0.9808 -0.0000 -0.1950
vn 0.8315 -0.0000 -0.5556
vn 0.5556 -0.0000 -0.8315
vn 0.1951 -0.0000 -0.9808
vn 0.1951 -0.9808 -0.0000
vn 0.5556 -0.8315 -0.0000
vn 0.8315 -0.5556 -0.0000
vn 0.9808 -0.1951 -0.0000
vn 0.1951 0.9808 -0.0000
vn 0.5556 0.8315 -0.0000
vn 0.8315 0.5556 -0.0000
vn 0.9808 0.1951 -0.0000
vn 0.1951 -0.0000 0.9808
vn 0.5556 -0.0000 0.8315
vn 0.8315 -0.0000 0.5556
vn 0.9808 -0.0000 0.1950
vn -0.0000 -0.9808 0.1951
vn -0.0000 -0.8315 0.5556
vn -0.0000 -0.5556 0.8315
vn -0.0000 -0.1951 0.9808
vn -0.0000 0.9808 0.1951
vn -0.0000 0.8315 0.5556
vn -0.0000 0.5556 0.8315
vn -0.0000 0.1951 0.9808
vn -0.0000 -1.0000 -0.0000
vn -1.0000 -0.0000 -0.0000
vn -0.0000 -0.0000 1.0000
vn -0.0000 1.0000 -0.0000
vn -0.0000 -0.0000 -1.0000
vn 1.0000 -0.0000 -0.0000
vt 0.126250 0.748750
vt 0.126250 0.749228
vt 0.125760 0.749240
vt 0.125772 0.748750
vt 0.126250 0.750000
vt 0.125785 0.750000
vt 0.125000 0.749215
vt 0.125000 0.748750
vt 0.125528 0.750000
vt 0.400000 0.998750
vt 0.400000 0.999228
vt 0.390193 0.999240
vt 0.390433 0.998750
vt 0.400000 1.000000
vt 0.390691 1.000000
vt 0.375000 0.999215
vt 0.375000 0.998750
vt 0.385566 1.000000
vt 0.400000 0.001250
vt 0.390433 0.001250
vt 0.390193 0.000760
vt 0.400000 0.000772
vt 0.375000 0.001250
vt 0.375000 0.000785
vt 0.390691 0.000000
vt 0.400000 0.000000
vt 0.375000 0.000528
vt 0.600000 0.998750
vt 0.609567 0.998750
vt 0.609807 0.999240
vt 0.600000 0.999228
vt 0.625000 0.998750
vt 0.625000 0.999215
vt 0.609309 1.000000
vt 0.600000 1.000000
vt 0.625000 0.999472
vt 0.873750 0.748750
vt 0.874228 0.748750
vt 0.874240 0.749240
vt 0.873750 0.749228
vt 0.875000 0.748750
vt 0.875000 0.749215
vt 0.874215 0.750000
vt 0.873750 0.750000
vt 0.875000 0.749472
vt 0.600000 0.001250
vt 0.600000 0.000772
vt 0.609807 0.000760
vt 0.609567 0.001250
vt 0.600000 0.000000
vt 0.609309 0.000000
vt 0.625000 0.000785
vt 0.625000 0.001250
vt 0.614434 0.000000
vt 0.126250 0.501250
vt 0.125772 0.501250
vt 0.125760 0.500760
vt 0.126250 0.500772
vt 0.125000 0.501250
vt 0.125000 0.500785
vt 0.125785 0.500000
vt 0.126250 0.500000
vt 0.125000 0.500528
vt 0.400000 0.248750
vt 0.400000 0.249228
vt 0.390193 0.249240
vt 0.390433 0.248750
vt 0.400000 0.250000
vt 0.390691 0.250000
vt 0.375000 0.249215
vt 0.375000 0.248750
vt 0.380283 0.250264
vt 0.400000 0.251250
vt 0.390433 0.251250
vt 0.390193 0.250760
vt 0.400000 0.250772
vt 0.375000 0.251250
vt 0.375000 0.250785
vt 0.873750 0.501250
vt 0.873750 0.500772
vt 0.874240 0.500760
vt 0.874228 0.501250
vt 0.873750 0.500000
vt 0.874215 0.500000
vt 0.875000 0.500785
vt 0.875000 0.501250
vt 0.874472 0.500000
vt 0.600000 0.251250
vt 0.600000 0.250772
vt 0.609807 0.250760
vt 0.609567 0.251250
vt 0.600000 0.250000
vt 0.609309 0.250000
vt 0.625000 0.250785
vt 0.625000 0.251250
vt 0.619717 0.249736
vt 0.600000 0.248750
vt 0.609567 0.248750
vt 0.609807 0.249240
vt 0.600000 0.249228
vt 0.625000 0.248750
vt 0.625000 0.249215
vt 0.373750 0.748750
vt 0.374228 0.748750
vt 0.374240 0.749240
vt 0.373750 0.749228
vt 0.375000 0.748750
vt 0.375000 0.749215
vt 0.374608 0.750392
vt 0.374375 0.750625
vt 0.378522 0.750000
vt 0.400000 0.748750
vt 0.400000 0.749228
vt 0.390193 0.749240
vt 0.390433 0.748750
vt 0.400000 0.750000
vt 0.390691 0.750000
vt 0.400000 0.751250
vt 0.390433 0.751250
vt 0.390193 0.750760
vt 0.400000 0.750772
vt 0.626250 0.748750
vt 0.626250 0.749228
vt 0.625760 0.749240
vt 0.625772 0.748750
vt 0.625625 0.750625
vt 0.625392 0.750392
vt 0.625000 0.749215
vt 0.625000 0.748750
vt 0.621654 0.749824
vt 0.600000 0.751250
vt 0.600000 0.750772
vt 0.609807 0.750760
vt 0.609567 0.751250
vt 0.600000 0.750000
vt 0.609309 0.750000
vt 0.600000 0.748750
vt 0.609567 0.748750
vt 0.609807 0.749240
vt 0.600000 0.749228
vt 0.373750 0.501250
vt 0.373750 0.500772
vt 0.374240 0.500760
vt 0.374228 0.501250
vt 0.374375 0.499375
vt 0.374608 0.499608
vt 0.375000 0.500785
vt 0.375000 0.501250
vt 0.378346 0.500176
vt 0.400000 0.498750
vt 0.400000 0.499228
vt 0.390193 0.499240
vt 0.390433 0.498750
vt 0.400000 0.500000
vt 0.390691 0.500000
vt 0.400000 0.501250
vt 0.390433 0.501250
vt 0.390193 0.500760
vt 0.400000 0.500772
vt 0.626250 0.501250
vt 0.625772 0.501250
vt 0.625760 0.500760
vt 0.626250 0.500772
vt 0.625000 0.501250
vt 0.625000 0.500785
vt 0.625392 0.499608
vt 0.625625 0.499375
vt 0.621478 0.500000
vt 0.600000 0.501250
vt 0.600000 0.500772
vt 0.609807 0.500760
vt 0.609567 0.501250
vt 0.600000 0.500000
vt 0.609309 0.500000
vt 0.600000 0.498750
vt 0.609567 0.498750
vt 0.609807 0.499240
vt 0.600000 0.499228
s 0
usemtl Steel
f 4249/5361/3989 4252/5362/3989 4255/5363/3989 4254/5364/3989
f 4252/5362/3990 4253/5365/3990 4256/5366/3990 4255/5363/3990
f 4254/5364/3991 4255/5363/3991 4267/5367/3991 4264/5368/3991
f 4255/5363/3992 4256/5366/3992 4257/5369/3992 4267/5367/3992
f 4250/5370/3993 4258/5371/3993 4261/5372/3993 4260/5373/3993
f 4258/5371/3994 4259/5374/3994 4262/5375/3994 4261/5372/3994
f 4260/5373/3995 4261/5372/3995 4256/5376/3995 4253/5377/3995
f 4261/5372/3996 4262/5375/3996 4257/5378/3996 4256/5376/3996
f 4251/5379/3997 4263/5380/3997 4266/5381/3997 4265/5382/3997
f 4263/5380/3998 4264/5383/3998 4267/5384/3998 4266/5381/3998
f 4265/5382/3999 4266/5381/3999 4262/5385/3999 4259/5386/3999
f 4266/5381/4000 4267/5384/4000 4257/5387/4000 4262/5385/4000
f 4268/5388/4001 4271/5389/4001 4274/5390/4001 4273/5391/4001
f 4271/5389/4002 4272/5392/4002 4275/5393/4002 4274/5390/4002
f 4273/5391/4003 4274/5390/4003 4286/5394/4003 4283/5395/4003
f 4274/5390/4004 4275/5393/4004 4276/5396/4004 4286/5394/4004
f 4269/5397/4005 4277/5398/4005 4280/5399/4005 4279/5400/4005
f 4277/5398/4006 4278/5401/4006 4281/5402/4006 4280/5399/4006
f 4279/5400/4007 4280/5399/4007 4275/5403/4007 4272/5404/4007
f 4280/5399/4008 4281/5402/4008 4276/5405/4008 4275/5403/4008
f 4270/5406/4009 4282/5407/4009 4285/5408/4009 4284/5409/4009
f 4282/5407/4010 4283/5410/4010 4286/5411/4010 4285/5408/4010
f 4284/5409/4011 4285/5408/4011 4281/5412/4011 4278/5413/4011
f 4285/5408/4012 4286/5411/4012 4276/5414/4012 4281/5412/4012
f 4287/5415/4013 4290/5416/4013 4293/5417/4013 4292/5418/4013
f 4290/5416/4014 4291/5419/4014 4294/5420/4014 4293/5417/4014
f 4292/5418/4015 4293/5417/4015 4305/5421/4015 4302/5422/4015
f 4293/5417/4016 4294/5420/4016 4295/5423/4016 4305/5421/4016
f 4288/5424/4017 4296/5425/4017 4299/5426/4017 4298/5427/4017
f 4296/5425/4018 4297/5428/4018 4300/5429/4018 4299/5426/4018
f 4298/5427/4019 4299/5426/4019 4294/5430/4019 4291/5431/4019
f 4299/5426/4020 4300/5429/4020 4295/5432/4020 4294/5430/4020
f 4289/5433/4021 4301/5434/4021 4304/5435/4021 4303/5436/4021
f 4301/5434/4022 4302/5437/4022 4305/5438/4022 4304/5435/4022
f 4303/5436/4023 4304/5435/4023 4300/5429/4023 4297/5428/4023
f 4304/5435/4024 4305/5438/4024 4295/5432/4024 4300/5429/4024
f 4306/5439/4025 4309/5440/4025 4312/5441/4025 4311/5442/4025
f 4309/5440/4026 4310/5443/4026 4313/5444/4026 4312/5441/4026
f 4311/5442/4027 4312/5441/4027 4324/5445/4027 4321/5446/4027
f 4312/5441/4028 4313/5444/4028 4314/5447/4028 4324/5445/4028
f 4307/5448/4029 4315/5449/4029 4318/5450/4029 4317/5451/4029
f 4315/5449/4030 4316/5452/4030 4319/5453/4030 4318/5450/4030
f 4317/5451/4031 4318/5450/4031 4313/5454/4031 4310/5455/4031
f 4318/5450/4032 4319/5453/4032 4314/5456/4032 4313/5454/4032
f 4308/5457/4033 4320/5458/4033 4323/5459/4033 4322/5460/4033
f 4320/5458/4034 4321/5461/4034 4324/5462/4034 4323/5459/4034
f 4322/5460/4035 4323/5459/4035 4319/5453/4035 4316/5452/4035
f 4323/5459/4036 4324/5462/4036 4314/5456/4036 4319/5453/4036
f 4325/5463/4037 4328/5464/4037 4331/5465/4037 4330/5466/4037
f 4328/5464/4038 4329/5467/4038 4332/5468/4038 4331/5465/4038
f 4330/5466/4039 4331/5465/4039 4343/5469/4039 4340/5470/4039
f 4331/5465/4040 4332/5468/4040 4333/5471/4040 4343/5469/4040
f 4326/5472/4041 4334/5473/4041 4337/5474/4041 4336/5475/4041
f 4334/5473/4042 4335/5476/4042 4338/5477/4042 4337/5474/4042
f 4336/5475/4043 4337/5474/4043 4332/5468/4043 4329/5467/4043
f 4337/5474/4044 4338/5477/4044 4333/5471/4044 4332/5468/4044
f 4327/5478/4045 4339/5479/4045 4342/5480/4045 4341/5481/4045
f 4339/5479/4046 4340/5470/4046 4343/5469/4046 4342/5480/4046
f 4341/5481/4047 4342/5480/4047 4338/5477/4047 4335/5476/4047
f 4342/5480/4048 4343/5469/4048 4333/5471/4048 4338/5477/4048
f 4344/5482/4049 4347/5483/4049 4350/5484/4049 4349/5485/4049
f 4347/5483/4050 4348/5486/4050 4351/5487/4050 4350/5484/4050
f 4349/5485/4051 4350/5484/4051 4362/5488/4051 4359/5489/4051
f 4350/5484/4052 4351/5487/4052 4352/5490/4052 4362/5488/4052
f 4345/5491/4053 4353/5492/4053 4356/5493/4053 4355/5494/4053
f 4353/5492/4054 4354/5495/4054 4357/5496/4054 4356/5493/4054
f 4355/5494/4055 4356/5493/4055 4351/5487/4055 4348/5486/4055
f 4356/5493/4056 4357/5496/4056 4352/5490/4056 4351/5487/4056
f 4346/5497/4057 4358/5498/4057 4361/5499/4057 4360/5500/4057
f 4358/5498/4058 4359/5489/4058 4362/5488/4058 4361/5499/4058
f 4360/5500/4059 4361/5499/4059 4357/5496/4059 4354/5495/4059
f 4361/5499/4060 4362/5488/4060 4352/5490/4060 4357/5496/4060
f 4363/5501/4061 4366/5502/4061 4369/5503/4061 4368/5504/4061
f 4366/5502/4062 4367/5505/4062 4370/5506/4062 4369/5503/4062
f 4368/5504/4063 4369/5503/4063 4381/5507/4063 4378/5508/4063
f 4369/5503/4064 4370/5506/4064 4371/5509/4064 4381/5507/4064
f 4364/5510/4065 4372/5511/4065 4375/5512/4065 4374/5513/4065
f 4372/5511/4066 4373/5514/4066 4376/5515/4066 4375/5512/4066
f 4374/5513/4067 4375/5512/4067 4370/5506/4067 4367/5505/4067
f 4375/5512/4068 4376/5515/4068 4371/5509/4068 4370/5506/4068
f 4365/5516/4069 4377/5517/4069 4380/5518/4069 4379/5519/4069
f 4377/5517/4070 4378/5508/4070 4381/5507/4070 4380/5518/4070
f 4379/5519/4071 4380/5518/4071 4376/5515/4071 4373/5514/4071
f 4380/5518/4072 4381/5507/4072 4371/5509/4072 4376/5515/4072
f 4382/5520/4073 4385/5521/4073 4388/5522/4073 4387/5523/4073
f 4385/5521/4074 4386/5524/4074 4389/5525/4074 4388/5522/4074
f 4387/5523/4075 4388/5522/4075 4400/5526/4075 4397/5527/4075
f 4388/5522/4076 4389/5525/4076 4390/5528/4076 4400/5526/4076
f 4383/5529/4077 4391/5530/4077 4394/5531/4077 4393/5532/4077
f 4391/5530/4078 4392/5533/4078 4395/5534/4078 4394/5531/4078
f 4393/5532/4079 4394/5531/4079 4389/5525/4079 4386/5524/4079
f 4394/5531/4080 4395/5534/4080 4390/5528/4080 4389/5525/4080
f 4384/5535/4081 4396/5536/4081 4399/5537/4081 4398/5538/4081
f 4396/5536/4082 4397/5527/4082 4400/5526/4082 4399/5537/4082
f 4398/5538/4083 4399/5537/4083 4395/5534/4083 4392/5533/4083
f 4399/5537/4084 4400/5526/4084 4390/5528/4084 4395/5534/4084
f 4287/5415/4085 4249/5361/4085 4254/5364/4085 4290/5416/4085
f 4290/5416/4086 4254/5364/4086 4264/5368/4086 4291/5419/4086
f 4291/5431/4087 4264/5383/4087 4263/5380/4087 4298/5427/4087
f 4298/5427/4088 4263/5380/4088 4251/5379/4088 4288/5424/4088
f 4250/5370/4089 4268/5388/4089 4273/5391/4089 4258/5371/4089
f 4258/5371/4090 4273/5391/4090 4283/5395/4090 4259/5374/4090
f 4259/5386/4091 4283/5410/4091 4282/5407/4091 4265/5382/4091
f 4265/5382/4092 4282/5407/4092 4270/5406/4092 4251/5379/4092
f 4269/5397/4093 4306/5439/4093 4311/5442/4093 4277/5398/4093
f 4277/5398/4094 4311/5442/4094 4321/5446/4094 4278/5401/4094
f 4278/5413/4095 4321/5461/4095 4320/5458/4095 4284/5409/4095
f 4284/5409/4096 4320/5458/4096 4308/5457/4096 4270/5406/4096
f 4307/5448/4097 4289/5433/4097 4303/5436/4097 4315/5449/4097
f 4315/5449/4098 4303/5436/4098 4297/5428/4098 4316/5452/4098
f 4316/5452/4099 4297/5428/4099 4296/5425/4099 4322/5460/4099
f 4322/5460/4100 4296/5425/4100 4288/5424/4100 4308/5457/4100
f 4363/5501/4101 4287/5415/4101 4292/5418/4101 4366/5502/4101
f 4366/5502/4102 4292/5418/4102 4302/5422/4102 4367/5505/4102
f 4367/5505/4103 4302/5437/4103 4301/5434/4103 4374/5513/4103
f 4374/5513/4104 4301/5434/4104 4289/5433/4104 4364/5510/4104
f 4306/5439/4105 4382/5520/4105 4387/5523/4105 4309/5440/4105
f 4309/5440/4106 4387/5523/4106 4397/5527/4106 4310/5443/4106
f 4310/5455/4107 4397/5527/4107 4396/5536/4107 4317/5451/4107
f 4317/5451/4108 4396/5536/4108 4384/5535/4108 4307/5448/4108
f 4383/5529/4109 4365/5516/4109 4379/5519/4109 4391/5530/4109
f 4391/5530/4110 4379/5519/4110 4373/5514/4110 4392/5533/4110
f 4392/5533/4111 4373/5514/4111 4372/5511/4111 4398/5538/4111
f 4398/5538/4112 4372/5511/4112 4364/5510/4112 4384/5535/4112
f 4325/5463/4113 4363/5501/4113 4368/5504/4113 4328/5464/4113
f 4328/5464/4114 4368/5504/4114 4378/5508/4114 4329/5467/4114
f 4329/5467/4115 4378/5508/4115 4377/5517/4115 4336/5475/4115
f 4336/5475/4116 4377/5517/4116 4365/5516/4116 4326/5472/4116
f 4382/5520/4117 4344/5482/4117 4349/5485/4117 4385/5521/4117
f 4385/5521/4118 4349/5485/4118 4359/5489/4118 4386/5524/4118
f 4386/5524/4119 4359/5489/4119 4358/5498/4119 4393/5532/4119
f 4393/5532/4120 4358/5498/4120 4346/5497/4120 4383/5529/4120
f 4345/5491/4121 4327/5478/4121 4341/5481/4121 4353/5492/4121
f 4353/5492/4122 4341/5481/4122 4335/5476/4122 4354/5495/4122
f 4354/5495/4123 4335/5476/4123 4334/5473/4123 4360/5500/4123
f 4360/5500/4124 4334/5473/4124 4326/5472/4124 4346/5497/4124
f 4249/5361/4125 4325/5463/4125 4330/5466/4125 4252/5362/4125
f 4252/5362/4126 4330/5466/4126 4340/5470/4126 4253/5365/4126
f 4253/5377/4127 4340/5470/4127 4339/5479/4127 4260/5373/4127
f 4260/5373/4128 4339/5479/4128 4327/5478/4128 4250/5370/4128
f 4344/5482/4129 4269/5397/4129 4279/5400/4129 4347/5483/4129
f 4347/5483/4130 4279/5400/4130 4272/5404/4130 4348/5486/4130
f 4348/5486/4131 4272/5392/4131 4271/5389/4131 4355/5494/4131
f 4355/5494/4132 4271/5389/4132 4268/5388/4132 4345/5491/4132
f 4287/5415/4133 4363/5501/4133 4325/5463/4133 4249/5361/4133
f 4251/5379/4134 4270/5406/4134 4308/5457/4134 4288/5424/4134
f 4327/5478/4135 4345/5491/4135 4268/5388/4135 4250/5370/4135
f 4382/5520/4136 4306/5439/4136 4269/5397/4136 4344/5482/4136
f 4289/5433/4137 4307/5448/4137 4384/5535/4137 4364/5510/4137
f 4365/5516/4138 4383/5529/4138 4346/5497/4138 4326/5472/4138
o 28_GPUPackage
v -0.019800 0.004875 -0.030200
v -0.019800 0.005075 -0.030000
v -0.020000 0.005075 -0.030200
v -0.019800 0.004890 -0.030123
v -0.019800 0.004934 -0.030059
v -0.019877 0.004890 -0.030200
v -0.019878 0.004909 -0.030122
v -0.019874 0.004944 -0.030069
v -0.019915 0.004960 -0.030085
v -0.019877 0.005075 -0.030015
v -0.019941 0.005075 -0.030059
v -0.019800 0.004998 -0.030015
v -0.019878 0.004997 -0.030034
v -0.019931 0.005001 -0.030069
v -0.019985 0.004998 -0.030200
v -0.019941 0.004934 -0.030200
v -0.019985 0.005075 -0.030123
v -0.019966 0.004997 -0.030122
v -0.019931 0.004944 -0.030126
v -0.019800 0.006675 -0.030000
v -0.019800 0.006875 -0.030200
v -0.020000 0.006675 -0.030200
v -0.019800 0.006752 -0.030015
v -0.019800 0.006816 -0.030059
v -0.019877 0.006675 -0.030015
v -0.019878 0.006753 -0.030034
v -0.019874 0.006806 -0.030069
v -0.019915 0.006790 -0.030085
v -0.019877 0.006860 -0.030200
v -0.019941 0.006816 -0.030200
v -0.019800 0.006860 -0.030123
v -0.019878 0.006841 -0.030122
v -0.019931 0.006806 -0.030126
v -0.019985 0.006675 -0.030123
v -0.019941 0.006675 -0.030059
v -0.019985 0.006752 -0.030200
v -0.019966 0.006753 -0.030122
v -0.019931 0.006749 -0.030069
v -0.019800 0.004875 -0.069800
v -0.020000 0.005075 -0.069800
v -0.019800 0.005075 -0.070000
v -0.019877 0.004890 -0.069800
v -0.019941 0.004934 -0.069800
v -0.019800 0.004890 -0.069877
v -0.019878 0.004909 -0.069878
v -0.019931 0.004944 -0.069874
v -0.019915 0.004960 -0.069915
v -0.019985 0.005075 -0.069877
v -0.019941 0.005075 -0.069941
v -0.019985 0.004998 -0.069800
v -0.019966 0.004997 -0.069878
v -0.019931 0.005001 -0.069931
v -0.019800 0.004998 -0.069985
v -0.019800 0.004934 -0.069941
v -0.019877 0.005075 -0.069985
v -0.019878 0.004997 -0.069966
v -0.019874 0.004944 -0.069931
v -0.019800 0.006875 -0.069800
v -0.019800 0.006675 -0.070000
v -0.020000 0.006675 -0.069800
v -0.019800 0.006860 -0.069877
v -0.019800 0.006816 -0.069941
v -0.019877 0.006860 -0.069800
v -0.019878 0.006841 -0.069878
v -0.019874 0.006806 -0.069931
v -0.019915 0.006790 -0.069915
v -0.019877 0.006675 -0.069985
v -0.019941 0.006675 -0.069941
v -0.019800 0.006752 -0.069985
v -0.019878 0.006753 -0.069966
v -0.019931 0.006749 -0.069931
v -0.019985 0.006752 -0.069800
v -0.019941 0.006816 -0.069800
v -0.019985 0.006675 -0.069877
v -0.019966 0.006753 -0.069878
v -0.019931 0.006806 -0.069874
v 0.019800 0.004875 -0.030200
v 0.020000 0.005075 -0.030200
v 0.019800 0.005075 -0.030000
v 0.019877 0.004890 -0.030200
v 0.019941 0.004934 -0.030200
v 0.019800 0.004890 -0.030123
v 0.019878 0.004909 -0.030122
v 0.019931 0.004944 -0.030126
v 0.019915 0.004960 -0.030085
v 0.019985 0.005075 -0.030123
v 0.019941 0.005075 -0.030059
v 0.019985 0.004998 -0.030200
v 0.019966 0.004997 -0.030122
v 0.019931 0.005001 -0.030069
v 0.019800 0.004998 -0.030015
v 0.019800 0.004934 -0.030059
v 0.019877 0.005075 -0.030015
v 0.019878 0.004997 -0.030034
v 0.019874 0.004944 -0.030069
v 0.019800 0.006875 -0.030200
v 0.019800 0.006675 -0.030000
v 0.020000 0.006675 -0.030200
v 0.019800 0.006860 -0.030123
v 0.019800 0.006816 -0.030059
v 0.019877 0.006860 -0.030200
v 0.019878 0.006841 -0.030122
v 0.019874 0.006806 -0.030069
v 0.019915 0.006790 -0.030085
v 0.019877 0.006675 -0.030015
v 0.019941 0.006675 -0.030059
v 0.019800 0.006752 -0.030015
v 0.019878 0.006753 -0.030034
v 0.019931 0.006749 -0.030069
v 0.019985 0.006752 -0.030200
v 0.019941 0.006816 -0.030200
v 0.019985 0.006675 -0.030123
v 0.019966 0.006753 -0.030122
v 0.019931 0.006806 -0.030126
v 0.019800 0.004875 -0.069800
v 0.019800 0.005075 -0.070000
v 0.020000 0.005075 -0.069800
v 0.019800 0.004890 -0.069877
v 0.019800 0.004934 -0.069941
v 0.019877 0.004890 -0.069800
v 0.019878 0.004909 -0.069878
v 0.019874 0.004944 -0.069931
v 0.019915 0.004960 -0.069915
v 0.019877 0.005075 -0.069985
v 0.019941 0.005075 -0.069941
v 0.019800 0.004998 -0.069985
v 0.019878 0.004997 -0.069966
v 0.019931 0.005001 -0.069931
v 0.019985 0.004998 -0.069800
v 0.019941 0.004934 -0.069800
v 0.019985 0.005075 -0.069877
v 0.019966 0.004997 -0.069878
v 0.019931 0.004944 -0.069874
v 0.019800 0.006875 -0.069800
v 0.020000 0.006675 -0.069800
v 0.019800 0.006675 -0.070000
v 0.019877 0.006860 -0.069800
v 0.019941 0.006816 -0.069800
v 0.019800 0.006860 -0.069877
v 0.019878 0.006841 -0.069878
v 0.019931 0.006806 -0.069874
v 0.019915 0.006790 -0.069915
v 0.019985 0.006675 -0.069877
v 0.019941 0.006675 -0.069941
v 0.019985 0.006752 -0.069800
v 0.019966 0.006753 -0.069878
v 0.019931 0.006749 -0.069931
v 0.019800 0.006752 -0.069985
v 0.019800 0.006816 -0.069941
v 0.019877 0.006675 -0.069985
v 0.019878 0.006753 -0.069966
v 0.019874 0.006806 -0.069931
vn -0.2049 -0.9571 0.2049
vn -0.1818 -0.8152 0.5500
vn -0.5499 -0.8152 0.1818
vn -0.4931 -0.7167 0.4931
vn -0.2049 -0.2049 0.9571
vn -0.5499 -0.1818 0.8152
vn -0.1818 -0.5499 0.8152
vn -0.4931 -0.4931 0.7167
vn -0.9571 -0.2049 0.2050
vn -0.8152 -0.5500 0.1818
vn -0.8152 -0.1818 0.5499
vn -0.7167 -0.4931 0.4931
vn -0.2049 0.2050 0.9571
vn -0.1818 0.5499 0.8152
vn -0.5499 0.1818 0.8152
vn -0.4931 0.4931 0.7167
vn -0.2049 0.9571 0.2049
vn -0.5499 0.8152 0.1818
vn -0.1818 0.8152 0.5499
vn -0.4931 0.7167 0.4931
vn -0.9571 0.2049 0.2050
vn -0.8152 0.1818 0.5499
vn -0.8152 0.5500 0.1818
vn -0.7167 0.4931 0.4931
vn -0.2049 -0.9571 -0.2049
vn -0.5499 -0.8152 -0.1818
vn -0.1818 -0.8152 -0.5499
vn -0.4931 -0.7167 -0.4931
vn -0.9571 -0.2049 -0.2050
vn -0.8152 -0.1818 -0.5499
vn -0.8152 -0.5500 -0.1818
vn -0.7167 -0.4931 -0.4931
vn -0.2049 -0.2050 -0.9571
vn -0.1818 -0.5499 -0.8152
vn -0.5499 -0.1818 -0.8152
vn -0.4931 -0.4931 -0.7167
vn -0.2049 0.9571 -0.2049
vn -0.1818 0.8152 -0.5500
vn -0.5499 0.8152 -0.1818
vn -0.4931 0.7167 -0.4931
vn -0.2049 0.2049 -0.9571
vn -0.5499 0.1818 -0.8152
vn -0.1818 0.5499 -0.8152
vn -0.4931 0.4931 -0.7167
vn -0.9571 0.2049 -0.2050
vn -0.8152 0.5500 -0.1818
vn -0.8152 0.1818 -0.5499
vn -0.7167 0.4931 -0.4931
vn 0.2049 -0.9571 0.2049
vn 0.5499 -0.8152 0.1818
vn 0.1818 -0.8152 0.5499
vn 0.4931 -0.7167 0.4931
vn 0.9571 -0.2049 0.2050
vn 0.8152 -0.1818 0.5499
vn 0.8152 -0.5500 0.1818
vn 0.7167 -0.4931 0.4931
vn 0.2049 -0.2050 0.9571
vn 0.1818 -0.5499 0.8152
vn 0.5499 -0.1818 0.8152
vn 0.4931 -0.4931 0.7167
vn 0.2049 0.9571 0.2049
vn 0.1818 0.8152 0.5500
vn 0.5499 0.8152 0.1818
vn 0.4931 0.7167 0.4931
vn 0.2049 0.2049 0.9571
vn 0.5499 0.1818 0.8152
vn 0.1818 0.5499 0.8152
vn 0.4931 0.4931 0.7167
vn 0.9571 0.2049 0.2050
vn 0.8152 0.5500 0.1818
vn 0.8152 0.1818 0.5499
vn 0.7167 0.4931 0.4931
vn 0.2049 -0.9571 -0.2049
vn 0.1818 -0.8152 -0.5500
vn 0.5499 -0.8152 -0.1818
vn 0.4931 -0.7167 -0.4931
vn 0.2049 -0.2049 -0.9571
vn 0.5499 -0.1818 -0.8152
vn 0.1818 -0.5499 -0.8152
vn 0.4931 -0.4931 -0.7167
vn 0.9571 -0.2049 -0.2050
vn 0.8152 -0.5500 -0.1818
vn 0.8152 -0.1818 -0.5499
vn 0.7167 -0.4931 -0.4931
vn 0.2049 0.9571 -0.2049
vn 0.5499 0.8152 -0.1818
vn 0.1818 0.8152 -0.5499
vn 0.4931 0.7167 -0.4931
vn 0.9571 0.2049 -0.2050
vn 0.8152 0.1818 -0.5499
vn 0.8152 0.5500 -0.1818
vn 0.7167 0.4931 -0.4931
vn 0.2049 0.2050 -0.9571
vn 0.1818 0.5499 -0.8152
vn 0.5499 0.1818 -0.8152
vn 0.4931 0.4931 -0.7167
vn -0.1951 -0.9808 -0.0000
vn -0.5556 -0.8315 -0.0000
vn -0.8315 -0.5556 -0.0000
vn -0.9808 -0.1951 -0.0000
vn -0.1951 -0.0000 0.9808
vn -0.5556 -0.0000 0.8315
vn -0.8315 -0.0000 0.5556
vn -0.9808 -0.0000 0.1950
vn -0.1951 0.9808 -0.0000
vn -0.5556 0.8315 -0.0000
vn -0.8315 0.5556 -0.0000
vn -0.9808 0.1951 -0.0000
vn -0.1951 -0.0000 -0.9808
vn -0.5556 -0.0000 -0.8315
vn -0.8315 -0.0000 -0.5556
vn -0.9808 -0.0000 -0.1950
vn -0.0000 -0.9808 -0.1951
vn -0.0000 -0.8315 -0.5556
vn -0.0000 -0.5556 -0.8315
vn -0.0000 -0.1951 -0.9808
vn -0.0000 0.9808 -0.1951
vn -0.0000 0.8315 -0.5556
vn -0.0000 0.5556 -0.8315
vn -0.0000 0.1951 -0.9808
vn 0.9808 -0.0000 -0.1950
vn 0.8315 -0.0000 -0.5556
vn 0.5556 -0.0000 -0.8315
vn 0.1951 -0.0000 -0.9808
vn 0.1951 -0.9808 -0.0000
vn 0.5556 -0.8315 -0.0000
vn 0.8315 -0.5556 -0.0000
vn 0.9808 -0.1951 -0.0000
vn 0.1951 0.9808 -0.0000
vn 0.5556 0.8315 -0.0000
vn 0.8315 0.5556 -0.0000
vn 0.9808 0.1951 -0.0000
vn 0.1951 -0.0000 0.9808
vn 0.5556 -0.0000 0.8315
vn 0.8315 -0.0000 0.5556
vn 0.9808 -0.0000 0.1950
vn -0.0000 -0.9808 0.1951
vn -0.0000 -0.8315 0.5556
vn -0.0000 -0.5556 0.8315
vn -0.0000 -0.1951 0.9808
vn -0.0000 0.9808 0.1951
vn -0.0000 0.8315 0.5556
vn -0.0000 0.5556 0.8315
vn -0.0000 0.1951 0.9808
vn -0.0000 -1.0000 -0.0000
vn -1.0000 -0.0000 -0.0000
vn -0.0000 -0.0000 1.0000
vn -0.0000 1.0000 -0.0000
vn -0.0000 -0.0000 -1.0000
vn 1.0000 -0.0000 -0.0000
vt 0.126250 0.748750
vt 0.126250 0.749228
vt 0.125760 0.749240
vt 0.125772 0.748750
vt 0.126250 0.750000
vt 0.125785 0.750000
vt 0.125000 0.749215
vt 0.125000 0.748750
vt 0.125528 0.750000
vt 0.400000 0.998750
vt 0.400000 0.999228
vt 0.390193 0.999240
vt 0.390433 0.998750
vt 0.400000 1.000000
vt 0.390691 1.000000
vt 0.375000 0.999215
vt 0.375000 0.998750
vt 0.385566 1.000000
vt 0.400000 0.001250
vt 0.390433 0.001250
vt 0.390193 0.000760
vt 0.400000 0.000772
vt 0.375000 0.001250
vt 0.375000 0.000785
vt 0.390691 0.000000
vt 0.400000 0.000000
vt 0.375000 0.000528
vt 0.600000 0.998750
vt 0.609567 0.998750
vt 0.609807 0.999240
vt 0.600000 0.999228
vt 0.625000 0.998750
vt 0.625000 0.999215
vt 0.609309 1.000000
vt 0.600000 1.000000
vt 0.625000 0.999472
vt 0.873750 0.748750
vt 0.874228 0.748750
vt 0.874240 0.749240
vt 0.873750 0.749228
vt 0.875000 0.748750
vt 0.875000 0.749215
vt 0.874215 0.750000
vt 0.873750 0.750000
vt 0.875000 0.749472
vt 0.600000 0.001250
vt 0.600000 0.000772
vt 0.609807 0.000760
vt 0.609567 0.001250
vt 0.600000 0.000000
vt 0.609309 0.000000
vt 0.625000 0.000785
vt 0.625000 0.001250
vt 0.614434 0.000000
vt 0.126250 0.501250
vt 0.125772 0.501250
vt 0.125760 0.500760
vt 0.126250 0.500772
vt 0.125000 0.501250
vt 0.125000 0.500785
vt 0.125785 0.500000
vt 0.126250 0.500000
vt 0.125000 0.500528
vt 0.400000 0.248750
vt 0.400000 0.249228
vt 0.390193 0.249240
vt 0.390433 0.248750
vt 0.400000 0.250000
vt 0.390691 0.250000
vt 0.375000 0.249215
vt 0.375000 0.248750
vt 0.380283 0.250264
vt 0.400000 0.251250
vt 0.390433 0.251250
vt 0.390193 0.250760
vt 0.400000 0.250772
vt 0.375000 0.251250
vt 0.375000 0.250785
vt 0.873750 0.501250
vt 0.873750 0.500772
vt 0.874240 0.500760
vt 0.874228 0.501250
vt 0.873750 0.500000
vt 0.874215 0.500000
vt 0.875000 0.500785
vt 0.875000 0.501250
vt 0.874472 0.500000
vt 0.600000 0.251250
vt 0.600000 0.250772
vt 0.609807 0.250760
vt 0.609567 0.251250
vt 0.600000 0.250000
vt 0.609309 0.250000
vt 0.625000 0.250785
vt 0.625000 0.251250
vt 0.619717 0.249736
vt 0.600000 0.248750
vt 0.609567 0.248750
vt 0.609807 0.249240
vt 0.600000 0.249228
vt 0.625000 0.248750
vt 0.625000 0.249215
vt 0.373750 0.748750
vt 0.374228 0.748750
vt 0.374240 0.749240
vt 0.373750 0.749228
vt 0.375000 0.748750
vt 0.375000 0.749215
vt 0.374608 0.750392
vt 0.374375 0.750625
vt 0.378522 0.750000
vt 0.400000 0.748750
vt 0.400000 0.749228
vt 0.390193 0.749240
vt 0.390433 0.748750
vt 0.400000 0.750000
vt 0.390691 0.750000
vt 0.400000 0.751250
vt 0.390433 0.751250
vt 0.390193 0.750760
vt 0.400000 0.750772
vt 0.626250 0.748750
vt 0.626250 0.749228
vt 0.625760 0.749240
vt 0.625772 0.748750
vt 0.625625 0.750625
vt 0.625392 0.750392
vt 0.625000 0.749215
vt 0.625000 0.748750
vt 0.621654 0.749824
vt 0.600000 0.751250
vt 0.600000 0.750772
vt 0.609807 0.750760
vt 0.609567 0.751250
vt 0.600000 0.750000
vt 0.609309 0.750000
vt 0.600000 0.748750
vt 0.609567 0.748750
vt 0.609807 0.749240
vt 0.600000 0.749228
vt 0.373750 0.501250
vt 0.373750 0.500772
vt 0.374240 0.500760
vt 0.374228 0.501250
vt 0.374375 0.499375
vt 0.374608 0.499608
vt 0.375000 0.500785
vt 0.375000 0.501250
vt 0.378346 0.500176
vt 0.400000 0.498750
vt 0.400000 0.499228
vt 0.390193 0.499240
vt 0.390433 0.498750
vt 0.400000 0.500000
vt 0.390691 0.500000
vt 0.400000 0.501250
vt 0.390433 0.501250
vt 0.390193 0.500760
vt 0.400000 0.500772
vt 0.626250 0.501250
vt 0.625772 0.501250
vt 0.625760 0.500760
vt 0.626250 0.500772
vt 0.625000 0.501250
vt 0.625000 0.500785
vt 0.625392 0.499608
vt 0.625625 0.499375
vt 0.621478 0.500000
vt 0.600000 0.501250
vt 0.600000 0.500772
vt 0.609807 0.500760
vt 0.609567 0.501250
vt 0.600000 0.500000
vt 0.609309 0.500000
vt 0.600000 0.498750
vt 0.609567 0.498750
vt 0.609807 0.499240
vt 0.600000 0.499228
s 0
usemtl Steel
f 4401/5539/4139 4404/5540/4139 4407/5541/4139 4406/5542/4139
f 4404/5540/4140 4405/5543/4140 4408/5544/4140 4407/5541/4140
f 4406/5542/4141 4407/5541/4141 4419/5545/4141 4416/5546/4141
f 4407/5541/4142 4408/5544/4142 4409/5547/4142 4419/5545/4142
f 4402/5548/4143 4410/5549/4143 4413/5550/4143 4412/5551/4143
f 4410/5549/4144 4411/5552/4144 4414/5553/4144 4413/5550/4144
f 4412/5551/4145 4413/5550/4145 4408/5554/4145 4405/5555/4145
f 4413/5550/4146 4414/5553/4146 4409/5556/4146 4408/5554/4146
f 4403/5557/4147 4415/5558/4147 4418/5559/4147 4417/5560/4147
f 4415/5558/4148 4416/5561/4148 4419/5562/4148 4418/5559/4148
f 4417/5560/4149 4418/5559/4149 4414/5563/4149 4411/5564/4149
f 4418/5559/4150 4419/5562/4150 4409/5565/4150 4414/5563/4150
f 4420/5566/4151 4423/5567/4151 4426/5568/4151 4425/5569/4151
f 4423/5567/4152 4424/5570/4152 4427/5571/4152 4426/5568/4152
f 4425/5569/4153 4426/5568/4153 4438/5572/4153 4435/5573/4153
f 4426/5568/4154 4427/5571/4154 4428/5574/4154 4438/5572/4154
f 4421/5575/4155 4429/5576/4155 4432/5577/4155 4431/5578/4155
f 4429/5576/4156 4430/5579/4156 4433/5580/4156 4432/5577/4156
f 4431/5578/4157 4432/5577/4157 4427/5581/4157 4424/5582/4157
f 4432/5577/4158 4433/5580/4158 4428/5583/4158 4427/5581/4158
f 4422/5584/4159 4434/5585/4159 4437/5586/4159 4436/5587/4159
f 4434/5585/4160 4435/5588/4160 4438/5589/4160 4437/5586/4160
f 4436/5587/4161 4437/5586/4161 4433/5590/4161 4430/5591/4161
f 4437/5586/4162 4438/5589/4162 4428/5592/4162 4433/5590/4162
f 4439/5593/4163 4442/5594/4163 4445/5595/4163 4444/5596/4163
f 4442/5594/4164 4443/5597/4164 4446/5598/4164 4445/5595/4164
f 4444/5596/4165 4445/5595/4165 4457/5599/4165 4454/5600/4165
f 4445/5595/4166 4446/5598/4166 4447/5601/4166 4457/5599/4166
f 4440/5602/4167 4448/5603/4167 4451/5604/4167 4450/5605/4167
f 4448/5603/4168 4449/5606/4168 4452/5607/4168 4451/5604/4168
f 4450/5605/4169 4451/5604/4169 4446/5608/4169 4443/5609/4169
f 4451/5604/4170 4452/5607/4170 4447/5610/4170 4446/5608/4170
f 4441/5611/4171 4453/5612/4171 4456/5613/4171 4455/5614/4171
f 4453/5612/4172 4454/5615/4172 4457/5616/4172 4456/5613/4172
f 4455/5614/4173 4456/5613/4173 4452/5607/4173 4449/5606/4173
f 4456/5613/4174 4457/5616/4174 4447/5610/4174 4452/5607/4174
f 4458/5617/4175 4461/5618/4175 4464/5619/4175 4463/5620/4175
f 4461/5618/4176 4462/5621/4176 4465/5622/4176 4464/5619/4176
f 4463/5620/4177 4464/5619/4177 4476/5623/4177 4473/5624/4177
f 4464/5619/4178 4465/5622/4178 4466/5625/4178 4476/5623/4178
f 4459/5626/4179 4467/5627/4179 4470/5628/4179 4469/5629/4179
f 4467/5627/4180 4468/5630/4180 4471/5631/4180 4470/5628/4180
f 4469/5629/4181 4470/5628/4181 4465/5632/4181 4462/5633/4181
f 4470/5628/4182 4471/5631/4182 4466/5634/4182 4465/5632/4182
f 4460/5635/4183 4472/5636/4183 4475/5637/4183 4474/5638/4183
f 4472/5636/4184 4473/5639/4184 4476/5640/4184 4475/5637/4184
f 4474/5638/4185 4475/5637/4185 4471/5631/4185 4468/5630/4185
f 4475/5637/4186 4476/5640/4186 4466/5634/4186 4471/5631/4186
f 4477/5641/4187 4480/5642/4187 4483/5643/4187 4482/5644/4187
f 4480/5642/4188 4481/5645/4188 4484/5646/4188 4483/5643/4188
f 4482/5644/4189 4483/5643/4189 4495/5647/4189 4492/5648/4189
f 4483/5643/4190 4484/5646/4190 4485/5649/4190 4495/5647/4190
f 4478/5650/4191 4486/5651/4191 4489/5652/4191 4488/5653/4191
f 4486/5651/4192 4487/5654/4192 4490/5655/4192 4489/5652/4192
f 4488/5653/4193 4489/5652/4193 4484/5646/4193 4481/5645/4193
f 4489/5652/4194 4490/5655/4194 4485/5649/4194 4484/5646/4194
f 4479/5656/4195 4491/5657/4195 4494/5658/4195 4493/5659/4195
f 4491/5657/4196 4492/5648/4196 4495/5647/4196 4494/5658/4196
f 4493/5659/4197 4494/5658/4197 4490/5655/4197 4487/5654/4197
f 4494/5658/4198 4495/5647/4198 4485/5649/4198 4490/5655/4198
f 4496/5660/4199 4499/5661/4199 4502/5662/4199 4501/5663/4199
f 4499/5661/4200 4500/5664/4200 4503/5665/4200 4502/5662/4200
f 4501/5663/4201 4502/5662/4201 4514/5666/4201 4511/5667/4201
f 4502/5662/4202 4503/5665/4202 4504/5668/4202 4514/5666/4202
f 4497/5669/4203 4505/5670/4203 4508/5671/4203 4507/5672/4203
f 4505/5670/4204 4506/5673/4204 4509/5674/4204 4508/5671/4204
f 4507/5672/4205 4508/5671/4205 4503/5665/4205 4500/5664/4205
f 4508/5671/4206 4509/5674/4206 4504/5668/4206 4503/5665/4206
f 4498/5675/4207 4510/5676/4207 4513/5677/4207 4512/5678/4207
f 4510/5676/4208 4511/5667/4208 4514/5666/4208 4513/5677/4208
f 4512/5678/4209 4513/5677/4209 4509/5674/4209 4506/5673/4209
f 4513/5677/4210 4514/5666/4210 4504/5668/4210 4509/5674/4210
f 4515/5679/4211 4518/5680/4211 4521/5681/4211 4520/5682/4211
f 4518/5680/4212 4519/5683/4212 4522/5684/4212 4521/5681/4212
f 4520/5682/4213 4521/5681/4213 4533/5685/4213 4530/5686/4213
f 4521/5681/4214 4522/5684/4214 4523/5687/4214 4533/5685/4214
f 4516/5688/4215 4524/5689/4215 4527/5690/4215 4526/5691/4215
f 4524/5689/4216 4525/5692/4216 4528/5693/4216 4527/5690/4216
f 4526/5691/4217 4527/5690/4217 4522/5684/4217 4519/5683/4217
f 4527/5690/4218 4528/5693/4218 4523/5687/4218 4522/5684/4218
f 4517/5694/4219 4529/5695/4219 4532/5696/4219 4531/5697/4219
f 4529/5695/4220 4530/5686/4220 4533/5685/4220 4532/5696/4220
f 4531/5697/4221 4532/5696/4221 4528/5693/4221 4525/5692/4221
f 4532/5696/4222 4533/5685/4222 4523/5687/4222 4528/5693/4222
f 4534/5698/4223 4537/5699/4223 4540/5700/4223 4539/5701/4223
f 4537/5699/4224 4538/5702/4224 4541/5703/4224 4540/5700/4224
f 4539/5701/4225 4540/5700/4225 4552/5704/4225 4549/5705/4225
f 4540/5700/4226 4541/5703/4226 4542/5706/4226 4552/5704/4226
f 4535/5707/4227 4543/5708/4227 4546/5709/4227 4545/5710/4227
f 4543/5708/4228 4544/5711/4228 4547/5712/4228 4546/5709/4228
f 4545/5710/4229 4546/5709/4229 4541/5703/4229 4538/5702/4229
f 4546/5709/4230 4547/5712/4230 4542/5706/4230 4541/5703/4230
f 4536/5713/4231 4548/5714/4231 4551/5715/4231 4550/5716/4231
f 4548/5714/4232 4549/5705/4232 4552/5704/4232 4551/5715/4232
f 4550/5716/4233 4551/5715/4233 4547/5712/4233 4544/5711/4233
f 4551/5715/4234 4552/5704/4234 4542/5706/4234 4547/5712/4234
f 4439/5593/4235 4401/5539/4235 4406/5542/4235 4442/5594/4235
f 4442/5594/4236 4406/5542/4236 4416/5546/4236 4443/5597/4236
f 4443/5609/4237 4416/5561/4237 4415/5558/4237 4450/5605/4237
f 4450/5605/4238 4415/5558/4238 4403/5557/4238 4440/5602/4238
f 4402/5548/4239 4420/5566/4239 4425/5569/4239 4410/5549/4239
f 4410/5549/4240 4425/5569/4240 4435/5573/4240 4411/5552/4240
f 4411/5564/4241 4435/5588/4241 4434/5585/4241 4417/5560/4241
f 4417/5560/4242 4434/5585/4242 4422/5584/4242 4403/5557/4242
f 4421/5575/4243 4458/5617/4243 4463/5620/4243 4429/5576/4243
f 4429/5576/4244 4463/5620/4244 4473/5624/4244 4430/5579/4244
f 4430/5591/4245 4473/5639/4245 4472/5636/4245 4436/5587/4245
f 4436/5587/4246 4472/5636/4246 4460/5635/4246 4422/5584/4246
f 4459/5626/4247 4441/5611/4247 4455/5614/4247 4467/5627/4247
f 4467/5627/4248 4455/5614/4248 4449/5606/4248 4468/5630/4248
f 4468/5630/4249 4449/5606/4249 4448/5603/4249 4474/5638/4249
f 4474/5638/4250 4448/5603/4250 4440/5602/4250 4460/5635/4250
f 4515/5679/4251 4439/5593/4251 4444/5596/4251 4518/5680/4251
f 4518/5680/4252 4444/5596/4252 4454/5600/4252 4519/5683/4252
f 4519/5683/4253 4454/5615/4253 4453/5612/4253 4526/5691/4253
f 4526/5691/4254 4453/5612/4254 4441/5611/4254 4516/5688/4254
f 4458/5617/4255 4534/5698/4255 4539/5701/4255 4461/5618/4255
f 4461/5618/4256 4539/5701/4256 4549/5705/4256 4462/5621/4256
f 4462/5633/4257 4549/5705/4257 4548/5714/4257 4469/5629/4257
f 4469/5629/4258 4548/5714/4258 4536/5713/4258 4459/5626/4258
f 4535/5707/4259 4517/5694/4259 4531/5697/4259 4543/5708/4259
f 4543/5708/4260 4531/5697/4260 4525/5692/4260 4544/5711/4260
f 4544/5711/4261 4525/5692/4261 4524/5689/4261 4550/5716/4261
f 4550/5716/4262 4524/5689/4262 4516/5688/4262 4536/5713/4262
f 4477/5641/4263 4515/5679/4263 4520/5682/4263 4480/5642/4263
f 4480/5642/4264 4520/5682/4264 4530/5686/4264 4481/5645/4264
f 4481/5645/4265 4530/5686/4265 4529/5695/4265 4488/5653/4265
f 4488/5653/4266 4529/5695/4266 4517/5694/4266 4478/5650/4266
f 4534/5698/4267 4496/5660/4267 4501/5663/4267 4537/5699/4267
f 4537/5699/4268 4501/5663/4268 4511/5667/4268 4538/5702/4268
f 4538/5702/4269 4511/5667/4269 4510/5676/4269 4545/5710/4269
f 4545/5710/4270 4510/5676/4270 4498/5675/4270 4535/5707/4270
f 4497/5669/4271 4479/5656/4271 4493/5659/4271 4505/5670/4271
f 4505/5670/4272 4493/5659/4272 4487/5654/4272 4506/5673/4272
f 4506/5673/4273 4487/5654/4273 4486/5651/4273 4512/5678/4273
f 4512/5678/4274 4486/5651/4274 4478/5650/4274 4498/5675/4274
f 4401/5539/4275 4477/5641/4275 4482/5644/4275 4404/5540/4275
f 4404/5540/4276 4482/5644/4276 4492/5648/4276 4405/5543/4276
f 4405/5555/4277 4492/5648/4277 4491/5657/4277 4412/5551/4277
f 4412/5551/4278 4491/5657/4278 4479/5656/4278 4402/5548/4278
f 4496/5660/4279 4421/5575/4279 4431/5578/4279 4499/5661/4279
f 4499/5661/4280 4431/5578/4280 4424/5582/4280 4500/5664/4280
f 4500/5664/4281 4424/5570/4281 4423/5567/4281 4507/5672/4281
f 4507/5672/4282 4423/5567/4282 4420/5566/4282 4497/5669/4282
f 4439/5593/4283 4515/5679/4283 4477/5641/4283 4401/5539/4283
f 4403/5557/4284 4422/5584/4284 4460/5635/4284 4440/5602/4284
f 4479/5656/4285 4497/5669/4285 4420/5566/4285 4402/5548/4285
f 4534/5698/4286 4458/5617/4286 4421/5575/4286 4496/5660/4286
f 4441/5611/4287 4459/5626/4287 4536/5713/4287 4516/5688/4287
f 4517/5694/4288 4535/5707/4288 4498/5675/4288 4478/5650/4288
o 29_UnifiedMemory
v 0.025100 0.005375 -0.030100
v 0.025100 0.005475 -0.030000
v 0.025000 0.005475 -0.030100
v 0.025100 0.005383 -0.030062
v 0.025100 0.005404 -0.030029
v 0.025062 0.005383 -0.030100
v 0.025061 0.005392 -0.030061
v 0.025063 0.005409 -0.030034
v 0.025042 0.005417 -0.030042
v 0.025062 0.005475 -0.030008
v 0.025029 0.005475 -0.030029
v 0.025100 0.005437 -0.030008
v 0.025061 0.005436 -0.030017
v 0.025034 0.005438 -0.030034
v 0.025008 0.005437 -0.030100
v 0.025029 0.005404 -0.030100
v 0.025008 0.005475 -0.030062
v 0.025017 0.005436 -0.030061
v 0.025034 0.005409 -0.030063
v 0.025100 0.006275 -0.030000
v 0.025100 0.006375 -0.030100
v 0.025000 0.006275 -0.030100
v 0.025100 0.006313 -0.030008
v 0.025100 0.006346 -0.030029
v 0.025062 0.006275 -0.030008
v 0.025061 0.006314 -0.030017
v 0.025063 0.006341 -0.030034
v 0.025042 0.006333 -0.030042
v 0.025062 0.006367 -0.030100
v 0.025029 0.006346 -0.030100
v 0.025100 0.006367 -0.030062
v 0.025061 0.006358 -0.030061
v 0.025034 0.006341 -0.030063
v 0.025008 0.006275 -0.030062
v 0.025029 0.006275 -0.030029
v 0.025008 0.006313 -0.030100
v 0.025017 0.006314 -0.030061
v 0.025034 0.006312 -0.030034
v 0.025100 0.005375 -0.069900
v 0.025000 0.005475 -0.069900
v 0.025100 0.005475 -0.070000
v 0.025062 0.005383 -0.069900
v 0.025029 0.005404 -0.069900
v 0.025100 0.005383 -0.069938
v 0.025061 0.005392 -0.069939
v 0.025034 0.005409 -0.069937
v 0.025042 0.005417 -0.069958
v 0.025008 0.005475 -0.069938
v 0.025029 0.005475 -0.069971
v 0.025008 0.005437 -0.069900
v 0.025017 0.005436 -0.069939
v 0.025034 0.005438 -0.069966
v 0.025100 0.005437 -0.069992
v 0.025100 0.005404 -0.069971
v 0.025062 0.005475 -0.069992
v 0.025061 0.005436 -0.069983
v 0.025063 0.005409 -0.069966
v 0.025100 0.006375 -0.069900
v 0.025100 0.006275 -0.070000
v 0.025000 0.006275 -0.069900
v 0.025100 0.006367 -0.069938
v 0.025100 0.006346 -0.069971
v 0.025062 0.006367 -0.069900
v 0.025061 0.006358 -0.069939
v 0.025063 0.006341 -0.069966
v 0.025042 0.006333 -0.069958
v 0.025062 0.006275 -0.069992
v 0.025029 0.006275 -0.069971
v 0.025100 0.006313 -0.069992
v 0.025061 0.006314 -0.069983
v 0.025034 0.006312 -0.069966
v 0.025008 0.006313 -0.069900
v 0.025029 0.006346 -0.069900
v 0.025008 0.006275 -0.069938
v 0.025017 0.006314 -0.069939
v 0.025034 0.006341 -0.069937
v 0.044900 0.005375 -0.030100
v 0.045000 0.005475 -0.030100
v 0.044900 0.005475 -0.030000
v 0.044938 0.005383 -0.030100
v 0.044971 0.005404 -0.030100
v 0.044900 0.005383 -0.030062
v 0.044939 0.005392 -0.030061
v 0.044966 0.005409 -0.030063
v 0.044958 0.005417 -0.030042
v 0.044992 0.005475 -0.030062
v 0.044971 0.005475 -0.030029
v 0.044992 0.005437 -0.030100
v 0.044983 0.005436 -0.030061
v 0.044966 0.005438 -0.030034
v 0.044900 0.005437 -0.030008
v 0.044900 0.005404 -0.030029
v 0.044938 0.005475 -0.030008
v 0.044939 0.005436 -0.030017
v 0.044937 0.005409 -0.030034
v 0.044900 0.006375 -0.030100
v 0.044900 0.006275 -0.030000
v 0.045000 0.006275 -0.030100
v 0.044900 0.006367 -0.030062
v 0.044900 0.006346 -0.030029
v 0.044938 0.006367 -0.030100
v 0.044939 0.006358 -0.030061
v 0.044937 0.006341 -0.030034
v 0.044958 0.006333 -0.030042
v 0.044938 0.006275 -0.030008
v 0.044971 0.006275 -0.030029
v 0.044900 0.006313 -0.030008
v 0.044939 0.006314 -0.030017
v 0.044966 0.006312 -0.030034
v 0.044992 0.006313 -0.030100
v 0.044971 0.006346 -0.030100
v 0.044992 0.006275 -0.030062
v 0.044983 0.006314 -0.030061
v 0.044966 0.006341 -0.030063
v 0.044900 0.005375 -0.069900
v 0.044900 0.005475 -0.070000
v 0.045000 0.005475 -0.069900
v 0.044900 0.005383 -0.069938
v 0.044900 0.005404 -0.069971
v 0.044938 0.005383 -0.069900
v 0.044939 0.005392 -0.069939
v 0.044937 0.005409 -0.069966
v 0.044958 0.005417 -0.069958
v 0.044938 0.005475 -0.069992
v 0.044971 0.005475 -0.069971
v 0.044900 0.005437 -0.069992
v 0.044939 0.005436 -0.069983
v 0.044966 0.005438 -0.069966
v 0.044992 0.005437 -0.069900
v 0.044971 0.005404 -0.069900
v 0.044992 0.005475 -0.069938
v 0.044983 0.005436 -0.069939
v 0.044966 0.005409 -0.069937
v 0.044900 0.006375 -0.069900
v 0.045000 0.006275 -0.069900
v 0.044900 0.006275 -0.070000
v 0.044938 0.006367 -0.069900
v 0.044971 0.006346 -0.069900
v 0.044900 0.006367 -0.069938
v 0.044939 0.006358 -0.069939
v 0.044966 0.006341 -0.069937
v 0.044958 0.006333 -0.069958
v 0.044992 0.006275 -0.069938
v 0.044971 0.006275 -0.069971
v 0.044992 0.006313 -0.069900
v 0.044983 0.006314 -0.069939
v 0.044966 0.006312 -0.069966
v 0.044900 0.006313 -0.069992
v 0.044900 0.006346 -0.069971
v 0.044938 0.006275 -0.069992
v 0.044939 0.006314 -0.069983
v 0.044937 0.006341 -0.069966
vn -0.2049 -0.9571 0.2049
vn -0.1818 -0.8152 0.5500
vn -0.5499 -0.8152 0.1818
vn -0.4931 -0.7167 0.4931
vn -0.2049 -0.2049 0.9571
vn -0.5500 -0.1818 0.8152
vn -0.1818 -0.5500 0.8152
vn -0.4931 -0.4931 0.7167
vn -0.9571 -0.2049 0.2050
vn -0.8152 -0.5499 0.1818
vn -0.8152 -0.1818 0.5500
vn -0.7167 -0.4931 0.4931
vn -0.2049 0.2049 0.9571
vn -0.1818 0.5500 0.8152
vn -0.5499 0.1818 0.8152
vn -0.4931 0.4931 0.7167
vn -0.2049 0.9571 0.2049
vn -0.5499 0.8152 0.1818
vn -0.1818 0.8151 0.5500
vn -0.4931 0.7167 0.4931
vn -0.9571 0.2049 0.2050
vn -0.8152 0.1818 0.5500
vn -0.8152 0.5499 0.1818
vn -0.7167 0.4931 0.4931
vn -0.2049 -0.9571 -0.2049
vn -0.5499 -0.8152 -0.1818
vn -0.1818 -0.8151 -0.5500
vn -0.4931 -0.7167 -0.4931
vn -0.9571 -0.2049 -0.2050
vn -0.8152 -0.1818 -0.5500
vn -0.8152 -0.5499 -0.1818
vn -0.7167 -0.4931 -0.4931
vn -0.2049 -0.2049 -0.9571
vn -0.1818 -0.5500 -0.8152
vn -0.5499 -0.1818 -0.8152
vn -0.4931 -0.4931 -0.7167
vn -0.2049 0.9571 -0.2049
vn -0.1818 0.8152 -0.5500
vn -0.5499 0.8152 -0.1818
vn -0.4931 0.7167 -0.4931
vn -0.2049 0.2049 -0.9571
vn -0.5500 0.1818 -0.8152
vn -0.1818 0.5500 -0.8152
vn -0.4931 0.4931 -0.7167
vn -0.9571 0.2049 -0.2050
vn -0.8152 0.5499 -0.1818
vn -0.8152 0.1818 -0.5500
vn -0.7167 0.4931 -0.4931
vn 0.2049 -0.9571 0.2049
vn 0.5499 -0.8152 0.1818
vn 0.1818 -0.8151 0.5500
vn 0.4931 -0.7167 0.4931
vn 0.9571 -0.2049 0.2050
vn 0.8152 -0.1818 0.5500
vn 0.8152 -0.5499 0.1818
vn 0.7167 -0.4931 0.4931
vn 0.2049 -0.2049 0.9571
vn 0.1818 -0.5500 0.8152
vn 0.5499 -0.1818 0.8152
vn 0.4931 -0.4931 0.7167
vn 0.2049 0.9571 0.2049
vn 0.1818 0.8152 0.5500
vn 0.5499 0.8152 0.1818
vn 0.4931 0.7167 0.4931
vn 0.2049 0.2049 0.9571
vn 0.5500 0.1818 0.8152
vn 0.1818 0.5500 0.8152
vn 0.4931 0.4931 0.7167
vn 0.9571 0.2049 0.2050
vn 0.8152 0.5499 0.1818
vn 0.8152 0.1818 0.5500
vn 0.7167 0.4931 0.4931
vn 0.2049 -0.9571 -0.2049
vn 0.1818 -0.8152 -0.5500
vn 0.5499 -0.8152 -0.1818
vn 0.4931 -0.7167 -0.4931
vn 0.2049 -0.2049 -0.9571
vn 0.5500 -0.1818 -0.8152
vn 0.1818 -0.5500 -0.8152
vn 0.4931 -0.4931 -0.7167
vn 0.9571 -0.2049 -0.2050
vn 0.8152 -0.5499 -0.1818
vn 0.8152 -0.1818 -0.5500
vn 0.7167 -0.4931 -0.4931
vn 0.2049 0.9571 -0.2049
vn 0.5499 0.8152 -0.1818
vn 0.1818 0.8151 -0.5500
vn 0.4931 0.7167 -0.4931
vn 0.9571 0.2049 -0.2050
vn 0.8152 0.1818 -0.5500
vn 0.8152 0.5499 -0.1818
vn 0.7167 0.4931 -0.4931
vn 0.2049 0.2049 -0.9571
vn 0.1818 0.5500 -0.8152
vn 0.5499 0.1818 -0.8152
vn 0.4931 0.4931 -0.7167
vn -0.1951 -0.9808 -0.0000
vn -0.5556 -0.8315 -0.0000
vn -0.8315 -0.5556 -0.0000
vn -0.9808 -0.1951 -0.0000
vn -0.1951 -0.0000 0.9808
vn -0.5556 -0.0000 0.8315
vn -0.8315 -0.0000 0.5556
vn -0.9808 -0.0000 0.1950
vn -0.1951 0.9808 -0.0000
vn -0.5556 0.8315 -0.0000
vn -0.8315 0.5556 -0.0000
vn -0.9808 0.1951 -0.0000
vn -0.1951 -0.0000 -0.9808
vn -0.5556 -0.0000 -0.8315
vn -0.8315 -0.0000 -0.5556
vn -0.9808 -0.0000 -0.1950
vn -0.0000 -0.9808 -0.1951
vn -0.0000 -0.8315 -0.5556
vn -0.0000 -0.5556 -0.8315
vn -0.0000 -0.1951 -0.9808
vn -0.0000 0.9808 -0.1951
vn -0.0000 0.8315 -0.5556
vn -0.0000 0.5556 -0.8315
vn -0.0000 0.1951 -0.9808
vn 0.9808 -0.0000 -0.1950
vn 0.8315 -0.0000 -0.5556
vn 0.5556 -0.0000 -0.8315
vn 0.1951 -0.0000 -0.9808
vn 0.1951 -0.9808 -0.0000
vn 0.5556 -0.8315 -0.0000
vn 0.8315 -0.5556 -0.0000
vn 0.9808 -0.1951 -0.0000
vn 0.1951 0.9808 -0.0000
vn 0.5556 0.8315 -0.0000
vn 0.8315 0.5556 -0.0000
vn 0.9808 0.1951 -0.0000
vn 0.1951 -0.0000 0.9808
vn 0.5556 -0.0000 0.8315
vn 0.8315 -0.0000 0.5556
vn 0.9808 -0.0000 0.1950
vn -0.0000 -0.9808 0.1951
vn -0.0000 -0.8315 0.5556
vn -0.0000 -0.5556 0.8315
vn -0.0000 -0.1951 0.9808
vn -0.0000 0.9808 0.1951
vn -0.0000 0.8315 0.5556
vn -0.0000 0.5556 0.8315
vn -0.0000 0.1951 0.9808
vn -0.0000 -1.0000 -0.0000
vn -1.0000 -0.0000 -0.0000
vn -0.0000 -0.0000 1.0000
vn -0.0000 1.0000 -0.0000
vn -0.0000 -0.0000 -1.0000
vn 1.0000 -0.0000 -0.0000
vt 0.126250 0.749375
vt 0.126250 0.749614
vt 0.125760 0.749620
vt 0.125772 0.749375
vt 0.126250 0.750000
vt 0.125785 0.750000
vt 0.125000 0.749608
vt 0.125000 0.749375
vt 0.125528 0.750000
vt 0.400000 0.998750
vt 0.400000 0.999228
vt 0.390193 0.999240
vt 0.390433 0.998750
vt 0.400000 1.000000
vt 0.390691 1.000000
vt 0.375000 0.999215
vt 0.375000 0.998750
vt 0.385566 1.000000
vt 0.400000 0.000625
vt 0.390433 0.000625
vt 0.390193 0.000380
vt 0.400000 0.000386
vt 0.375000 0.000625
vt 0.375000 0.000392
vt 0.390691 0.000000
vt 0.400000 0.000000
vt 0.375000 0.000264
vt 0.600000 0.998750
vt 0.609567 0.998750
vt 0.609807 0.999240
vt 0.600000 0.999228
vt 0.625000 0.998750
vt 0.625000 0.999215
vt 0.609309 1.000000
vt 0.600000 1.000000
vt 0.625000 0.999472
vt 0.873750 0.749375
vt 0.874228 0.749375
vt 0.874240 0.749620
vt 0.873750 0.749614
vt 0.875000 0.749375
vt 0.875000 0.749608
vt 0.874215 0.750000
vt 0.873750 0.750000
vt 0.875000 0.749736
vt 0.600000 0.000625
vt 0.600000 0.000386
vt 0.609807 0.000380
vt 0.609567 0.000625
vt 0.600000 0.000000
vt 0.609309 0.000000
vt 0.625000 0.000392
vt 0.625000 0.000625
vt 0.614434 0.000000
vt 0.126250 0.500625
vt 0.125772 0.500625
vt 0.125760 0.500380
vt 0.126250 0.500386
vt 0.125000 0.500625
vt 0.125000 0.500392
vt 0.125785 0.500000
vt 0.126250 0.500000
vt 0.125000 0.500264
vt 0.400000 0.249375
vt 0.400000 0.249614
vt 0.390193 0.249620
vt 0.390433 0.249375
vt 0.400000 0.250000
vt 0.390691 0.250000
vt 0.375000 0.249608
vt 0.375000 0.249375
vt 0.380283 0.250264
vt 0.400000 0.251250
vt 0.390433 0.251250
vt 0.390193 0.250760
vt 0.400000 0.250772
vt 0.375000 0.251250
vt 0.375000 0.250785
vt 0.873750 0.500625
vt 0.873750 0.500386
vt 0.874240 0.500380
vt 0.874228 0.500625
vt 0.873750 0.500000
vt 0.874215 0.500000
vt 0.875000 0.500392
vt 0.875000 0.500625
vt 0.874472 0.500000
vt 0.600000 0.251250
vt 0.600000 0.250772
vt 0.609807 0.250760
vt 0.609567 0.251250
vt 0.600000 0.250000
vt 0.609309 0.250000
vt 0.625000 0.250785
vt 0.625000 0.251250
vt 0.619717 0.249868
vt 0.600000 0.249375
vt 0.609567 0.249375
vt 0.609807 0.249620
vt 0.600000 0.249614
vt 0.625000 0.249375
vt 0.625000 0.249608
vt 0.373750 0.749375
vt 0.374228 0.749375
vt 0.374240 0.749620
vt 0.373750 0.749614
vt 0.375000 0.749375
vt 0.375000 0.749608
vt 0.374608 0.750392
vt 0.374375 0.750625
vt 0.378522 0.750088
vt 0.400000 0.749375
vt 0.400000 0.749614
vt 0.390193 0.749620
vt 0.390433 0.749375
vt 0.400000 0.750000
vt 0.390691 0.750000
vt 0.400000 0.751250
vt 0.390433 0.751250
vt 0.390193 0.750760
vt 0.400000 0.750772
vt 0.626250 0.749375
vt 0.626250 0.749614
vt 0.625760 0.749620
vt 0.625772 0.749375
vt 0.625625 0.750625
vt 0.625392 0.750392
vt 0.625000 0.749608
vt 0.625000 0.749375
vt 0.621654 0.749912
vt 0.600000 0.751250
vt 0.600000 0.750772
vt 0.609807 0.750760
vt 0.609567 0.751250
vt 0.600000 0.750000
vt 0.609309 0.750000
vt 0.600000 0.749375
vt 0.609567 0.749375
vt 0.609807 0.749620
vt 0.600000 0.749614
vt 0.373750 0.500625
vt 0.373750 0.500386
vt 0.374240 0.500380
vt 0.374228 0.500625
vt 0.374375 0.499375
vt 0.374608 0.499608
vt 0.375000 0.500392
vt 0.375000 0.500625
vt 0.378346 0.500088
vt 0.400000 0.498750
vt 0.400000 0.499228
vt 0.390193 0.499240
vt 0.390433 0.498750
vt 0.400000 0.500000
vt 0.390691 0.500000
vt 0.400000 0.500625
vt 0.390433 0.500625
vt 0.390193 0.500380
vt 0.400000 0.500386
vt 0.626250 0.500625
vt 0.625772 0.500625
vt 0.625760 0.500380
vt 0.626250 0.500386
vt 0.625000 0.500625
vt 0.625000 0.500392
vt 0.625392 0.499608
vt 0.625625 0.499375
vt 0.621478 0.499912
vt 0.600000 0.500625
vt 0.600000 0.500386
vt 0.609807 0.500380
vt 0.609567 0.500625
vt 0.600000 0.500000
vt 0.609309 0.500000
vt 0.600000 0.498750
vt 0.609567 0.498750
vt 0.609807 0.499240
vt 0.600000 0.499228
s 0
usemtl Plastic
f 4553/5717/4289 4556/5718/4289 4559/5719/4289 4558/5720/4289
f 4556/5718/4290 4557/5721/4290 4560/5722/4290 4559/5719/4290
f 4558/5720/4291 4559/5719/4291 4571/5723/4291 4568/5724/4291
f 4559/5719/4292 4560/5722/4292 4561/5725/4292 4571/5723/4292
f 4554/5726/4293 4562/5727/4293 4565/5728/4293 4564/5729/4293
f 4562/5727/4294 4563/5730/4294 4566/5731/4294 4565/5728/4294
f 4564/5729/4295 4565/5728/4295 4560/5732/4295 4557/5733/4295
f 4565/5728/4296 4566/5731/4296 4561/5734/4296 4560/5732/4296
f 4555/5735/4297 4567/5736/4297 4570/5737/4297 4569/5738/4297
f 4567/5736/4298 4568/5739/4298 4571/5740/4298 4570/5737/4298
f 4569/5738/4299 4570/5737/4299 4566/5741/4299 4563/5742/4299
f 4570/5737/4300 4571/5740/4300 4561/5743/4300 4566/5741/4300
f 4572/5744/4301 4575/5745/4301 4578/5746/4301 4577/5747/4301
f 4575/5745/4302 4576/5748/4302 4579/5749/4302 4578/5746/4302
f 4577/5747/4303 4578/5746/4303 4590/5750/4303 4587/5751/4303
f 4578/5746/4304 4579/5749/4304 4580/5752/4304 4590/5750/4304
f 4573/5753/4305 4581/5754/4305 4584/5755/4305 4583/5756/4305
f 4581/5754/4306 4582/5757/4306 4585/5758/4306 4584/5755/4306
f 4583/5756/4307 4584/5755/4307 4579/5759/4307 4576/5760/4307
f 4584/5755/4308 4585/5758/4308 4580/5761/4308 4579/5759/4308
f 4574/5762/4309 4586/5763/4309 4589/5764/4309 4588/5765/4309
f 4586/5763/4310 4587/5766/4310 4590/5767/4310 4589/5764/4310
f 4588/5765/4311 4589/5764/4311 4585/5768/4311 4582/5769/4311
f 4589/5764/4312 4590/5767/4312 4580/5770/4312 4585/5768/4312
f 4591/5771/4313 4594/5772/4313 4597/5773/4313 4596/5774/4313
f 4594/5772/4314 4595/5775/4314 4598/5776/4314 4597/5773/4314
f 4596/5774/4315 4597/5773/4315 4609/5777/4315 4606/5778/4315
f 4597/5773/4316 4598/5776/4316 4599/5779/4316 4609/5777/4316
f 4592/5780/4317 4600/5781/4317 4603/5782/4317 4602/5783/4317
f 4600/5781/4318 4601/5784/4318 4604/5785/4318 4603/5782/4318
f 4602/5783/4319 4603/5782/4319 4598/5786/4319 4595/5787/4319
f 4603/5782/4320 4604/5785/4320 4599/5788/4320 4598/5786/4320
f 4593/5789/4321 4605/5790/4321 4608/5791/4321 4607/5792/4321
f 4605/5790/4322 4606/5793/4322 4609/5794/4322 4608/5791/4322
f 4607/5792/4323 4608/5791/4323 4604/5785/4323 4601/5784/4323
f 4608/5791/4324 4609/5794/4324 4599/5788/4324 4604/5785/4324
f 4610/5795/4325 4613/5796/4325 4616/5797/4325 4615/5798/4325
f 4613/5796/4326 4614/5799/4326 4617/5800/4326 4616/5797/4326
f 4615/5798/4327 4616/5797/4327 4628/5801/4327 4625/5802/4327
f 4616/5797/4328 4617/5800/4328 4618/5803/4328 4628/5801/4328
f 4611/5804/4329 4619/5805/4329 4622/5806/4329 4621/5807/4329
f 4619/5805/4330 4620/5808/4330 4623/5809/4330 4622/5806/4330
f 4621/5807/4331 4622/5806/4331 4617/5810/4331 4614/5811/4331
f 4622/5806/4332 4623/5809/4332 4618/5812/4332 4617/5810/4332
f 4612/5813/4333 4624/5814/4333 4627/5815/4333 4626/5816/4333
f 4624/5814/4334 4625/5817/4334 4628/5818/4334 4627/5815/4334
f 4626/5816/4335 4627/5815/4335 4623/5809/4335 4620/5808/4335
f 4627/5815/4336 4628/5818/4336 4618/5812/4336 4623/5809/4336
f 4629/5819/4337 4632/5820/4337 4635/5821/4337 4634/5822/4337
f 4632/5820/4338 4633/5823/4338 4636/5824/4338 4635/5821/4338
f 4634/5822/4339 4635/5821/4339 4647/5825/4339 4644/5826/4339
f 4635/5821/4340 4636/5824/4340 4637/5827/4340 4647/5825/4340
f 4630/5828/4341 4638/5829/4341 4641/5830/4341 4640/5831/4341
f 4638/5829/4342 4639/5832/4342 4642/5833/4342 4641/5830/4342
f 4640/5831/4343 4641/5830/4343 4636/5824/4343 4633/5823/4343
f 4641/5830/4344 4642/5833/4344 4637/5827/4344 4636/5824/4344
f 4631/5834/4345 4643/5835/4345 4646/5836/4345 4645/5837/4345
f 4643/5835/4346 4644/5826/4346 4647/5825/4346 4646/5836/4346
f 4645/5837/4347 4646/5836/4347 4642/5833/4347 4639/5832/4347
f 4646/5836/4348 4647/5825/4348 4637/5827/4348 4642/5833/4348
f 4648/5838/4349 4651/5839/4349 4654/5840/4349 4653/5841/4349
f 4651/5839/4350 4652/5842/4350 4655/5843/4350 4654/5840/4350
f 4653/5841/4351 4654/5840/4351 4666/5844/4351 4663/5845/4351
f 4654/5840/4352 4655/5843/4352 4656/5846/4352 4666/5844/4352
f 4649/5847/4353 4657/5848/4353 4660/5849/4353 4659/5850/4353
f 4657/5848/4354 4658/5851/4354 4661/5852/4354 4660/5849/4354
f 4659/5850/4355 4660/5849/4355 4655/5843/4355 4652/5842/4355
f 4660/5849/4356 4661/5852/4356 4656/5846/4356 4655/5843/4356
f 4650/5853/4357 4662/5854/4357 4665/5855/4357 4664/5856/4357
f 4662/5854/4358 4663/5845/4358 4666/5844/4358 4665/5855/4358
f 4664/5856/4359 4665/5855/4359 4661/5852/4359 4658/5851/4359
f 4665/5855/4360 4666/5844/4360 4656/5846/4360 4661/5852/4360
f 4667/5857/4361 4670/5858/4361 4673/5859/4361 4672/5860/4361
f 4670/5858/4362 4671/5861/4362 4674/5862/4362 4673/5859/4362
f 4672/5860/4363 4673/5859/4363 4685/5863/4363 4682/5864/4363
f 4673/5859/4364 4674/5862/4364 4675/5865/4364 4685/5863/4364
f 4668/5866/4365 4676/5867/4365 4679/5868/4365 4678/5869/4365
f 4676/5867/4366 4677/5870/4366 4680/5871/4366 4679/5868/4366
f 4678/5869/4367 4679/5868/4367 4674/5862/4367 4671/5861/4367
f 4679/5868/4368 4680/5871/4368 4675/5865/4368 4674/5862/4368
f 4669/5872/4369 4681/5873/4369 4684/5874/4369 4683/5875/4369
f 4681/5873/4370 4682/5864/4370 4685/5863/4370 4684/5874/4370
f 4683/5875/4371 4684/5874/4371 4680/5871/4371 4677/5870/4371
f 4684/5874/4372 4685/5863/4372 4675/5865/4372 4680/5871/4372
f 4686/5876/4373 4689/5877/4373 4692/5878/4373 4691/5879/4373
f 4689/5877/4374 4690/5880/4374 4693/5881/4374 4692/5878/4374
f 4691/5879/4375 4692/5878/4375 4704/5882/4375 4701/5883/4375
f 4692/5878/4376 4693/5881/4376 4694/5884/4376 4704/5882/4376
f 4687/5885/4377 4695/5886/4377 4698/5887/4377 4697/5888/4377
f 4695/5886/4378 4696/5889/4378 4699/5890/4378 4698/5887/4378
f 4697/5888/4379 4698/5887/4379 4693/5881/4379 4690/5880/4379
f 4698/5887/4380 4699/5890/4380 4694/5884/4380 4693/5881/4380
f 4688/5891/4381 4700/5892/4381 4703/5893/4381 4702/5894/4381
f 4700/5892/4382 4701/5883/4382 4704/5882/4382 4703/5893/4382
f 4702/5894/4383 4703/5893/4383 4699/5890/4383 4696/5889/4383
f 4703/5893/4384 4704/5882/4384 4694/5884/4384 4699/5890/4384
f 4591/5771/4385 4553/5717/4385 4558/5720/4385 4594/5772/4385
f 4594/5772/4386 4558/5720/4386 4568/5724/4386 4595/5775/4386
f 4595/5787/4387 4568/5739/4387 4567/5736/4387 4602/5783/4387
f 4602/5783/4388 4567/5736/4388 4555/5735/4388 4592/5780/4388
f 4554/5726/4389 4572/5744/4389 4577/5747/4389 4562/5727/4389
f 4562/5727/4390 4577/5747/4390 4587/5751/4390 4563/5730/4390
f 4563/5742/4391 4587/5766/4391 4586/5763/4391 4569/5738/4391
f 4569/5738/4392 4586/5763/4392 4574/5762/4392 4555/5735/4392
f 4573/5753/4393 4610/5795/4393 4615/5798/4393 4581/5754/4393
f 4581/5754/4394 4615/5798/4394 4625/5802/4394 4582/5757/4394
f 4582/5769/4395 4625/5817/4395 4624/5814/4395 4588/5765/4395
f 4588/5765/4396 4624/5814/4396 4612/5813/4396 4574/5762/4396
f 4611/5804/4397 4593/5789/4397 4607/5792/4397 4619/5805/4397
f 4619/5805/4398 4607/5792/4398 4601/5784/4398 4620/5808/4398
f 4620/5808/4399 4601/5784/4399 4600/5781/4399 4626/5816/4399
f 4626/5816/4400 4600/5781/4400 4592/5780/4400 4612/5813/4400
f 4667/5857/4401 4591/5771/4401 4596/5774/4401 4670/5858/4401
f 4670/5858/4402 4596/5774/4402 4606/5778/4402 4671/5861/4402
f 4671/5861/4403 4606/5793/4403 4605/5790/4403 4678/5869/4403
f 4678/5869/4404 4605/5790/4404 4593/5789/4404 4668/5866/4404
f 4610/5795/4405 4686/5876/4405 4691/5879/4405 4613/5796/4405
f 4613/5796/4406 4691/5879/4406 4701/5883/4406 4614/5799/4406
f 4614/5811/4407 4701/5883/4407 4700/5892/4407 4621/5807/4407
f 4621/5807/4408 4700/5892/4408 4688/5891/4408 4611/5804/4408
f 4687/5885/4409 4669/5872/4409 4683/5875/4409 4695/5886/4409
f 4695/5886/4410 4683/5875/4410 4677/5870/4410 4696/5889/4410
f 4696/5889/4411 4677/5870/4411 4676/5867/4411 4702/5894/4411
f 4702/5894/4412 4676/5867/4412 4668/5866/4412 4688/5891/4412
f 4629/5819/4413 4667/5857/4413 4672/5860/4413 4632/5820/4413
f 4632/5820/4414 4672/5860/4414 4682/5864/4414 4633/5823/4414
f 4633/5823/4415 4682/5864/4415 4681/5873/4415 4640/5831/4415
f 4640/5831/4416 4681/5873/4416 4669/5872/4416 4630/5828/4416
f 4686/5876/4417 4648/5838/4417 4653/5841/4417 4689/5877/4417
f 4689/5877/4418 4653/5841/4418 4663/5845/4418 4690/5880/4418
f 4690/5880/4419 4663/5845/4419 4662/5854/4419 4697/5888/4419
f 4697/5888/4420 4662/5854/4420 4650/5853/4420 4687/5885/4420
f 4649/5847/4421 4631/5834/4421 4645/5837/4421 4657/5848/4421
f 4657/5848/4422 4645/5837/4422 4639/5832/4422 4658/5851/4422
f 4658/5851/4423 4639/5832/4423 4638/5829/4423 4664/5856/4423
f 4664/5856/4424 4638/5829/4424 4630/5828/4424 4650/5853/4424
f 4553/5717/4425 4629/5819/4425 4634/5822/4425 4556/5718/4425
f 4556/5718/4426 4634/5822/4426 4644/5826/4426 4557/5721/4426
f 4557/5733/4427 4644/5826/4427 4643/5835/4427 4564/5729/4427
f 4564/5729/4428 4643/5835/4428 4631/5834/4428 4554/5726/4428
f 4648/5838/4429 4573/5753/4429 4583/5756/4429 4651/5839/4429
f 4651/5839/4430 4583/5756/4430 4576/5760/4430 4652/5842/4430
f 4652/5842/4431 4576/5748/4431 4575/5745/4431 4659/5850/4431
f 4659/5850/4432 4575/5745/4432 4572/5744/4432 4649/5847/4432
f 4591/5771/4433 4667/5857/4433 4629/5819/4433 4553/5717/4433
f 4555/5735/4434 4574/5762/4434 4612/5813/4434 4592/5780/4434
f 4631/5834/4435 4649/5847/4435 4572/5744/4435 4554/5726/4435
f 4686/5876/4436 4610/5795/4436 4573/5753/4436 4648/5838/4436
f 4593/5789/4437 4611/5804/4437 4688/5891/4437 4668/5866/4437
f 4669/5872/4438 4687/5885/4438 4650/5853/4438 4630/5828/4438
o 30_SSDChips
v -0.064900 0.005375 -0.035100
v -0.064900 0.005475 -0.035000
v -0.065000 0.005475 -0.035100
v -0.064900 0.005383 -0.035062
v -0.064900 0.005404 -0.035029
v -0.064938 0.005383 -0.035100
v -0.064939 0.005392 -0.035061
v -0.064937 0.005409 -0.035034
v -0.064958 0.005417 -0.035042
v -0.064938 0.005475 -0.035008
v -0.064971 0.005475 -0.035029
v -0.064900 0.005437 -0.035008
v -0.064939 0.005436 -0.035017
v -0.064966 0.005438 -0.035034
v -0.064992 0.005437 -0.035100
v -0.064971 0.005404 -0.035100
v -0.064992 0.005475 -0.035062
v -0.064983 0.005436 -0.035061
v -0.064966 0.005409 -0.035063
v -0.064900 0.006275 -0.035000
v -0.064900 0.006375 -0.035100
v -0.065000 0.006275 -0.035100
v -0.064900 0.006313 -0.035008
v -0.064900 0.006346 -0.035029
v -0.064938 0.006275 -0.035008
v -0.064939 0.006314 -0.035017
v -0.064937 0.006341 -0.035034
v -0.064958 0.006333 -0.035042
v -0.064938 0.006367 -0.035100
v -0.064971 0.006346 -0.035100
v -0.064900 0.006367 -0.035062
v -0.064939 0.006358 -0.035061
v -0.064966 0.006341 -0.035063
v -0.064992 0.006275 -0.035062
v -0.064971 0.006275 -0.035029
v -0.064992 0.006313 -0.035100
v -0.064983 0.006314 -0.035061
v -0.064966 0.006312 -0.035034
v -0.064900 0.005375 -0.064900
v -0.065000 0.005475 -0.064900
v -0.064900 0.005475 -0.065000
v -0.064938 0.005383 -0.064900
v -0.064971 0.005404 -0.064900
v -0.064900 0.005383 -0.064938
v -0.064939 0.005392 -0.064939
v -0.064966 0.005409 -0.064937
v -0.064958 0.005417 -0.064958
v -0.064992 0.005475 -0.064938
v -0.064971 0.005475 -0.064971
v -0.064992 0.005437 -0.064900
v -0.064983 0.005436 -0.064939
v -0.064966 0.005438 -0.064966
v -0.064900 0.005437 -0.064992
v -0.064900 0.005404 -0.064971
v -0.064938 0.005475 -0.064992
v -0.064939 0.005436 -0.064983
v -0.064937 0.005409 -0.064966
v -0.064900 0.006375 -0.064900
v -0.064900 0.006275 -0.065000
v -0.065000 0.006275 -0.064900
v -0.064900 0.006367 -0.064938
v -0.064900 0.006346 -0.064971
v -0.064938 0.006367 -0.064900
v -0.064939 0.006358 -0.064939
v -0.064937 0.006341 -0.064966
v -0.064958 0.006333 -0.064958
v -0.064938 0.006275 -0.064992
v -0.064971 0.006275 -0.064971
v -0.064900 0.006313 -0.064992
v -0.064939 0.006314 -0.064983
v -0.064966 0.006312 -0.064966
v -0.064992 0.006313 -0.064900
v -0.064971 0.006346 -0.064900
v -0.064992 0.006275 -0.064938
v -0.064983 0.006314 -0.064939
v -0.064966 0.006341 -0.064937
v -0.035100 0.005375 -0.035100
v -0.035000 0.005475 -0.035100
v -0.035100 0.005475 -0.035000
v -0.035062 0.005383 -0.035100
v -0.035029 0.005404 -0.035100
v -0.035100 0.005383 -0.035062
v -0.035061 0.005392 -0.035061
v -0.035034 0.005409 -0.035063
v -0.035042 0.005417 -0.035042
v -0.035008 0.005475 -0.035062
v -0.035029 0.005475 -0.035029
v -0.035008 0.005437 -0.035100
v -0.035017 0.005436 -0.035061
v -0.035034 0.005438 -0.035034
v -0.035100 0.005437 -0.035008
v -0.035100 0.005404 -0.035029
v -0.035062 0.005475 -0.035008
v -0.035061 0.005436 -0.035017
v -0.035063 0.005409 -0.035034
v -0.035100 0.006375 -0.035100
v -0.035100 0.006275 -0.035000
v -0.035000 0.006275 -0.035100
v -0.035100 0.006367 -0.035062
v -0.035100 0.006346 -0.035029
v -0.035062 0.006367 -0.035100
v -0.035061 0.006358 -0.035061
v -0.035063 0.006341 -0.035034
v -0.035042 0.006333 -0.035042
v -0.035062 0.006275 -0.035008
v -0.035029 0.006275 -0.035029
v -0.035100 0.006313 -0.035008
v -0.035061 0.006314 -0.035017
v -0.035034 0.006312 -0.035034
v -0.035008 0.006313 -0.035100
v -0.035029 0.006346 -0.035100
v -0.035008 0.006275 -0.035062
v -0.035017 0.006314 -0.035061
v -0.035034 0.006341 -0.035063
v -0.035100 0.005375 -0.064900
v -0.035100 0.005475 -0.065000
v -0.035000 0.005475 -0.064900
v -0.035100 0.005383 -0.064938
v -0.035100 0.005404 -0.064971
v -0.035062 0.005383 -0.064900
v -0.035061 0.005392 -0.064939
v -0.035063 0.005409 -0.064966
v -0.035042 0.005417 -0.064958
v -0.035062 0.005475 -0.064992
v -0.035029 0.005475 -0.064971
v -0.035100 0.005437 -0.064992
v -0.035061 0.005436 -0.064983
v -0.035034 0.005438 -0.064966
v -0.035008 0.005437 -0.064900
v -0.035029 0.005404 -0.064900
v -0.035008 0.005475 -0.064938
v -0.035017 0.005436 -0.064939
v -0.035034 0.005409 -0.064937
v -0.035100 0.006375 -0.064900
v -0.035000 0.006275 -0.064900
v -0.035100 0.006275 -0.065000
v -0.035062 0.006367 -0.064900
v -0.035029 0.006346 -0.064900
v -0.035100 0.006367 -0.064938
v -0.035061 0.006358 -0.064939
v -0.035034 0.006341 -0.064937
v -0.035042 0.006333 -0.064958
v -0.035008 0.006275 -0.064938
v -0.035029 0.006275 -0.064971
v -0.035008 0.006313 -0.064900
v -0.035017 0.006314 -0.064939
v -0.035034 0.006312 -0.064966
v -0.035100 0.006313 -0.064992
v -0.035100 0.006346 -0.064971
v -0.035062 0.006275 -0.064992
v -0.035061 0.006314 -0.064983
v -0.035063 0.006341 -0.064966
vn -0.2049 -0.9571 0.2049
vn -0.1818 -0.8152 0.5500
vn -0.5499 -0.8152 0.1818
vn -0.4931 -0.7167 0.4931
vn -0.2049 -0.2050 0.9571
vn -0.5500 -0.1818 0.8152
vn -0.1818 -0.5499 0.8152
vn -0.4931 -0.4931 0.7167
vn -0.9571 -0.2049 0.2049
vn -0.8152 -0.5499 0.1818
vn -0.8152 -0.1819 0.5499
vn -0.7167 -0.4931 0.4931
vn -0.2049 0.2050 0.9571
vn -0.1818 0.5499 0.8152
vn -0.5500 0.1818 0.8152
vn -0.4931 0.4931 0.7167
vn -0.2049 0.9571 0.2049
vn -0.5499 0.8152 0.1818
vn -0.1818 0.8151 0.5500
vn -0.4931 0.7167 0.4931
vn -0.9571 0.2049 0.2050
vn -0.8152 0.1819 0.5499
vn -0.8152 0.5499 0.1819
vn -0.7167 0.4931 0.4931
vn -0.2049 -0.9571 -0.2049
vn -0.5499 -0.8152 -0.1818
vn -0.1818 -0.8151 -0.5500
vn -0.4931 -0.7167 -0.4931
vn -0.9571 -0.2049 -0.2050
vn -0.8152 -0.1819 -0.5499
vn -0.8152 -0.5499 -0.1819
vn -0.7167 -0.4931 -0.4931
vn -0.2049 -0.2050 -0.9571
vn -0.1818 -0.5499 -0.8152
vn -0.5500 -0.1818 -0.8152
vn -0.4931 -0.4931 -0.7167
vn -0.2049 0.9571 -0.2049
vn -0.1818 0.8152 -0.5500
vn -0.5499 0.8152 -0.1818
vn -0.4931 0.7167 -0.4931
vn -0.2049 0.2050 -0.9571
vn -0.5500 0.1818 -0.8152
vn -0.1818 0.5499 -0.8152
vn -0.4931 0.4931 -0.7167
vn -0.9571 0.2049 -0.2049
vn -0.8152 0.5499 -0.1818
vn -0.8152 0.1819 -0.5499
vn -0.7167 0.4931 -0.4931
vn 0.2049 -0.9571 0.2049
vn 0.5499 -0.8152 0.1818
vn 0.1818 -0.8151 0.5500
vn 0.4931 -0.7167 0.4931
vn 0.9571 -0.2049 0.2050
vn 0.8152 -0.1819 0.5499
vn 0.8152 -0.5499 0.1819
vn 0.7167 -0.4931 0.4931
vn 0.2049 -0.2050 0.9571
vn 0.1818 -0.5499 0.8152
vn 0.5500 -0.1818 0.8152
vn 0.4931 -0.4931 0.7167
vn 0.2049 0.9571 0.2049
vn 0.1818 0.8152 0.5500
vn 0.5499 0.8152 0.1818
vn 0.4931 0.7167 0.4931
vn 0.2049 0.2050 0.9571
vn 0.5500 0.1818 0.8152
vn 0.1818 0.5499 0.8152
vn 0.4931 0.4931 0.7167
vn 0.9571 0.2049 0.2049
vn 0.8152 0.5499 0.1818
vn 0.8152 0.1819 0.5499
vn 0.7167 0.4931 0.4931
vn 0.2049 -0.9571 -0.2049
vn 0.1818 -0.8152 -0.5500
vn 0.5499 -0.8152 -0.1818
vn 0.4931 -0.7167 -0.4931
vn 0.2049 -0.2050 -0.9571
vn 0.5500 -0.1818 -0.8152
vn 0.1818 -0.5499 -0.8152
vn 0.4931 -0.4931 -0.7167
vn 0.9571 -0.2049 -0.2049
vn 0.8152 -0.5499 -0.1818
vn 0.8152 -0.1819 -0.5499
vn 0.7167 -0.4931 -0.4931
vn 0.2049 0.9571 -0.2049
vn 0.5499 0.8152 -0.1818
vn 0.1818 0.8151 -0.5500
vn 0.4931 0.7167 -0.4931
vn 0.9571 0.2049 -0.2050
vn 0.8152 0.1819 -0.5499
vn 0.8152 0.5499 -0.1819
vn 0.7167 0.4931 -0.4931
vn 0.2049 0.2050 -0.9571
vn 0.1818 0.5499 -0.8152
vn 0.5500 0.1818 -0.8152
vn 0.4931 0.4931 -0.7167
vn -0.1951 -0.9808 -0.0000
vn -0.5556 -0.8315 -0.0000
vn -0.8315 -0.5556 -0.0000
vn -0.9808 -0.1951 -0.0000
vn -0.1951 -0.0000 0.9808
vn -0.5556 -0.0000 0.8315
vn -0.8315 -0.0000 0.5556
vn -0.9808 -0.0000 0.1951
vn -0.1951 0.9808 -0.0000
vn -0.5556 0.8315 -0.0000
vn -0.8315 0.5556 -0.0000
vn -0.9808 0.1951 -0.0000
vn -0.1951 -0.0000 -0.9808
vn -0.5556 -0.0000 -0.8315
vn -0.8315 -0.0000 -0.5556
vn -0.9808 -0.0000 -0.1951
vn -0.0000 -0.9808 -0.1951
vn -0.0000 -0.8315 -0.5556
vn -0.0000 -0.5556 -0.8315
vn -0.0000 -0.1951 -0.9808
vn -0.0000 0.9808 -0.1951
vn -0.0000 0.8315 -0.5556
vn -0.0000 0.5556 -0.8315
vn -0.0000 0.1951 -0.9808
vn 0.9808 -0.0000 -0.1951
vn 0.8315 -0.0000 -0.5556
vn 0.5556 -0.0000 -0.8315
vn 0.1951 -0.0000 -0.9808
vn 0.1951 -0.9808 -0.0000
vn 0.5556 -0.8315 -0.0000
vn 0.8315 -0.5556 -0.0000
vn 0.9808 -0.1951 -0.0000
vn 0.1951 0.9808 -0.0000
vn 0.5556 0.8315 -0.0000
vn 0.8315 0.5556 -0.0000
vn 0.9808 0.1951 -0.0000
vn 0.1951 -0.0000 0.9808
vn 0.5556 -0.0000 0.8315
vn 0.8315 -0.0000 0.5556
vn 0.9808 -0.0000 0.1951
vn -0.0000 -0.9808 0.1951
vn -0.0000 -0.8315 0.5556
vn -0.0000 -0.5556 0.8315
vn -0.0000 -0.1951 0.9808
vn -0.0000 0.9808 0.1951
vn -0.0000 0.8315 0.5556
vn -0.0000 0.5556 0.8315
vn -0.0000 0.1951 0.9808
vn -0.0000 -1.0000 -0.0000
vn -1.0000 -0.0000 -0.0000
vn -0.0000 -0.0000 1.0000
vn -0.0000 1.0000 -0.0000
vn -0.0000 -0.0000 -1.0000
vn 1.0000 -0.0000 -0.0000
vt 0.125833 0.749167
vt 0.125833 0.749486
vt 0.125506 0.749494
vt 0.125514 0.749167
vt 0.125833 0.750000
vt 0.125523 0.750000
vt 0.125000 0.749477
vt 0.125000 0.749167
vt 0.125352 0.750000
vt 0.400000 0.999167
vt 0.400000 0.999486
vt 0.390193 0.999494
vt 0.390433 0.999167
vt 0.400000 1.000000
vt 0.390691 1.000000
vt 0.375000 0.999477
vt 0.375000 0.999167
vt 0.385566 1.000000
vt 0.400000 0.000833
vt 0.390433 0.000833
vt 0.390193 0.000506
vt 0.400000 0.000514
vt 0.375000 0.000833
vt 0.375000 0.000523
vt 0.390691 0.000000
vt 0.400000 0.000000
vt 0.375000 0.000352
vt 0.600000 0.999167
vt 0.609567 0.999167
vt 0.609807 0.999493
vt 0.600000 0.999486
vt 0.625000 0.999167
vt 0.625000 0.999477
vt 0.609309 1.000000
vt 0.600000 1.000000
vt 0.625000 0.999648
vt 0.874167 0.749167
vt 0.874486 0.749167
vt 0.874494 0.749494
vt 0.874167 0.749486
vt 0.875000 0.749167
vt 0.875000 0.749477
vt 0.874477 0.750000
vt 0.874167 0.750000
vt 0.875000 0.749648
vt 0.600000 0.000833
vt 0.600000 0.000514
vt 0.609807 0.000506
vt 0.609567 0.000833
vt 0.600000 0.000000
vt 0.609309 0.000000
vt 0.625000 0.000523
vt 0.625000 0.000833
vt 0.614434 0.000000
vt 0.125833 0.500833
vt 0.125514 0.500833
vt 0.125506 0.500506
vt 0.125833 0.500515
vt 0.125000 0.500833
vt 0.125000 0.500523
vt 0.125523 0.500000
vt 0.125833 0.500000
vt 0.125000 0.500352
vt 0.400000 0.249167
vt 0.400000 0.249486
vt 0.390193 0.249494
vt 0.390433 0.249167
vt 0.400000 0.250000
vt 0.390691 0.250000
vt 0.375000 0.249477
vt 0.375000 0.249167
vt 0.380283 0.250176
vt 0.400000 0.250833
vt 0.390433 0.250833
vt 0.390193 0.250506
vt 0.400000 0.250514
vt 0.375000 0.250833
vt 0.375000 0.250523
vt 0.874167 0.500833
vt 0.874167 0.500514
vt 0.874494 0.500506
vt 0.874486 0.500833
vt 0.874167 0.500000
vt 0.874477 0.500000
vt 0.875000 0.500523
vt 0.875000 0.500833
vt 0.874648 0.500000
vt 0.600000 0.250833
vt 0.600000 0.250514
vt 0.609807 0.250506
vt 0.609567 0.250833
vt 0.600000 0.250000
vt 0.609309 0.250000
vt 0.625000 0.250523
vt 0.625000 0.250833
vt 0.619717 0.249824
vt 0.600000 0.249167
vt 0.609567 0.249167
vt 0.609807 0.249494
vt 0.600000 0.249486
vt 0.625000 0.249167
vt 0.625000 0.249477
vt 0.374167 0.749167
vt 0.374486 0.749167
vt 0.374494 0.749494
vt 0.374167 0.749486
vt 0.375000 0.749167
vt 0.375000 0.749477
vt 0.374738 0.750262
vt 0.374583 0.750417
vt 0.378522 0.750000
vt 0.400000 0.749167
vt 0.400000 0.749486
vt 0.390193 0.749494
vt 0.390433 0.749167
vt 0.400000 0.750000
vt 0.390691 0.750000
vt 0.400000 0.750833
vt 0.390433 0.750833
vt 0.390193 0.750506
vt 0.400000 0.750515
vt 0.625833 0.749167
vt 0.625833 0.749486
vt 0.625506 0.749494
vt 0.625515 0.749167
vt 0.625417 0.750417
vt 0.625262 0.750262
vt 0.625000 0.749477
vt 0.625000 0.749167
vt 0.621595 0.749883
vt 0.600000 0.750833
vt 0.600000 0.750515
vt 0.609807 0.750506
vt 0.609567 0.750833
vt 0.600000 0.750000
vt 0.609309 0.750000
vt 0.600000 0.749167
vt 0.609567 0.749167
vt 0.609807 0.749494
vt 0.600000 0.749486
vt 0.374167 0.500833
vt 0.374167 0.500514
vt 0.374494 0.500506
vt 0.374486 0.500833
vt 0.374583 0.499583
vt 0.374738 0.499738
vt 0.375000 0.500523
vt 0.375000 0.500833
vt 0.378405 0.500117
vt 0.400000 0.499167
vt 0.400000 0.499486
vt 0.390193 0.499494
vt 0.390433 0.499167
vt 0.400000 0.500000
vt 0.390691 0.500000
vt 0.400000 0.500833
vt 0.390433 0.500833
vt 0.390193 0.500506
vt 0.400000 0.500515
vt 0.625833 0.500833
vt 0.625515 0.500833
vt 0.625507 0.500506
vt 0.625833 0.500515
vt 0.625000 0.500833
vt 0.625000 0.500523
vt 0.625262 0.499738
vt 0.625417 0.499583
vt 0.621478 0.500000
vt 0.600000 0.500833
vt 0.600000 0.500514
vt 0.609807 0.500506
vt 0.609567 0.500833
vt 0.600000 0.500000
vt 0.609309 0.500000
vt 0.600000 0.499167
vt 0.609567 0.499167
vt 0.609807 0.499494
vt 0.600000 0.499486
s 0
usemtl Plastic
f 4705/5895/4439 4708/5896/4439 4711/5897/4439 4710/5898/4439
f 4708/5896/4440 4709/5899/4440 4712/5900/4440 4711/5897/4440
f 4710/5898/4441 4711/5897/4441 4723/5901/4441 4720/5902/4441
f 4711/5897/4442 4712/5900/4442 4713/5903/4442 4723/5901/4442
f 4706/5904/4443 4714/5905/4443 4717/5906/4443 4716/5907/4443
f 4714/5905/4444 4715/5908/4444 4718/5909/4444 4717/5906/4444
f 4716/5907/4445 4717/5906/4445 4712/5910/4445 4709/5911/4445
f 4717/5906/4446 4718/5909/4446 4713/5912/4446 4712/5910/4446
f 4707/5913/4447 4719/5914/4447 4722/5915/4447 4721/5916/4447
f 4719/5914/4448 4720/5917/4448 4723/5918/4448 4722/5915/4448
f 4721/5916/4449 4722/5915/4449 4718/5919/4449 4715/5920/4449
f 4722/5915/4450 4723/5918/4450 4713/5921/4450 4718/5919/4450
f 4724/5922/4451 4727/5923/4451 4730/5924/4451 4729/5925/4451
f 4727/5923/4452 4728/5926/4452 4731/5927/4452 4730/5924/4452
f 4729/5925/4453 4730/5924/4453 4742/5928/4453 4739/5929/4453
f 4730/5924/4454 4731/5927/4454 4732/5930/4454 4742/5928/4454
f 4725/5931/4455 4733/5932/4455 4736/5933/4455 4735/5934/4455
f 4733/5932/4456 4734/5935/4456 4737/5936/4456 4736/5933/4456
f 4735/5934/4457 4736/5933/4457 4731/5937/4457 4728/5938/4457
f 4736/5933/4458 4737/5936/4458 4732/5939/4458 4731/5937/4458
f 4726/5940/4459 4738/5941/4459 4741/5942/4459 4740/5943/4459
f 4738/5941/4460 4739/5944/4460 4742/5945/4460 4741/5942/4460
f 4740/5943/4461 4741/5942/4461 4737/5946/4461 4734/5947/4461
f 4741/5942/4462 4742/5945/4462 4732/5948/4462 4737/5946/4462
f 4743/5949/4463 4746/5950/4463 4749/5951/4463 4748/5952/4463
f 4746/5950/4464 4747/5953/4464 4750/5954/4464 4749/5951/4464
f 4748/5952/4465 4749/5951/4465 4761/5955/4465 4758/5956/4465
f 4749/5951/4466 4750/5954/4466 4751/5957/4466 4761/5955/4466
f 4744/5958/4467 4752/5959/4467 4755/5960/4467 4754/5961/4467
f 4752/5959/4468 4753/5962/4468 4756/5963/4468 4755/5960/4468
f 4754/5961/4469 4755/5960/4469 4750/5964/4469 4747/5965/4469
f 4755/5960/4470 4756/5963/4470 4751/5966/4470 4750/5964/4470
f 4745/5967/4471 4757/5968/4471 4760/5969/4471 4759/5970/4471
f 4757/5968/4472 4758/5971/4472 4761/5972/4472 4760/5969/4472
f 4759/5970/4473 4760/5969/4473 4756/5963/4473 4753/5962/4473
f 4760/5969/4474 4761/5972/4474 4751/5966/4474 4756/5963/4474
f 4762/5973/4475 4765/5974/4475 4768/5975/4475 4767/5976/4475
f 4765/5974/4476 4766/5977/4476 4769/5978/4476 4768/5975/4476
f 4767/5976/4477 4768/5975/4477 4780/5979/4477 4777/5980/4477
f 4768/5975/4478 4769/5978/4478 4770/5981/4478 4780/5979/4478
f 4763/5982/4479 4771/5983/4479 4774/5984/4479 4773/5985/4479
f 4771/5983/4480 4772/5986/4480 4775/5987/4480 4774/5984/4480
f 4773/5985/4481 4774/5984/4481 4769/5988/4481 4766/5989/4481
f 4774/5984/4482 4775/5987/4482 4770/5990/4482 4769/5988/4482
f 4764/5991/4483 4776/5992/4483 4779/5993/4483 4778/5994/4483
f 4776/5992/4484 4777/5995/4484 4780/5996/4484 4779/5993/4484
f 4778/5994/4485 4779/5993/4485 4775/5987/4485 4772/5986/4485
f 4779/5993/4486 4780/5996/4486 4770/5990/4486 4775/5987/4486
f 4781/5997/4487 4784/5998/4487 4787/5999/4487 4786/6000/4487
f 4784/5998/4488 4785/6001/4488 4788/6002/4488 4787/5999/4488
f 4786/6000/4489 4787/5999/4489 4799/6003/4489 4796/6004/4489
f 4787/5999/4490 4788/6002/4490 4789/6005/4490 4799/6003/4490
f 4782/6006/4491 4790/6007/4491 4793/6008/4491 4792/6009/4491
f 4790/6007/4492 4791/6010/4492 4794/6011/4492 4793/6008/4492
f 4792/6009/4493 4793/6008/4493 4788/6002/4493 4785/6001/4493
f 4793/6008/4494 4794/6011/4494 4789/6005/4494 4788/6002/4494
f 4783/6012/4495 4795/6013/4495 4798/6014/4495 4797/6015/4495
f 4795/6013/4496 4796/6004/4496 4799/6003/4496 4798/6014/4496
f 4797/6015/4497 4798/6014/4497 4794/6011/4497 4791/6010/4497
f 4798/6014/4498 4799/6003/4498 4789/6005/4498 4794/6011/4498
f 4800/6016/4499 4803/6017/4499 4806/6018/4499 4805/6019/4499
f 4803/6017/4500 4804/6020/4500 4807/6021/4500 4806/6018/4500
f 4805/6019/4501 4806/6018/4501 4818/6022/4501 4815/6023/4501
f 4806/6018/4502 4807/6021/4502 4808/6024/4502 4818/6022/4502
f 4801/6025/4503 4809/6026/4503 4812/6027/4503 4811/6028/4503
f 4809/6026/4504 4810/6029/4504 4813/6030/4504 4812/6027/4504
f 4811/6028/4505 4812/6027/4505 4807/6021/4505 4804/6020/4505
f 4812/6027/4506 4813/6030/4506 4808/6024/4506 4807/6021/4506
f 4802/6031/4507 4814/6032/4507 4817/6033/4507 4816/6034/4507
f 4814/6032/4508 4815/6023/4508 4818/6022/4508 4817/6033/4508
f 4816/6034/4509 4817/6033/4509 4813/6030/4509 4810/6029/4509
f 4817/6033/4510 4818/6022/4510 4808/6024/4510 4813/6030/4510
f 4819/6035/4511 4822/6036/4511 4825/6037/4511 4824/6038/4511
f 4822/6036/4512 4823/6039/4512 4826/6040/4512 4825/6037/4512
f 4824/6038/4513 4825/6037/4513 4837/6041/4513 4834/6042/4513
f 4825/6037/4514 4826/6040/4514 4827/6043/4514 4837/6041/4514
f 4820/6044/4515 4828/6045/4515 4831/6046/4515 4830/6047/4515
f 4828/6045/4516 4829/6048/4516 4832/6049/4516 4831/6046/4516
f 4830/6047/4517 4831/6046/4517 4826/6040/4517 4823/6039/4517
f 4831/6046/4518 4832/6049/4518 4827/6043/4518 4826/6040/4518
f 4821/6050/4519 4833/6051/4519 4836/6052/4519 4835/6053/4519
f 4833/6051/4520 4834/6042/4520 4837/6041/4520 4836/6052/4520
f 4835/6053/4521 4836/6052/4521 4832/6049/4521 4829/6048/4521
f 4836/6052/4522 4837/6041/4522 4827/6043/4522 4832/6049/4522
f 4838/6054/4523 4841/6055/4523 4844/6056/4523 4843/6057/4523
f 4841/6055/4524 4842/6058/4524 4845/6059/4524 4844/6056/4524
f 4843/6057/4525 4844/6056/4525 4856/6060/4525 4853/6061/4525
f 4844/6056/4526 4845/6059/4526 4846/6062/4526 4856/6060/4526
f 4839/6063/4527 4847/6064/4527 4850/6065/4527 4849/6066/4527
f 4847/6064/4528 4848/6067/4528 4851/6068/4528 4850/6065/4528
f 4849/6066/4529 4850/6065/4529 4845/6059/4529 4842/6058/4529
f 4850/6065/4530 4851/6068/4530 4846/6062/4530 4845/6059/4530
f 4840/6069/4531 4852/6070/4531 4855/6071/4531 4854/6072/4531
f 4852/6070/4532 4853/6061/4532 4856/6060/4532 4855/6071/4532
f 4854/6072/4533 4855/6071/4533 4851/6068/4533 4848/6067/4533
f 4855/6071/4534 4856/6060/4534 4846/6062/4534 4851/6068/4534
f 4743/5949/4535 4705/5895/4535 4710/5898/4535 4746/5950/4535
f 4746/5950/4536 4710/5898/4536 4720/5902/4536 4747/5953/4536
f 4747/5965/4537 4720/5917/4537 4719/5914/4537 4754/5961/4537
f 4754/5961/4538 4719/5914/4538 4707/5913/4538 4744/5958/4538
f 4706/5904/4539 4724/5922/4539 4729/5925/4539 4714/5905/4539
f 4714/5905/4540 4729/5925/4540 4739/5929/4540 4715/5908/4540
f 4715/5920/4541 4739/5944/4541 4738/5941/4541 4721/5916/4541
f 4721/5916/4542 4738/5941/4542 4726/5940/4542 4707/5913/4542
f 4725/5931/4543 4762/5973/4543 4767/5976/4543 4733/5932/4543
f 4733/5932/4544 4767/5976/4544 4777/5980/4544 4734/5935/4544
f 4734/5947/4545 4777/5995/4545 4776/5992/4545 4740/5943/4545
f 4740/5943/4546 4776/5992/4546 4764/5991/4546 4726/5940/4546
f 4763/5982/4547 4745/5967/4547 4759/5970/4547 4771/5983/4547
f 4771/5983/4548 4759/5970/4548 4753/5962/4548 4772/5986/4548
f 4772/5986/4549 4753/5962/4549 4752/5959/4549 4778/5994/4549
f 4778/5994/4550 4752/5959/4550 4744/5958/4550 4764/5991/4550
f 4819/6035/4551 4743/5949/4551 4748/5952/4551 4822/6036/4551
f 4822/6036/4552 4748/5952/4552 4758/5956/4552 4823/6039/4552
f 4823/6039/4553 4758/5971/4553 4757/5968/4553 4830/6047/4553
f 4830/6047/4554 4757/5968/4554 4745/5967/4554 4820/6044/4554
f 4762/5973/4555 4838/6054/4555 4843/6057/4555 4765/5974/4555
f 4765/5974/4556 4843/6057/4556 4853/6061/4556 4766/5977/4556
f 4766/5989/4557 4853/6061/4557 4852/6070/4557 4773/5985/4557
f 4773/5985/4558 4852/6070/4558 4840/6069/4558 4763/5982/4558
f 4839/6063/4559 4821/6050/4559 4835/6053/4559 4847/6064/4559
f 4847/6064/4560 4835/6053/4560 4829/6048/4560 4848/6067/4560
f 4848/6067/4561 4829/6048/4561 4828/6045/4561 4854/6072/4561
f 4854/6072/4562 4828/6045/4562 4820/6044/4562 4840/6069/4562
f 4781/5997/4563 4819/6035/4563 4824/6038/4563 4784/5998/4563
f 4784/5998/4564 4824/6038/4564 4834/6042/4564 4785/6001/4564
f 4785/6001/4565 4834/6042/4565 4833/6051/4565 4792/6009/4565
f 4792/6009/4566 4833/6051/4566 4821/6050/4566 4782/6006/4566
f 4838/6054/4567 4800/6016/4567 4805/6019/4567 4841/6055/4567
f 4841/6055/4568 4805/6019/4568 4815/6023/4568 4842/6058/4568
f 4842/6058/4569 4815/6023/4569 4814/6032/4569 4849/6066/4569
f 4849/6066/4570 4814/6032/4570 4802/6031/4570 4839/6063/4570
f 4801/6025/4571 4783/6012/4571 4797/6015/4571 4809/6026/4571
f 4809/6026/4572 4797/6015/4572 4791/6010/4572 4810/6029/4572
f 4810/6029/4573 4791/6010/4573 4790/6007/4573 4816/6034/4573
f 4816/6034/4574 4790/6007/4574 4782/6006/4574 4802/6031/4574
f 4705/5895/4575 4781/5997/4575 4786/6000/4575 4708/5896/4575
f 4708/5896/4576 4786/6000/4576 4796/6004/4576 4709/5899/4576
f 4709/5911/4577 4796/6004/4577 4795/6013/4577 4716/5907/4577
f 4716/5907/4578 4795/6013/4578 4783/6012/4578 4706/5904/4578
f 4800/6016/4579 4725/5931/4579 4735/5934/4579 4803/6017/4579
f 4803/6017/4580 4735/5934/4580 4728/5938/4580 4804/6020/4580
f 4804/6020/4581 4728/5926/4581 4727/5923/4581 4811/6028/4581
f 4811/6028/4582 4727/5923/4582 4724/5922/4582 4801/6025/4582
f 4743/5949/4583 4819/6035/4583 4781/5997/4583 4705/5895/4583
f 4707/5913/4584 4726/5940/4584 4764/5991/4584 4744/5958/4584
f 4783/6012/4585 4801/6025/4585 4724/5922/4585 4706/5904/4585
f 4838/6054/4586 4762/5973/4586 4725/5931/4586 4800/6016/4586
f 4745/5967/4587 4763/5982/4587 4840/6069/4587 4820/6044/4587
f 4821/6050/4588 4839/6063/4588 4802/6031/4588 4782/6006/4588
o 31_CoolingPlate
v -0.029900 0.006375 -0.020100
v -0.029900 0.006475 -0.020000
v -0.030000 0.006475 -0.020100
v -0.029900 0.006383 -0.020062
v -0.029900 0.006404 -0.020029
v -0.029938 0.006383 -0.020100
v -0.029939 0.006392 -0.020061
v -0.029937 0.006409 -0.020034
v -0.029958 0.006417 -0.020042
v -0.029938 0.006475 -0.020008
v -0.029971 0.006475 -0.020029
v -0.029900 0.006437 -0.020008
v -0.029939 0.006436 -0.020017
v -0.029966 0.006438 -0.020034
v -0.029992 0.006437 -0.020100
v -0.029971 0.006404 -0.020100
v -0.029992 0.006475 -0.020062
v -0.029983 0.006436 -0.020061
v -0.029966 0.006409 -0.020063
v -0.029900 0.007275 -0.020000
v -0.029900 0.007375 -0.020100
v -0.030000 0.007275 -0.020100
v -0.029900 0.007313 -0.020008
v -0.029900 0.007346 -0.020029
v -0.029938 0.007275 -0.020008
v -0.029939 0.007314 -0.020017
v -0.029937 0.007341 -0.020034
v -0.029958 0.007333 -0.020042
v -0.029938 0.007367 -0.020100
v -0.029971 0.007346 -0.020100
v -0.029900 0.007367 -0.020062
v -0.029939 0.007358 -0.020061
v -0.029966 0.007341 -0.020063
v -0.029992 0.007275 -0.020062
v -0.029971 0.007275 -0.020029
v -0.029992 0.007313 -0.020100
v -0.029983 0.007314 -0.020061
v -0.029966 0.007312 -0.020034
v -0.029900 0.006375 -0.079900
v -0.030000 0.006475 -0.079900
v -0.029900 0.006475 -0.080000
v -0.029938 0.006383 -0.079900
v -0.029971 0.006404 -0.079900
v -0.029900 0.006383 -0.079938
v -0.029939 0.006392 -0.079939
v -0.029966 0.006409 -0.079937
v -0.029958 0.006417 -0.079958
v -0.029992 0.006475 -0.079938
v -0.029971 0.006475 -0.079971
v -0.029992 0.006437 -0.079900
v -0.029983 0.006436 -0.079939
v -0.029966 0.006438 -0.079966
v -0.029900 0.006437 -0.079992
v -0.029900 0.006404 -0.079971
v -0.029938 0.006475 -0.079992
v -0.029939 0.006436 -0.079983
v -0.029937 0.006409 -0.079966
v -0.029900 0.007375 -0.079900
v -0.029900 0.007275 -0.080000
v -0.030000 0.007275 -0.079900
v -0.029900 0.007367 -0.079938
v -0.029900 0.007346 -0.079971
v -0.029938 0.007367 -0.079900
v -0.029939 0.007358 -0.079939
v -0.029937 0.007341 -0.079966
v -0.029958 0.007333 -0.079958
v -0.029938 0.007275 -0.079992
v -0.029971 0.007275 -0.079971
v -0.029900 0.007313 -0.079992
v -0.029939 0.007314 -0.079983
v -0.029966 0.007312 -0.079966
v -0.029992 0.007313 -0.079900
v -0.029971 0.007346 -0.079900
v -0.029992 0.007275 -0.079938
v -0.029983 0.007314 -0.079939
v -0.029966 0.007341 -0.079937
v 0.029900 0.006375 -0.020100
v 0.030000 0.006475 -0.020100
v 0.029900 0.006475 -0.020000
v 0.029938 0.006383 -0.020100
v 0.029971 0.006404 -0.020100
v 0.029900 0.006383 -0.020062
v 0.029939 0.006392 -0.020061
v 0.029966 0.006409 -0.020063
v 0.029958 0.006417 -0.020042
v 0.029992 0.006475 -0.020062
v 0.029971 0.006475 -0.020029
v 0.029992 0.006437 -0.020100
v 0.029983 0.006436 -0.020061
v 0.029966 0.006438 -0.020034
v 0.029900 0.006437 -0.020008
v 0.029900 0.006404 -0.020029
v 0.029938 0.006475 -0.020008
v 0.029939 0.006436 -0.020017
v 0.029937 0.006409 -0.020034
v 0.029900 0.007375 -0.020100
v 0.029900 0.007275 -0.020000
v 0.030000 0.007275 -0.020100
v 0.029900 0.007367 -0.020062
v 0.029900 0.007346 -0.020029
v 0.029938 0.007367 -0.020100
v 0.029939 0.007358 -0.020061
v 0.029937 0.007341 -0.020034
v 0.029958 0.007333 -0.020042
v 0.029938 0.007275 -0.020008
v 0.029971 0.007275 -0.020029
v 0.029900 0.007313 -0.020008
v 0.029939 0.007314 -0.020017
v 0.029966 0.007312 -0.020034
v 0.029992 0.007313 -0.020100
v 0.029971 0.007346 -0.020100
v 0.029992 0.007275 -0.020062
v 0.029983 0.007314 -0.020061
v 0.029966 0.007341 -0.020063
v 0.029900 0.006375 -0.079900
v 0.029900 0.006475 -0.080000
v 0.030000 0.006475 -0.079900
v 0.029900 0.006383 -0.079938
v 0.029900 0.006404 -0.079971
v 0.029938 0.006383 -0.079900
v 0.029939 0.006392 -0.079939
v 0.029937 0.006409 -0.079966
v 0.029958 0.006417 -0.079958
v 0.029938 0.006475 -0.079992
v 0.029971 0.006475 -0.079971
v 0.029900 0.006437 -0.079992
v 0.029939 0.006436 -0.079983
v 0.029966 0.006438 -0.079966
v 0.029992 0.006437 -0.079900
v 0.029971 0.006404 -0.079900
v 0.029992 0.006475 -0.079938
v 0.029983 0.006436 -0.079939
v 0.029966 0.006409 -0.079937
v 0.029900 0.007375 -0.079900
v 0.030000 0.007275 -0.079900
v 0.029900 0.007275 -0.080000
v 0.029938 0.007367 -0.079900
v 0.029971 0.007346 -0.079900
v 0.029900 0.007367 -0.079938
v 0.029939 0.007358 -0.079939
v 0.029966 0.007341 -0.079937
v 0.029958 0.007333 -0.079958
v 0.029992 0.007275 -0.079938
v 0.029971 0.007275 -0.079971
v 0.029992 0.007313 -0.079900
v 0.029983 0.007314 -0.079939
v 0.029966 0.007312 -0.079966
v 0.029900 0.007313 -0.079992
v 0.029900 0.007346 -0.079971
v 0.029938 0.007275 -0.079992
v 0.029939 0.007314 -0.079983
v 0.029937 0.007341 -0.079966
vn -0.2049 -0.9571 0.2049
vn -0.1818 -0.8152 0.5499
vn -0.5500 -0.8152 0.1819
vn -0.4931 -0.7167 0.4931
vn -0.2049 -0.2050 0.9571
vn -0.5500 -0.1818 0.8152
vn -0.1818 -0.5499 0.8152
vn -0.4931 -0.4932 0.7167
vn -0.9571 -0.2049 0.2049
vn -0.8152 -0.5500 0.1818
vn -0.8152 -0.1819 0.5499
vn -0.7167 -0.4930 0.4932
vn -0.2049 0.2050 0.9571
vn -0.1818 0.5499 0.8152
vn -0.5500 0.1818 0.8152
vn -0.4931 0.4932 0.7167
vn -0.2049 0.9571 0.2049
vn -0.5500 0.8152 0.1818
vn -0.1818 0.8152 0.5499
vn -0.4931 0.7167 0.4931
vn -0.9571 0.2049 0.2049
vn -0.8152 0.1819 0.5499
vn -0.8152 0.5500 0.1818
vn -0.7167 0.4930 0.4932
vn -0.2049 -0.9571 -0.2049
vn -0.5500 -0.8152 -0.1818
vn -0.1818 -0.8152 -0.5499
vn -0.4931 -0.7167 -0.4931
vn -0.9571 -0.2049 -0.2049
vn -0.8152 -0.1819 -0.5499
vn -0.8152 -0.5500 -0.1818
vn -0.7167 -0.4930 -0.4932
vn -0.2049 -0.2050 -0.9571
vn -0.1818 -0.5499 -0.8152
vn -0.5500 -0.1818 -0.8152
vn -0.4931 -0.4932 -0.7167
vn -0.2049 0.9571 -0.2049
vn -0.1818 0.8152 -0.5499
vn -0.5500 0.8152 -0.1819
vn -0.4931 0.7167 -0.4931
vn -0.2049 0.2050 -0.9571
vn -0.5500 0.1818 -0.8152
vn -0.1818 0.5499 -0.8152
vn -0.4931 0.4932 -0.7167
vn -0.9571 0.2049 -0.2049
vn -0.8152 0.5500 -0.1818
vn -0.8152 0.1819 -0.5499
vn -0.7167 0.4930 -0.4932
vn 0.2049 -0.9571 0.2049
vn 0.5500 -0.8152 0.1818
vn 0.1818 -0.8152 0.5499
vn 0.4931 -0.7167 0.4931
vn 0.9571 -0.2049 0.2049
vn 0.8152 -0.1819 0.5499
vn 0.8152 -0.5500 0.1818
vn 0.7167 -0.4930 0.4932
vn 0.2049 -0.2050 0.9571
vn 0.1818 -0.5499 0.8152
vn 0.5500 -0.1818 0.8152
vn 0.4931 -0.4932 0.7167
vn 0.2049 0.9571 0.2049
vn 0.1818 0.8152 0.5499
vn 0.5500 0.8152 0.1819
vn 0.4931 0.7167 0.4931
vn 0.2049 0.2050 0.9571
vn 0.5500 0.1818 0.8152
vn 0.1818 0.5499 0.8152
vn 0.4931 0.4932 0.7167
vn 0.9571 0.2049 0.2049
vn 0.8152 0.5500 0.1818
vn 0.8152 0.1819 0.5499
vn 0.7167 0.4930 0.4932
vn 0.2049 -0.9571 -0.2049
vn 0.1818 -0.8152 -0.5499
vn 0.5500 -0.8152 -0.1819
vn 0.4931 -0.7167 -0.4931
vn 0.2049 -0.2050 -0.9571
vn 0.5500 -0.1818 -0.8152
vn 0.1818 -0.5499 -0.8152
vn 0.4931 -0.4932 -0.7167
vn 0.9571 -0.2049 -0.2049
vn 0.8152 -0.5500 -0.1818
vn 0.8152 -0.1819 -0.5499
vn 0.7167 -0.4930 -0.4932
vn 0.2049 0.9571 -0.2049
vn 0.5500 0.8152 -0.1818
vn 0.1818 0.8152 -0.5499
vn 0.4931 0.7167 -0.4931
vn 0.9571 0.2049 -0.2049
vn 0.8152 0.1819 -0.5499
vn 0.8152 0.5500 -0.1818
vn 0.7167 0.4930 -0.4932
vn 0.2049 0.2050 -0.9571
vn 0.1818 0.5499 -0.8152
vn 0.5500 0.1818 -0.8152
vn 0.4931 0.4932 -0.7167
vn -0.1951 -0.9808 -0.0000
vn -0.5556 -0.8315 -0.0000
vn -0.8315 -0.5556 -0.0000
vn -0.9808 -0.1951 -0.0000
vn -0.1951 -0.0000 0.9808
vn -0.5556 -0.0000 0.8315
vn -0.8315 -0.0000 0.5556
vn -0.9808 -0.0000 0.1950
vn -0.1951 0.9808 -0.0000
vn -0.5556 0.8315 -0.0000
vn -0.8315 0.5556 -0.0000
vn -0.9808 0.1951 -0.0000
vn -0.1951 -0.0000 -0.9808
vn -0.5556 -0.0000 -0.8315
vn -0.8315 -0.0000 -0.5556
vn -0.9808 -0.0000 -0.1950
vn -0.0000 -0.9808 -0.1951
vn -0.0000 -0.8315 -0.5556
vn -0.0000 -0.5556 -0.8314
vn -0.0000 -0.1951 -0.9808
vn -0.0000 0.9808 -0.1951
vn -0.0000 0.8315 -0.5556
vn -0.0000 0.5556 -0.8314
vn -0.0000 0.1951 -0.9808
vn 0.9808 -0.0000 -0.1950
vn 0.8315 -0.0000 -0.5556
vn 0.5556 -0.0000 -0.8315
vn 0.1951 -0.0000 -0.9808
vn 0.1951 -0.9808 -0.0000
vn 0.5556 -0.8315 -0.0000
vn 0.8315 -0.5556 -0.0000
vn 0.9808 -0.1951 -0.0000
vn 0.1951 0.9808 -0.0000
vn 0.5556 0.8315 -0.0000
vn 0.8315 0.5556 -0.0000
vn 0.9808 0.1951 -0.0000
vn 0.1951 -0.0000 0.9808
vn 0.5556 -0.0000 0.8315
vn 0.8315 -0.0000 0.5556
vn 0.9808 -0.0000 0.1950
vn -0.0000 -0.9808 0.1951
vn -0.0000 -0.8315 0.5556
vn -0.0000 -0.5556 0.8314
vn -0.0000 -0.1951 0.9808
vn -0.0000 0.9808 0.1951
vn -0.0000 0.8315 0.5556
vn -0.0000 0.5556 0.8314
vn -0.0000 0.1951 0.9808
vn -0.0000 -1.0000 -0.0000
vn -1.0000 -0.0000 -0.0000
vn -0.0000 -0.0000 1.0000
vn -0.0000 1.0000 -0.0000
vn -0.0000 -0.0000 -1.0000
vn 1.0000 -0.0000 -0.0000
vt 0.125417 0.749583
vt 0.125417 0.749743
vt 0.125253 0.749747
vt 0.125257 0.749583
vt 0.125417 0.750000
vt 0.125262 0.750000
vt 0.125000 0.749739
vt 0.125000 0.749583
vt 0.125176 0.750000
vt 0.400000 0.999583
vt 0.400000 0.999743
vt 0.390193 0.999747
vt 0.390433 0.999583
vt 0.400000 1.000000
vt 0.390691 1.000000
vt 0.375000 0.999738
vt 0.375000 0.999583
vt 0.385566 1.000000
vt 0.400000 0.000417
vt 0.390433 0.000417
vt 0.390193 0.000253
vt 0.400000 0.000257
vt 0.375000 0.000417
vt 0.375000 0.000262
vt 0.390691 0.000000
vt 0.400000 0.000000
vt 0.375000 0.000176
vt 0.600000 0.999583
vt 0.609567 0.999583
vt 0.609807 0.999747
vt 0.600000 0.999743
vt 0.625000 0.999583
vt 0.625000 0.999738
vt 0.609309 1.000000
vt 0.600000 1.000000
vt 0.625000 0.999824
vt 0.874583 0.749583
vt 0.874743 0.749583
vt 0.874747 0.749747
vt 0.874583 0.749743
vt 0.875000 0.749583
vt 0.875000 0.749738
vt 0.874738 0.750000
vt 0.874583 0.750000
vt 0.875000 0.749824
vt 0.600000 0.000417
vt 0.600000 0.000257
vt 0.609807 0.000253
vt 0.609567 0.000417
vt 0.600000 0.000000
vt 0.609309 0.000000
vt 0.625000 0.000262
vt 0.625000 0.000417
vt 0.614434 0.000000
vt 0.125417 0.500417
vt 0.125257 0.500417
vt 0.125253 0.500253
vt 0.125417 0.500257
vt 0.125000 0.500417
vt 0.125000 0.500262
vt 0.125262 0.500000
vt 0.125417 0.500000
vt 0.125000 0.500176
vt 0.400000 0.249583
vt 0.400000 0.249743
vt 0.390193 0.249747
vt 0.390433 0.249583
vt 0.400000 0.250000
vt 0.390691 0.250000
vt 0.375000 0.249738
vt 0.375000 0.249583
vt 0.380283 0.250088
vt 0.400000 0.250417
vt 0.390433 0.250417
vt 0.390193 0.250253
vt 0.400000 0.250257
vt 0.375000 0.250417
vt 0.375000 0.250262
vt 0.874583 0.500417
vt 0.874583 0.500257
vt 0.874747 0.500253
vt 0.874743 0.500417
vt 0.874583 0.500000
vt 0.874738 0.500000
vt 0.875000 0.500262
vt 0.875000 0.500417
vt 0.874824 0.500000
vt 0.600000 0.250417
vt 0.600000 0.250257
vt 0.609807 0.250253
vt 0.609567 0.250417
vt 0.600000 0.250000
vt 0.609309 0.250000
vt 0.625000 0.250262
vt 0.625000 0.250417
vt 0.619717 0.249912
vt 0.600000 0.249583
vt 0.609567 0.249583
vt 0.609807 0.249747
vt 0.600000 0.249743
vt 0.625000 0.249583
vt 0.625000 0.249738
vt 0.374583 0.749583
vt 0.374743 0.749583
vt 0.374747 0.749747
vt 0.374583 0.749743
vt 0.375000 0.749583
vt 0.375000 0.749738
vt 0.374869 0.750131
vt 0.374792 0.750208
vt 0.378522 0.750000
vt 0.400000 0.749583
vt 0.400000 0.749743
vt 0.390193 0.749747
vt 0.390433 0.749583
vt 0.400000 0.750000
vt 0.390691 0.750000
vt 0.400000 0.750417
vt 0.390433 0.750417
vt 0.390193 0.750253
vt 0.400000 0.750257
vt 0.625417 0.749583
vt 0.625417 0.749743
vt 0.625253 0.749747
vt 0.625257 0.749583
vt 0.625208 0.750208
vt 0.625131 0.750131
vt 0.625000 0.749739
vt 0.625000 0.749583
vt 0.621537 0.749941
vt 0.600000 0.750417
vt 0.600000 0.750257
vt 0.609807 0.750253
vt 0.609567 0.750417
vt 0.600000 0.750000
vt 0.609309 0.750000
vt 0.600000 0.749583
vt 0.609567 0.749583
vt 0.609807 0.749747
vt 0.600000 0.749743
vt 0.374583 0.500417
vt 0.374583 0.500257
vt 0.374747 0.500253
vt 0.374743 0.500417
vt 0.374792 0.499792
vt 0.374869 0.499869
vt 0.375000 0.500262
vt 0.375000 0.500417
vt 0.378463 0.500059
vt 0.400000 0.499583
vt 0.400000 0.499743
vt 0.390193 0.499747
vt 0.390433 0.499583
vt 0.400000 0.500000
vt 0.390691 0.500000
vt 0.400000 0.500417
vt 0.390433 0.500417
vt 0.390193 0.500253
vt 0.400000 0.500257
vt 0.625417 0.500417
vt 0.625257 0.500417
vt 0.625253 0.500253
vt 0.625417 0.500257
vt 0.625000 0.500417
vt 0.625000 0.500262
vt 0.625131 0.499869
vt 0.625208 0.499792
vt 0.621478 0.500000
vt 0.600000 0.500417
vt 0.600000 0.500257
vt 0.609807 0.500253
vt 0.609567 0.500417
vt 0.600000 0.500000
vt 0.609309 0.500000
vt 0.600000 0.499583
vt 0.609567 0.499583
vt 0.609807 0.499747
vt 0.600000 0.499743
s 0
usemtl Copper
f 4857/6073/4589 4860/6074/4589 4863/6075/4589 4862/6076/4589
f 4860/6074/4590 4861/6077/4590 4864/6078/4590 4863/6075/4590
f 4862/6076/4591 4863/6075/4591 4875/6079/4591 4872/6080/4591
f 4863/6075/4592 4864/6078/4592 4865/6081/4592 4875/6079/4592
f 4858/6082/4593 4866/6083/4593 4869/6084/4593 4868/6085/4593
f 4866/6083/4594 4867/6086/4594 4870/6087/4594 4869/6084/4594
f 4868/6085/4595 4869/6084/4595 4864/6088/4595 4861/6089/4595
f 4869/6084/4596 4870/6087/4596 4865/6090/4596 4864/6088/4596
f 4859/6091/4597 4871/6092/4597 4874/6093/4597 4873/6094/4597
f 4871/6092/4598 4872/6095/4598 4875/6096/4598 4874/6093/4598
f 4873/6094/4599 4874/6093/4599 4870/6097/4599 4867/6098/4599
f 4874/6093/4600 4875/6096/4600 4865/6099/4600 4870/6097/4600
f 4876/6100/4601 4879/6101/4601 4882/6102/4601 4881/6103/4601
f 4879/6101/4602 4880/6104/4602 4883/6105/4602 4882/6102/4602
f 4881/6103/4603 4882/6102/4603 4894/6106/4603 4891/6107/4603
f 4882/6102/4604 4883/6105/4604 4884/6108/4604 4894/6106/4604
f 4877/6109/4605 4885/6110/4605 4888/6111/4605 4887/6112/4605
f 4885/6110/4606 4886/6113/4606 4889/6114/4606 4888/6111/4606
f 4887/6112/4607 4888/6111/4607 4883/6115/4607 4880/6116/4607
f 4888/6111/4608 4889/6114/4608 4884/6117/4608 4883/6115/4608
f 4878/6118/4609 4890/6119/4609 4893/6120/4609 4892/6121/4609
f 4890/6119/4610 4891/6122/4610 4894/6123/4610 4893/6120/4610
f 4892/6121/4611 4893/6120/4611 4889/6124/4611 4886/6125/4611
f 4893/6120/4612 4894/6123/4612 4884/6126/4612 4889/6124/4612
f 4895/6127/4613 4898/6128/4613 4901/6129/4613 4900/6130/4613
f 4898/6128/4614 4899/6131/4614 4902/6132/4614 4901/6129/4614
f 4900/6130/4615 4901/6129/4615 4913/6133/4615 4910/6134/4615
f 4901/6129/4616 4902/6132/4616 4903/6135/4616 4913/6133/4616
f 4896/6136/4617 4904/6137/4617 4907/6138/4617 4906/6139/4617
f 4904/6137/4618 4905/6140/4618 4908/6141/4618 4907/6138/4618
f 4906/6139/4619 4907/6138/4619 4902/6142/4619 4899/6143/4619
f 4907/6138/4620 4908/6141/4620 4903/6144/4620 4902/6142/4620
f 4897/6145/4621 4909/6146/4621 4912/6147/4621 4911/6148/4621
f 4909/6146/4622 4910/6149/4622 4913/6150/4622 4912/6147/4622
f 4911/6148/4623 4912/6147/4623 4908/6141/4623 4905/6140/4623
f 4912/6147/4624 4913/6150/4624 4903/6144/4624 4908/6141/4624
f 4914/6151/4625 4917/6152/4625 4920/6153/4625 4919/6154/4625
f 4917/6152/4626 4918/6155/4626 4921/6156/4626 4920/6153/4626
f 4919/6154/4627 4920/6153/4627 4932/6157/4627 4929/6158/4627
f 4920/6153/4628 4921/6156/4628 4922/6159/4628 4932/6157/4628
f 4915/6160/4629 4923/6161/4629 4926/6162/4629 4925/6163/4629
f 4923/6161/4630 4924/6164/4630 4927/6165/4630 4926/6162/4630
f 4925/6163/4631 4926/6162/4631 4921/6166/4631 4918/6167/4631
f 4926/6162/4632 4927/6165/4632 4922/6168/4632 4921/6166/4632
f 4916/6169/4633 4928/6170/4633 4931/6171/4633 4930/6172/4633
f 4928/6170/4634 4929/6173/4634 4932/6174/4634 4931/6171/4634
f 4930/6172/4635 4931/6171/4635 4927/6165/4635 4924/6164/4635
f 4931/6171/4636 4932/6174/4636 4922/6168/4636 4927/6165/4636
f 4933/6175/4637 4936/6176/4637 4939/6177/4637 4938/6178/4637
f 4936/6176/4638 4937/6179/4638 4940/6180/4638 4939/6177/4638
f 4938/6178/4639 4939/6177/4639 4951/6181/4639 4948/6182/4639
f 4939/6177/4640 4940/6180/4640 4941/6183/4640 4951/6181/4640
f 4934/6184/4641 4942/6185/4641 4945/6186/4641 4944/6187/4641
f 4942/6185/4642 4943/6188/4642 4946/6189/4642 4945/6186/4642
f 4944/6187/4643 4945/6186/4643 4940/6180/4643 4937/6179/4643
f 4945/6186/4644 4946/6189/4644 4941/6183/4644 4940/6180/4644
f 4935/6190/4645 4947/6191/4645 4950/6192/4645 4949/6193/4645
f 4947/6191/4646 4948/6182/4646 4951/6181/4646 4950/6192/4646
f 4949/6193/4647 4950/6192/4647 4946/6189/4647 4943/6188/4647
f 4950/6192/4648 4951/6181/4648 4941/6183/4648 4946/6189/4648
f 4952/6194/4649 4955/6195/4649 4958/6196/4649 4957/6197/4649
f 4955/6195/4650 4956/6198/4650 4959/6199/4650 4958/6196/4650
f 4957/6197/4651 4958/6196/4651 4970/6200/4651 4967/6201/4651
f 4958/6196/4652 4959/6199/4652 4960/6202/4652 4970/6200/4652
f 4953/6203/4653 4961/6204/4653 4964/6205/4653 4963/6206/4653
f 4961/6204/4654 4962/6207/4654 4965/6208/4654 4964/6205/4654
f 4963/6206/4655 4964/6205/4655 4959/6199/4655 4956/6198/4655
f 4964/6205/4656 4965/6208/4656 4960/6202/4656 4959/6199/4656
f 4954/6209/4657 4966/6210/4657 4969/6211/4657 4968/6212/4657
f 4966/6210/4658 4967/6201/4658 4970/6200/4658 4969/6211/4658
f 4968/6212/4659 4969/6211/4659 4965/6208/4659 4962/6207/4659
f 4969/6211/4660 4970/6200/4660 4960/6202/4660 4965/6208/4660
f 4971/6213/4661 4974/6214/4661 4977/6215/4661 4976/6216/4661
f 4974/6214/4662 4975/6217/4662 4978/6218/4662 4977/6215/4662
f 4976/6216/4663 4977/6215/4663 4989/6219/4663 4986/6220/4663
f 4977/6215/4664 4978/6218/4664 4979/6221/4664 4989/6219/4664
f 4972/6222/4665 4980/6223/4665 4983/6224/4665 4982/6225/4665
f 4980/6223/4666 4981/6226/4666 4984/6227/4666 4983/6224/4666
f 4982/6225/4667 4983/6224/4667 4978/6218/4667 4975/6217/4667
f 4983/6224/4668 4984/6227/4668 4979/6221/4668 4978/6218/4668
f 4973/6228/4669 4985/6229/4669 4988/6230/4669 4987/6231/4669
f 4985/6229/4670 4986/6220/4670 4989/6219/4670 4988/6230/4670
f 4987/6231/4671 4988/6230/4671 4984/6227/4671 4981/6226/4671
f 4988/6230/4672 4989/6219/4672 4979/6221/4672 4984/6227/4672
f 4990/6232/4673 4993/6233/4673 4996/6234/4673 4995/6235/4673
f 4993/6233/4674 4994/6236/4674 4997/6237/4674 4996/6234/4674
f 4995/6235/4675 4996/6234/4675 5008/6238/4675 5005/6239/4675
f 4996/6234/4676 4997/6237/4676 4998/6240/4676 5008/6238/4676
f 4991/6241/4677 4999/6242/4677 5002/6243/4677 5001/6244/4677
f 4999/6242/4678 5000/6245/4678 5003/6246/4678 5002/6243/4678
f 5001/6244/4679 5002/6243/4679 4997/6237/4679 4994/6236/4679
f 5002/6243/4680 5003/6246/4680 4998/6240/4680 4997/6237/4680
f 4992/6247/4681 5004/6248/4681 5007/6249/4681 5006/6250/4681
f 5004/6248/4682 5005/6239/4682 5008/6238/4682 5007/6249/4682
f 5006/6250/4683 5007/6249/4683 5003/6246/4683 5000/6245/4683
f 5007/6249/4684 5008/6238/4684 4998/6240/4684 5003/6246/4684
f 4895/6127/4685 4857/6073/4685 4862/6076/4685 4898/6128/4685
f 4898/6128/4686 4862/6076/4686 4872/6080/4686 4899/6131/4686
f 4899/6143/4687 4872/6095/4687 4871/6092/4687 4906/6139/4687
f 4906/6139/4688 4871/6092/4688 4859/6091/4688 4896/6136/4688
f 4858/6082/4689 4876/6100/4689 4881/6103/4689 4866/6083/4689
f 4866/6083/4690 4881/6103/4690 4891/6107/4690 4867/6086/4690
f 4867/6098/4691 4891/6122/4691 4890/6119/4691 4873/6094/4691
f 4873/6094/4692 4890/6119/4692 4878/6118/4692 4859/6091/4692
f 4877/6109/4693 4914/6151/4693 4919/6154/4693 4885/6110/4693
f 4885/6110/4694 4919/6154/4694 4929/6158/4694 4886/6113/4694
f 4886/6125/4695 4929/6173/4695 4928/6170/4695 4892/6121/4695
f 4892/6121/4696 4928/6170/4696 4916/6169/4696 4878/6118/4696
f 4915/6160/4697 4897/6145/4697 4911/6148/4697 4923/6161/4697
f 4923/6161/4698 4911/6148/4698 4905/6140/4698 4924/6164/4698
f 4924/6164/4699 4905/6140/4699 4904/6137/4699 4930/6172/4699
f 4930/6172/4700 4904/6137/4700 4896/6136/4700 4916/6169/4700
f 4971/6213/4701 4895/6127/4701 4900/6130/4701 4974/6214/4701
f 4974/6214/4702 4900/6130/4702 4910/6134/4702 4975/6217/4702
f 4975/6217/4703 4910/6149/4703 4909/6146/4703 4982/6225/4703
f 4982/6225/4704 4909/6146/4704 4897/6145/4704 4972/6222/4704
f 4914/6151/4705 4990/6232/4705 4995/6235/4705 4917/6152/4705
f 4917/6152/4706 4995/6235/4706 5005/6239/4706 4918/6155/4706
f 4918/6167/4707 5005/6239/4707 5004/6248/4707 4925/6163/4707
f 4925/6163/4708 5004/6248/4708 4992/6247/4708 4915/6160/4708
f 4991/6241/4709 4973/6228/4709 4987/6231/4709 4999/6242/4709
f 4999/6242/4710 4987/6231/4710 4981/6226/4710 5000/6245/4710
f 5000/6245/4711 4981/6226/4711 4980/6223/4711 5006/6250/4711
f 5006/6250/4712 4980/6223/4712 4972/6222/4712 4992/6247/4712
f 4933/6175/4713 4971/6213/4713 4976/6216/4713 4936/6176/4713
f 4936/6176/4714 4976/6216/4714 4986/6220/4714 4937/6179/4714
f 4937/6179/4715 4986/6220/4715 4985/6229/4715 4944/6187/4715
f 4944/6187/4716 4985/6229/4716 4973/6228/4716 4934/6184/4716
f 4990/6232/4717 4952/6194/4717 4957/6197/4717 4993/6233/4717
f 4993/6233/4718 4957/6197/4718 4967/6201/4718 4994/6236/4718
f 4994/6236/4719 4967/6201/4719 4966/6210/4719 5001/6244/4719
f 5001/6244/4720 4966/6210/4720 4954/6209/4720 4991/6241/4720
f 4953/6203/4721 4935/6190/4721 4949/6193/4721 4961/6204/4721
f 4961/6204/4722 4949/6193/4722 4943/6188/4722 4962/6207/4722
f 4962/6207/4723 4943/6188/4723 4942/6185/4723 4968/6212/4723
f 4968/6212/4724 4942/6185/4724 4934/6184/4724 4954/6209/4724
f 4857/6073/4725 4933/6175/4725 4938/6178/4725 4860/6074/4725
f 4860/6074/4726 4938/6178/4726 4948/6182/4726 4861/6077/4726
f 4861/6089/4727 4948/6182/4727 4947/6191/4727 4868/6085/4727
f 4868/6085/4728 4947/6191/4728 4935/6190/4728 4858/6082/4728
f 4952/6194/4729 4877/6109/4729 4887/6112/4729 4955/6195/4729
f 4955/6195/4730 4887/6112/4730 4880/6116/4730 4956/6198/4730
f 4956/6198/4731 4880/6104/4731 4879/6101/4731 4963/6206/4731
f 4963/6206/4732 4879/6101/4732 4876/6100/4732 4953/6203/4732
f 4895/6127/4733 4971/6213/4733 4933/6175/4733 4857/6073/4733
f 4859/6091/4734 4878/6118/4734 4916/6169/4734 4896/6136/4734
f 4935/6190/4735 4953/6203/4735 4876/6100/4735 4858/6082/4735
f 4990/6232/4736 4914/6151/4736 4877/6109/4736 4952/6194/4736
f 4897/6145/4737 4915/6160/4737 4992/6247/4737 4972/6222/4737
f 4973/6228/4738 4991/6241/4738 4954/6209/4738 4934/6184/4738
o 32_HeatPipes
v -0.099800 0.005875 -0.075200
v -0.099800 0.006075 -0.075000
v -0.100000 0.006075 -0.075200
v -0.099800 0.005890 -0.075123
v -0.099800 0.005934 -0.075059
v -0.099877 0.005890 -0.075200
v -0.099878 0.005909 -0.075122
v -0.099874 0.005944 -0.075069
v -0.099915 0.005960 -0.075085
v -0.099877 0.006075 -0.075015
v -0.099941 0.006075 -0.075059
v -0.099800 0.005998 -0.075015
v -0.099878 0.005997 -0.075034
v -0.099931 0.006001 -0.075069
v -0.099985 0.005998 -0.075200
v -0.099941 0.005934 -0.075200
v -0.099985 0.006075 -0.075123
v -0.099966 0.005997 -0.075122
v -0.099931 0.005944 -0.075126
v -0.099800 0.007675 -0.075000
v -0.099800 0.007875 -0.075200
v -0.100000 0.007675 -0.075200
v -0.099800 0.007752 -0.075015
v -0.099800 0.007816 -0.075059
v -0.099877 0.007675 -0.075015
v -0.099878 0.007753 -0.075034
v -0.099874 0.007806 -0.075069
v -0.099915 0.007790 -0.075085
v -0.099877 0.007860 -0.075200
v -0.099941 0.007816 -0.075200
v -0.099800 0.007860 -0.075123
v -0.099878 0.007841 -0.075122
v -0.099931 0.007806 -0.075126
v -0.099985 0.007675 -0.075123
v -0.099941 0.007675 -0.075059
v -0.099985 0.007752 -0.075200
v -0.099966 0.007753 -0.075122
v -0.099931 0.007749 -0.075069
v -0.099800 0.005875 -0.084800
v -0.100000 0.006075 -0.084800
v -0.099800 0.006075 -0.085000
v -0.099877 0.005890 -0.084800
v -0.099941 0.005934 -0.084800
v -0.099800 0.005890 -0.084877
v -0.099878 0.005909 -0.084878
v -0.099931 0.005944 -0.084874
v -0.099915 0.005960 -0.084915
v -0.099985 0.006075 -0.084877
v -0.099941 0.006075 -0.084941
v -0.099985 0.005998 -0.084800
v -0.099966 0.005997 -0.084878
v -0.099931 0.006001 -0.084931
v -0.099800 0.005998 -0.084985
v -0.099800 0.005934 -0.084941
v -0.099877 0.006075 -0.084985
v -0.099878 0.005997 -0.084966
v -0.099874 0.005944 -0.084931
v -0.099800 0.007875 -0.084800
v -0.099800 0.007675 -0.085000
v -0.100000 0.007675 -0.084800
v -0.099800 0.007860 -0.084877
v -0.099800 0.007816 -0.084941
v -0.099877 0.007860 -0.084800
v -0.099878 0.007841 -0.084878
v -0.099874 0.007806 -0.084931
v -0.099915 0.007790 -0.084915
v -0.099877 0.007675 -0.084985
v -0.099941 0.007675 -0.084941
v -0.099800 0.007752 -0.084985
v -0.099878 0.007753 -0.084966
v -0.099931 0.007749 -0.084931
v -0.099985 0.007752 -0.084800
v -0.099941 0.007816 -0.084800
v -0.099985 0.007675 -0.084877
v -0.099966 0.007753 -0.084878
v -0.099931 0.007806 -0.084874
v 0.099800 0.005875 -0.075200
v 0.100000 0.006075 -0.075200
v 0.099800 0.006075 -0.075000
v 0.099877 0.005890 -0.075200
v 0.099941 0.005934 -0.075200
v 0.099800 0.005890 -0.075123
v 0.099878 0.005909 -0.075122
v 0.099931 0.005944 -0.075126
v 0.099915 0.005960 -0.075085
v 0.099985 0.006075 -0.075123
v 0.099941 0.006075 -0.075059
v 0.099985 0.005998 -0.075200
v 0.099966 0.005997 -0.075122
v 0.099931 0.006001 -0.075069
v 0.099800 0.005998 -0.075015
v 0.099800 0.005934 -0.075059
v 0.099877 0.006075 -0.075015
v 0.099878 0.005997 -0.075034
v 0.099874 0.005944 -0.075069
v 0.099800 0.007875 -0.075200
v 0.099800 0.007675 -0.075000
v 0.100000 0.007675 -0.075200
v 0.099800 0.007860 -0.075123
v 0.099800 0.007816 -0.075059
v 0.099877 0.007860 -0.075200
v 0.099878 0.007841 -0.075122
v 0.099874 0.007806 -0.075069
v 0.099915 0.007790 -0.075085
v 0.099877 0.007675 -0.075015
v 0.099941 0.007675 -0.075059
v 0.099800 0.007752 -0.075015
v 0.099878 0.007753 -0.075034
v 0.099931 0.007749 -0.075069
v 0.099985 0.007752 -0.075200
v 0.099941 0.007816 -0.075200
v 0.099985 0.007675 -0.075123
v 0.099966 0.007753 -0.075122
v 0.099931 0.007806 -0.075126
v 0.099800 0.005875 -0.084800
v 0.099800 0.006075 -0.085000
v 0.100000 0.006075 -0.084800
v 0.099800 0.005890 -0.084877
v 0.099800 0.005934 -0.084941
v 0.099877 0.005890 -0.084800
v 0.099878 0.005909 -0.084878
v 0.099874 0.005944 -0.084931
v 0.099915 0.005960 -0.084915
v 0.099877 0.006075 -0.084985
v 0.099941 0.006075 -0.084941
v 0.099800 0.005998 -0.084985
v 0.099878 0.005997 -0.084966
v 0.099931 0.006001 -0.084931
v 0.099985 0.005998 -0.084800
v 0.099941 0.005934 -0.084800
v 0.099985 0.006075 -0.084877
v 0.099966 0.005997 -0.084878
v 0.099931 0.005944 -0.084874
v 0.099800 0.007875 -0.084800
v 0.100000 0.007675 -0.084800
v 0.099800 0.007675 -0.085000
v 0.099877 0.007860 -0.084800
v 0.099941 0.007816 -0.084800
v 0.099800 0.007860 -0.084877
v 0.099878 0.007841 -0.084878
v 0.099931 0.007806 -0.084874
v 0.099915 0.007790 -0.084915
v 0.099985 0.007675 -0.084877
v 0.099941 0.007675 -0.084941
v 0.099985 0.007752 -0.084800
v 0.099966 0.007753 -0.084878
v 0.099931 0.007749 -0.084931
v 0.099800 0.007752 -0.084985
v 0.099800 0.007816 -0.084941
v 0.099877 0.007675 -0.084985
v 0.099878 0.007753 -0.084966
v 0.099874 0.007806 -0.084931
vn -0.2049 -0.9571 0.2049
vn -0.1818 -0.8152 0.5500
vn -0.5499 -0.8152 0.1819
vn -0.4931 -0.7167 0.4931
vn -0.2049 -0.2049 0.9571
vn -0.5500 -0.1819 0.8151
vn -0.1818 -0.5499 0.8152
vn -0.4931 -0.4931 0.7167
vn -0.9571 -0.2049 0.2050
vn -0.8151 -0.5500 0.1818
vn -0.8152 -0.1819 0.5499
vn -0.7166 -0.4931 0.4933
vn -0.2049 0.2050 0.9571
vn -0.1818 0.5500 0.8152
vn -0.5500 0.1819 0.8151
vn -0.4931 0.4931 0.7167
vn -0.2049 0.9571 0.2049
vn -0.5499 0.8152 0.1819
vn -0.1818 0.8152 0.5500
vn -0.4931 0.7167 0.4931
vn -0.9571 0.2049 0.2050
vn -0.8152 0.1819 0.5499
vn -0.8151 0.5500 0.1819
vn -0.7166 0.4931 0.4932
vn -0.2049 -0.9571 -0.2049
vn -0.5499 -0.8152 -0.1819
vn -0.1818 -0.8152 -0.5500
vn -0.4931 -0.7167 -0.4931
vn -0.9571 -0.2049 -0.2050
vn -0.8152 -0.1819 -0.5499
vn -0.8151 -0.5500 -0.1819
vn -0.7166 -0.4931 -0.4932
vn -0.2049 -0.2050 -0.9571
vn -0.1818 -0.5500 -0.8152
vn -0.5500 -0.1819 -0.8151
vn -0.4931 -0.4931 -0.7167
vn -0.2049 0.9571 -0.2049
vn -0.1818 0.8152 -0.5500
vn -0.5499 0.8152 -0.1819
vn -0.4931 0.7167 -0.4931
vn -0.2049 0.2049 -0.9571
vn -0.5500 0.1819 -0.8151
vn -0.1818 0.5499 -0.8152
vn -0.4931 0.4931 -0.7167
vn -0.9571 0.2049 -0.2050
vn -0.8151 0.5500 -0.1818
vn -0.8152 0.1819 -0.5499
vn -0.7166 0.4931 -0.4933
vn 0.2049 -0.9571 0.2049
vn 0.5499 -0.8152 0.1819
vn 0.1818 -0.8152 0.5500
vn 0.4931 -0.7167 0.4931
vn 0.9571 -0.2049 0.2050
vn 0.8152 -0.1819 0.5499
vn 0.8151 -0.5500 0.1819
vn 0.7166 -0.4931 0.4932
vn 0.2049 -0.2050 0.9571
vn 0.1818 -0.5500 0.8152
vn 0.5500 -0.1819 0.8151
vn 0.4931 -0.4931 0.7167
vn 0.2049 0.9571 0.2049
vn 0.1818 0.8152 0.5500
vn 0.5499 0.8152 0.1819
vn 0.4931 0.7167 0.4931
vn 0.2049 0.2049 0.9571
vn 0.5500 0.1819 0.8151
vn 0.1818 0.5499 0.8152
vn 0.4931 0.4931 0.7167
vn 0.9571 0.2049 0.2050
vn 0.8151 0.5500 0.1818
vn 0.8152 0.1819 0.5499
vn 0.7166 0.4931 0.4933
vn 0.2049 -0.9571 -0.2049
vn 0.1818 -0.8152 -0.5500
vn 0.5499 -0.8152 -0.1819
vn 0.4931 -0.7167 -0.4931
vn 0.2049 -0.2049 -0.9571
vn 0.5500 -0.1819 -0.8151
vn 0.1818 -0.5499 -0.8152
vn 0.4931 -0.4931 -0.7167
vn 0.9571 -0.2049 -0.2050
vn 0.8151 -0.5500 -0.1818
vn 0.8152 -0.1819 -0.5499
vn 0.7166 -0.4931 -0.4933
vn 0.2049 0.9571 -0.2049
vn 0.5499 0.8152 -0.1819
vn 0.1818 0.8152 -0.5500
vn 0.4931 0.7167 -0.4931
vn 0.9571 0.2049 -0.2050
vn 0.8152 0.1819 -0.5499
vn 0.8151 0.5500 -0.1819
vn 0.7166 0.4931 -0.4932
vn 0.2049 0.2050 -0.9571
vn 0.1818 0.5500 -0.8152
vn 0.5500 0.1819 -0.8151
vn 0.4931 0.4931 -0.7167
vn -0.1951 -0.9808 -0.0000
vn -0.5556 -0.8315 -0.0000
vn -0.8315 -0.5556 -0.0000
vn -0.9808 -0.1950 -0.0000
vn -0.1950 -0.0000 0.9808
vn -0.5556 -0.0000 0.8315
vn -0.8315 -0.0000 0.5556
vn -0.9808 -0.0000 0.1949
vn -0.1951 0.9808 -0.0000
vn -0.5556 0.8315 -0.0000
vn -0.8315 0.5556 -0.0000
vn -0.9808 0.1950 -0.0000
vn -0.1950 -0.0000 -0.9808
vn -0.5556 -0.0000 -0.8315
vn -0.8315 -0.0000 -0.5556
vn -0.9808 -0.0000 -0.1949
vn -0.0000 -0.9808 -0.1951
vn -0.0000 -0.8315 -0.5556
vn -0.0000 -0.5556 -0.8315
vn -0.0000 -0.1951 -0.9808
vn -0.0000 0.9808 -0.1951
vn -0.0000 0.8315 -0.5556
vn -0.0000 0.5556 -0.8315
vn -0.0000 0.1951 -0.9808
vn 0.9808 -0.0000 -0.1949
vn 0.8315 -0.0000 -0.5556
vn 0.5556 -0.0000 -0.8315
vn 0.1950 -0.0000 -0.9808
vn 0.1951 -0.9808 -0.0000
vn 0.5556 -0.8315 -0.0000
vn 0.8315 -0.5556 -0.0000
vn 0.9808 -0.1950 -0.0000
vn 0.1951 0.9808 -0.0000
vn 0.5556 0.8315 -0.0000
vn 0.8315 0.5556 -0.0000
vn 0.9808 0.1950 -0.0000
vn 0.1950 -0.0000 0.9808
vn 0.5556 -0.0000 0.8315
vn 0.8315 -0.0000 0.5556
vn 0.9808 -0.0000 0.1949
vn -0.0000 -0.9808 0.1951
vn -0.0000 -0.8315 0.5556
vn -0.0000 -0.5556 0.8315
vn -0.0000 -0.1951 0.9808
vn -0.0000 0.9808 0.1951
vn -0.0000 0.8315 0.5556
vn -0.0000 0.5556 0.8315
vn -0.0000 0.1951 0.9808
vn -0.0000 -1.0000 -0.0000
vn -1.0000 -0.0000 -0.0000
vn -0.0000 -0.0000 1.0000
vn -0.0000 1.0000 -0.0000
vn -0.0000 -0.0000 -1.0000
vn 1.0000 -0.0000 -0.0000
vt 0.125250 0.745000
vt 0.125250 0.746913
vt 0.125152 0.746961
vt 0.125154 0.745000
vt 0.125250 0.750000
vt 0.125157 0.750000
vt 0.125000 0.746862
vt 0.125000 0.745000
vt 0.125106 0.750000
vt 0.400000 0.999750
vt 0.400000 0.999846
vt 0.390193 0.999848
vt 0.390433 0.999750
vt 0.400000 1.000000
vt 0.390691 1.000000
vt 0.375000 0.999843
vt 0.375000 0.999750
vt 0.385566 1.000000
vt 0.400000 0.005000
vt 0.390433 0.005000
vt 0.390193 0.003039
vt 0.400000 0.003087
vt 0.375000 0.005000
vt 0.375000 0.003138
vt 0.390691 0.000000
vt 0.400000 0.000000
vt 0.375000 0.002113
vt 0.600000 0.999750
vt 0.609567 0.999750
vt 0.609807 0.999848
vt 0.600000 0.999846
vt 0.625000 0.999750
vt 0.625000 0.999843
vt 0.609309 1.000000
vt 0.600000 1.000000
vt 0.625000 0.999894
vt 0.874750 0.745000
vt 0.874846 0.745000
vt 0.874848 0.746961
vt 0.874750 0.746913
vt 0.875000 0.745000
vt 0.875000 0.746862
vt 0.874843 0.750000
vt 0.874750 0.750000
vt 0.875000 0.747887
vt 0.600000 0.005000
vt 0.600000 0.003087
vt 0.609807 0.003039
vt 0.609567 0.005000
vt 0.600000 0.000000
vt 0.609309 0.000000
vt 0.625000 0.003138
vt 0.625000 0.005000
vt 0.614434 0.000000
vt 0.125250 0.505000
vt 0.125154 0.505000
vt 0.125152 0.503039
vt 0.125250 0.503087
vt 0.125000 0.505000
vt 0.125000 0.503138
vt 0.125157 0.500000
vt 0.125250 0.500000
vt 0.125000 0.502113
vt 0.400000 0.245000
vt 0.400000 0.246913
vt 0.390193 0.246961
vt 0.390433 0.245000
vt 0.400000 0.250000
vt 0.390691 0.250000
vt 0.375000 0.246862
vt 0.375000 0.245000
vt 0.380283 0.250053
vt 0.400000 0.250250
vt 0.390433 0.250250
vt 0.390193 0.250152
vt 0.400000 0.250154
vt 0.375000 0.250250
vt 0.375000 0.250157
vt 0.874750 0.505000
vt 0.874750 0.503087
vt 0.874848 0.503039
vt 0.874846 0.505000
vt 0.874750 0.500000
vt 0.874843 0.500000
vt 0.875000 0.503138
vt 0.875000 0.505000
vt 0.874894 0.500000
vt 0.600000 0.250250
vt 0.600000 0.250154
vt 0.609807 0.250152
vt 0.609567 0.250250
vt 0.600000 0.250000
vt 0.609309 0.250000
vt 0.625000 0.250157
vt 0.625000 0.250250
vt 0.619717 0.248943
vt 0.600000 0.245000
vt 0.609567 0.245000
vt 0.609807 0.246961
vt 0.600000 0.246913
vt 0.625000 0.245000
vt 0.625000 0.246862
vt 0.374750 0.745000
vt 0.374846 0.745000
vt 0.374848 0.746961
vt 0.374750 0.746913
vt 0.375000 0.745000
vt 0.375000 0.746862
vt 0.374922 0.750078
vt 0.374875 0.750125
vt 0.378522 0.749331
vt 0.400000 0.745000
vt 0.400000 0.746913
vt 0.390193 0.746961
vt 0.390433 0.745000
vt 0.400000 0.750000
vt 0.390691 0.750000
vt 0.400000 0.750250
vt 0.390433 0.750250
vt 0.390193 0.750152
vt 0.400000 0.750154
vt 0.625250 0.745000
vt 0.625250 0.746913
vt 0.625152 0.746961
vt 0.625154 0.745000
vt 0.625125 0.750125
vt 0.625078 0.750078
vt 0.625000 0.746862
vt 0.625000 0.745000
vt 0.621513 0.749296
vt 0.600000 0.750250
vt 0.600000 0.750154
vt 0.609807 0.750152
vt 0.609567 0.750250
vt 0.600000 0.750000
vt 0.609309 0.750000
vt 0.600000 0.745000
vt 0.609567 0.745000
vt 0.609807 0.746961
vt 0.600000 0.746913
vt 0.374750 0.505000
vt 0.374750 0.503087
vt 0.374848 0.503039
vt 0.374846 0.505000
vt 0.374875 0.499875
vt 0.374922 0.499922
vt 0.375000 0.503138
vt 0.375000 0.505000
vt 0.378487 0.500704
vt 0.400000 0.499750
vt 0.400000 0.499846
vt 0.390193 0.499848
vt 0.390433 0.499750
vt 0.400000 0.500000
vt 0.390691 0.500000
vt 0.400000 0.505000
vt 0.390433 0.505000
vt 0.390193 0.503039
vt 0.400000 0.503087
vt 0.625250 0.505000
vt 0.625154 0.505000
vt 0.625152 0.503039
vt 0.625250 0.503087
vt 0.625000 0.505000
vt 0.625000 0.503138
vt 0.625078 0.499922
vt 0.625125 0.499875
vt 0.621478 0.500669
vt 0.600000 0.505000
vt 0.600000 0.503087
vt 0.609807 0.503039
vt 0.609567 0.505000
vt 0.600000 0.500000
vt 0.609309 0.500000
vt 0.600000 0.499750
vt 0.609567 0.499750
vt 0.609807 0.499848
vt 0.600000 0.499846
s 0
usemtl Copper
f 5009/6251/4739 5012/6252/4739 5015/6253/4739 5014/6254/4739
f 5012/6252/4740 5013/6255/4740 5016/6256/4740 5015/6253/4740
f 5014/6254/4741 5015/6253/4741 5027/6257/4741 5024/6258/4741
f 5015/6253/4742 5016/6256/4742 5017/6259/4742 5027/6257/4742
f 5010/6260/4743 5018/6261/4743 5021/6262/4743 5020/6263/4743
f 5018/6261/4744 5019/6264/4744 5022/6265/4744 5021/6262/4744
f 5020/6263/4745 5021/6262/4745 5016/6266/4745 5013/6267/4745
f 5021/6262/4746 5022/6265/4746 5017/6268/4746 5016/6266/4746
f 5011/6269/4747 5023/6270/4747 5026/6271/4747 5025/6272/4747
f 5023/6270/4748 5024/6273/4748 5027/6274/4748 5026/6271/4748
f 5025/6272/4749 5026/6271/4749 5022/6275/4749 5019/6276/4749
f 5026/6271/4750 5027/6274/4750 5017/6277/4750 5022/6275/4750
f 5028/6278/4751 5031/6279/4751 5034/6280/4751 5033/6281/4751
f 5031/6279/4752 5032/6282/4752 5035/6283/4752 5034/6280/4752
f 5033/6281/4753 5034/6280/4753 5046/6284/4753 5043/6285/4753
f 5034/6280/4754 5035/6283/4754 5036/6286/4754 5046/6284/4754
f 5029/6287/4755 5037/6288/4755 5040/6289/4755 5039/6290/4755
f 5037/6288/4756 5038/6291/4756 5041/6292/4756 5040/6289/4756
f 5039/6290/4757 5040/6289/4757 5035/6293/4757 5032/6294/4757
f 5040/6289/4758 5041/6292/4758 5036/6295/4758 5035/6293/4758
f 5030/6296/4759 5042/6297/4759 5045/6298/4759 5044/6299/4759
f 5042/6297/4760 5043/6300/4760 5046/6301/4760 5045/6298/4760
f 5044/6299/4761 5045/6298/4761 5041/6302/4761 5038/6303/4761
f 5045/6298/4762 5046/6301/4762 5036/6304/4762 5041/6302/4762
f 5047/6305/4763 5050/6306/4763 5053/6307/4763 5052/6308/4763
f 5050/6306/4764 5051/6309/4764 5054/6310/4764 5053/6307/4764
f 5052/6308/4765 5053/6307/4765 5065/6311/4765 5062/6312/4765
f 5053/6307/4766 5054/6310/4766 5055/6313/4766 5065/6311/4766
f 5048/6314/4767 5056/6315/4767 5059/6316/4767 5058/6317/4767
f 5056/6315/4768 5057/6318/4768 5060/6319/4768 5059/6316/4768
f 5058/6317/4769 5059/6316/4769 5054/6320/4769 5051/6321/4769
f 5059/6316/4770 5060/6319/4770 5055/6322/4770 5054/6320/4770
f 5049/6323/4771 5061/6324/4771 5064/6325/4771 5063/6326/4771
f 5061/6324/4772 5062/6327/4772 5065/6328/4772 5064/6325/4772
f 5063/6326/4773 5064/6325/4773 5060/6319/4773 5057/6318/4773
f 5064/6325/4774 5065/6328/4774 5055/6322/4774 5060/6319/4774
f 5066/6329/4775 5069/6330/4775 5072/6331/4775 5071/6332/4775
f 5069/6330/4776 5070/6333/4776 5073/6334/4776 5072/6331/4776
f 5071/6332/4777 5072/6331/4777 5084/6335/4777 5081/6336/4777
f 5072/6331/4778 5073/6334/4778 5074/6337/4778 5084/6335/4778
f 5067/6338/4779 5075/6339/4779 5078/6340/4779 5077/6341/4779
f 5075/6339/4780 5076/6342/4780 5079/6343/4780 5078/6340/4780
f 5077/6341/4781 5078/6340/4781 5073/6344/4781 5070/6345/4781
f 5078/6340/4782 5079/6343/4782 5074/6346/4782 5073/6344/4782
f 5068/6347/4783 5080/6348/4783 5083/6349/4783 5082/6350/4783
f 5080/6348/4784 5081/6351/4784 5084/6352/4784 5083/6349/4784
f 5082/6350/4785 5083/6349/4785 5079/6343/4785 5076/6342/4785
f 5083/6349/4786 5084/6352/4786 5074/6346/4786 5079/6343/4786
f 5085/6353/4787 5088/6354/4787 5091/6355/4787 5090/6356/4787
f 5088/6354/4788 5089/6357/4788 5092/6358/4788 5091/6355/4788
f 5090/6356/4789 5091/6355/4789 5103/6359/4789 5100/6360/4789
f 5091/6355/4790 5092/6358/4790 5093/6361/4790 5103/6359/4790
f 5086/6362/4791 5094/6363/4791 5097/6364/4791 5096/6365/4791
f 5094/6363/4792 5095/6366/4792 5098/6367/4792 5097/6364/4792
f 5096/6365/4793 5097/6364/4793 5092/6358/4793 5089/6357/4793
f 5097/6364/4794 5098/6367/4794 5093/6361/4794 5092/6358/4794
f 5087/6368/4795 5099/6369/4795 5102/6370/4795 5101/6371/4795
f 5099/6369/4796 5100/6360/4796 5103/6359/4796 5102/6370/4796
f 5101/6371/4797 5102/6370/4797 5098/6367/4797 5095/6366/4797
f 5102/6370/4798 5103/6359/4798 5093/6361/4798 5098/6367/4798
f 5104/6372/4799 5107/6373/4799 5110/6374/4799 5109/6375/4799
f 5107/6373/4800 5108/6376/4800 5111/6377/4800 5110/6374/4800
f 5109/6375/4801 5110/6374/4801 5122/6378/4801 5119/6379/4801
f 5110/6374/4802 5111/6377/4802 5112/6380/4802 5122/6378/4802
f 5105/6381/4803 5113/6382/4803 5116/6383/4803 5115/6384/4803
f 5113/6382/4804 5114/6385/4804 5117/6386/4804 5116/6383/4804
f 5115/6384/4805 5116/6383/4805 5111/6377/4805 5108/6376/4805
f 5116/6383/4806 5117/6386/4806 5112/6380/4806 5111/6377/4806
f 5106/6387/4807 5118/6388/4807 5121/6389/4807 5120/6390/4807
f 5118/6388/4808 5119/6379/4808 5122/6378/4808 5121/6389/4808
f 5120/6390/4809 5121/6389/4809 5117/6386/4809 5114/6385/4809
f 5121/6389/4810 5122/6378/4810 5112/6380/4810 5117/6386/4810
f 5123/6391/4811 5126/6392/4811 5129/6393/4811 5128/6394/4811
f 5126/6392/4812 5127/6395/4812 5130/6396/4812 5129/6393/4812
f 5128/6394/4813 5129/6393/4813 5141/6397/4813 5138/6398/4813
f 5129/6393/4814 5130/6396/4814 5131/6399/4814 5141/6397/4814
f 5124/6400/4815 5132/6401/4815 5135/6402/4815 5134/6403/4815
f 5132/6401/4816 5133/6404/4816 5136/6405/4816 5135/6402/4816
f 5134/6403/4817 5135/6402/4817 5130/6396/4817 5127/6395/4817
f 5135/6402/4818 5136/6405/4818 5131/6399/4818 5130/6396/4818
f 5125/6406/4819 5137/6407/4819 5140/6408/4819 5139/6409/4819
f 5137/6407/4820 5138/6398/4820 5141/6397/4820 5140/6408/4820
f 5139/6409/4821 5140/6408/4821 5136/6405/4821 5133/6404/4821
f 5140/6408/4822 5141/6397/4822 5131/6399/4822 5136/6405/4822
f 5142/6410/4823 5145/6411/4823 5148/6412/4823 5147/6413/4823
f 5145/6411/4824 5146/6414/4824 5149/6415/4824 5148/6412/4824
f 5147/6413/4825 5148/6412/4825 5160/6416/4825 5157/6417/4825
f 5148/6412/4826 5149/6415/4826 5150/6418/4826 5160/6416/4826
f 5143/6419/4827 5151/6420/4827 5154/6421/4827 5153/6422/4827
f 5151/6420/4828 5152/6423/4828 5155/6424/4828 5154/6421/4828
f 5153/6422/4829 5154/6421/4829 5149/6415/4829 5146/6414/4829
f 5154/6421/4830 5155/6424/4830 5150/6418/4830 5149/6415/4830
f 5144/6425/4831 5156/6426/4831 5159/6427/4831 5158/6428/4831
f 5156/6426/4832 5157/6417/4832 5160/6416/4832 5159/6427/4832
f 5158/6428/4833 5159/6427/4833 5155/6424/4833 5152/6423/4833
f 5159/6427/4834 5160/6416/4834 5150/6418/4834 5155/6424/4834
f 5047/6305/4835 5009/6251/4835 5014/6254/4835 5050/6306/4835
f 5050/6306/4836 5014/6254/4836 5024/6258/4836 5051/6309/4836
f 5051/6321/4837 5024/6273/4837 5023/6270/4837 5058/6317/4837
f 5058/6317/4838 5023/6270/4838 5011/6269/4838 5048/6314/4838
f 5010/6260/4839 5028/6278/4839 5033/6281/4839 5018/6261/4839
f 5018/6261/4840 5033/6281/4840 5043/6285/4840 5019/6264/4840
f 5019/6276/4841 5043/6300/4841 5042/6297/4841 5025/6272/4841
f 5025/6272/4842 5042/6297/4842 5030/6296/4842 5011/6269/4842
f 5029/6287/4843 5066/6329/4843 5071/6332/4843 5037/6288/4843
f 5037/6288/4844 5071/6332/4844 5081/6336/4844 5038/6291/4844
f 5038/6303/4845 5081/6351/4845 5080/6348/4845 5044/6299/4845
f 5044/6299/4846 5080/6348/4846 5068/6347/4846 5030/6296/4846
f 5067/6338/4847 5049/6323/4847 5063/6326/4847 5075/6339/4847
f 5075/6339/4848 5063/6326/4848 5057/6318/4848 5076/6342/4848
f 5076/6342/4849 5057/6318/4849 5056/6315/4849 5082/6350/4849
f 5082/6350/4850 5056/6315/4850 5048/6314/4850 5068/6347/4850
f 5123/6391/4851 5047/6305/4851 5052/6308/4851 5126/6392/4851
f 5126/6392/4852 5052/6308/4852 5062/6312/4852 5127/6395/4852
f 5127/6395/4853 5062/6327/4853 5061/6324/4853 5134/6403/4853
f 5134/6403/4854 5061/6324/4854 5049/6323/4854 5124/6400/4854
f 5066/6329/4855 5142/6410/4855 5147/6413/4855 5069/6330/4855
f 5069/6330/4856 5147/6413/4856 5157/6417/4856 5070/6333/4856
f 5070/6345/4857 5157/6417/4857 5156/6426/4857 5077/6341/4857
f 5077/6341/4858 5156/6426/4858 5144/6425/4858 5067/6338/4858
f 5143/6419/4859 5125/6406/4859 5139/6409/4859 5151/6420/4859
f 5151/6420/4860 5139/6409/4860 5133/6404/4860 5152/6423/4860
f 5152/6423/4861 5133/6404/4861 5132/6401/4861 5158/6428/4861
f 5158/6428/4862 5132/6401/4862 5124/6400/4862 5144/6425/4862
f 5085/6353/4863 5123/6391/4863 5128/6394/4863 5088/6354/4863
f 5088/6354/4864 5128/6394/4864 5138/6398/4864 5089/6357/4864
f 5089/6357/4865 5138/6398/4865 5137/6407/4865 5096/6365/4865
f 5096/6365/4866 5137/6407/4866 5125/6406/4866 5086/6362/4866
f 5142/6410/4867 5104/6372/4867 5109/6375/4867 5145/6411/4867
f 5145/6411/4868 5109/6375/4868 5119/6379/4868 5146/6414/4868
f 5146/6414/4869 5119/6379/4869 5118/6388/4869 5153/6422/4869
f 5153/6422/4870 5118/6388/4870 5106/6387/4870 5143/6419/4870
f 5105/6381/4871 5087/6368/4871 5101/6371/4871 5113/6382/4871
f 5113/6382/4872 5101/6371/4872 5095/6366/4872 5114/6385/4872
f 5114/6385/4873 5095/6366/4873 5094/6363/4873 5120/6390/4873
f 5120/6390/4874 5094/6363/4874 5086/6362/4874 5106/6387/4874
f 5009/6251/4875 5085/6353/4875 5090/6356/4875 5012/6252/4875
f 5012/6252/4876 5090/6356/4876 5100/6360/4876 5013/6255/4876
f 5013/6267/4877 5100/6360/4877 5099/6369/4877 5020/6263/4877
f 5020/6263/4878 5099/6369/4878 5087/6368/4878 5010/6260/4878
f 5104/6372/4879 5029/6287/4879 5039/6290/4879 5107/6373/4879
f 5107/6373/4880 5039/6290/4880 5032/6294/4880 5108/6376/4880
f 5108/6376/4881 5032/6282/4881 5031/6279/4881 5115/6384/4881
f 5115/6384/4882 5031/6279/4882 5028/6278/4882 5105/6381/4882
f 5047/6305/4883 5123/6391/4883 5085/6353/4883 5009/6251/4883
f 5011/6269/4884 5030/6296/4884 5068/6347/4884 5048/6314/4884
f 5087/6368/4885 5105/6381/4885 5028/6278/4885 5010/6260/4885
f 5142/6410/4886 5066/6329/4886 5029/6287/4886 5104/6372/4886
f 5049/6323/4887 5067/6338/4887 5144/6425/4887 5124/6400/4887
f 5125/6406/4888 5143/6419/4888 5106/6387/4888 5086/6362/4888
o 33_CoolingFan
v 0.100000 0.003375 -0.120000
v 0.100000 0.008375 -0.120000
v 0.103902 0.003375 -0.119616
v 0.103902 0.008375 -0.119616
v 0.107654 0.003375 -0.118478
v 0.107654 0.008375 -0.118478
v 0.111111 0.003375 -0.116629
v 0.111111 0.008375 -0.116629
v 0.114142 0.003375 -0.114142
v 0.114142 0.008375 -0.114142
v 0.116629 0.003375 -0.111111
v 0.116629 0.008375 -0.111111
v 0.118478 0.003375 -0.107654
v 0.118478 0.008375 -0.107654
v 0.119616 0.003375 -0.103902
v 0.119616 0.008375 -0.103902
v 0.120000 0.003375 -0.100000
v 0.120000 0.008375 -0.100000
v 0.119616 0.003375 -0.096098
v 0.119616 0.008375 -0.096098
v 0.118478 0.003375 -0.092346
v 0.118478 0.008375 -0.092346
v 0.116629 0.003375 -0.088889
v 0.116629 0.008375 -0.088889
v 0.114142 0.003375 -0.085858
v 0.114142 0.008375 -0.085858
v 0.111111 0.003375 -0.083371
v 0.111111 0.008375 -0.083371
v 0.107654 0.003375 -0.081522
v 0.107654 0.008375 -0.081522
v 0.103902 0.003375 -0.080384
v 0.103902 0.008375 -0.080384
v 0.100000 0.003375 -0.080000
v 0.100000 0.008375 -0.080000
v 0.096098 0.003375 -0.080384
v 0.096098 0.008375 -0.080384
v 0.092346 0.003375 -0.081522
v 0.092346 0.008375 -0.081522
v 0.088889 0.003375 -0.083371
v 0.088889 0.008375 -0.083371
v 0.085858 0.003375 -0.085858
v 0.085858 0.008375 -0.085858
v 0.083371 0.003375 -0.088889
v 0.083371 0.008375 -0.088889
v 0.081522 0.003375 -0.092346
v 0.081522 0.008375 -0.092346
v 0.080384 0.003375 -0.096098
v 0.080384 0.008375 -0.096098
v 0.080000 0.003375 -0.100000
v 0.080000 0.008375 -0.100000
v 0.080384 0.003375 -0.103902
v 0.080384 0.008375 -0.103902
v 0.081522 0.003375 -0.107654
v 0.081522 0.008375 -0.107654
v 0.083371 0.003375 -0.111111
v 0.083371 0.008375 -0.111111
v 0.085858 0.003375 -0.114142
v 0.085858 0.008375 -0.114142
v 0.088889 0.003375 -0.116629
v 0.088889 0.008375 -0.116629
v 0.092346 0.003375 -0.118478
v 0.092346 0.008375 -0.118478
v 0.096098 0.003375 -0.119616
v 0.096098 0.008375 -0.119616
vn 0.0980 -0.0000 -0.9952
vn 0.2903 -0.0000 -0.9569
vn 0.4714 -0.0000 -0.8819
vn 0.6344 -0.0000 -0.7730
vn 0.7730 -0.0000 -0.6344
vn 0.8819 -0.0000 -0.4714
vn 0.9569 -0.0000 -0.2903
vn 0.9952 -0.0000 -0.0980
vn 0.9952 -0.0000 0.0980
vn 0.9569 -0.0000 0.2903
vn 0.8819 -0.0000 0.4714
vn 0.7730 -0.0000 0.6344
vn 0.6344 -0.0000 0.7730
vn 0.4714 -0.0000 0.8819
vn 0.2903 -0.0000 0.9569
vn 0.0980 -0.0000 0.9952
vn -0.0980 -0.0000 0.9952
vn -0.2903 -0.0000 0.9569
vn -0.4714 -0.0000 0.8819
vn -0.6344 -0.0000 0.7730
vn -0.7730 -0.0000 0.6344
vn -0.8819 -0.0000 0.4714
vn -0.9569 -0.0000 0.2903
vn -0.9952 -0.0000 0.0980
vn -0.9952 -0.0000 -0.0980
vn -0.9569 -0.0000 -0.2903
vn -0.8819 -0.0000 -0.4714
vn -0.7730 -0.0000 -0.6344
vn -0.6344 -0.0000 -0.7730
vn -0.4714 -0.0000 -0.8819
vn -0.0000 1.0000 -0.0000
vn -0.2903 -0.0000 -0.9569
vn -0.0980 -0.0000 -0.9952
vn -0.0000 -1.0000 -0.0000
vt 1.000000 0.500000
vt 1.000000 1.000000
vt 0.968750 1.000000
vt 0.968750 0.500000
vt 0.937500 1.000000
vt 0.937500 0.500000
vt 0.906250 1.000000
vt 0.906250 0.500000
vt 0.875000 1.000000
vt 0.875000 0.500000
vt 0.843750 1.000000
vt 0.843750 0.500000
vt 0.812500 1.000000
vt 0.812500 0.500000
vt 0.781250 1.000000
vt 0.781250 0.500000
vt 0.750000 1.000000
vt 0.750000 0.500000
vt 0.718750 1.000000
vt 0.718750 0.500000
vt 0.687500 1.000000
vt 0.687500 0.500000
vt 0.656250 1.000000
vt 0.656250 0.500000
vt 0.625000 1.000000
vt 0.625000 0.500000
vt 0.593750 1.000000
vt 0.593750 0.500000
vt 0.562500 1.000000
vt 0.562500 0.500000
vt 0.531250 1.000000
vt 0.531250 0.500000
vt 0.500000 1.000000
vt 0.500000 0.500000
vt 0.468750 1.000000
vt 0.468750 0.500000
vt 0.437500 1.000000
vt 0.437500 0.500000
vt 0.406250 1.000000
vt 0.406250 0.500000
vt 0.375000 1.000000
vt 0.375000 0.500000
vt 0.343750 1.000000
vt 0.343750 0.500000
vt 0.312500 1.000000
vt 0.312500 0.500000
vt 0.281250 1.000000
vt 0.281250 0.500000
vt 0.250000 1.000000
vt 0.250000 0.500000
vt 0.218750 1.000000
vt 0.218750 0.500000
vt 0.187500 1.000000
vt 0.187500 0.500000
vt 0.156250 1.000000
vt 0.156250 0.500000
vt 0.125000 1.000000
vt 0.125000 0.500000
vt 0.093750 1.000000
vt 0.093750 0.500000
vt 0.062500 1.000000
vt 0.062500 0.500000
vt 0.296822 0.485388
vt 0.250000 0.490000
vt 0.203178 0.485388
vt 0.158156 0.471731
vt 0.116663 0.449553
vt 0.080294 0.419706
vt 0.050447 0.383337
vt 0.028269 0.341844
vt 0.014612 0.296822
vt 0.010000 0.250000
vt 0.014612 0.203178
vt 0.028269 0.158156
vt 0.050447 0.116663
vt 0.080294 0.080294
vt 0.116663 0.050447
vt 0.158156 0.028269
vt 0.203178 0.014612
vt 0.250000 0.010000
vt 0.296822 0.014612
vt 0.341844 0.028269
vt 0.383337 0.050447
vt 0.419706 0.080294
vt 0.449553 0.116663
vt 0.471731 0.158156
vt 0.485388 0.203178
vt 0.490000 0.250000
vt 0.485388 0.296822
vt 0.471731 0.341844
vt 0.449553 0.383337
vt 0.419706 0.419706
vt 0.383337 0.449553
vt 0.341844 0.471731
vt 0.031250 1.000000
vt 0.031250 0.500000
vt 0.000000 1.000000
vt 0.000000 0.500000
vt 0.750000 0.490000
vt 0.796822 0.485388
vt 0.841844 0.471731
vt 0.883337 0.449553
vt 0.919706 0.419706
vt 0.949553 0.383337
vt 0.971731 0.341844
vt 0.985388 0.296822
vt 0.990000 0.250000
vt 0.985388 0.203178
vt 0.971731 0.158156
vt 0.949553 0.116663
vt 0.919706 0.080294
vt 0.883337 0.050447
vt 0.841844 0.028269
vt 0.796822 0.014612
vt 0.750000 0.010000
vt 0.703178 0.014612
vt 0.658156 0.028269
vt 0.616663 0.050447
vt 0.580294 0.080294
vt 0.550447 0.116663
vt 0.528269 0.158156
vt 0.514612 0.203178
vt 0.510000 0.250000
vt 0.514612 0.296822
vt 0.528269 0.341844
vt 0.550447 0.383337
vt 0.580294 0.419706
vt 0.616663 0.449553
vt 0.658156 0.471731
vt 0.703178 0.485388
s 0
usemtl Plastic
f 5161/6429/4889 5162/6430/4889 5164/6431/4889 5163/6432/4889
f 5163/6432/4890 5164/6431/4890 5166/6433/4890 5165/6434/4890
f 5165/6434/4891 5166/6433/4891 5168/6435/4891 5167/6436/4891
f 5167/6436/4892 5168/6435/4892 5170/6437/4892 5169/6438/4892
f 5169/6438/4893 5170/6437/4893 5172/6439/4893 5171/6440/4893
f 5171/6440/4894 5172/6439/4894 5174/6441/4894 5173/6442/4894
f 5173/6442/4895 5174/6441/4895 5176/6443/4895 5175/6444/4895
f 5175/6444/4896 5176/6443/4896 5178/6445/4896 5177/6446/4896
f 5177/6446/4897 5178/6445/4897 5180/6447/4897 5179/6448/4897
f 5179/6448/4898 5180/6447/4898 5182/6449/4898 5181/6450/4898
f 5181/6450/4899 5182/6449/4899 5184/6451/4899 5183/6452/4899
f 5183/6452/4900 5184/6451/4900 5186/6453/4900 5185/6454/4900
f 5185/6454/4901 5186/6453/4901 5188/6455/4901 5187/6456/4901
f 5187/6456/4902 5188/6455/4902 5190/6457/4902 5189/6458/4902
f 5189/6458/4903 5190/6457/4903 5192/6459/4903 5191/6460/4903
f 5191/6460/4904 5192/6459/4904 5194/6461/4904 5193/6462/4904
f 5193/6462/4905 5194/6461/4905 5196/6463/4905 5195/6464/4905
f 5195/6464/4906 5196/6463/4906 5198/6465/4906 5197/6466/4906
f 5197/6466/4907 5198/6465/4907 5200/6467/4907 5199/6468/4907
f 5199/6468/4908 5200/6467/4908 5202/6469/4908 5201/6470/4908
f 5201/6470/4909 5202/6469/4909 5204/6471/4909 5203/6472/4909
f 5203/6472/4910 5204/6471/4910 5206/6473/4910 5205/6474/4910
f 5205/6474/4911 5206/6473/4911 5208/6475/4911 5207/6476/4911
f 5207/6476/4912 5208/6475/4912 5210/6477/4912 5209/6478/4912
f 5209/6478/4913 5210/6477/4913 5212/6479/4913 5211/6480/4913
f 5211/6480/4914 5212/6479/4914 5214/6481/4914 5213/6482/4914
f 5213/6482/4915 5214/6481/4915 5216/6483/4915 5215/6484/4915
f 5215/6484/4916 5216/6483/4916 5218/6485/4916 5217/6486/4916
f 5217/6486/4917 5218/6485/4917 5220/6487/4917 5219/6488/4917
f 5219/6488/4918 5220/6487/4918 5222/6489/4918 5221/6490/4918
f 5164/6491/4919 5162/6492/4919 5224/6493/4919 5222/6494/4919 5220/6495/4919 5218/6496/4919 5216/6497/4919 5214/6498/4919 5212/6499/4919 5210/6500/4919 5208/6501/4919 5206/6502/4919 5204/6503/4919 5202/6504/4919 5200/6505/4919 5198/6506/4919 5196/6507/4919 5194/6508/4919 5192/6509/4919 5190/6510/4919 5188/6511/4919 5186/6512/4919 5184/6513/4919 5182/6514/4919 5180/6515/4919 5178/6516/4919 5176/6517/4919 5174/6518/4919 5172/6519/4919 5170/6520/4919 5168/6521/4919 5166/6522/4919
f 5221/6490/4920 5222/6489/4920 5224/6523/4920 5223/6524/4920
f 5223/6524/4921 5224/6523/4921 5162/6525/4921 5161/6526/4921
f 5161/6527/4922 5163/6528/4922 5165/6529/4922 5167/6530/4922 5169/6531/4922 5171/6532/4922 5173/6533/4922 5175/6534/4922 5177/6535/4922 5179/6536/4922 5181/6537/4922 5183/6538/4922 5185/6539/4922 5187/6540/4922 5189/6541/4922 5191/6542/4922 5193/6543/4922 5195/6544/4922 5197/6545/4922 5199/6546/4922 5201/6547/4922 5203/6548/4922 5205/6549/4922 5207/6550/4922 5209/6551/4922 5211/6552/4922 5213/6553/4922 5215/6554/4922 5217/6555/4922 5219/6556/4922 5221/6557/4922 5223/6558/4922
o 34_VentChannels
v -0.099600 0.001875 -0.101000
v -0.099600 0.002275 -0.100600
v -0.100000 0.002275 -0.101000
v -0.099600 0.001905 -0.100847
v -0.099600 0.001992 -0.100717
v -0.099753 0.001905 -0.101000
v -0.099757 0.001942 -0.100843
v -0.099749 0.002012 -0.100737
v -0.099831 0.002044 -0.100769
v -0.099753 0.002275 -0.100630
v -0.099883 0.002275 -0.100717
v -0.099600 0.002122 -0.100630
v -0.099757 0.002118 -0.100667
v -0.099863 0.002126 -0.100737
v -0.099970 0.002122 -0.101000
v -0.099883 0.001992 -0.101000
v -0.099970 0.002275 -0.100847
v -0.099933 0.002118 -0.100843
v -0.099863 0.002012 -0.100851
v -0.099600 0.005475 -0.100600
v -0.099600 0.005875 -0.101000
v -0.100000 0.005475 -0.101000
v -0.099600 0.005628 -0.100630
v -0.099600 0.005758 -0.100717
v -0.099753 0.005475 -0.100630
v -0.099757 0.005632 -0.100667
v -0.099749 0.005738 -0.100737
v -0.099831 0.005706 -0.100769
v -0.099753 0.005845 -0.101000
v -0.099883 0.005758 -0.101000
v -0.099600 0.005845 -0.100847
v -0.099757 0.005808 -0.100843
v -0.099863 0.005738 -0.100851
v -0.099970 0.005475 -0.100847
v -0.099883 0.005475 -0.100717
v -0.099970 0.005628 -0.101000
v -0.099933 0.005632 -0.100843
v -0.099863 0.005624 -0.100737
v -0.099600 0.001875 -0.120200
v -0.100000 0.002275 -0.120200
v -0.099600 0.002275 -0.120600
v -0.099753 0.001905 -0.120200
v -0.099883 0.001992 -0.120200
v -0.099600 0.001905 -0.120353
v -0.099757 0.001942 -0.120357
v -0.099863 0.002012 -0.120349
v -0.099831 0.002044 -0.120431
v -0.099970 0.002275 -0.120353
v -0.099883 0.002275 -0.120483
v -0.099970 0.002122 -0.120200
v -0.099933 0.002118 -0.120357
v -0.099863 0.002126 -0.120463
v -0.099600 0.002122 -0.120570
v -0.099600 0.001992 -0.120483
v -0.099753 0.002275 -0.120570
v -0.099757 0.002118 -0.120533
v -0.099749 0.002012 -0.120463
v -0.099600 0.005875 -0.120200
v -0.099600 0.005475 -0.120600
v -0.100000 0.005475 -0.120200
v -0.099600 0.005845 -0.120353
v -0.099600 0.005758 -0.120483
v -0.099753 0.005845 -0.120200
v -0.099757 0.005808 -0.120357
v -0.099749 0.005738 -0.120463
v -0.099831 0.005706 -0.120431
v -0.099753 0.005475 -0.120570
v -0.099883 0.005475 -0.120483
v -0.099600 0.005628 -0.120570
v -0.099757 0.005632 -0.120533
v -0.099863 0.005624 -0.120463
v -0.099970 0.005628 -0.120200
v -0.099883 0.005758 -0.120200
v -0.099970 0.005475 -0.120353
v -0.099933 0.005632 -0.120357
v -0.099863 0.005738 -0.120349
v 0.099600 0.001875 -0.101000
v 0.100000 0.002275 -0.101000
v 0.099600 0.002275 -0.100600
v 0.099753 0.001905 -0.101000
v 0.099883 0.001992 -0.101000
v 0.099600 0.001905 -0.100847
v 0.099757 0.001942 -0.100843
v 0.099863 0.002012 -0.100851
v 0.099831 0.002044 -0.100769
v 0.099970 0.002275 -0.100847
v 0.099883 0.002275 -0.100717
v 0.099970 0.002122 -0.101000
v 0.099933 0.002118 -0.100843
v 0.099863 0.002126 -0.100737
v 0.099600 0.002122 -0.100630
v 0.099600 0.001992 -0.100717
v 0.099753 0.002275 -0.100630
v 0.099757 0.002118 -0.100667
v 0.099749 0.002012 -0.100737
v 0.099600 0.005875 -0.101000
v 0.099600 0.005475 -0.100600
v 0.100000 0.005475 -0.101000
v 0.099600 0.005845 -0.100847
v 0.099600 0.005758 -0.100717
v 0.099753 0.005845 -0.101000
v 0.099757 0.005808 -0.100843
v 0.099749 0.005738 -0.100737
v 0.099831 0.005706 -0.100769
v 0.099753 0.005475 -0.100630
v 0.099883 0.005475 -0.100717
v 0.099600 0.005628 -0.100630
v 0.099757 0.005632 -0.100667
v 0.099863 0.005624 -0.100737
v 0.099970 0.005628 -0.101000
v 0.099883 0.005758 -0.101000
v 0.099970 0.005475 -0.100847
v 0.099933 0.005632 -0.100843
v 0.099863 0.005738 -0.100851
v 0.099600 0.001875 -0.120200
v 0.099600 0.002275 -0.120600
v 0.100000 0.002275 -0.120200
v 0.099600 0.001905 -0.120353
v 0.099600 0.001992 -0.120483
v 0.099753 0.001905 -0.120200
v 0.099757 0.001942 -0.120357
v 0.099749 0.002012 -0.120463
v 0.099831 0.002044 -0.120431
v 0.099753 0.002275 -0.120570
v 0.099883 0.002275 -0.120483
v 0.099600 0.002122 -0.120570
v 0.099757 0.002118 -0.120533
v 0.099863 0.002126 -0.120463
v 0.099970 0.002122 -0.120200
v 0.099883 0.001992 -0.120200
v 0.099970 0.002275 -0.120353
v 0.099933 0.002118 -0.120357
v 0.099863 0.002012 -0.120349
v 0.099600 0.005875 -0.120200
v 0.100000 0.005475 -0.120200
v 0.099600 0.005475 -0.120600
v 0.099753 0.005845 -0.120200
v 0.099883 0.005758 -0.120200
v 0.099600 0.005845 -0.120353
v 0.099757 0.005808 -0.120357
v 0.099863 0.005738 -0.120349
v 0.099831 0.005706 -0.120431
v 0.099970 0.005475 -0.120353
v 0.099883 0.005475 -0.120483
v 0.099970 0.005628 -0.120200
v 0.099933 0.005632 -0.120357
v 0.099863 0.005624 -0.120463
v 0.099600 0.005628 -0.120570
v 0.099600 0.005758 -0.120483
v 0.099753 0.005475 -0.120570
v 0.099757 0.005632 -0.120533
v 0.099749 0.005738 -0.120463
vn -0.2049 -0.9571 0.2049
vn -0.1818 -0.8151 0.5500
vn -0.5500 -0.8152 0.1819
vn -0.4931 -0.7167 0.4931
vn -0.2049 -0.2049 0.9571
vn -0.5500 -0.1818 0.8152
vn -0.1818 -0.5499 0.8152
vn -0.4931 -0.4932 0.7167
vn -0.9571 -0.2049 0.2050
vn -0.8152 -0.5500 0.1818
vn -0.8151 -0.1818 0.5500
vn -0.7167 -0.4931 0.4932
vn -0.2049 0.2049 0.9571
vn -0.1818 0.5499 0.8152
vn -0.5499 0.1818 0.8152
vn -0.4932 0.4932 0.7167
vn -0.2049 0.9571 0.2049
vn -0.5500 0.8152 0.1819
vn -0.1818 0.8151 0.5500
vn -0.4931 0.7167 0.4931
vn -0.9571 0.2049 0.2050
vn -0.8151 0.1818 0.5500
vn -0.8152 0.5500 0.1818
vn -0.7167 0.4931 0.4931
vn -0.2049 -0.9571 -0.2049
vn -0.5500 -0.8152 -0.1819
vn -0.1818 -0.8151 -0.5500
vn -0.4931 -0.7167 -0.4931
vn -0.9571 -0.2049 -0.2050
vn -0.8151 -0.1818 -0.5500
vn -0.8152 -0.5500 -0.1818
vn -0.7167 -0.4931 -0.4931
vn -0.2049 -0.2049 -0.9571
vn -0.1818 -0.5499 -0.8152
vn -0.5499 -0.1818 -0.8152
vn -0.4932 -0.4932 -0.7167
vn -0.2049 0.9571 -0.2049
vn -0.1818 0.8151 -0.5500
vn -0.5500 0.8152 -0.1819
vn -0.4931 0.7167 -0.4931
vn -0.2049 0.2049 -0.9571
vn -0.5500 0.1818 -0.8152
vn -0.1818 0.5499 -0.8152
vn -0.4931 0.4932 -0.7167
vn -0.9571 0.2049 -0.2050
vn -0.8152 0.5500 -0.1818
vn -0.8151 0.1818 -0.5500
vn -0.7167 0.4931 -0.4932
vn 0.2049 -0.9571 0.2049
vn 0.5500 -0.8152 0.1819
vn 0.1818 -0.8151 0.5500
vn 0.4931 -0.7167 0.4931
vn 0.9571 -0.2049 0.2050
vn 0.8151 -0.1818 0.5500
vn 0.8152 -0.5500 0.1818
vn 0.7167 -0.4931 0.4931
vn 0.2049 -0.2049 0.9571
vn 0.1818 -0.5499 0.8152
vn 0.5499 -0.1818 0.8152
vn 0.4932 -0.4932 0.7167
vn 0.2049 0.9571 0.2049
vn 0.1818 0.8151 0.5500
vn 0.5500 0.8152 0.1819
vn 0.4931 0.7167 0.4931
vn 0.2049 0.2049 0.9571
vn 0.5500 0.1818 0.8152
vn 0.1818 0.5499 0.8152
vn 0.4931 0.4932 0.7167
vn 0.9571 0.2049 0.2050
vn 0.8152 0.5500 0.1818
vn 0.8151 0.1818 0.5500
vn 0.7167 0.4931 0.4932
vn 0.2049 -0.9571 -0.2049
vn 0.1818 -0.8151 -0.5500
vn 0.5500 -0.8152 -0.1819
vn 0.4931 -0.7167 -0.4931
vn 0.2049 -0.2049 -0.9571
vn 0.5500 -0.1818 -0.8152
vn 0.1818 -0.5499 -0.8152
vn 0.4931 -0.4932 -0.7167
vn 0.9571 -0.2049 -0.2050
vn 0.8152 -0.5500 -0.1818
vn 0.8151 -0.1818 -0.5500
vn 0.7167 -0.4931 -0.4932
vn 0.2049 0.9571 -0.2049
vn 0.5500 0.8152 -0.1819
vn 0.1818 0.8151 -0.5500
vn 0.4931 0.7167 -0.4931
vn 0.9571 0.2049 -0.2050
vn 0.8151 0.1818 -0.5500
vn 0.8152 0.5500 -0.1818
vn 0.7167 0.4931 -0.4931
vn 0.2049 0.2049 -0.9571
vn 0.1818 0.5499 -0.8152
vn 0.5499 0.1818 -0.8152
vn 0.4932 0.4932 -0.7167
vn -0.1951 -0.9808 -0.0000
vn -0.5556 -0.8315 -0.0000
vn -0.8315 -0.5556 -0.0000
vn -0.9808 -0.1951 -0.0000
vn -0.1951 -0.0000 0.9808
vn -0.5556 -0.0000 0.8315
vn -0.8315 -0.0000 0.5556
vn -0.9808 -0.0000 0.1950
vn -0.1951 0.9808 -0.0000
vn -0.5556 0.8315 -0.0000
vn -0.8315 0.5556 -0.0000
vn -0.9808 0.1951 -0.0000
vn -0.1951 -0.0000 -0.9808
vn -0.5556 -0.0000 -0.8315
vn -0.8315 -0.0000 -0.5556
vn -0.9808 -0.0000 -0.1950
vn -0.0000 -0.9808 -0.1951
vn -0.0000 -0.8315 -0.5556
vn -0.0000 -0.5556 -0.8315
vn -0.0000 -0.1951 -0.9808
vn -0.0000 0.9808 -0.1951
vn -0.0000 0.8315 -0.5556
vn -0.0000 0.5556 -0.8315
vn -0.0000 0.1951 -0.9808
vn 0.9808 -0.0000 -0.1950
vn 0.8315 -0.0000 -0.5556
vn 0.5556 -0.0000 -0.8315
vn 0.1951 -0.0000 -0.9808
vn 0.1951 -0.9808 -0.0000
vn 0.5556 -0.8315 -0.0000
vn 0.8315 -0.5556 -0.0000
vn 0.9808 -0.1951 -0.0000
vn 0.1951 0.9808 -0.0000
vn 0.5556 0.8315 -0.0000
vn 0.8315 0.5556 -0.0000
vn 0.9808 0.1951 -0.0000
vn 0.1951 -0.0000 0.9808
vn 0.5556 -0.0000 0.8315
vn 0.8315 -0.0000 0.5556
vn 0.9808 -0.0000 0.1950
vn -0.0000 -0.9808 0.1951
vn -0.0000 -0.8315 0.5556
vn -0.0000 -0.5556 0.8315
vn -0.0000 -0.1951 0.9808
vn -0.0000 0.9808 0.1951
vn -0.0000 0.8315 0.5556
vn -0.0000 0.5556 0.8315
vn -0.0000 0.1951 0.9808
vn -0.0000 -1.0000 -0.0000
vn -1.0000 -0.0000 -0.0000
vn -0.0000 -0.0000 1.0000
vn -0.0000 1.0000 -0.0000
vn -0.0000 -0.0000 -1.0000
vn 1.0000 -0.0000 -0.0000
vt 0.125500 0.745000
vt 0.125500 0.746913
vt 0.125304 0.746961
vt 0.125309 0.745000
vt 0.125500 0.750000
vt 0.125314 0.750000
vt 0.125000 0.746862
vt 0.125000 0.745000
vt 0.125211 0.750000
vt 0.400000 0.999500
vt 0.400000 0.999691
vt 0.390193 0.999696
vt 0.390433 0.999500
vt 0.400000 1.000000
vt 0.390691 1.000000
vt 0.375000 0.999686
vt 0.375000 0.999500
vt 0.385566 1.000000
vt 0.400000 0.005000
vt 0.390433 0.005000
vt 0.390193 0.003039
vt 0.400000 0.003087
vt 0.375000 0.005000
vt 0.375000 0.003138
vt 0.390691 0.000000
vt 0.400000 0.000000
vt 0.375000 0.002113
vt 0.600000 0.999500
vt 0.609567 0.999500
vt 0.609807 0.999696
vt 0.600000 0.999691
vt 0.625000 0.999500
vt 0.625000 0.999686
vt 0.609309 1.000000
vt 0.600000 1.000000
vt 0.625000 0.999789
vt 0.874500 0.745000
vt 0.874691 0.745000
vt 0.874696 0.746961
vt 0.874500 0.746913
vt 0.875000 0.745000
vt 0.875000 0.746862
vt 0.874686 0.750000
vt 0.874500 0.750000
vt 0.875000 0.747887
vt 0.600000 0.005000
vt 0.600000 0.003087
vt 0.609807 0.003039
vt 0.609567 0.005000
vt 0.600000 0.000000
vt 0.609309 0.000000
vt 0.625000 0.003138
vt 0.625000 0.005000
vt 0.614434 0.000000
vt 0.125500 0.505000
vt 0.125309 0.505000
vt 0.125304 0.503039
vt 0.125500 0.503087
vt 0.125000 0.505000
vt 0.125000 0.503138
vt 0.125314 0.500000
vt 0.125500 0.500000
vt 0.125000 0.502113
vt 0.400000 0.245000
vt 0.400000 0.246913
vt 0.390193 0.246961
vt 0.390433 0.245000
vt 0.400000 0.250000
vt 0.390691 0.250000
vt 0.375000 0.246862
vt 0.375000 0.245000
vt 0.380283 0.250106
vt 0.400000 0.250500
vt 0.390433 0.250500
vt 0.390193 0.250304
vt 0.400000 0.250309
vt 0.375000 0.250500
vt 0.375000 0.250314
vt 0.874500 0.505000
vt 0.874500 0.503087
vt 0.874696 0.503039
vt 0.874691 0.505000
vt 0.874500 0.500000
vt 0.874686 0.500000
vt 0.875000 0.503138
vt 0.875000 0.505000
vt 0.874789 0.500000
vt 0.600000 0.250500
vt 0.600000 0.250309
vt 0.609807 0.250304
vt 0.609567 0.250500
vt 0.600000 0.250000
vt 0.609309 0.250000
vt 0.625000 0.250314
vt 0.625000 0.250500
vt 0.619717 0.248943
vt 0.600000 0.245000
vt 0.609567 0.245000
vt 0.609807 0.246961
vt 0.600000 0.246913
vt 0.625000 0.245000
vt 0.625000 0.246862
vt 0.374500 0.745000
vt 0.374691 0.745000
vt 0.374696 0.746961
vt 0.374500 0.746913
vt 0.375000 0.745000
vt 0.375000 0.746862
vt 0.374843 0.750157
vt 0.374750 0.750250
vt 0.378522 0.749366
vt 0.400000 0.745000
vt 0.400000 0.746913
vt 0.390193 0.746961
vt 0.390433 0.745000
vt 0.400000 0.750000
vt 0.390691 0.750000
vt 0.400000 0.750500
vt 0.390433 0.750500
vt 0.390193 0.750304
vt 0.400000 0.750309
vt 0.625500 0.745000
vt 0.625500 0.746913
vt 0.625304 0.746961
vt 0.625309 0.745000
vt 0.625250 0.750250
vt 0.625157 0.750157
vt 0.625000 0.746862
vt 0.625000 0.745000
vt 0.621548 0.749296
vt 0.600000 0.750500
vt 0.600000 0.750309
vt 0.609807 0.750304
vt 0.609567 0.750500
vt 0.600000 0.750000
vt 0.609309 0.750000
vt 0.600000 0.745000
vt 0.609567 0.745000
vt 0.609807 0.746961
vt 0.600000 0.746913
vt 0.374500 0.505000
vt 0.374500 0.503087
vt 0.374696 0.503039
vt 0.374691 0.505000
vt 0.374750 0.499750
vt 0.374843 0.499843
vt 0.375000 0.503138
vt 0.375000 0.505000
vt 0.378452 0.500704
vt 0.400000 0.499500
vt 0.400000 0.499691
vt 0.390193 0.499696
vt 0.390433 0.499500
vt 0.400000 0.500000
vt 0.390691 0.500000
vt 0.400000 0.505000
vt 0.390433 0.505000
vt 0.390193 0.503039
vt 0.400000 0.503087
vt 0.625500 0.505000
vt 0.625309 0.505000
vt 0.625304 0.503039
vt 0.625500 0.503087
vt 0.625000 0.505000
vt 0.625000 0.503138
vt 0.625157 0.499843
vt 0.625250 0.499750
vt 0.621478 0.500634
vt 0.600000 0.505000
vt 0.600000 0.503087
vt 0.609807 0.503039
vt 0.609567 0.505000
vt 0.600000 0.500000
vt 0.609309 0.500000
vt 0.600000 0.499500
vt 0.609567 0.499500
vt 0.609807 0.499696
vt 0.600000 0.499691
s 0
usemtl MatteBlackAluminum
f 5225/6559/4923 5228/6560/4923 5231/6561/4923 5230/6562/4923
f 5228/6560/4924 5229/6563/4924 5232/6564/4924 5231/6561/4924
f 5230/6562/4925 5231/6561/4925 5243/6565/4925 5240/6566/4925
f 5231/6561/4926 5232/6564/4926 5233/6567/4926 5243/6565/4926
f 5226/6568/4927 5234/6569/4927 5237/6570/4927 5236/6571/4927
f 5234/6569/4928 5235/6572/4928 5238/6573/4928 5237/6570/4928
f 5236/6571/4929 5237/6570/4929 5232/6574/4929 5229/6575/4929
f 5237/6570/4930 5238/6573/4930 5233/6576/4930 5232/6574/4930
f 5227/6577/4931 5239/6578/4931 5242/6579/4931 5241/6580/4931
f 5239/6578/4932 5240/6581/4932 5243/6582/4932 5242/6579/4932
f 5241/6580/4933 5242/6579/4933 5238/6583/4933 5235/6584/4933
f 5242/6579/4934 5243/6582/4934 5233/6585/4934 5238/6583/4934
f 5244/6586/4935 5247/6587/4935 5250/6588/4935 5249/6589/4935
f 5247/6587/4936 5248/6590/4936 5251/6591/4936 5250/6588/4936
f 5249/6589/4937 5250/6588/4937 5262/6592/4937 5259/6593/4937
f 5250/6588/4938 5251/6591/4938 5252/6594/4938 5262/6592/4938
f 5245/6595/4939 5253/6596/4939 5256/6597/4939 5255/6598/4939
f 5253/6596/4940 5254/6599/4940 5257/6600/4940 5256/6597/4940
f 5255/6598/4941 5256/6597/4941 5251/6601/4941 5248/6602/4941
f 5256/6597/4942 5257/6600/4942 5252/6603/4942 5251/6601/4942
f 5246/6604/4943 5258/6605/4943 5261/6606/4943 5260/6607/4943
f 5258/6605/4944 5259/6608/4944 5262/6609/4944 5261/6606/4944
f 5260/6607/4945 5261/6606/4945 5257/6610/4945 5254/6611/4945
f 5261/6606/4946 5262/6609/4946 5252/6612/4946 5257/6610/4946
f 5263/6613/4947 5266/6614/4947 5269/6615/4947 5268/6616/4947
f 5266/6614/4948 5267/6617/4948 5270/6618/4948 5269/6615/4948
f 5268/6616/4949 5269/6615/4949 5281/6619/4949 5278/6620/4949
f 5269/6615/4950 5270/6618/4950 5271/6621/4950 5281/6619/4950
f 5264/6622/4951 5272/6623/4951 5275/6624/4951 5274/6625/4951
f 5272/6623/4952 5273/6626/4952 5276/6627/4952 5275/6624/4952
f 5274/6625/4953 5275/6624/4953 5270/6628/4953 5267/6629/4953
f 5275/6624/4954 5276/6627/4954 5271/6630/4954 5270/6628/4954
f 5265/6631/4955 5277/6632/4955 5280/6633/4955 5279/6634/4955
f 5277/6632/4956 5278/6635/4956 5281/6636/4956 5280/6633/4956
f 5279/6634/4957 5280/6633/4957 5276/6627/4957 5273/6626/4957
f 5280/6633/4958 5281/6636/4958 5271/6630/4958 5276/6627/4958
f 5282/6637/4959 5285/6638/4959 5288/6639/4959 5287/6640/4959
f 5285/6638/4960 5286/6641/4960 5289/6642/4960 5288/6639/4960
f 5287/6640/4961 5288/6639/4961 5300/6643/4961 5297/6644/4961
f 5288/6639/4962 5289/6642/4962 5290/6645/4962 5300/6643/4962
f 5283/6646/4963 5291/6647/4963 5294/6648/4963 5293/6649/4963
f 5291/6647/4964 5292/6650/4964 5295/6651/4964 5294/6648/4964
f 5293/6649/4965 5294/6648/4965 5289/6652/4965 5286/6653/4965
f 5294/6648/4966 5295/6651/4966 5290/6654/4966 5289/6652/4966
f 5284/6655/4967 5296/6656/4967 5299/6657/4967 5298/6658/4967
f 5296/6656/4968 5297/6659/4968 5300/6660/4968 5299/6657/4968
f 5298/6658/4969 5299/6657/4969 5295/6651/4969 5292/6650/4969
f 5299/6657/4970 5300/6660/4970 5290/6654/4970 5295/6651/4970
f 5301/6661/4971 5304/6662/4971 5307/6663/4971 5306/6664/4971
f 5304/6662/4972 5305/6665/4972 5308/6666/4972 5307/6663/4972
f 5306/6664/4973 5307/6663/4973 5319/6667/4973 5316/6668/4973
f 5307/6663/4974 5308/6666/4974 5309/6669/4974 5319/6667/4974
f 5302/6670/4975 5310/6671/4975 5313/6672/4975 5312/6673/4975
f 5310/6671/4976 5311/6674/4976 5314/6675/4976 5313/6672/4976
f 5312/6673/4977 5313/6672/4977 5308/6666/4977 5305/6665/4977
f 5313/6672/4978 5314/6675/4978 5309/6669/4978 5308/6666/4978
f 5303/6676/4979 5315/6677/4979 5318/6678/4979 5317/6679/4979
f 5315/6677/4980 5316/6668/4980 5319/6667/4980 5318/6678/4980
f 5317/6679/4981 5318/6678/4981 5314/6675/4981 5311/6674/4981
f 5318/6678/4982 5319/6667/4982 5309/6669/4982 5314/6675/4982
f 5320/6680/4983 5323/6681/4983 5326/6682/4983 5325/6683/4983
f 5323/6681/4984 5324/6684/4984 5327/6685/4984 5326/6682/4984
f 5325/6683/4985 5326/6682/4985 5338/6686/4985 5335/6687/4985
f 5326/6682/4986 5327/6685/4986 5328/6688/4986 5338/6686/4986
f 5321/6689/4987 5329/6690/4987 5332/6691/4987 5331/6692/4987
f 5329/6690/4988 5330/6693/4988 5333/6694/4988 5332/6691/4988
f 5331/6692/4989 5332/6691/4989 5327/6685/4989 5324/6684/4989
f 5332/6691/4990 5333/6694/4990 5328/6688/4990 5327/6685/4990
f 5322/6695/4991 5334/6696/4991 5337/6697/4991 5336/6698/4991
f 5334/6696/4992 5335/6687/4992 5338/6686/4992 5337/6697/4992
f 5336/6698/4993 5337/6697/4993 5333/6694/4993 5330/6693/4993
f 5337/6697/4994 5338/6686/4994 5328/6688/4994 5333/6694/4994
f 5339/6699/4995 5342/6700/4995 5345/6701/4995 5344/6702/4995
f 5342/6700/4996 5343/6703/4996 5346/6704/4996 5345/6701/4996
f 5344/6702/4997 5345/6701/4997 5357/6705/4997 5354/6706/4997
f 5345/6701/4998 5346/6704/4998 5347/6707/4998 5357/6705/4998
f 5340/6708/4999 5348/6709/4999 5351/6710/4999 5350/6711/4999
f 5348/6709/5000 5349/6712/5000 5352/6713/5000 5351/6710/5000
f 5350/6711/5001 5351/6710/5001 5346/6704/5001 5343/6703/5001
f 5351/6710/5002 5352/6713/5002 5347/6707/5002 5346/6704/5002
f 5341/6714/5003 5353/6715/5003 5356/6716/5003 5355/6717/5003
f 5353/6715/5004 5354/6706/5004 5357/6705/5004 5356/6716/5004
f 5355/6717/5005 5356/6716/5005 5352/6713/5005 5349/6712/5005
f 5356/6716/5006 5357/6705/5006 5347/6707/5006 5352/6713/5006
f 5358/6718/5007 5361/6719/5007 5364/6720/5007 5363/6721/5007
f 5361/6719/5008 5362/6722/5008 5365/6723/5008 5364/6720/5008
f 5363/6721/5009 5364/6720/5009 5376/6724/5009 5373/6725/5009
f 5364/6720/5010 5365/6723/5010 5366/6726/5010 5376/6724/5010
f 5359/6727/5011 5367/6728/5011 5370/6729/5011 5369/6730/5011
f 5367/6728/5012 5368/6731/5012 5371/6732/5012 5370/6729/5012
f 5369/6730/5013 5370/6729/5013 5365/6723/5013 5362/6722/5013
f 5370/6729/5014 5371/6732/5014 5366/6726/5014 5365/6723/5014
f 5360/6733/5015 5372/6734/5015 5375/6735/5015 5374/6736/5015
f 5372/6734/5016 5373/6725/5016 5376/6724/5016 5375/6735/5016
f 5374/6736/5017 5375/6735/5017 5371/6732/5017 5368/6731/5017
f 5375/6735/5018 5376/6724/5018 5366/6726/5018 5371/6732/5018
f 5263/6613/5019 5225/6559/5019 5230/6562/5019 5266/6614/5019
f 5266/6614/5020 5230/6562/5020 5240/6566/5020 5267/6617/5020
f 5267/6629/5021 5240/6581/5021 5239/6578/5021 5274/6625/5021
f 5274/6625/5022 5239/6578/5022 5227/6577/5022 5264/6622/5022
f 5226/6568/5023 5244/6586/5023 5249/6589/5023 5234/6569/5023
f 5234/6569/5024 5249/6589/5024 5259/6593/5024 5235/6572/5024
f 5235/6584/5025 5259/6608/5025 5258/6605/5025 5241/6580/5025
f 5241/6580/5026 5258/6605/5026 5246/6604/5026 5227/6577/5026
f 5245/6595/5027 5282/6637/5027 5287/6640/5027 5253/6596/5027
f 5253/6596/5028 5287/6640/5028 5297/6644/5028 5254/6599/5028
f 5254/6611/5029 5297/6659/5029 5296/6656/5029 5260/6607/5029
f 5260/6607/5030 5296/6656/5030 5284/6655/5030 5246/6604/5030
f 5283/6646/5031 5265/6631/5031 5279/6634/5031 5291/6647/5031
f 5291/6647/5032 5279/6634/5032 5273/6626/5032 5292/6650/5032
f 5292/6650/5033 5273/6626/5033 5272/6623/5033 5298/6658/5033
f 5298/6658/5034 5272/6623/5034 5264/6622/5034 5284/6655/5034
f 5339/6699/5035 5263/6613/5035 5268/6616/5035 5342/6700/5035
f 5342/6700/5036 5268/6616/5036 5278/6620/5036 5343/6703/5036
f 5343/6703/5037 5278/6635/5037 5277/6632/5037 5350/6711/5037
f 5350/6711/5038 5277/6632/5038 5265/6631/5038 5340/6708/5038
f 5282/6637/5039 5358/6718/5039 5363/6721/5039 5285/6638/5039
f 5285/6638/5040 5363/6721/5040 5373/6725/5040 5286/6641/5040
f 5286/6653/5041 5373/6725/5041 5372/6734/5041 5293/6649/5041
f 5293/6649/5042 5372/6734/5042 5360/6733/5042 5283/6646/5042
f 5359/6727/5043 5341/6714/5043 5355/6717/5043 5367/6728/5043
f 5367/6728/5044 5355/6717/5044 5349/6712/5044 5368/6731/5044
f 5368/6731/5045 5349/6712/5045 5348/6709/5045 5374/6736/5045
f 5374/6736/5046 5348/6709/5046 5340/6708/5046 5360/6733/5046
f 5301/6661/5047 5339/6699/5047 5344/6702/5047 5304/6662/5047
f 5304/6662/5048 5344/6702/5048 5354/6706/5048 5305/6665/5048
f 5305/6665/5049 5354/6706/5049 5353/6715/5049 5312/6673/5049
f 5312/6673/5050 5353/6715/5050 5341/6714/5050 5302/6670/5050
f 5358/6718/5051 5320/6680/5051 5325/6683/5051 5361/6719/5051
f 5361/6719/5052 5325/6683/5052 5335/6687/5052 5362/6722/5052
f 5362/6722/5053 5335/6687/5053 5334/6696/5053 5369/6730/5053
f 5369/6730/5054 5334/6696/5054 5322/6695/5054 5359/6727/5054
f 5321/6689/5055 5303/6676/5055 5317/6679/5055 5329/6690/5055
f 5329/6690/5056 5317/6679/5056 5311/6674/5056 5330/6693/5056
f 5330/6693/5057 5311/6674/5057 5310/6671/5057 5336/6698/5057
f 5336/6698/5058 5310/6671/5058 5302/6670/5058 5322/6695/5058
f 5225/6559/5059 5301/6661/5059 5306/6664/5059 5228/6560/5059
f 5228/6560/5060 5306/6664/5060 5316/6668/5060 5229/6563/5060
f 5229/6575/5061 5316/6668/5061 5315/6677/5061 5236/6571/5061
f 5236/6571/5062 5315/6677/5062 5303/6676/5062 5226/6568/5062
f 5320/6680/5063 5245/6595/5063 5255/6598/5063 5323/6681/5063
f 5323/6681/5064 5255/6598/5064 5248/6602/5064 5324/6684/5064
f 5324/6684/5065 5248/6590/5065 5247/6587/5065 5331/6692/5065
f 5331/6692/5066 5247/6587/5066 5244/6586/5066 5321/6689/5066
f 5263/6613/5067 5339/6699/5067 5301/6661/5067 5225/6559/5067
f 5227/6577/5068 5246/6604/5068 5284/6655/5068 5264/6622/5068
f 5303/6676/5069 5321/6689/5069 5244/6586/5069 5226/6568/5069
f 5358/6718/5070 5282/6637/5070 5245/6595/5070 5320/6680/5070
f 5265/6631/5071 5283/6646/5071 5360/6733/5071 5340/6708/5071
f 5341/6714/5072 5359/6727/5072 5322/6695/5072 5302/6670/5072
o 36_ThunderboltInternals
v -0.151000 0.002375 -0.040300
v -0.151000 0.002675 -0.040000
v -0.151300 0.002675 -0.040300
v -0.151000 0.002398 -0.040185
v -0.151000 0.002463 -0.040088
v -0.151115 0.002398 -0.040300
v -0.151118 0.002425 -0.040182
v -0.151112 0.002478 -0.040103
v -0.151173 0.002502 -0.040127
v -0.151115 0.002675 -0.040023
v -0.151212 0.002675 -0.040088
v -0.151000 0.002560 -0.040023
v -0.151118 0.002557 -0.040050
v -0.151197 0.002563 -0.040103
v -0.151277 0.002560 -0.040300
v -0.151212 0.002463 -0.040300
v -0.151277 0.002675 -0.040185
v -0.151250 0.002557 -0.040182
v -0.151197 0.002478 -0.040188
v -0.151000 0.005075 -0.040000
v -0.151000 0.005375 -0.040300
v -0.151300 0.005075 -0.040300
v -0.151000 0.005190 -0.040023
v -0.151000 0.005287 -0.040088
v -0.151115 0.005075 -0.040023
v -0.151118 0.005193 -0.040050
v -0.151112 0.005272 -0.040103
v -0.151173 0.005248 -0.040127
v -0.151115 0.005352 -0.040300
v -0.151212 0.005287 -0.040300
v -0.151000 0.005352 -0.040185
v -0.151118 0.005325 -0.040182
v -0.151197 0.005272 -0.040188
v -0.151277 0.005075 -0.040185
v -0.151212 0.005075 -0.040088
v -0.151277 0.005190 -0.040300
v -0.151250 0.005193 -0.040182
v -0.151197 0.005187 -0.040103
v -0.151000 0.002375 -0.059700
v -0.151300 0.002675 -0.059700
v -0.151000 0.002675 -0.060000
v -0.151115 0.002398 -0.059700
v -0.151212 0.002463 -0.059700
v -0.151000 0.002398 -0.059815
v -0.151118 0.002425 -0.059818
v -0.151197 0.002478 -0.059812
v -0.151173 0.002502 -0.059873
v -0.151277 0.002675 -0.059815
v -0.151212 0.002675 -0.059912
v -0.151277 0.002560 -0.059700
v -0.151250 0.002557 -0.059818
v -0.151197 0.002563 -0.059897
v -0.151000 0.002560 -0.059977
v -0.151000 0.002463 -0.059912
v -0.151115 0.002675 -0.059977
v -0.151118 0.002557 -0.059950
v -0.151112 0.002478 -0.059897
v -0.151000 0.005375 -0.059700
v -0.151000 0.005075 -0.060000
v -0.151300 0.005075 -0.059700
v -0.151000 0.005352 -0.059815
v -0.151000 0.005287 -0.059912
v -0.151115 0.005352 -0.059700
v -0.151118 0.005325 -0.059818
v -0.151112 0.005272 -0.059897
v -0.151173 0.005248 -0.059873
v -0.151115 0.005075 -0.059977
v -0.151212 0.005075 -0.059912
v -0.151000 0.005190 -0.059977
v -0.151118 0.005193 -0.059950
v -0.151197 0.005187 -0.059897
v -0.151277 0.005190 -0.059700
v -0.151212 0.005287 -0.059700
v -0.151277 0.005075 -0.059815
v -0.151250 0.005193 -0.059818
v -0.151197 0.005272 -0.059812
v -0.141600 0.002375 -0.040300
v -0.141300 0.002675 -0.040300
v -0.141600 0.002675 -0.040000
v -0.141485 0.002398 -0.040300
v -0.141388 0.002463 -0.040300
v -0.141600 0.002398 -0.040185
v -0.141482 0.002425 -0.040182
v -0.141403 0.002478 -0.040188
v -0.141427 0.002502 -0.040127
v -0.141323 0.002675 -0.040185
v -0.141388 0.002675 -0.040088
v -0.141323 0.002560 -0.040300
v -0.141350 0.002557 -0.040182
v -0.141403 0.002563 -0.040103
v -0.141600 0.002560 -0.040023
v -0.141600 0.002463 -0.040088
v -0.141485 0.002675 -0.040023
v -0.141482 0.002557 -0.040050
v -0.141488 0.002478 -0.040103
v -0.141600 0.005375 -0.040300
v -0.141600 0.005075 -0.040000
v -0.141300 0.005075 -0.040300
v -0.141600 0.005352 -0.040185
v -0.141600 0.005287 -0.040088
v -0.141485 0.005352 -0.040300
v -0.141482 0.005325 -0.040182
v -0.141488 0.005272 -0.040103
v -0.141427 0.005248 -0.040127
v -0.141485 0.005075 -0.040023
v -0.141388 0.005075 -0.040088
v -0.141600 0.005190 -0.040023
v -0.141482 0.005193 -0.040050
v -0.141403 0.005187 -0.040103
v -0.141323 0.005190 -0.040300
v -0.141388 0.005287 -0.040300
v -0.141323 0.005075 -0.040185
v -0.141350 0.005193 -0.040182
v -0.141403 0.005272 -0.040188
v -0.141600 0.002375 -0.059700
v -0.141600 0.002675 -0.060000
v -0.141300 0.002675 -0.059700
v -0.141600 0.002398 -0.059815
v -0.141600 0.002463 -0.059912
v -0.141485 0.002398 -0.059700
v -0.141482 0.002425 -0.059818
v -0.141488 0.002478 -0.059897
v -0.141427 0.002502 -0.059873
v -0.141485 0.002675 -0.059977
v -0.141388 0.002675 -0.059912
v -0.141600 0.002560 -0.059977
v -0.141482 0.002557 -0.059950
v -0.141403 0.002563 -0.059897
v -0.141323 0.002560 -0.059700
v -0.141388 0.002463 -0.059700
v -0.141323 0.002675 -0.059815
v -0.141350 0.002557 -0.059818
v -0.141403 0.002478 -0.059812
v -0.141600 0.005375 -0.059700
v -0.141300 0.005075 -0.059700
v -0.141600 0.005075 -0.060000
v -0.141485 0.005352 -0.059700
v -0.141388 0.005287 -0.059700
v -0.141600 0.005352 -0.059815
v -0.141482 0.005325 -0.059818
v -0.141403 0.005272 -0.059812
v -0.141427 0.005248 -0.059873
v -0.141323 0.005075 -0.059815
v -0.141388 0.005075 -0.059912
v -0.141323 0.005190 -0.059700
v -0.141350 0.005193 -0.059818
v -0.141403 0.005187 -0.059897
v -0.141600 0.005190 -0.059977
v -0.141600 0.005287 -0.059912
v -0.141485 0.005075 -0.059977
v -0.141482 0.005193 -0.059950
v -0.141488 0.005272 -0.059897
vn -0.2049 -0.9571 0.2049
vn -0.1818 -0.8152 0.5500
vn -0.5499 -0.8152 0.1818
vn -0.4931 -0.7167 0.4931
vn -0.2049 -0.2049 0.9571
vn -0.5500 -0.1818 0.8152
vn -0.1818 -0.5500 0.8152
vn -0.4931 -0.4931 0.7167
vn -0.9571 -0.2049 0.2049
vn -0.8152 -0.5500 0.1818
vn -0.8152 -0.1818 0.5500
vn -0.7167 -0.4931 0.4931
vn -0.2049 0.2049 0.9571
vn -0.1818 0.5500 0.8152
vn -0.5500 0.1818 0.8152
vn -0.4931 0.4931 0.7167
vn -0.2049 0.9571 0.2049
vn -0.5499 0.8152 0.1818
vn -0.1818 0.8152 0.5499
vn -0.4931 0.7167 0.4931
vn -0.9571 0.2049 0.2049
vn -0.8152 0.1818 0.5500
vn -0.8152 0.5500 0.1818
vn -0.7167 0.4931 0.4931
vn -0.2049 -0.9571 -0.2049
vn -0.5499 -0.8152 -0.1818
vn -0.1818 -0.8152 -0.5499
vn -0.4931 -0.7167 -0.4931
vn -0.9571 -0.2049 -0.2049
vn -0.8152 -0.1818 -0.5500
vn -0.8152 -0.5500 -0.1818
vn -0.7167 -0.4931 -0.4931
vn -0.2049 -0.2049 -0.9571
vn -0.1818 -0.5500 -0.8152
vn -0.5500 -0.1818 -0.8152
vn -0.4931 -0.4931 -0.7167
vn -0.2049 0.9571 -0.2049
vn -0.1818 0.8152 -0.5500
vn -0.5499 0.8152 -0.1818
vn -0.4931 0.7167 -0.4931
vn -0.2049 0.2049 -0.9571
vn -0.5500 0.1818 -0.8152
vn -0.1818 0.5500 -0.8152
vn -0.4931 0.4931 -0.7167
vn -0.9571 0.2049 -0.2049
vn -0.8152 0.5500 -0.1818
vn -0.8152 0.1818 -0.5500
vn -0.7167 0.4931 -0.4931
vn 0.2049 -0.9571 0.2049
vn 0.5499 -0.8152 0.1818
vn 0.1818 -0.8152 0.5499
vn 0.4931 -0.7167 0.4931
vn 0.9571 -0.2049 0.2049
vn 0.8152 -0.1818 0.5500
vn 0.8152 -0.5500 0.1818
vn 0.7167 -0.4931 0.4931
vn 0.2049 -0.2049 0.9571
vn 0.1818 -0.5500 0.8152
vn 0.5500 -0.1818 0.8152
vn 0.4931 -0.4931 0.7167
vn 0.2049 0.9571 0.2049
vn 0.1818 0.8152 0.5500
vn 0.5499 0.8152 0.1818
vn 0.4931 0.7167 0.4931
vn 0.2049 0.2049 0.9571
vn 0.5500 0.1818 0.8152
vn 0.1818 0.5500 0.8152
vn 0.4931 0.4931 0.7167
vn 0.9571 0.2049 0.2049
vn 0.8152 0.5500 0.1818
vn 0.8152 0.1818 0.5500
vn 0.7167 0.4931 0.4931
vn 0.2049 -0.9571 -0.2049
vn 0.1818 -0.8152 -0.5500
vn 0.5499 -0.8152 -0.1818
vn 0.4931 -0.7167 -0.4931
vn 0.2049 -0.2049 -0.9571
vn 0.5500 -0.1818 -0.8152
vn 0.1818 -0.5500 -0.8152
vn 0.4931 -0.4931 -0.7167
vn 0.9571 -0.2049 -0.2049
vn 0.8152 -0.5500 -0.1818
vn 0.8152 -0.1818 -0.5500
vn 0.7167 -0.4931 -0.4931
vn 0.2049 0.9571 -0.2049
vn 0.5499 0.8152 -0.1818
vn 0.1818 0.8152 -0.5499
vn 0.4931 0.7167 -0.4931
vn 0.9571 0.2049 -0.2049
vn 0.8152 0.1818 -0.5500
vn 0.8152 0.5500 -0.1818
vn 0.7167 0.4931 -0.4931
vn 0.2049 0.2049 -0.9571
vn 0.1818 0.5500 -0.8152
vn 0.5500 0.1818 -0.8152
vn 0.4931 0.4931 -0.7167
vn -0.1951 -0.9808 -0.0000
vn -0.5556 -0.8315 -0.0000
vn -0.8315 -0.5556 -0.0000
vn -0.9808 -0.1951 -0.0000
vn -0.1951 -0.0000 0.9808
vn -0.5556 -0.0000 0.8315
vn -0.8315 -0.0000 0.5556
vn -0.9808 -0.0000 0.1951
vn -0.1951 0.9808 -0.0000
vn -0.5556 0.8315 -0.0000
vn -0.8315 0.5556 -0.0000
vn -0.9808 0.1951 -0.0000
vn -0.1951 -0.0000 -0.9808
vn -0.5556 -0.0000 -0.8315
vn -0.8315 -0.0000 -0.5556
vn -0.9808 -0.0000 -0.1951
vn -0.0000 -0.9808 -0.1951
vn -0.0000 -0.8315 -0.5556
vn -0.0000 -0.5556 -0.8315
vn -0.0000 -0.1951 -0.9808
vn -0.0000 0.9808 -0.1951
vn -0.0000 0.8315 -0.5556
vn -0.0000 0.5556 -0.8315
vn -0.0000 0.1951 -0.9808
vn 0.9808 -0.0000 -0.1951
vn 0.8315 -0.0000 -0.5556
vn 0.5556 -0.0000 -0.8315
vn 0.1951 -0.0000 -0.9808
vn 0.1951 -0.9808 -0.0000
vn 0.5556 -0.8315 -0.0000
vn 0.8315 -0.5556 -0.0000
vn 0.9808 -0.1951 -0.0000
vn 0.1951 0.9808 -0.0000
vn 0.5556 0.8315 -0.0000
vn 0.8315 0.5556 -0.0000
vn 0.9808 0.1951 -0.0000
vn 0.1951 -0.0000 0.9808
vn 0.5556 -0.0000 0.8315
vn 0.8315 -0.0000 0.5556
vn 0.9808 -0.0000 0.1951
vn -0.0000 -0.9808 0.1951
vn -0.0000 -0.8315 0.5556
vn -0.0000 -0.5556 0.8315
vn -0.0000 -0.1951 0.9808
vn -0.0000 0.9808 0.1951
vn -0.0000 0.8315 0.5556
vn -0.0000 0.5556 0.8315
vn -0.0000 0.1951 0.9808
vn -0.0000 -1.0000 -0.0000
vn -1.0000 -0.0000 -0.0000
vn -0.0000 -0.0000 1.0000
vn -0.0000 1.0000 -0.0000
vn -0.0000 -0.0000 -1.0000
vn 1.0000 -0.0000 -0.0000
vt 0.132500 0.746250
vt 0.132500 0.747685
vt 0.129558 0.747721
vt 0.129630 0.746250
vt 0.132500 0.750000
vt 0.129707 0.750000
vt 0.125000 0.747646
vt 0.125000 0.746250
vt 0.128170 0.750000
vt 0.400000 0.992500
vt 0.400000 0.995370
vt 0.390193 0.995442
vt 0.390433 0.992500
vt 0.400000 1.000000
vt 0.390691 1.000000
vt 0.375000 0.995293
vt 0.375000 0.992500
vt 0.385566 1.000000
vt 0.400000 0.003750
vt 0.390433 0.003750
vt 0.390193 0.002279
vt 0.400000 0.002315
vt 0.375000 0.003750
vt 0.375000 0.002354
vt 0.390691 0.000000
vt 0.400000 0.000000
vt 0.375000 0.001585
vt 0.600000 0.992500
vt 0.609567 0.992500
vt 0.609807 0.995442
vt 0.600000 0.995370
vt 0.625000 0.992500
vt 0.625000 0.995293
vt 0.609309 1.000000
vt 0.600000 1.000000
vt 0.625000 0.996830
vt 0.867500 0.746250
vt 0.870370 0.746250
vt 0.870442 0.747721
vt 0.867500 0.747685
vt 0.875000 0.746250
vt 0.875000 0.747646
vt 0.870293 0.750000
vt 0.867500 0.750000
vt 0.875000 0.748415
vt 0.600000 0.003750
vt 0.600000 0.002315
vt 0.609807 0.002279
vt 0.609567 0.003750
vt 0.600000 0.000000
vt 0.609309 0.000000
vt 0.625000 0.002354
vt 0.625000 0.003750
vt 0.614434 0.000000
vt 0.132500 0.503750
vt 0.129630 0.503750
vt 0.129558 0.502279
vt 0.132500 0.502315
vt 0.125000 0.503750
vt 0.125000 0.502354
vt 0.129707 0.500000
vt 0.132500 0.500000
vt 0.125000 0.501585
vt 0.400000 0.246250
vt 0.400000 0.247685
vt 0.390193 0.247721
vt 0.390433 0.246250
vt 0.400000 0.250000
vt 0.390691 0.250000
vt 0.375000 0.247646
vt 0.375000 0.246250
vt 0.380283 0.251585
vt 0.400000 0.257500
vt 0.390433 0.257500
vt 0.390193 0.254558
vt 0.400000 0.254630
vt 0.375000 0.257500
vt 0.375000 0.254707
vt 0.867500 0.503750
vt 0.867500 0.502315
vt 0.870442 0.502279
vt 0.870370 0.503750
vt 0.867500 0.500000
vt 0.870293 0.500000
vt 0.875000 0.502354
vt 0.875000 0.503750
vt 0.871830 0.500000
vt 0.600000 0.257500
vt 0.600000 0.254630
vt 0.609807 0.254558
vt 0.609567 0.257500
vt 0.600000 0.250000
vt 0.609309 0.250000
vt 0.625000 0.254707
vt 0.625000 0.257500
vt 0.619717 0.249208
vt 0.600000 0.246250
vt 0.609567 0.246250
vt 0.609807 0.247721
vt 0.600000 0.247685
vt 0.625000 0.246250
vt 0.625000 0.247646
vt 0.367500 0.746250
vt 0.370370 0.746250
vt 0.370442 0.747721
vt 0.367500 0.747685
vt 0.375000 0.746250
vt 0.375000 0.747646
vt 0.372646 0.752354
vt 0.371250 0.753750
vt 0.378522 0.750528
vt 0.400000 0.746250
vt 0.400000 0.747685
vt 0.390193 0.747721
vt 0.390433 0.746250
vt 0.400000 0.750000
vt 0.390691 0.750000
vt 0.400000 0.757500
vt 0.390433 0.757500
vt 0.390193 0.754558
vt 0.400000 0.754630
vt 0.632500 0.746250
vt 0.632500 0.747685
vt 0.629558 0.747721
vt 0.629630 0.746250
vt 0.628750 0.753750
vt 0.627354 0.752354
vt 0.625000 0.747646
vt 0.625000 0.746250
vt 0.622535 0.749472
vt 0.600000 0.757500
vt 0.600000 0.754630
vt 0.609807 0.754558
vt 0.609567 0.757500
vt 0.600000 0.750000
vt 0.609309 0.750000
vt 0.600000 0.746250
vt 0.609567 0.746250
vt 0.609807 0.747721
vt 0.600000 0.747685
vt 0.367500 0.503750
vt 0.367500 0.502315
vt 0.370442 0.502279
vt 0.370370 0.503750
vt 0.371250 0.496250
vt 0.372646 0.497646
vt 0.375000 0.502354
vt 0.375000 0.503750
vt 0.377465 0.500528
vt 0.400000 0.492500
vt 0.400000 0.495370
vt 0.390193 0.495442
vt 0.390433 0.492500
vt 0.400000 0.500000
vt 0.390691 0.500000
vt 0.400000 0.503750
vt 0.390433 0.503750
vt 0.390193 0.502279
vt 0.400000 0.502315
vt 0.632500 0.503750
vt 0.629630 0.503750
vt 0.629558 0.502279
vt 0.632500 0.502315
vt 0.625000 0.503750
vt 0.625000 0.502354
vt 0.627354 0.497646
vt 0.628750 0.496250
vt 0.621478 0.499472
vt 0.600000 0.503750
vt 0.600000 0.502315
vt 0.609807 0.502279
vt 0.609567 0.503750
vt 0.600000 0.500000
vt 0.609309 0.500000
vt 0.600000 0.492500
vt 0.609567 0.492500
vt 0.609807 0.495442
vt 0.600000 0.495370
s 0
usemtl PCB
f 5377/6737/5073 5380/6738/5073 5383/6739/5073 5382/6740/5073
f 5380/6738/5074 5381/6741/5074 5384/6742/5074 5383/6739/5074
f 5382/6740/5075 5383/6739/5075 5395/6743/5075 5392/6744/5075
f 5383/6739/5076 5384/6742/5076 5385/6745/5076 5395/6743/5076
f 5378/6746/5077 5386/6747/5077 5389/6748/5077 5388/6749/5077
f 5386/6747/5078 5387/6750/5078 5390/6751/5078 5389/6748/5078
f 5388/6749/5079 5389/6748/5079 5384/6752/5079 5381/6753/5079
f 5389/6748/5080 5390/6751/5080 5385/6754/5080 5384/6752/5080
f 5379/6755/5081 5391/6756/5081 5394/6757/5081 5393/6758/5081
f 5391/6756/5082 5392/6759/5082 5395/6760/5082 5394/6757/5082
f 5393/6758/5083 5394/6757/5083 5390/6761/5083 5387/6762/5083
f 5394/6757/5084 5395/6760/5084 5385/6763/5084 5390/6761/5084
f 5396/6764/5085 5399/6765/5085 5402/6766/5085 5401/6767/5085
f 5399/6765/5086 5400/6768/5086 5403/6769/5086 5402/6766/5086
f 5401/6767/5087 5402/6766/5087 5414/6770/5087 5411/6771/5087
f 5402/6766/5088 5403/6769/5088 5404/6772/5088 5414/6770/5088
f 5397/6773/5089 5405/6774/5089 5408/6775/5089 5407/6776/5089
f 5405/6774/5090 5406/6777/5090 5409/6778/5090 5408/6775/5090
f 5407/6776/5091 5408/6775/5091 5403/6779/5091 5400/6780/5091
f 5408/6775/5092 5409/6778/5092 5404/6781/5092 5403/6779/5092
f 5398/6782/5093 5410/6783/5093 5413/6784/5093 5412/6785/5093
f 5410/6783/5094 5411/6786/5094 5414/6787/5094 5413/6784/5094
f 5412/6785/5095 5413/6784/5095 5409/6788/5095 5406/6789/5095
f 5413/6784/5096 5414/6787/5096 5404/6790/5096 5409/6788/5096
f 5415/6791/5097 5418/6792/5097 5421/6793/5097 5420/6794/5097
f 5418/6792/5098 5419/6795/5098 5422/6796/5098 5421/6793/5098
f 5420/6794/5099 5421/6793/5099 5433/6797/5099 5430/6798/5099
f 5421/6793/5100 5422/6796/5100 5423/6799/5100 5433/6797/5100
f 5416/6800/5101 5424/6801/5101 5427/6802/5101 5426/6803/5101
f 5424/6801/5102 5425/6804/5102 5428/6805/5102 5427/6802/5102
f 5426/6803/5103 5427/6802/5103 5422/6806/5103 5419/6807/5103
f 5427/6802/5104 5428/6805/5104 5423/6808/5104 5422/6806/5104
f 5417/6809/5105 5429/6810/5105 5432/6811/5105 5431/6812/5105
f 5429/6810/5106 5430/6813/5106 5433/6814/5106 5432/6811/5106
f 5431/6812/5107 5432/6811/5107 5428/6805/5107 5425/6804/5107
f 5432/6811/5108 5433/6814/5108 5423/6808/5108 5428/6805/5108
f 5434/6815/5109 5437/6816/5109 5440/6817/5109 5439/6818/5109
f 5437/6816/5110 5438/6819/5110 5441/6820/5110 5440/6817/5110
f 5439/6818/5111 5440/6817/5111 5452/6821/5111 5449/6822/5111
f 5440/6817/5112 5441/6820/5112 5442/6823/5112 5452/6821/5112
f 5435/6824/5113 5443/6825/5113 5446/6826/5113 5445/6827/5113
f 5443/6825/5114 5444/6828/5114 5447/6829/5114 5446/6826/5114
f 5445/6827/5115 5446/6826/5115 5441/6830/5115 5438/6831/5115
f 5446/6826/5116 5447/6829/5116 5442/6832/5116 5441/6830/5116
f 5436/6833/5117 5448/6834/5117 5451/6835/5117 5450/6836/5117
f 5448/6834/5118 5449/6837/5118 5452/6838/5118 5451/6835/5118
f 5450/6836/5119 5451/6835/5119 5447/6829/5119 5444/6828/5119
f 5451/6835/5120 5452/6838/5120 5442/6832/5120 5447/6829/5120
f 5453/6839/5121 5456/6840/5121 5459/6841/5121 5458/6842/5121
f 5456/6840/5122 5457/6843/5122 5460/6844/5122 5459/6841/5122
f 5458/6842/5123 5459/6841/5123 5471/6845/5123 5468/6846/5123
f 5459/6841/5124 5460/6844/5124 5461/6847/5124 5471/6845/5124
f 5454/6848/5125 5462/6849/5125 5465/6850/5125 5464/6851/5125
f 5462/6849/5126 5463/6852/5126 5466/6853/5126 5465/6850/5126
f 5464/6851/5127 5465/6850/5127 5460/6844/5127 5457/6843/5127
f 5465/6850/5128 5466/6853/5128 5461/6847/5128 5460/6844/5128
f 5455/6854/5129 5467/6855/5129 5470/6856/5129 5469/6857/5129
f 5467/6855/5130 5468/6846/5130 5471/6845/5130 5470/6856/5130
f 5469/6857/5131 5470/6856/5131 5466/6853/5131 5463/6852/5131
f 5470/6856/5132 5471/6845/5132 5461/6847/5132 5466/6853/5132
f 5472/6858/5133 5475/6859/5133 5478/6860/5133 5477/6861/5133
f 5475/6859/5134 5476/6862/5134 5479/6863/5134 5478/6860/5134
f 5477/6861/5135 5478/6860/5135 5490/6864/5135 5487/6865/5135
f 5478/6860/5136 5479/6863/5136 5480/6866/5136 5490/6864/5136
f 5473/6867/5137 5481/6868/5137 5484/6869/5137 5483/6870/5137
f 5481/6868/5138 5482/6871/5138 5485/6872/5138 5484/6869/5138
f 5483/6870/5139 5484/6869/5139 5479/6863/5139 5476/6862/5139
f 5484/6869/5140 5485/6872/5140 5480/6866/5140 5479/6863/5140
f 5474/6873/5141 5486/6874/5141 5489/6875/5141 5488/6876/5141
f 5486/6874/5142 5487/6865/5142 5490/6864/5142 5489/6875/5142
f 5488/6876/5143 5489/6875/5143 5485/6872/5143 5482/6871/5143
f 5489/6875/5144 5490/6864/5144 5480/6866/5144 5485/6872/5144
f 5491/6877/5145 5494/6878/5145 5497/6879/5145 5496/6880/5145
f 5494/6878/5146 5495/6881/5146 5498/6882/5146 5497/6879/5146
f 5496/6880/5147 5497/6879/5147 5509/6883/5147 5506/6884/5147
f 5497/6879/5148 5498/6882/5148 5499/6885/5148 5509/6883/5148
f 5492/6886/5149 5500/6887/5149 5503/6888/5149 5502/6889/5149
f 5500/6887/5150 5501/6890/5150 5504/6891/5150 5503/6888/5150
f 5502/6889/5151 5503/6888/5151 5498/6882/5151 5495/6881/5151
f 5503/6888/5152 5504/6891/5152 5499/6885/5152 5498/6882/5152
f 5493/6892/5153 5505/6893/5153 5508/6894/5153 5507/6895/5153
f 5505/6893/5154 5506/6884/5154 5509/6883/5154 5508/6894/5154
f 5507/6895/5155 5508/6894/5155 5504/6891/5155 5501/6890/5155
f 5508/6894/5156 5509/6883/5156 5499/6885/5156 5504/6891/5156
f 5510/6896/5157 5513/6897/5157 5516/6898/5157 5515/6899/5157
f 5513/6897/5158 5514/6900/5158 5517/6901/5158 5516/6898/5158
f 5515/6899/5159 5516/6898/5159 5528/6902/5159 5525/6903/5159
f 5516/6898/5160 5517/6901/5160 5518/6904/5160 5528/6902/5160
f 5511/6905/5161 5519/6906/5161 5522/6907/5161 5521/6908/5161
f 5519/6906/5162 5520/6909/5162 5523/6910/5162 5522/6907/5162
f 5521/6908/5163 5522/6907/5163 5517/6901/5163 5514/6900/5163
f 5522/6907/5164 5523/6910/5164 5518/6904/5164 5517/6901/5164
f 5512/6911/5165 5524/6912/5165 5527/6913/5165 5526/6914/5165
f 5524/6912/5166 5525/6903/5166 5528/6902/5166 5527/6913/5166
f 5526/6914/5167 5527/6913/5167 5523/6910/5167 5520/6909/5167
f 5527/6913/5168 5528/6902/5168 5518/6904/5168 5523/6910/5168
f 5415/6791/5169 5377/6737/5169 5382/6740/5169 5418/6792/5169
f 5418/6792/5170 5382/6740/5170 5392/6744/5170 5419/6795/5170
f 5419/6807/5171 5392/6759/5171 5391/6756/5171 5426/6803/5171
f 5426/6803/5172 5391/6756/5172 5379/6755/5172 5416/6800/5172
f 5378/6746/5173 5396/6764/5173 5401/6767/5173 5386/6747/5173
f 5386/6747/5174 5401/6767/5174 5411/6771/5174 5387/6750/5174
f 5387/6762/5175 5411/6786/5175 5410/6783/5175 5393/6758/5175
f 5393/6758/5176 5410/6783/5176 5398/6782/5176 5379/6755/5176
f 5397/6773/5177 5434/6815/5177 5439/6818/5177 5405/6774/5177
f 5405/6774/5178 5439/6818/5178 5449/6822/5178 5406/6777/5178
f 5406/6789/5179 5449/6837/5179 5448/6834/5179 5412/6785/5179
f 5412/6785/5180 5448/6834/5180 5436/6833/5180 5398/6782/5180
f 5435/6824/5181 5417/6809/5181 5431/6812/5181 5443/6825/5181
f 5443/6825/5182 5431/6812/5182 5425/6804/5182 5444/6828/5182
f 5444/6828/5183 5425/6804/5183 5424/6801/5183 5450/6836/5183
f 5450/6836/5184 5424/6801/5184 5416/6800/5184 5436/6833/5184
f 5491/6877/5185 5415/6791/5185 5420/6794/5185 5494/6878/5185
f 5494/6878/5186 5420/6794/5186 5430/6798/5186 5495/6881/5186
f 5495/6881/5187 5430/6813/5187 5429/6810/5187 5502/6889/5187
f 5502/6889/5188 5429/6810/5188 5417/6809/5188 5492/6886/5188
f 5434/6815/5189 5510/6896/5189 5515/6899/5189 5437/6816/5189
f 5437/6816/5190 5515/6899/5190 5525/6903/5190 5438/6819/5190
f 5438/6831/5191 5525/6903/5191 5524/6912/5191 5445/6827/5191
f 5445/6827/5192 5524/6912/5192 5512/6911/5192 5435/6824/5192
f 5511/6905/5193 5493/6892/5193 5507/6895/5193 5519/6906/5193
f 5519/6906/5194 5507/6895/5194 5501/6890/5194 5520/6909/5194
f 5520/6909/5195 5501/6890/5195 5500/6887/5195 5526/6914/5195
f 5526/6914/5196 5500/6887/5196 5492/6886/5196 5512/6911/5196
f 5453/6839/5197 5491/6877/5197 5496/6880/5197 5456/6840/5197
f 5456/6840/5198 5496/6880/5198 5506/6884/5198 5457/6843/5198
f 5457/6843/5199 5506/6884/5199 5505/6893/5199 5464/6851/5199
f 5464/6851/5200 5505/6893/5200 5493/6892/5200 5454/6848/5200
f 5510/6896/5201 5472/6858/5201 5477/6861/5201 5513/6897/5201
f 5513/6897/5202 5477/6861/5202 5487/6865/5202 5514/6900/5202
f 5514/6900/5203 5487/6865/5203 5486/6874/5203 5521/6908/5203
f 5521/6908/5204 5486/6874/5204 5474/6873/5204 5511/6905/5204
f 5473/6867/5205 5455/6854/5205 5469/6857/5205 5481/6868/5205
f 5481/6868/5206 5469/6857/5206 5463/6852/5206 5482/6871/5206
f 5482/6871/5207 5463/6852/5207 5462/6849/5207 5488/6876/5207
f 5488/6876/5208 5462/6849/5208 5454/6848/5208 5474/6873/5208
f 5377/6737/5209 5453/6839/5209 5458/6842/5209 5380/6738/5209
f 5380/6738/5210 5458/6842/5210 5468/6846/5210 5381/6741/5210
f 5381/6753/5211 5468/6846/5211 5467/6855/5211 5388/6749/5211
f 5388/6749/5212 5467/6855/5212 5455/6854/5212 5378/6746/5212
f 5472/6858/5213 5397/6773/5213 5407/6776/5213 5475/6859/5213
f 5475/6859/5214 5407/6776/5214 5400/6780/5214 5476/6862/5214
f 5476/6862/5215 5400/6768/5215 5399/6765/5215 5483/6870/5215
f 5483/6870/5216 5399/6765/5216 5396/6764/5216 5473/6867/5216
f 5415/6791/5217 5491/6877/5217 5453/6839/5217 5377/6737/5217
f 5379/6755/5218 5398/6782/5218 5436/6833/5218 5416/6800/5218
f 5455/6854/5219 5473/6867/5219 5396/6764/5219 5378/6746/5219
f 5510/6896/5220 5434/6815/5220 5397/6773/5220 5472/6858/5220
f 5417/6809/5221 5435/6824/5221 5512/6911/5221 5492/6886/5221
f 5493/6892/5222 5511/6905/5222 5474/6873/5222 5454/6848/5222
o 39_WirelessAntennaSystem
v -0.049800 0.002875 -0.095800
v -0.049800 0.003075 -0.095600
v -0.050000 0.003075 -0.095800
v -0.049800 0.002890 -0.095723
v -0.049800 0.002934 -0.095659
v -0.049877 0.002890 -0.095800
v -0.049878 0.002909 -0.095722
v -0.049874 0.002944 -0.095669
v -0.049915 0.002960 -0.095685
v -0.049877 0.003075 -0.095615
v -0.049941 0.003075 -0.095659
v -0.049800 0.002998 -0.095615
v -0.049878 0.002997 -0.095634
v -0.049931 0.003001 -0.095669
v -0.049985 0.002998 -0.095800
v -0.049941 0.002934 -0.095800
v -0.049985 0.003075 -0.095723
v -0.049966 0.002997 -0.095722
v -0.049931 0.002944 -0.095726
v -0.049800 0.004675 -0.095600
v -0.049800 0.004875 -0.095800
v -0.050000 0.004675 -0.095800
v -0.049800 0.004752 -0.095615
v -0.049800 0.004816 -0.095659
v -0.049877 0.004675 -0.095615
v -0.049878 0.004753 -0.095634
v -0.049874 0.004806 -0.095669
v -0.049915 0.004790 -0.095685
v -0.049877 0.004860 -0.095800
v -0.049941 0.004816 -0.095800
v -0.049800 0.004860 -0.095723
v -0.049878 0.004841 -0.095722
v -0.049931 0.004806 -0.095726
v -0.049985 0.004675 -0.095723
v -0.049941 0.004675 -0.095659
v -0.049985 0.004752 -0.095800
v -0.049966 0.004753 -0.095722
v -0.049931 0.004749 -0.095669
v -0.049800 0.002875 -0.105400
v -0.050000 0.003075 -0.105400
v -0.049800 0.003075 -0.105600
v -0.049877 0.002890 -0.105400
v -0.049941 0.002934 -0.105400
v -0.049800 0.002890 -0.105477
v -0.049878 0.002909 -0.105478
v -0.049931 0.002944 -0.105474
v -0.049915 0.002960 -0.105515
v -0.049985 0.003075 -0.105477
v -0.049941 0.003075 -0.105541
v -0.049985 0.002998 -0.105400
v -0.049966 0.002997 -0.105478
v -0.049931 0.003001 -0.105531
v -0.049800 0.002998 -0.105585
v -0.049800 0.002934 -0.105541
v -0.049877 0.003075 -0.105585
v -0.049878 0.002997 -0.105566
v -0.049874 0.002944 -0.105531
v -0.049800 0.004875 -0.105400
v -0.049800 0.004675 -0.105600
v -0.050000 0.004675 -0.105400
v -0.049800 0.004860 -0.105477
v -0.049800 0.004816 -0.105541
v -0.049877 0.004860 -0.105400
v -0.049878 0.004841 -0.105478
v -0.049874 0.004806 -0.105531
v -0.049915 0.004790 -0.105515
v -0.049877 0.004675 -0.105585
v -0.049941 0.004675 -0.105541
v -0.049800 0.004752 -0.105585
v -0.049878 0.004753 -0.105566
v -0.049931 0.004749 -0.105531
v -0.049985 0.004752 -0.105400
v -0.049941 0.004816 -0.105400
v -0.049985 0.004675 -0.105477
v -0.049966 0.004753 -0.105478
v -0.049931 0.004806 -0.105474
v 0.049800 0.002875 -0.095800
v 0.050000 0.003075 -0.095800
v 0.049800 0.003075 -0.095600
v 0.049877 0.002890 -0.095800
v 0.049941 0.002934 -0.095800
v 0.049800 0.002890 -0.095723
v 0.049878 0.002909 -0.095722
v 0.049931 0.002944 -0.095726
v 0.049915 0.002960 -0.095685
v 0.049985 0.003075 -0.095723
v 0.049941 0.003075 -0.095659
v 0.049985 0.002998 -0.095800
v 0.049966 0.002997 -0.095722
v 0.049931 0.003001 -0.095669
v 0.049800 0.002998 -0.095615
v 0.049800 0.002934 -0.095659
v 0.049877 0.003075 -0.095615
v 0.049878 0.002997 -0.095634
v 0.049874 0.002944 -0.095669
v 0.049800 0.004875 -0.095800
v 0.049800 0.004675 -0.095600
v 0.050000 0.004675 -0.095800
v 0.049800 0.004860 -0.095723
v 0.049800 0.004816 -0.095659
v 0.049877 0.004860 -0.095800
v 0.049878 0.004841 -0.095722
v 0.049874 0.004806 -0.095669
v 0.049915 0.004790 -0.095685
v 0.049877 0.004675 -0.095615
v 0.049941 0.004675 -0.095659
v 0.049800 0.004752 -0.095615
v 0.049878 0.004753 -0.095634
v 0.049931 0.004749 -0.095669
v 0.049985 0.004752 -0.095800
v 0.049941 0.004816 -0.095800
v 0.049985 0.004675 -0.095723
v 0.049966 0.004753 -0.095722
v 0.049931 0.004806 -0.095726
v 0.049800 0.002875 -0.105400
v 0.049800 0.003075 -0.105600
v 0.050000 0.003075 -0.105400
v 0.049800 0.002890 -0.105477
v 0.049800 0.002934 -0.105541
v 0.049877 0.002890 -0.105400
v 0.049878 0.002909 -0.105478
v 0.049874 0.002944 -0.105531
v 0.049915 0.002960 -0.105515
v 0.049877 0.003075 -0.105585
v 0.049941 0.003075 -0.105541
v 0.049800 0.002998 -0.105585
v 0.049878 0.002997 -0.105566
v 0.049931 0.003001 -0.105531
v 0.049985 0.002998 -0.105400
v 0.049941 0.002934 -0.105400
v 0.049985 0.003075 -0.105477
v 0.049966 0.002997 -0.105478
v 0.049931 0.002944 -0.105474
v 0.049800 0.004875 -0.105400
v 0.050000 0.004675 -0.105400
v 0.049800 0.004675 -0.105600
v 0.049877 0.004860 -0.105400
v 0.049941 0.004816 -0.105400
v 0.049800 0.004860 -0.105477
v 0.049878 0.004841 -0.105478
v 0.049931 0.004806 -0.105474
v 0.049915 0.004790 -0.105515
v 0.049985 0.004675 -0.105477
v 0.049941 0.004675 -0.105541
v 0.049985 0.004752 -0.105400
v 0.049966 0.004753 -0.105478
v 0.049931 0.004749 -0.105531
v 0.049800 0.004752 -0.105585
v 0.049800 0.004816 -0.105541
v 0.049877 0.004675 -0.105585
v 0.049878 0.004753 -0.105566
v 0.049874 0.004806 -0.105531
vn -0.2049 -0.9571 0.2049
vn -0.1818 -0.8151 0.5500
vn -0.5500 -0.8152 0.1819
vn -0.4931 -0.7167 0.4931
vn -0.2049 -0.2049 0.9571
vn -0.5500 -0.1818 0.8152
vn -0.1818 -0.5499 0.8152
vn -0.4931 -0.4932 0.7167
vn -0.9571 -0.2049 0.2050
vn -0.8152 -0.5500 0.1818
vn -0.8151 -0.1818 0.5500
vn -0.7167 -0.4931 0.4932
vn -0.2049 0.2049 0.9571
vn -0.1818 0.5499 0.8152
vn -0.5499 0.1818 0.8152
vn -0.4932 0.4932 0.7167
vn -0.2049 0.9571 0.2049
vn -0.5500 0.8152 0.1819
vn -0.1818 0.8151 0.5500
vn -0.4931 0.7167 0.4931
vn -0.9571 0.2049 0.2050
vn -0.8151 0.1818 0.5500
vn -0.8152 0.5500 0.1818
vn -0.7167 0.4931 0.4931
vn -0.2049 -0.9571 -0.2049
vn -0.5500 -0.8152 -0.1819
vn -0.1818 -0.8151 -0.5500
vn -0.4931 -0.7167 -0.4931
vn -0.9571 -0.2049 -0.2050
vn -0.8151 -0.1818 -0.5500
vn -0.8152 -0.5500 -0.1818
vn -0.7167 -0.4931 -0.4931
vn -0.2049 -0.2049 -0.9571
vn -0.1818 -0.5499 -0.8152
vn -0.5499 -0.1818 -0.8152
vn -0.4932 -0.4932 -0.7167
vn -0.2049 0.9571 -0.2049
vn -0.1818 0.8151 -0.5500
vn -0.5500 0.8152 -0.1819
vn -0.4931 0.7167 -0.4931
vn -0.2049 0.2049 -0.9571
vn -0.5500 0.1818 -0.8152
vn -0.1818 0.5499 -0.8152
vn -0.4931 0.4932 -0.7167
vn -0.9571 0.2049 -0.2050
vn -0.8152 0.5500 -0.1818
vn -0.8151 0.1818 -0.5500
vn -0.7167 0.4931 -0.4932
vn 0.2049 -0.9571 0.2049
vn 0.5500 -0.8152 0.1819
vn 0.1818 -0.8151 0.5500
vn 0.4931 -0.7167 0.4931
vn 0.9571 -0.2049 0.2050
vn 0.8151 -0.1818 0.5500
vn 0.8152 -0.5500 0.1818
vn 0.7167 -0.4931 0.4931
vn 0.2049 -0.2049 0.9571
vn 0.1818 -0.5499 0.8152
vn 0.5499 -0.1818 0.8152
vn 0.4932 -0.4932 0.7167
vn 0.2049 0.9571 0.2049
vn 0.1818 0.8151 0.5500
vn 0.5500 0.8152 0.1819
vn 0.4931 0.7167 0.4931
vn 0.2049 0.2049 0.9571
vn 0.5500 0.1818 0.8152
vn 0.1818 0.5499 0.8152
vn 0.4931 0.4932 0.7167
vn 0.9571 0.2049 0.2050
vn 0.8152 0.5500 0.1818
vn 0.8151 0.1818 0.5500
vn 0.7167 0.4931 0.4932
vn 0.2049 -0.9571 -0.2049
vn 0.1818 -0.8151 -0.5500
vn 0.5500 -0.8152 -0.1819
vn 0.4931 -0.7167 -0.4931
vn 0.2049 -0.2049 -0.9571
vn 0.5500 -0.1818 -0.8152
vn 0.1818 -0.5499 -0.8152
vn 0.4931 -0.4932 -0.7167
vn 0.9571 -0.2049 -0.2050
vn 0.8152 -0.5500 -0.1818
vn 0.8151 -0.1818 -0.5500
vn 0.7167 -0.4931 -0.4932
vn 0.2049 0.9571 -0.2049
vn 0.5500 0.8152 -0.1819
vn 0.1818 0.8151 -0.5500
vn 0.4931 0.7167 -0.4931
vn 0.9571 0.2049 -0.2050
vn 0.8151 0.1818 -0.5500
vn 0.8152 0.5500 -0.1818
vn 0.7167 0.4931 -0.4931
vn 0.2049 0.2049 -0.9571
vn 0.1818 0.5499 -0.8152
vn 0.5499 0.1818 -0.8152
vn 0.4932 0.4932 -0.7167
vn -0.1951 -0.9808 -0.0000
vn -0.5556 -0.8315 -0.0000
vn -0.8315 -0.5556 -0.0000
vn -0.9808 -0.1951 -0.0000
vn -0.1951 -0.0000 0.9808
vn -0.5556 -0.0000 0.8315
vn -0.8315 -0.0000 0.5556
vn -0.9808 -0.0000 0.1950
vn -0.1951 0.9808 -0.0000
vn -0.5556 0.8315 -0.0000
vn -0.8315 0.5556 -0.0000
vn -0.9808 0.1951 -0.0000
vn -0.1951 -0.0000 -0.9808
vn -0.5556 -0.0000 -0.8315
vn -0.8315 -0.0000 -0.5556
vn -0.9808 -0.0000 -0.1950
vn -0.0000 -0.9808 -0.1951
vn -0.0000 -0.8315 -0.5556
vn -0.0000 -0.5556 -0.8315
vn -0.0000 -0.1951 -0.9808
vn -0.0000 0.9808 -0.1951
vn -0.0000 0.8315 -0.5556
vn -0.0000 0.5556 -0.8315
vn -0.0000 0.1951 -0.9808
vn 0.9808 -0.0000 -0.1950
vn 0.8315 -0.0000 -0.5556
vn 0.5556 -0.0000 -0.8315
vn 0.1951 -0.0000 -0.9808
vn 0.1951 -0.9808 -0.0000
vn 0.5556 -0.8315 -0.0000
vn 0.8315 -0.5556 -0.0000
vn 0.9808 -0.1951 -0.0000
vn 0.1951 0.9808 -0.0000
vn 0.5556 0.8315 -0.0000
vn 0.8315 0.5556 -0.0000
vn 0.9808 0.1951 -0.0000
vn 0.1951 -0.0000 0.9808
vn 0.5556 -0.0000 0.8315
vn 0.8315 -0.0000 0.5556
vn 0.9808 -0.0000 0.1950
vn -0.0000 -0.9808 0.1951
vn -0.0000 -0.8315 0.5556
vn -0.0000 -0.5556 0.8315
vn -0.0000 -0.1951 0.9808
vn -0.0000 0.9808 0.1951
vn -0.0000 0.8315 0.5556
vn -0.0000 0.5556 0.8315
vn -0.0000 0.1951 0.9808
vn -0.0000 -1.0000 -0.0000
vn -1.0000 -0.0000 -0.0000
vn -0.0000 -0.0000 1.0000
vn -0.0000 1.0000 -0.0000
vn -0.0000 -0.0000 -1.0000
vn 1.0000 -0.0000 -0.0000
vt 0.125500 0.745000
vt 0.125500 0.746913
vt 0.125304 0.746961
vt 0.125309 0.745000
vt 0.125500 0.750000
vt 0.125314 0.750000
vt 0.125000 0.746862
vt 0.125000 0.745000
vt 0.125211 0.750000
vt 0.400000 0.999500
vt 0.400000 0.999691
vt 0.390193 0.999696
vt 0.390433 0.999500
vt 0.400000 1.000000
vt 0.390691 1.000000
vt 0.375000 0.999686
vt 0.375000 0.999500
vt 0.385566 1.000000
vt 0.400000 0.005000
vt 0.390433 0.005000
vt 0.390193 0.003039
vt 0.400000 0.003087
vt 0.375000 0.005000
vt 0.375000 0.003138
vt 0.390691 0.000000
vt 0.400000 0.000000
vt 0.375000 0.002113
vt 0.600000 0.999500
vt 0.609567 0.999500
vt 0.609807 0.999696
vt 0.600000 0.999691
vt 0.625000 0.999500
vt 0.625000 0.999686
vt 0.609309 1.000000
vt 0.600000 1.000000
vt 0.625000 0.999789
vt 0.874500 0.745000
vt 0.874691 0.745000
vt 0.874696 0.746961
vt 0.874500 0.746913
vt 0.875000 0.745000
vt 0.875000 0.746862
vt 0.874686 0.750000
vt 0.874500 0.750000
vt 0.875000 0.747887
vt 0.600000 0.005000
vt 0.600000 0.003087
vt 0.609807 0.003039
vt 0.609567 0.005000
vt 0.600000 0.000000
vt 0.609309 0.000000
vt 0.625000 0.003138
vt 0.625000 0.005000
vt 0.614434 0.000000
vt 0.125500 0.505000
vt 0.125309 0.505000
vt 0.125304 0.503039
vt 0.125500 0.503087
vt 0.125000 0.505000
vt 0.125000 0.503138
vt 0.125314 0.500000
vt 0.125500 0.500000
vt 0.125000 0.502113
vt 0.400000 0.245000
vt 0.400000 0.246913
vt 0.390193 0.246961
vt 0.390433 0.245000
vt 0.400000 0.250000
vt 0.390691 0.250000
vt 0.375000 0.246862
vt 0.375000 0.245000
vt 0.380283 0.250106
vt 0.400000 0.250500
vt 0.390433 0.250500
vt 0.390193 0.250304
vt 0.400000 0.250309
vt 0.375000 0.250500
vt 0.375000 0.250314
vt 0.874500 0.505000
vt 0.874500 0.503087
vt 0.874696 0.503039
vt 0.874691 0.505000
vt 0.874500 0.500000
vt 0.874686 0.500000
vt 0.875000 0.503138
vt 0.875000 0.505000
vt 0.874789 0.500000
vt 0.600000 0.250500
vt 0.600000 0.250309
vt 0.609807 0.250304
vt 0.609567 0.250500
vt 0.600000 0.250000
vt 0.609309 0.250000
vt 0.625000 0.250314
vt 0.625000 0.250500
vt 0.619717 0.248943
vt 0.600000 0.245000
vt 0.609567 0.245000
vt 0.609807 0.246961
vt 0.600000 0.246913
vt 0.625000 0.245000
vt 0.625000 0.246862
vt 0.374500 0.745000
vt 0.374691 0.745000
vt 0.374696 0.746961
vt 0.374500 0.746913
vt 0.375000 0.745000
vt 0.375000 0.746862
vt 0.374843 0.750157
vt 0.374750 0.750250
vt 0.378522 0.749366
vt 0.400000 0.745000
vt 0.400000 0.746913
vt 0.390193 0.746961
vt 0.390433 0.745000
vt 0.400000 0.750000
vt 0.390691 0.750000
vt 0.400000 0.750500
vt 0.390433 0.750500
vt 0.390193 0.750304
vt 0.400000 0.750309
vt 0.625500 0.745000
vt 0.625500 0.746913
vt 0.625304 0.746961
vt 0.625309 0.745000
vt 0.625250 0.750250
vt 0.625157 0.750157
vt 0.625000 0.746862
vt 0.625000 0.745000
vt 0.621548 0.749296
vt 0.600000 0.750500
vt 0.600000 0.750309
vt 0.609807 0.750304
vt 0.609567 0.750500
vt 0.600000 0.750000
vt 0.609309 0.750000
vt 0.600000 0.745000
vt 0.609567 0.745000
vt 0.609807 0.746961
vt 0.600000 0.746913
vt 0.374500 0.505000
vt 0.374500 0.503087
vt 0.374696 0.503039
vt 0.374691 0.505000
vt 0.374750 0.499750
vt 0.374843 0.499843
vt 0.375000 0.503138
vt 0.375000 0.505000
vt 0.378452 0.500704
vt 0.400000 0.499500
vt 0.400000 0.499691
vt 0.390193 0.499696
vt 0.390433 0.499500
vt 0.400000 0.500000
vt 0.390691 0.500000
vt 0.400000 0.505000
vt 0.390433 0.505000
vt 0.390193 0.503039
vt 0.400000 0.503087
vt 0.625500 0.505000
vt 0.625309 0.505000
vt 0.625304 0.503039
vt 0.625500 0.503087
vt 0.625000 0.505000
vt 0.625000 0.503138
vt 0.625157 0.499843
vt 0.625250 0.499750
vt 0.621478 0.500634
vt 0.600000 0.505000
vt 0.600000 0.503087
vt 0.609807 0.503039
vt 0.609567 0.505000
vt 0.600000 0.500000
vt 0.609309 0.500000
vt 0.600000 0.499500
vt 0.609567 0.499500
vt 0.609807 0.499696
vt 0.600000 0.499691
s 0
usemtl Plastic
f 5529/6915/5223 5532/6916/5223 5535/6917/5223 5534/6918/5223
f 5532/6916/5224 5533/6919/5224 5536/6920/5224 5535/6917/5224
f 5534/6918/5225 5535/6917/5225 5547/6921/5225 5544/6922/5225
f 5535/6917/5226 5536/6920/5226 5537/6923/5226 5547/6921/5226
f 5530/6924/5227 5538/6925/5227 5541/6926/5227 5540/6927/5227
f 5538/6925/5228 5539/6928/5228 5542/6929/5228 5541/6926/5228
f 5540/6927/5229 5541/6926/5229 5536/6930/5229 5533/6931/5229
f 5541/6926/5230 5542/6929/5230 5537/6932/5230 5536/6930/5230
f 5531/6933/5231 5543/6934/5231 5546/6935/5231 5545/6936/5231
f 5543/6934/5232 5544/6937/5232 5547/6938/5232 5546/6935/5232
f 5545/6936/5233 5546/6935/5233 5542/6939/5233 5539/6940/5233
f 5546/6935/5234 5547/6938/5234 5537/6941/5234 5542/6939/5234
f 5548/6942/5235 5551/6943/5235 5554/6944/5235 5553/6945/5235
f 5551/6943/5236 5552/6946/5236 5555/6947/5236 5554/6944/5236
f 5553/6945/5237 5554/6944/5237 5566/6948/5237 5563/6949/5237
f 5554/6944/5238 5555/6947/5238 5556/6950/5238 5566/6948/5238
f 5549/6951/5239 5557/6952/5239 5560/6953/5239 5559/6954/5239
f 5557/6952/5240 5558/6955/5240 5561/6956/5240 5560/6953/5240
f 5559/6954/5241 5560/6953/5241 5555/6957/5241 5552/6958/5241
f 5560/6953/5242 5561/6956/5242 5556/6959/5242 5555/6957/5242
f 5550/6960/5243 5562/6961/5243 5565/6962/5243 5564/6963/5243
f 5562/6961/5244 5563/6964/5244 5566/6965/5244 5565/6962/5244
f 5564/6963/5245 5565/6962/5245 5561/6966/5245 5558/6967/5245
f 5565/6962/5246 5566/6965/5246 5556/6968/5246 5561/6966/5246
f 5567/6969/5247 5570/6970/5247 5573/6971/5247 5572/6972/5247
f 5570/6970/5248 5571/6973/5248 5574/6974/5248 5573/6971/5248
f 5572/6972/5249 5573/6971/5249 5585/6975/5249 5582/6976/5249
f 5573/6971/5250 5574/6974/5250 5575/6977/5250 5585/6975/5250
f 5568/6978/5251 5576/6979/5251 5579/6980/5251 5578/6981/5251
f 5576/6979/5252 5577/6982/5252 5580/6983/5252 5579/6980/5252
f 5578/6981/5253 5579/6980/5253 5574/6984/5253 5571/6985/5253
f 5579/6980/5254 5580/6983/5254 5575/6986/5254 5574/6984/5254
f 5569/6987/5255 5581/6988/5255 5584/6989/5255 5583/6990/5255
f 5581/6988/5256 5582/6991/5256 5585/6992/5256 5584/6989/5256
f 5583/6990/5257 5584/6989/5257 5580/6983/5257 5577/6982/5257
f 5584/6989/5258 5585/6992/5258 5575/6986/5258 5580/6983/5258
f 5586/6993/5259 5589/6994/5259 5592/6995/5259 5591/6996/5259
f 5589/6994/5260 5590/6997/5260 5593/6998/5260 5592/6995/5260
f 5591/6996/5261 5592/6995/5261 5604/6999/5261 5601/7000/5261
f 5592/6995/5262 5593/6998/5262 5594/7001/5262 5604/6999/5262
f 5587/7002/5263 5595/7003/5263 5598/7004/5263 5597/7005/5263
f 5595/7003/5264 5596/7006/5264 5599/7007/5264 5598/7004/5264
f 5597/7005/5265 5598/7004/5265 5593/7008/5265 5590/7009/5265
f 5598/7004/5266 5599/7007/5266 5594/7010/5266 5593/7008/5266
f 5588/7011/5267 5600/7012/5267 5603/7013/5267 5602/7014/5267
f 5600/7012/5268 5601/7015/5268 5604/7016/5268 5603/7013/5268
f 5602/7014/5269 5603/7013/5269 5599/7007/5269 5596/7006/5269
f 5603/7013/5270 5604/7016/5270 5594/7010/5270 5599/7007/5270
f 5605/7017/5271 5608/7018/5271 5611/7019/5271 5610/7020/5271
f 5608/7018/5272 5609/7021/5272 5612/7022/5272 5611/7019/5272
f 5610/7020/5273 5611/7019/5273 5623/7023/5273 5620/7024/5273
f 5611/7019/5274 5612/7022/5274 5613/7025/5274 5623/7023/5274
f 5606/7026/5275 5614/7027/5275 5617/7028/5275 5616/7029/5275
f 5614/7027/5276 5615/7030/5276 5618/7031/5276 5617/7028/5276
f 5616/7029/5277 5617/7028/5277 5612/7022/5277 5609/7021/5277
f 5617/7028/5278 5618/7031/5278 5613/7025/5278 5612/7022/5278
f 5607/7032/5279 5619/7033/5279 5622/7034/5279 5621/7035/5279
f 5619/7033/5280 5620/7024/5280 5623/7023/5280 5622/7034/5280
f 5621/7035/5281 5622/7034/5281 5618/7031/5281 5615/7030/5281
f 5622/7034/5282 5623/7023/5282 5613/7025/5282 5618/7031/5282
f 5624/7036/5283 5627/7037/5283 5630/7038/5283 5629/7039/5283
f 5627/7037/5284 5628/7040/5284 5631/7041/5284 5630/7038/5284
f 5629/7039/5285 5630/7038/5285 5642/7042/5285 5639/7043/5285
f 5630/7038/5286 5631/7041/5286 5632/7044/5286 5642/7042/5286
f 5625/7045/5287 5633/7046/5287 5636/7047/5287 5635/7048/5287
f 5633/7046/5288 5634/7049/5288 5637/7050/5288 5636/7047/5288
f 5635/7048/5289 5636/7047/5289 5631/7041/5289 5628/7040/5289
f 5636/7047/5290 5637/7050/5290 5632/7044/5290 5631/7041/5290
f 5626/7051/5291 5638/7052/5291 5641/7053/5291 5640/7054/5291
f 5638/7052/5292 5639/7043/5292 5642/7042/5292 5641/7053/5292
f 5640/7054/5293 5641/7053/5293 5637/7050/5293 5634/7049/5293
f 5641/7053/5294 5642/7042/5294 5632/7044/5294 5637/7050/5294
f 5643/7055/5295 5646/7056/5295 5649/7057/5295 5648/7058/5295
f 5646/7056/5296 5647/7059/5296 5650/7060/5296 5649/7057/5296
f 5648/7058/5297 5649/7057/5297 5661/7061/5297 5658/7062/5297
f 5649/7057/5298 5650/7060/5298 5651/7063/5298 5661/7061/5298
f 5644/7064/5299 5652/7065/5299 5655/7066/5299 5654/7067/5299
f 5652/7065/5300 5653/7068/5300 5656/7069/5300 5655/7066/5300
f 5654/7067/5301 5655/7066/5301 5650/7060/5301 5647/7059/5301
f 5655/7066/5302 5656/7069/5302 5651/7063/5302 5650/7060/5302
f 5645/7070/5303 5657/7071/5303 5660/7072/5303 5659/7073/5303
f 5657/7071/5304 5658/7062/5304 5661/7061/5304 5660/7072/5304
f 5659/7073/5305 5660/7072/5305 5656/7069/5305 5653/7068/5305
f 5660/7072/5306 5661/7061/5306 5651/7063/5306 5656/7069/5306
f 5662/7074/5307 5665/7075/5307 5668/7076/5307 5667/7077/5307
f 5665/7075/5308 5666/7078/5308 5669/7079/5308 5668/7076/5308
f 5667/7077/5309 5668/7076/5309 5680/7080/5309 5677/7081/5309
f 5668/7076/5310 5669/7079/5310 5670/7082/5310 5680/7080/5310
f 5663/7083/5311 5671/7084/5311 5674/7085/5311 5673/7086/5311
f 5671/7084/5312 5672/7087/5312 5675/7088/5312 5674/7085/5312
f 5673/7086/5313 5674/7085/5313 5669/7079/5313 5666/7078/5313
f 5674/7085/5314 5675/7088/5314 5670/7082/5314 5669/7079/5314
f 5664/7089/5315 5676/7090/5315 5679/7091/5315 5678/7092/5315
f 5676/7090/5316 5677/7081/5316 5680/7080/5316 5679/7091/5316
f 5678/7092/5317 5679/7091/5317 5675/7088/5317 5672/7087/5317
f 5679/7091/5318 5680/7080/5318 5670/7082/5318 5675/7088/5318
f 5567/6969/5319 5529/6915/5319 5534/6918/5319 5570/6970/5319
f 5570/6970/5320 5534/6918/5320 5544/6922/5320 5571/6973/5320
f 5571/6985/5321 5544/6937/5321 5543/6934/5321 5578/6981/5321
f 5578/6981/5322 5543/6934/5322 5531/6933/5322 5568/6978/5322
f 5530/6924/5323 5548/6942/5323 5553/6945/5323 5538/6925/5323
f 5538/6925/5324 5553/6945/5324 5563/6949/5324 5539/6928/5324
f 5539/6940/5325 5563/6964/5325 5562/6961/5325 5545/6936/5325
f 5545/6936/5326 5562/6961/5326 5550/6960/5326 5531/6933/5326
f 5549/6951/5327 5586/6993/5327 5591/6996/5327 5557/6952/5327
f 5557/6952/5328 5591/6996/5328 5601/7000/5328 5558/6955/5328
f 5558/6967/5329 5601/7015/5329 5600/7012/5329 5564/6963/5329
f 5564/6963/5330 5600/7012/5330 5588/7011/5330 5550/6960/5330
f 5587/7002/5331 5569/6987/5331 5583/6990/5331 5595/7003/5331
f 5595/7003/5332 5583/6990/5332 5577/6982/5332 5596/7006/5332
f 5596/7006/5333 5577/6982/5333 5576/6979/5333 5602/7014/5333
f 5602/7014/5334 5576/6979/5334 5568/6978/5334 5588/7011/5334
f 5643/7055/5335 5567/6969/5335 5572/6972/5335 5646/7056/5335
f 5646/7056/5336 5572/6972/5336 5582/6976/5336 5647/7059/5336
f 5647/7059/5337 5582/6991/5337 5581/6988/5337 5654/7067/5337
f 5654/7067/5338 5581/6988/5338 5569/6987/5338 5644/7064/5338
f 5586/6993/5339 5662/7074/5339 5667/7077/5339 5589/6994/5339
f 5589/6994/5340 5667/7077/5340 5677/7081/5340 5590/6997/5340
f 5590/7009/5341 5677/7081/5341 5676/7090/5341 5597/7005/5341
f 5597/7005/5342 5676/7090/5342 5664/7089/5342 5587/7002/5342
f 5663/7083/5343 5645/7070/5343 5659/7073/5343 5671/7084/5343
f 5671/7084/5344 5659/7073/5344 5653/7068/5344 5672/7087/5344
f 5672/7087/5345 5653/7068/5345 5652/7065/5345 5678/7092/5345
f 5678/7092/5346 5652/7065/5346 5644/7064/5346 5664/7089/5346
f 5605/7017/5347 5643/7055/5347 5648/7058/5347 5608/7018/5347
f 5608/7018/5348 5648/7058/5348 5658/7062/5348 5609/7021/5348
f 5609/7021/5349 5658/7062/5349 5657/7071/5349 5616/7029/5349
f 5616/7029/5350 5657/7071/5350 5645/7070/5350 5606/7026/5350
f 5662/7074/5351 5624/7036/5351 5629/7039/5351 5665/7075/5351
f 5665/7075/5352 5629/7039/5352 5639/7043/5352 5666/7078/5352
f 5666/7078/5353 5639/7043/5353 5638/7052/5353 5673/7086/5353
f 5673/7086/5354 5638/7052/5354 5626/7051/5354 5663/7083/5354
f 5625/7045/5355 5607/7032/5355 5621/7035/5355 5633/7046/5355
f 5633/7046/5356 5621/7035/5356 5615/7030/5356 5634/7049/5356
f 5634/7049/5357 5615/7030/5357 5614/7027/5357 5640/7054/5357
f 5640/7054/5358 5614/7027/5358 5606/7026/5358 5626/7051/5358
f 5529/6915/5359 5605/7017/5359 5610/7020/5359 5532/6916/5359
f 5532/6916/5360 5610/7020/5360 5620/7024/5360 5533/6919/5360
f 5533/6931/5361 5620/7024/5361 5619/7033/5361 5540/6927/5361
f 5540/6927/5362 5619/7033/5362 5607/7032/5362 5530/6924/5362
f 5624/7036/5363 5549/6951/5363 5559/6954/5363 5627/7037/5363
f 5627/7037/5364 5559/6954/5364 5552/6958/5364 5628/7040/5364
f 5628/7040/5365 5552/6946/5365 5551/6943/5365 5635/7048/5365
f 5635/7048/5366 5551/6943/5366 5548/6942/5366 5625/7045/5366
f 5567/6969/5367 5643/7055/5367 5605/7017/5367 5529/6915/5367
f 5531/6933/5368 5550/6960/5368 5588/7011/5368 5568/6978/5368
f 5607/7032/5369 5625/7045/5369 5548/6942/5369 5530/6924/5369
f 5662/7074/5370 5586/6993/5370 5549/6951/5370 5624/7036/5370
f 5569/6987/5371 5587/7002/5371 5664/7089/5371 5644/7064/5371
f 5645/7070/5372 5663/7083/5372 5626/7051/5372 5606/7026/5372
o 40_InternalScrews
v 0.078150 0.003375 -0.055800
v 0.078150 0.004375 -0.055800
v 0.078248 0.003375 -0.055790
v 0.078248 0.004375 -0.055790
v 0.078341 0.003375 -0.055762
v 0.078341 0.004375 -0.055762
v 0.078428 0.003375 -0.055716
v 0.078428 0.004375 -0.055716
v 0.078504 0.003375 -0.055654
v 0.078504 0.004375 -0.055654
v 0.078566 0.003375 -0.055578
v 0.078566 0.004375 -0.055578
v 0.078612 0.003375 -0.055491
v 0.078612 0.004375 -0.055491
v 0.078640 0.003375 -0.055398
v 0.078640 0.004375 -0.055398
v 0.078650 0.003375 -0.055300
v 0.078650 0.004375 -0.055300
v 0.078640 0.003375 -0.055202
v 0.078640 0.004375 -0.055202
v 0.078612 0.003375 -0.055109
v 0.078612 0.004375 -0.055109
v 0.078566 0.003375 -0.055022
v 0.078566 0.004375 -0.055022
v 0.078504 0.003375 -0.054946
v 0.078504 0.004375 -0.054946
v 0.078428 0.003375 -0.054884
v 0.078428 0.004375 -0.054884
v 0.078341 0.003375 -0.054838
v 0.078341 0.004375 -0.054838
v 0.078248 0.003375 -0.054810
v 0.078248 0.004375 -0.054810
v 0.078150 0.003375 -0.054800
v 0.078150 0.004375 -0.054800
v 0.078052 0.003375 -0.054810
v 0.078052 0.004375 -0.054810
v 0.077959 0.003375 -0.054838
v 0.077959 0.004375 -0.054838
v 0.077872 0.003375 -0.054884
v 0.077872 0.004375 -0.054884
v 0.077796 0.003375 -0.054946
v 0.077796 0.004375 -0.054946
v 0.077734 0.003375 -0.055022
v 0.077734 0.004375 -0.055022
v 0.077688 0.003375 -0.055109
v 0.077688 0.004375 -0.055109
v 0.077660 0.003375 -0.055202
v 0.077660 0.004375 -0.055202
v 0.077650 0.003375 -0.055300
v 0.077650 0.004375 -0.055300
v 0.077660 0.003375 -0.055398
v 0.077660 0.004375 -0.055398
v 0.077688 0.003375 -0.055491
v 0.077688 0.004375 -0.055491
v 0.077734 0.003375 -0.055578
v 0.077734 0.004375 -0.055578
v 0.077796 0.003375 -0.055654
v 0.077796 0.004375 -0.055654
v 0.077872 0.003375 -0.055716
v 0.077872 0.004375 -0.055716
v 0.077959 0.003375 -0.055762
v 0.077959 0.004375 -0.055762
v 0.078052 0.003375 -0.055790
v 0.078052 0.004375 -0.055790
vn 0.0980 -0.0000 -0.9952
vn 0.2903 -0.0000 -0.9569
vn 0.4714 -0.0000 -0.8819
vn 0.6344 -0.0000 -0.7730
vn 0.7730 -0.0000 -0.6344
vn 0.8819 -0.0000 -0.4714
vn 0.9569 -0.0000 -0.2903
vn 0.9952 -0.0000 -0.0980
vn 0.9952 -0.0000 0.0980
vn 0.9569 -0.0000 0.2903
vn 0.8819 -0.0000 0.4714
vn 0.7730 -0.0000 0.6344
vn 0.6344 -0.0000 0.7730
vn 0.4714 -0.0000 0.8819
vn 0.2903 -0.0000 0.9569
vn 0.0980 -0.0000 0.9952
vn -0.0980 -0.0000 0.9952
vn -0.2903 -0.0000 0.9569
vn -0.4714 -0.0000 0.8819
vn -0.6344 -0.0000 0.7730
vn -0.7730 -0.0000 0.6344
vn -0.8819 -0.0000 0.4714
vn -0.9569 -0.0000 0.2903
vn -0.9952 -0.0000 0.0980
vn -0.9952 -0.0000 -0.0980
vn -0.9569 -0.0000 -0.2903
vn -0.8819 -0.0000 -0.4714
vn -0.7730 -0.0000 -0.6344
vn -0.6344 -0.0000 -0.7730
vn -0.4714 -0.0000 -0.8819
vn -0.0000 1.0000 -0.0000
vn -0.2903 -0.0000 -0.9569
vn -0.0980 -0.0000 -0.9952
vn -0.0000 -1.0000 -0.0000
vt 1.000000 0.500000
vt 1.000000 1.000000
vt 0.968750 1.000000
vt 0.968750 0.500000
vt 0.937500 1.000000
vt 0.937500 0.500000
vt 0.906250 1.000000
vt 0.906250 0.500000
vt 0.875000 1.000000
vt 0.875000 0.500000
vt 0.843750 1.000000
vt 0.843750 0.500000
vt 0.812500 1.000000
vt 0.812500 0.500000
vt 0.781250 1.000000
vt 0.781250 0.500000
vt 0.750000 1.000000
vt 0.750000 0.500000
vt 0.718750 1.000000
vt 0.718750 0.500000
vt 0.687500 1.000000
vt 0.687500 0.500000
vt 0.656250 1.000000
vt 0.656250 0.500000
vt 0.625000 1.000000
vt 0.625000 0.500000
vt 0.593750 1.000000
vt 0.593750 0.500000
vt 0.562500 1.000000
vt 0.562500 0.500000
vt 0.531250 1.000000
vt 0.531250 0.500000
vt 0.500000 1.000000
vt 0.500000 0.500000
vt 0.468750 1.000000
vt 0.468750 0.500000
vt 0.437500 1.000000
vt 0.437500 0.500000
vt 0.406250 1.000000
vt 0.406250 0.500000
vt 0.375000 1.000000
vt 0.375000 0.500000
vt 0.343750 1.000000
vt 0.343750 0.500000
vt 0.312500 1.000000
vt 0.312500 0.500000
vt 0.281250 1.000000
vt 0.281250 0.500000
vt 0.250000 1.000000
vt 0.250000 0.500000
vt 0.218750 1.000000
vt 0.218750 0.500000
vt 0.187500 1.000000
vt 0.187500 0.500000
vt 0.156250 1.000000
vt 0.156250 0.500000
vt 0.125000 1.000000
vt 0.125000 0.500000
vt 0.093750 1.000000
vt 0.093750 0.500000
vt 0.062500 1.000000
vt 0.062500 0.500000
vt 0.296822 0.485388
vt 0.250000 0.490000
vt 0.203178 0.485388
vt 0.158156 0.471731
vt 0.116663 0.449553
vt 0.080294 0.419706
vt 0.050447 0.383337
vt 0.028269 0.341844
vt 0.014612 0.296822
vt 0.010000 0.250000
vt 0.014612 0.203178
vt 0.028269 0.158156
vt 0.050447 0.116663
vt 0.080294 0.080294
vt 0.116663 0.050447
vt 0.158156 0.028269
vt 0.203178 0.014612
vt 0.250000 0.010000
vt 0.296822 0.014612
vt 0.341844 0.028269
vt 0.383337 0.050447
vt 0.419706 0.080294
vt 0.449553 0.116663
vt 0.471731 0.158156
vt 0.485388 0.203178
vt 0.490000 0.250000
vt 0.485388 0.296822
vt 0.471731 0.341844
vt 0.449553 0.383337
vt 0.419706 0.419706
vt 0.383337 0.449553
vt 0.341844 0.471731
vt 0.031250 1.000000
vt 0.031250 0.500000
vt 0.000000 1.000000
vt 0.000000 0.500000
vt 0.750000 0.490000
vt 0.796822 0.485388
vt 0.841844 0.471731
vt 0.883337 0.449553
vt 0.919706 0.419706
vt 0.949553 0.383337
vt 0.971731 0.341844
vt 0.985388 0.296822
vt 0.990000 0.250000
vt 0.985388 0.203178
vt 0.971731 0.158156
vt 0.949553 0.116663
vt 0.919706 0.080294
vt 0.883337 0.050447
vt 0.841844 0.028269
vt 0.796822 0.014612
vt 0.750000 0.010000
vt 0.703178 0.014612
vt 0.658156 0.028269
vt 0.616663 0.050447
vt 0.580294 0.080294
vt 0.550447 0.116663
vt 0.528269 0.158156
vt 0.514612 0.203178
vt 0.510000 0.250000
vt 0.514612 0.296822
vt 0.528269 0.341844
vt 0.550447 0.383337
vt 0.580294 0.419706
vt 0.616663 0.449553
vt 0.658156 0.471731
vt 0.703178 0.485388
s 0
usemtl Steel
f 5681/7093/5373 5682/7094/5373 5684/7095/5373 5683/7096/5373
f 5683/7096/5374 5684/7095/5374 5686/7097/5374 5685/7098/5374
f 5685/7098/5375 5686/7097/5375 5688/7099/5375 5687/7100/5375
f 5687/7100/5376 5688/7099/5376 5690/7101/5376 5689/7102/5376
f 5689/7102/5377 5690/7101/5377 5692/7103/5377 5691/7104/5377
f 5691/7104/5378 5692/7103/5378 5694/7105/5378 5693/7106/5378
f 5693/7106/5379 5694/7105/5379 5696/7107/5379 5695/7108/5379
f 5695/7108/5380 5696/7107/5380 5698/7109/5380 5697/7110/5380
f 5697/7110/5381 5698/7109/5381 5700/7111/5381 5699/7112/5381
f 5699/7112/5382 5700/7111/5382 5702/7113/5382 5701/7114/5382
f 5701/7114/5383 5702/7113/5383 5704/7115/5383 5703/7116/5383
f 5703/7116/5384 5704/7115/5384 5706/7117/5384 5705/7118/5384
f 5705/7118/5385 5706/7117/5385 5708/7119/5385 5707/7120/5385
f 5707/7120/5386 5708/7119/5386 5710/7121/5386 5709/7122/5386
f 5709/7122/5387 5710/7121/5387 5712/7123/5387 5711/7124/5387
f 5711/7124/5388 5712/7123/5388 5714/7125/5388 5713/7126/5388
f 5713/7126/5389 5714/7125/5389 5716/7127/5389 5715/7128/5389
f 5715/7128/5390 5716/7127/5390 5718/7129/5390 5717/7130/5390
f 5717/7130/5391 5718/7129/5391 5720/7131/5391 5719/7132/5391
f 5719/7132/5392 5720/7131/5392 5722/7133/5392 5721/7134/5392
f 5721/7134/5393 5722/7133/5393 5724/7135/5393 5723/7136/5393
f 5723/7136/5394 5724/7135/5394 5726/7137/5394 5725/7138/5394
f 5725/7138/5395 5726/7137/5395 5728/7139/5395 5727/7140/5395
f 5727/7140/5396 5728/7139/5396 5730/7141/5396 5729/7142/5396
f 5729/7142/5397 5730/7141/5397 5732/7143/5397 5731/7144/5397
f 5731/7144/5398 5732/7143/5398 5734/7145/5398 5733/7146/5398
f 5733/7146/5399 5734/7145/5399 5736/7147/5399 5735/7148/5399
f 5735/7148/5400 5736/7147/5400 5738/7149/5400 5737/7150/5400
f 5737/7150/5401 5738/7149/5401 5740/7151/5401 5739/7152/5401
f 5739/7152/5402 5740/7151/5402 5742/7153/5402 5741/7154/5402
f 5684/7155/5403 5682/7156/5403 5744/7157/5403 5742/7158/5403 5740/7159/5403 5738/7160/5403 5736/7161/5403 5734/7162/5403 5732/7163/5403 5730/7164/5403 5728/7165/5403 5726/7166/5403 5724/7167/5403 5722/7168/5403 5720/7169/5403 5718/7170/5403 5716/7171/5403 5714/7172/5403 5712/7173/5403 5710/7174/5403 5708/7175/5403 5706/7176/5403 5704/7177/5403 5702/7178/5403 5700/7179/5403 5698/7180/5403 5696/7181/5403 5694/7182/5403 5692/7183/5403 5690/7184/5403 5688/7185/5403 5686/7186/5403
f 5741/7154/5404 5742/7153/5404 5744/7187/5404 5743/7188/5404
f 5743/7188/5405 5744/7187/5405 5682/7189/5405 5681/7190/5405
f 5681/7191/5406 5683/7192/5406 5685/7193/5406 5687/7194/5406 5689/7195/5406 5691/7196/5406 5693/7197/5406 5695/7198/5406 5697/7199/5406 5699/7200/5406 5701/7201/5406 5703/7202/5406 5705/7203/5406 5707/7204/5406 5709/7205/5406 5711/7206/5406 5713/7207/5406 5715/7208/5406 5717/7209/5406 5719/7210/5406 5721/7211/5406 5723/7212/5406 5725/7213/5406 5727/7214/5406 5729/7215/5406 5731/7216/5406 5733/7217/5406 5735/7218/5406 5737/7219/5406 5739/7220/5406 5741/7221/5406 5743/7222/5406
o 43_InternalBrackets
v 0.053250 0.003375 0.024900
v 0.053250 0.003475 0.025000
v 0.053150 0.003475 0.024900
v 0.053250 0.003383 0.024938
v 0.053250 0.003404 0.024971
v 0.053212 0.003383 0.024900
v 0.053211 0.003392 0.024939
v 0.053213 0.003409 0.024966
v 0.053192 0.003417 0.024958
v 0.053212 0.003475 0.024992
v 0.053179 0.003475 0.024971
v 0.053250 0.003437 0.024992
v 0.053211 0.003436 0.024983
v 0.053184 0.003438 0.024966
v 0.053158 0.003437 0.024900
v 0.053179 0.003404 0.024900
v 0.053158 0.003475 0.024938
v 0.053167 0.003436 0.024939
v 0.053184 0.003409 0.024937
v 0.053250 0.004275 0.025000
v 0.053250 0.004375 0.024900
v 0.053150 0.004275 0.024900
v 0.053250 0.004313 0.024992
v 0.053250 0.004346 0.024971
v 0.053212 0.004275 0.024992
v 0.053211 0.004314 0.024983
v 0.053213 0.004341 0.024966
v 0.053192 0.004333 0.024958
v 0.053212 0.004367 0.024900
v 0.053179 0.004346 0.024900
v 0.053250 0.004367 0.024938
v 0.053211 0.004358 0.024939
v 0.053184 0.004341 0.024937
v 0.053158 0.004275 0.024938
v 0.053179 0.004275 0.024971
v 0.053158 0.004313 0.024900
v 0.053167 0.004314 0.024939
v 0.053184 0.004312 0.024966
v 0.053250 0.003375 -0.024900
v 0.053150 0.003475 -0.024900
v 0.053250 0.003475 -0.025000
v 0.053212 0.003383 -0.024900
v 0.053179 0.003404 -0.024900
v 0.053250 0.003383 -0.024938
v 0.053211 0.003392 -0.024939
v 0.053184 0.003409 -0.024937
v 0.053192 0.003417 -0.024958
v 0.053158 0.003475 -0.024938
v 0.053179 0.003475 -0.024971
v 0.053158 0.003437 -0.024900
v 0.053167 0.003436 -0.024939
v 0.053184 0.003438 -0.024966
v 0.053250 0.003437 -0.024992
v 0.053250 0.003404 -0.024971
v 0.053212 0.003475 -0.024992
v 0.053211 0.003436 -0.024983
v 0.053213 0.003409 -0.024966
v 0.053250 0.004375 -0.024900
v 0.053250 0.004275 -0.025000
v 0.053150 0.004275 -0.024900
v 0.053250 0.004367 -0.024938
v 0.053250 0.004346 -0.024971
v 0.053212 0.004367 -0.024900
v 0.053211 0.004358 -0.024939
v 0.053213 0.004341 -0.024966
v 0.053192 0.004333 -0.024958
v 0.053212 0.004275 -0.024992
v 0.053179 0.004275 -0.024971
v 0.053250 0.004313 -0.024992
v 0.053211 0.004314 -0.024983
v 0.053184 0.004312 -0.024966
v 0.053158 0.004313 -0.024900
v 0.053179 0.004346 -0.024900
v 0.053158 0.004275 -0.024938
v 0.053167 0.004314 -0.024939
v 0.053184 0.004341 -0.024937
v 0.103050 0.003375 0.024900
v 0.103150 0.003475 0.024900
v 0.103050 0.003475 0.025000
v 0.103088 0.003383 0.024900
v 0.103121 0.003404 0.024900
v 0.103050 0.003383 0.024938
v 0.103089 0.003392 0.024939
v 0.103116 0.003409 0.024937
v 0.103108 0.003417 0.024958
v 0.103142 0.003475 0.024938
v 0.103121 0.003475 0.024971
v 0.103142 0.003437 0.024900
v 0.103133 0.003436 0.024939
v 0.103116 0.003438 0.024966
v 0.103050 0.003437 0.024992
v 0.103050 0.003404 0.024971
v 0.103088 0.003475 0.024992
v 0.103089 0.003436 0.024983
v 0.103087 0.003409 0.024966
v 0.103050 0.004375 0.024900
v 0.103050 0.004275 0.025000
v 0.103150 0.004275 0.024900
v 0.103050 0.004367 0.024938
v 0.103050 0.004346 0.024971
v 0.103088 0.004367 0.024900
v 0.103089 0.004358 0.024939
v 0.103087 0.004341 0.024966
v 0.103108 0.004333 0.024958
v 0.103088 0.004275 0.024992
v 0.103121 0.004275 0.024971
v 0.103050 0.004313 0.024992
v 0.103089 0.004314 0.024983
v 0.103116 0.004312 0.024966
v 0.103142 0.004313 0.024900
v 0.103121 0.004346 0.024900
v 0.103142 0.004275 0.024938
v 0.103133 0.004314 0.024939
v 0.103116 0.004341 0.024937
v 0.103050 0.003375 -0.024900
v 0.103050 0.003475 -0.025000
v 0.103150 0.003475 -0.024900
v 0.103050 0.003383 -0.024938
v 0.103050 0.003404 -0.024971
v 0.103088 0.003383 -0.024900
v 0.103089 0.003392 -0.024939
v 0.103087 0.003409 -0.024966
v 0.103108 0.003417 -0.024958
v 0.103088 0.003475 -0.024992
v 0.103121 0.003475 -0.024971
v 0.103050 0.003437 -0.024992
v 0.103089 0.003436 -0.024983
v 0.103116 0.003438 -0.024966
v 0.103142 0.003437 -0.024900
v 0.103121 0.003404 -0.024900
v 0.103142 0.003475 -0.024938
v 0.103133 0.003436 -0.024939
v 0.103116 0.003409 -0.024937
v 0.103050 0.004375 -0.024900
v 0.103150 0.004275 -0.024900
v 0.103050 0.004275 -0.025000
v 0.103088 0.004367 -0.024900
v 0.103121 0.004346 -0.024900
v 0.103050 0.004367 -0.024938
v 0.103089 0.004358 -0.024939
v 0.103116 0.004341 -0.024937
v 0.103108 0.004333 -0.024958
v 0.103142 0.004275 -0.024938
v 0.103121 0.004275 -0.024971
v 0.103142 0.004313 -0.024900
v 0.103133 0.004314 -0.024939
v 0.103116 0.004312 -0.024966
v 0.103050 0.004313 -0.024992
v 0.103050 0.004346 -0.024971
v 0.103088 0.004275 -0.024992
v 0.103089 0.004314 -0.024983
v 0.103087 0.004341 -0.024966
vn -0.2049 -0.9571 0.2049
vn -0.1818 -0.8152 0.5500
vn -0.5500 -0.8152 0.1819
vn -0.4931 -0.7167 0.4931
vn -0.2049 -0.2049 0.9571
vn -0.5500 -0.1818 0.8152
vn -0.1818 -0.5500 0.8151
vn -0.4932 -0.4931 0.7167
vn -0.9571 -0.2049 0.2050
vn -0.8152 -0.5500 0.1818
vn -0.8151 -0.1818 0.5500
vn -0.7167 -0.4931 0.4932
vn -0.2049 0.2049 0.9571
vn -0.1818 0.5500 0.8152
vn -0.5499 0.1818 0.8152
vn -0.4932 0.4931 0.7167
vn -0.2049 0.9571 0.2049
vn -0.5500 0.8152 0.1819
vn -0.1818 0.8151 0.5500
vn -0.4931 0.7167 0.4931
vn -0.9571 0.2049 0.2050
vn -0.8151 0.1818 0.5500
vn -0.8152 0.5500 0.1818
vn -0.7167 0.4931 0.4931
vn -0.2049 -0.9571 -0.2049
vn -0.5500 -0.8152 -0.1819
vn -0.1818 -0.8151 -0.5500
vn -0.4931 -0.7167 -0.4931
vn -0.9571 -0.2049 -0.2050
vn -0.8151 -0.1818 -0.5500
vn -0.8152 -0.5500 -0.1818
vn -0.7167 -0.4931 -0.4931
vn -0.2049 -0.2049 -0.9571
vn -0.1818 -0.5500 -0.8152
vn -0.5499 -0.1818 -0.8152
vn -0.4932 -0.4931 -0.7167
vn -0.2049 0.9571 -0.2049
vn -0.1818 0.8152 -0.5500
vn -0.5500 0.8152 -0.1819
vn -0.4931 0.7167 -0.4931
vn -0.2049 0.2049 -0.9571
vn -0.5500 0.1818 -0.8152
vn -0.1818 0.5500 -0.8151
vn -0.4932 0.4931 -0.7167
vn -0.9571 0.2049 -0.2050
vn -0.8152 0.5500 -0.1818
vn -0.8151 0.1818 -0.5500
vn -0.7167 0.4931 -0.4932
vn 0.2049 -0.9571 0.2049
vn 0.5500 -0.8152 0.1819
vn 0.1818 -0.8151 0.5500
vn 0.4931 -0.7167 0.4931
vn 0.9571 -0.2049 0.2050
vn 0.8151 -0.1818 0.5500
vn 0.8152 -0.5500 0.1818
vn 0.7167 -0.4931 0.4931
vn 0.2049 -0.2049 0.9571
vn 0.1818 -0.5500 0.8152
vn 0.5499 -0.1818 0.8152
vn 0.4932 -0.4931 0.7167
vn 0.2049 0.9571 0.2049
vn 0.1818 0.8152 0.5500
vn 0.5500 0.8152 0.1819
vn 0.4931 0.7167 0.4931
vn 0.2049 0.2049 0.9571
vn 0.5500 0.1818 0.8152
vn 0.1818 0.5500 0.8151
vn 0.4932 0.4931 0.7167
vn 0.9571 0.2049 0.2050
vn 0.8152 0.5500 0.1818
vn 0.8151 0.1818 0.5500
vn 0.7167 0.4931 0.4932
vn 0.2049 -0.9571 -0.2049
vn 0.1818 -0.8152 -0.5500
vn 0.5500 -0.8152 -0.1819
vn 0.4931 -0.7167 -0.4931
vn 0.2049 -0.2049 -0.9571
vn 0.5500 -0.1818 -0.8152
vn 0.1818 -0.5500 -0.8151
vn 0.4932 -0.4931 -0.7167
vn 0.9571 -0.2049 -0.2050
vn 0.8152 -0.5500 -0.1818
vn 0.8151 -0.1818 -0.5500
vn 0.7167 -0.4931 -0.4932
vn 0.2049 0.9571 -0.2049
vn 0.5500 0.8152 -0.1819
vn 0.1818 0.8151 -0.5500
vn 0.4931 0.7167 -0.4931
vn 0.9571 0.2049 -0.2050
vn 0.8151 0.1818 -0.5500
vn 0.8152 0.5500 -0.1818
vn 0.7167 0.4931 -0.4931
vn 0.2049 0.2049 -0.9571
vn 0.1818 0.5500 -0.8152
vn 0.5499 0.1818 -0.8152
vn 0.4932 0.4931 -0.7167
vn -0.1951 -0.9808 -0.0000
vn -0.5556 -0.8315 -0.0000
vn -0.8315 -0.5556 -0.0000
vn -0.9808 -0.1951 -0.0000
vn -0.1951 -0.0000 0.9808
vn -0.5556 -0.0000 0.8315
vn -0.8315 -0.0000 0.5556
vn -0.9808 -0.0000 0.1950
vn -0.1951 0.9808 -0.0000
vn -0.5556 0.8315 -0.0000
vn -0.8315 0.5556 -0.0000
vn -0.9808 0.1951 -0.0000
vn -0.1951 -0.0000 -0.9808
vn -0.5556 -0.0000 -0.8315
vn -0.8315 -0.0000 -0.5556
vn -0.9808 -0.0000 -0.1950
vn -0.0000 -0.9808 -0.1951
vn -0.0000 -0.8315 -0.5556
vn -0.0000 -0.5556 -0.8315
vn -0.0000 -0.1951 -0.9808
vn -0.0000 0.9808 -0.1951
vn -0.0000 0.8315 -0.5556
vn -0.0000 0.5556 -0.8315
vn -0.0000 0.1951 -0.9808
vn 0.9808 -0.0000 -0.1950
vn 0.8315 -0.0000 -0.5556
vn 0.5556 -0.0000 -0.8315
vn 0.1951 -0.0000 -0.9808
vn 0.1951 -0.9808 -0.0000
vn 0.5556 -0.8315 -0.0000
vn 0.8315 -0.5556 -0.0000
vn 0.9808 -0.1951 -0.0000
vn 0.1951 0.9808 -0.0000
vn 0.5556 0.8315 -0.0000
vn 0.8315 0.5556 -0.0000
vn 0.9808 0.1951 -0.0000
vn 0.1951 -0.0000 0.9808
vn 0.5556 -0.0000 0.8315
vn 0.8315 -0.0000 0.5556
vn 0.9808 -0.0000 0.1950
vn -0.0000 -0.9808 0.1951
vn -0.0000 -0.8315 0.5556
vn -0.0000 -0.5556 0.8315
vn -0.0000 -0.1951 0.9808
vn -0.0000 0.9808 0.1951
vn -0.0000 0.8315 0.5556
vn -0.0000 0.5556 0.8315
vn -0.0000 0.1951 0.9808
vn -0.0000 -1.0000 -0.0000
vn -1.0000 -0.0000 -0.0000
vn -0.0000 -0.0000 1.0000
vn -0.0000 1.0000 -0.0000
vn -0.0000 -0.0000 -1.0000
vn 1.0000 -0.0000 -0.0000
vt 0.125500 0.749500
vt 0.125500 0.749691
vt 0.125304 0.749696
vt 0.125309 0.749500
vt 0.125500 0.750000
vt 0.125314 0.750000
vt 0.125000 0.749686
vt 0.125000 0.749500
vt 0.125211 0.750000
vt 0.400000 0.999500
vt 0.400000 0.999691
vt 0.390193 0.999696
vt 0.390433 0.999500
vt 0.400000 1.000000
vt 0.390691 1.000000
vt 0.375000 0.999686
vt 0.375000 0.999500
vt 0.385566 1.000000
vt 0.400000 0.000500
vt 0.390433 0.000500
vt 0.390193 0.000304
vt 0.400000 0.000309
vt 0.375000 0.000500
vt 0.375000 0.000314
vt 0.390691 0.000000
vt 0.400000 0.000000
vt 0.375000 0.000211
vt 0.600000 0.999500
vt 0.609567 0.999500
vt 0.609807 0.999696
vt 0.600000 0.999691
vt 0.625000 0.999500
vt 0.625000 0.999686
vt 0.609309 1.000000
vt 0.600000 1.000000
vt 0.625000 0.999789
vt 0.874500 0.749500
vt 0.874691 0.749500
vt 0.874696 0.749696
vt 0.874500 0.749691
vt 0.875000 0.749500
vt 0.875000 0.749686
vt 0.874686 0.750000
vt 0.874500 0.750000
vt 0.875000 0.749789
vt 0.600000 0.000500
vt 0.600000 0.000309
vt 0.609807 0.000304
vt 0.609567 0.000500
vt 0.600000 0.000000
vt 0.609309 0.000000
vt 0.625000 0.000314
vt 0.625000 0.000500
vt 0.614434 0.000000
vt 0.125500 0.500500
vt 0.125309 0.500500
vt 0.125304 0.500304
vt 0.125500 0.500309
vt 0.125000 0.500500
vt 0.125000 0.500314
vt 0.125314 0.500000
vt 0.125500 0.500000
vt 0.125000 0.500211
vt 0.400000 0.249500
vt 0.400000 0.249691
vt 0.390193 0.249696
vt 0.390433 0.249500
vt 0.400000 0.250000
vt 0.390691 0.250000
vt 0.375000 0.249686
vt 0.375000 0.249500
vt 0.380283 0.250106
vt 0.400000 0.250500
vt 0.390433 0.250500
vt 0.390193 0.250304
vt 0.400000 0.250309
vt 0.375000 0.250500
vt 0.375000 0.250314
vt 0.874500 0.500500
vt 0.874500 0.500309
vt 0.874696 0.500304
vt 0.874691 0.500500
vt 0.874500 0.500000
vt 0.874686 0.500000
vt 0.875000 0.500314
vt 0.875000 0.500500
vt 0.874789 0.500000
vt 0.600000 0.250500
vt 0.600000 0.250309
vt 0.609807 0.250304
vt 0.609567 0.250500
vt 0.600000 0.250000
vt 0.609309 0.250000
vt 0.625000 0.250314
vt 0.625000 0.250500
vt 0.619717 0.249894
vt 0.600000 0.249500
vt 0.609567 0.249500
vt 0.609807 0.249696
vt 0.600000 0.249691
vt 0.625000 0.249500
vt 0.625000 0.249686
vt 0.374500 0.749500
vt 0.374691 0.749500
vt 0.374696 0.749696
vt 0.374500 0.749691
vt 0.375000 0.749500
vt 0.375000 0.749686
vt 0.374843 0.750157
vt 0.374750 0.750250
vt 0.378522 0.750000
vt 0.400000 0.749500
vt 0.400000 0.749691
vt 0.390193 0.749696
vt 0.390433 0.749500
vt 0.400000 0.750000
vt 0.390691 0.750000
vt 0.400000 0.750500
vt 0.390433 0.750500
vt 0.390193 0.750304
vt 0.400000 0.750309
vt 0.625500 0.749500
vt 0.625500 0.749691
vt 0.625304 0.749696
vt 0.625309 0.749500
vt 0.625250 0.750250
vt 0.625157 0.750157
vt 0.625000 0.749686
vt 0.625000 0.749500
vt 0.621548 0.749930
vt 0.600000 0.750500
vt 0.600000 0.750309
vt 0.609807 0.750304
vt 0.609567 0.750500
vt 0.600000 0.750000
vt 0.609309 0.750000
vt 0.600000 0.749500
vt 0.609567 0.749500
vt 0.609807 0.749696
vt 0.600000 0.749691
vt 0.374500 0.500500
vt 0.374500 0.500309
vt 0.374696 0.500304
vt 0.374691 0.500500
vt 0.374750 0.499750
vt 0.374843 0.499843
vt 0.375000 0.500314
vt 0.375000 0.500500
vt 0.378452 0.500070
vt 0.400000 0.499500
vt 0.400000 0.499691
vt 0.390193 0.499696
vt 0.390433 0.499500
vt 0.400000 0.500000
vt 0.390691 0.500000
vt 0.400000 0.500500
vt 0.390433 0.500500
vt 0.390193 0.500304
vt 0.400000 0.500309
vt 0.625500 0.500500
vt 0.625309 0.500500
vt 0.625304 0.500304
vt 0.625500 0.500309
vt 0.625000 0.500500
vt 0.625000 0.500314
vt 0.625157 0.499843
vt 0.625250 0.499750
vt 0.621478 0.500000
vt 0.600000 0.500500
vt 0.600000 0.500309
vt 0.609807 0.500304
vt 0.609567 0.500500
vt 0.600000 0.500000
vt 0.609309 0.500000
vt 0.600000 0.499500
vt 0.609567 0.499500
vt 0.609807 0.499696
vt 0.600000 0.499691
s 0
usemtl Steel
f 5745/7223/5407 5748/7224/5407 5751/7225/5407 5750/7226/5407
f 5748/7224/5408 5749/7227/5408 5752/7228/5408 5751/7225/5408
f 5750/7226/5409 5751/7225/5409 5763/7229/5409 5760/7230/5409
f 5751/7225/5410 5752/7228/5410 5753/7231/5410 5763/7229/5410
f 5746/7232/5411 5754/7233/5411 5757/7234/5411 5756/7235/5411
f 5754/7233/5412 5755/7236/5412 5758/7237/5412 5757/7234/5412
f 5756/7235/5413 5757/7234/5413 5752/7238/5413 5749/7239/5413
f 5757/7234/5414 5758/7237/5414 5753/7240/5414 5752/7238/5414
f 5747/7241/5415 5759/7242/5415 5762/7243/5415 5761/7244/5415
f 5759/7242/5416 5760/7245/5416 5763/7246/5416 5762/7243/5416
f 5761/7244/5417 5762/7243/5417 5758/7247/5417 5755/7248/5417
f 5762/7243/5418 5763/7246/5418 5753/7249/5418 5758/7247/5418
f 5764/7250/5419 5767/7251/5419 5770/7252/5419 5769/7253/5419
f 5767/7251/5420 5768/7254/5420 5771/7255/5420 5770/7252/5420
f 5769/7253/5421 5770/7252/5421 5782/7256/5421 5779/7257/5421
f 5770/7252/5422 5771/7255/5422 5772/7258/5422 5782/7256/5422
f 5765/7259/5423 5773/7260/5423 5776/7261/5423 5775/7262/5423
f 5773/7260/5424 5774/7263/5424 5777/7264/5424 5776/7261/5424
f 5775/7262/5425 5776/7261/5425 5771/7265/5425 5768/7266/5425
f 5776/7261/5426 5777/7264/5426 5772/7267/5426 5771/7265/5426
f 5766/7268/5427 5778/7269/5427 5781/7270/5427 5780/7271/5427
f 5778/7269/5428 5779/7272/5428 5782/7273/5428 5781/7270/5428
f 5780/7271/5429 5781/7270/5429 5777/7274/5429 5774/7275/5429
f 5781/7270/5430 5782/7273/5430 5772/7276/5430 5777/7274/5430
f 5783/7277/5431 5786/7278/5431 5789/7279/5431 5788/7280/5431
f 5786/7278/5432 5787/7281/5432 5790/7282/5432 5789/7279/5432
f 5788/7280/5433 5789/7279/5433 5801/7283/5433 5798/7284/5433
f 5789/7279/5434 5790/7282/5434 5791/7285/5434 5801/7283/5434
f 5784/7286/5435 5792/7287/5435 5795/7288/5435 5794/7289/5435
f 5792/7287/5436 5793/7290/5436 5796/7291/5436 5795/7288/5436
f 5794/7289/5437 5795/7288/5437 5790/7292/5437 5787/7293/5437
f 5795/7288/5438 5796/7291/5438 5791/7294/5438 5790/7292/5438
f 5785/7295/5439 5797/7296/5439 5800/7297/5439 5799/7298/5439
f 5797/7296/5440 5798/7299/5440 5801/7300/5440 5800/7297/5440
f 5799/7298/5441 5800/7297/5441 5796/7291/5441 5793/7290/5441
f 5800/7297/5442 5801/7300/5442 5791/7294/5442 5796/7291/5442
f 5802/7301/5443 5805/7302/5443 5808/7303/5443 5807/7304/5443
f 5805/7302/5444 5806/7305/5444 5809/7306/5444 5808/7303/5444
f 5807/7304/5445 5808/7303/5445 5820/7307/5445 5817/7308/5445
f 5808/7303/5446 5809/7306/5446 5810/7309/5446 5820/7307/5446
f 5803/7310/5447 5811/7311/5447 5814/7312/5447 5813/7313/5447
f 5811/7311/5448 5812/7314/5448 5815/7315/5448 5814/7312/5448
f 5813/7313/5449 5814/7312/5449 5809/7316/5449 5806/7317/5449
f 5814/7312/5450 5815/7315/5450 5810/7318/5450 5809/7316/5450
f 5804/7319/5451 5816/7320/5451 5819/7321/5451 5818/7322/5451
f 5816/7320/5452 5817/7323/5452 5820/7324/5452 5819/7321/5452
f 5818/7322/5453 5819/7321/5453 5815/7315/5453 5812/7314/5453
f 5819/7321/5454 5820/7324/5454 5810/7318/5454 5815/7315/5454
f 5821/7325/5455 5824/7326/5455 5827/7327/5455 5826/7328/5455
f 5824/7326/5456 5825/7329/5456 5828/7330/5456 5827/7327/5456
f 5826/7328/5457 5827/7327/5457 5839/7331/5457 5836/7332/5457
f 5827/7327/5458 5828/7330/5458 5829/7333/5458 5839/7331/5458
f 5822/7334/5459 5830/7335/5459 5833/7336/5459 5832/7337/5459
f 5830/7335/5460 5831/7338/5460 5834/7339/5460 5833/7336/5460
f 5832/7337/5461 5833/7336/5461 5828/7330/5461 5825/7329/5461
f 5833/7336/5462 5834/7339/5462 5829/7333/5462 5828/7330/5462
f 5823/7340/5463 5835/7341/5463 5838/7342/5463 5837/7343/5463
f 5835/7341/5464 5836/7332/5464 5839/7331/5464 5838/7342/5464
f 5837/7343/5465 5838/7342/5465 5834/7339/5465 5831/7338/5465
f 5838/7342/5466 5839/7331/5466 5829/7333/5466 5834/7339/5466
f 5840/7344/5467 5843/7345/5467 5846/7346/5467 5845/7347/5467
f 5843/7345/5468 5844/7348/5468 5847/7349/5468 5846/7346/5468
f 5845/7347/5469 5846/7346/5469 5858/7350/5469 5855/7351/5469
f 5846/7346/5470 5847/7349/5470 5848/7352/5470 5858/7350/5470
f 5841/7353/5471 5849/7354/5471 5852/7355/5471 5851/7356/5471
f 5849/7354/5472 5850/7357/5472 5853/7358/5472 5852/7355/5472
f 5851/7356/5473 5852/7355/5473 5847/7349/5473 5844/7348/5473
f 5852/7355/5474 5853/7358/5474 5848/7352/5474 5847/7349/5474
f 5842/7359/5475 5854/7360/5475 5857/7361/5475 5856/7362/5475
f 5854/7360/5476 5855/7351/5476 5858/7350/5476 5857/7361/5476
f 5856/7362/5477 5857/7361/5477 5853/7358/5477 5850/7357/5477
f 5857/7361/5478 5858/7350/5478 5848/7352/5478 5853/7358/5478
f 5859/7363/5479 5862/7364/5479 5865/7365/5479 5864/7366/5479
f 5862/7364/5480 5863/7367/5480 5866/7368/5480 5865/7365/5480
f 5864/7366/5481 5865/7365/5481 5877/7369/5481 5874/7370/5481
f 5865/7365/5482 5866/7368/5482 5867/7371/5482 5877/7369/5482
f 5860/7372/5483 5868/7373/5483 5871/7374/5483 5870/7375/5483
f 5868/7373/5484 5869/7376/5484 5872/7377/5484 5871/7374/5484
f 5870/7375/5485 5871/7374/5485 5866/7368/5485 5863/7367/5485
f 5871/7374/5486 5872/7377/5486 5867/7371/5486 5866/7368/5486
f 5861/7378/5487 5873/7379/5487 5876/7380/5487 5875/7381/5487
f 5873/7379/5488 5874/7370/5488 5877/7369/5488 5876/7380/5488
f 5875/7381/5489 5876/7380/5489 5872/7377/5489 5869/7376/5489
f 5876/7380/5490 5877/7369/5490 5867/7371/5490 5872/7377/5490
f 5878/7382/5491 5881/7383/5491 5884/7384/5491 5883/7385/5491
f 5881/7383/5492 5882/7386/5492 5885/7387/5492 5884/7384/5492
f 5883/7385/5493 5884/7384/5493 5896/7388/5493 5893/7389/5493
f 5884/7384/5494 5885/7387/5494 5886/7390/5494 5896/7388/5494
f 5879/7391/5495 5887/7392/5495 5890/7393/5495 5889/7394/5495
f 5887/7392/5496 5888/7395/5496 5891/7396/5496 5890/7393/5496
f 5889/7394/5497 5890/7393/5497 5885/7387/5497 5882/7386/5497
f 5890/7393/5498 5891/7396/5498 5886/7390/5498 5885/7387/5498
f 5880/7397/5499 5892/7398/5499 5895/7399/5499 5894/7400/5499
f 5892/7398/5500 5893/7389/5500 5896/7388/5500 5895/7399/5500
f 5894/7400/5501 5895/7399/5501 5891/7396/5501 5888/7395/5501
f 5895/7399/5502 5896/7388/5502 5886/7390/5502 5891/7396/5502
f 5783/7277/5503 5745/7223/5503 5750/7226/5503 5786/7278/5503
f 5786/7278/5504 5750/7226/5504 5760/7230/5504 5787/7281/5504
f 5787/7293/5505 5760/7245/5505 5759/7242/5505 5794/7289/5505
f 5794/7289/5506 5759/7242/5506 5747/7241/5506 5784/7286/5506
f 5746/7232/5507 5764/7250/5507 5769/7253/5507 5754/7233/5507
f 5754/7233/5508 5769/7253/5508 5779/7257/5508 5755/7236/5508
f 5755/7248/5509 5779/7272/5509 5778/7269/5509 5761/7244/5509
f 5761/7244/5510 5778/7269/5510 5766/7268/5510 5747/7241/5510
f 5765/7259/5511 5802/7301/5511 5807/7304/5511 5773/7260/5511
f 5773/7260/5512 5807/7304/5512 5817/7308/5512 5774/7263/5512
f 5774/7275/5513 5817/7323/5513 5816/7320/5513 5780/7271/5513
f 5780/7271/5514 5816/7320/5514 5804/7319/5514 5766/7268/5514
f 5803/7310/5515 5785/7295/5515 5799/7298/5515 5811/7311/5515
f 5811/7311/5516 5799/7298/5516 5793/7290/5516 5812/7314/5516
f 5812/7314/5517 5793/7290/5517 5792/7287/5517 5818/7322/5517
f 5818/7322/5518 5792/7287/5518 5784/7286/5518 5804/7319/5518
f 5859/7363/5519 5783/7277/5519 5788/7280/5519 5862/7364/5519
f 5862/7364/5520 5788/7280/5520 5798/7284/5520 5863/7367/5520
f 5863/7367/5521 5798/7299/5521 5797/7296/5521 5870/7375/5521
f 5870/7375/5522 5797/7296/5522 5785/7295/5522 5860/7372/5522
f 5802/7301/5523 5878/7382/5523 5883/7385/5523 5805/7302/5523
f 5805/7302/5524 5883/7385/5524 5893/7389/5524 5806/7305/5524
f 5806/7317/5525 5893/7389/5525 5892/7398/5525 5813/7313/5525
f 5813/7313/5526 5892/7398/5526 5880/7397/5526 5803/7310/5526
f 5879/7391/5527 5861/7378/5527 5875/7381/5527 5887/7392/5527
f 5887/7392/5528 5875/7381/5528 5869/7376/5528 5888/7395/5528
f 5888/7395/5529 5869/7376/5529 5868/7373/5529 5894/7400/5529
f 5894/7400/5530 5868/7373/5530 5860/7372/5530 5880/7397/5530
f 5821/7325/5531 5859/7363/5531 5864/7366/5531 5824/7326/5531
f 5824/7326/5532 5864/7366/5532 5874/7370/5532 5825/7329/5532
f 5825/7329/5533 5874/7370/5533 5873/7379/5533 5832/7337/5533
f 5832/7337/5534 5873/7379/5534 5861/7378/5534 5822/7334/5534
f 5878/7382/5535 5840/7344/5535 5845/7347/5535 5881/7383/5535
f 5881/7383/5536 5845/7347/5536 5855/7351/5536 5882/7386/5536
f 5882/7386/5537 5855/7351/5537 5854/7360/5537 5889/7394/5537
f 5889/7394/5538 5854/7360/5538 5842/7359/5538 5879/7391/5538
f 5841/7353/5539 5823/7340/5539 5837/7343/5539 5849/7354/5539
f 5849/7354/5540 5837/7343/5540 5831/7338/5540 5850/7357/5540
f 5850/7357/5541 5831/7338/5541 5830/7335/5541 5856/7362/5541
f 5856/7362/5542 5830/7335/5542 5822/7334/5542 5842/7359/5542
f 5745/7223/5543 5821/7325/5543 5826/7328/5543 5748/7224/5543
f 5748/7224/5544 5826/7328/5544 5836/7332/5544 5749/7227/5544
f 5749/7239/5545 5836/7332/5545 5835/7341/5545 5756/7235/5545
f 5756/7235/5546 5835/7341/5546 5823/7340/5546 5746/7232/5546
f 5840/7344/5547 5765/7259/5547 5775/7262/5547 5843/7345/5547
f 5843/7345/5548 5775/7262/5548 5768/7266/5548 5844/7348/5548
f 5844/7348/5549 5768/7254/5549 5767/7251/5549 5851/7356/5549
f 5851/7356/5550 5767/7251/5550 5764/7250/5550 5841/7353/5550
f 5783/7277/5551 5859/7363/5551 5821/7325/5551 5745/7223/5551
f 5747/7241/5552 5766/7268/5552 5804/7319/5552 5784/7286/5552
f 5823/7340/5553 5841/7353/5553 5764/7250/5553 5746/7232/5553
f 5878/7382/5554 5802/7301/5554 5765/7259/5554 5840/7344/5554
f 5785/7295/5555 5803/7310/5555 5880/7397/5555 5860/7372/5555
f 5861/7378/5556 5879/7391/5556 5842/7359/5556 5822/7334/5556
o 44_CableRouting
v -0.128050 0.003375 0.002400
v -0.128050 0.003475 0.002500
v -0.128150 0.003475 0.002400
v -0.128050 0.003383 0.002438
v -0.128050 0.003404 0.002471
v -0.128088 0.003383 0.002400
v -0.128089 0.003392 0.002439
v -0.128087 0.003409 0.002466
v -0.128108 0.003417 0.002458
v -0.128088 0.003475 0.002492
v -0.128121 0.003475 0.002471
v -0.128050 0.003437 0.002492
v -0.128089 0.003436 0.002483
v -0.128116 0.003438 0.002466
v -0.128142 0.003437 0.002400
v -0.128121 0.003404 0.002400
v -0.128142 0.003475 0.002438
v -0.128133 0.003436 0.002439
v -0.128116 0.003409 0.002437
v -0.128050 0.004275 0.002500
v -0.128050 0.004375 0.002400
v -0.128150 0.004275 0.002400
v -0.128050 0.004313 0.002492
v -0.128050 0.004346 0.002471
v -0.128088 0.004275 0.002492
v -0.128089 0.004314 0.002483
v -0.128087 0.004341 0.002466
v -0.128108 0.004333 0.002458
v -0.128088 0.004367 0.002400
v -0.128121 0.004346 0.002400
v -0.128050 0.004367 0.002438
v -0.128089 0.004358 0.002439
v -0.128116 0.004341 0.002437
v -0.128142 0.004275 0.002438
v -0.128121 0.004275 0.002471
v -0.128142 0.004313 0.002400
v -0.128133 0.004314 0.002439
v -0.128116 0.004312 0.002466
v -0.128050 0.003375 -0.002400
v -0.128150 0.003475 -0.002400
v -0.128050 0.003475 -0.002500
v -0.128088 0.003383 -0.002400
v -0.128121 0.003404 -0.002400
v -0.128050 0.003383 -0.002438
v -0.128089 0.003392 -0.002439
v -0.128116 0.003409 -0.002437
v -0.128108 0.003417 -0.002458
v -0.128142 0.003475 -0.002438
v -0.128121 0.003475 -0.002471
v -0.128142 0.003437 -0.002400
v -0.128133 0.003436 -0.002439
v -0.128116 0.003438 -0.002466
v -0.128050 0.003437 -0.002492
v -0.128050 0.003404 -0.002471
v -0.128088 0.003475 -0.002492
v -0.128089 0.003436 -0.002483
v -0.128087 0.003409 -0.002466
v -0.128050 0.004375 -0.002400
v -0.128050 0.004275 -0.002500
v -0.128150 0.004275 -0.002400
v -0.128050 0.004367 -0.002438
v -0.128050 0.004346 -0.002471
v -0.128088 0.004367 -0.002400
v -0.128089 0.004358 -0.002439
v -0.128087 0.004341 -0.002466
v -0.128108 0.004333 -0.002458
v -0.128088 0.004275 -0.002492
v -0.128121 0.004275 -0.002471
v -0.128050 0.004313 -0.002492
v -0.128089 0.004314 -0.002483
v -0.128116 0.004312 -0.002466
v -0.128142 0.004313 -0.002400
v -0.128121 0.004346 -0.002400
v -0.128142 0.004275 -0.002438
v -0.128133 0.004314 -0.002439
v -0.128116 0.004341 -0.002437
v -0.028250 0.003375 0.002400
v -0.028150 0.003475 0.002400
v -0.028250 0.003475 0.002500
v -0.028212 0.003383 0.002400
v -0.028179 0.003404 0.002400
v -0.028250 0.003383 0.002438
v -0.028211 0.003392 0.002439
v -0.028184 0.003409 0.002437
v -0.028192 0.003417 0.002458
v -0.028158 0.003475 0.002438
v -0.028179 0.003475 0.002471
v -0.028158 0.003437 0.002400
v -0.028167 0.003436 0.002439
v -0.028184 0.003438 0.002466
v -0.028250 0.003437 0.002492
v -0.028250 0.003404 0.002471
v -0.028212 0.003475 0.002492
v -0.028211 0.003436 0.002483
v -0.028213 0.003409 0.002466
v -0.028250 0.004375 0.002400
v -0.028250 0.004275 0.002500
v -0.028150 0.004275 0.002400
v -0.028250 0.004367 0.002438
v -0.028250 0.004346 0.002471
v -0.028212 0.004367 0.002400
v -0.028211 0.004358 0.002439
v -0.028213 0.004341 0.002466
v -0.028192 0.004333 0.002458
v -0.028212 0.004275 0.002492
v -0.028179 0.004275 0.002471
v -0.028250 0.004313 0.002492
v -0.028211 0.004314 0.002483
v -0.028184 0.004312 0.002466
v -0.028158 0.004313 0.002400
v -0.028179 0.004346 0.002400
v -0.028158 0.004275 0.002438
v -0.028167 0.004314 0.002439
v -0.028184 0.004341 0.002437
v -0.028250 0.003375 -0.002400
v -0.028250 0.003475 -0.002500
v -0.028150 0.003475 -0.002400
v -0.028250 0.003383 -0.002438
v -0.028250 0.003404 -0.002471
v -0.028212 0.003383 -0.002400
v -0.028211 0.003392 -0.002439
v -0.028213 0.003409 -0.002466
v -0.028192 0.003417 -0.002458
v -0.028212 0.003475 -0.002492
v -0.028179 0.003475 -0.002471
v -0.028250 0.003437 -0.002492
v -0.028211 0.003436 -0.002483
v -0.028184 0.003438 -0.002466
v -0.028158 0.003437 -0.002400
v -0.028179 0.003404 -0.002400
v -0.028158 0.003475 -0.002438
v -0.028167 0.003436 -0.002439
v -0.028184 0.003409 -0.002437
v -0.028250 0.004375 -0.002400
v -0.028150 0.004275 -0.002400
v -0.028250 0.004275 -0.002500
v -0.028212 0.004367 -0.002400
v -0.028179 0.004346 -0.002400
v -0.028250 0.004367 -0.002438
v -0.028211 0.004358 -0.002439
v -0.028184 0.004341 -0.002437
v -0.028192 0.004333 -0.002458
v -0.028158 0.004275 -0.002438
v -0.028179 0.004275 -0.002471
v -0.028158 0.004313 -0.002400
v -0.028167 0.004314 -0.002439
v -0.028184 0.004312 -0.002466
v -0.028250 0.004313 -0.002492
v -0.028250 0.004346 -0.002471
v -0.028212 0.004275 -0.002492
v -0.028211 0.004314 -0.002483
v -0.028213 0.004341 -0.002466
vn -0.2049 -0.9571 0.2049
vn -0.1818 -0.8152 0.5500
vn -0.5499 -0.8152 0.1819
vn -0.4931 -0.7167 0.4931
vn -0.2049 -0.2049 0.9571
vn -0.5500 -0.1819 0.8151
vn -0.1818 -0.5499 0.8152
vn -0.4931 -0.4931 0.7167
vn -0.9571 -0.2049 0.2050
vn -0.8151 -0.5500 0.1818
vn -0.8152 -0.1819 0.5499
vn -0.7166 -0.4931 0.4933
vn -0.2049 0.2050 0.9571
vn -0.1818 0.5500 0.8152
vn -0.5500 0.1819 0.8151
vn -0.4931 0.4931 0.7167
vn -0.2049 0.9571 0.2049
vn -0.5499 0.8152 0.1819
vn -0.1818 0.8152 0.5500
vn -0.4931 0.7167 0.4931
vn -0.9571 0.2049 0.2050
vn -0.8152 0.1819 0.5499
vn -0.8151 0.5500 0.1819
vn -0.7166 0.4931 0.4932
vn -0.2049 -0.9571 -0.2049
vn -0.5499 -0.8152 -0.1819
vn -0.1818 -0.8152 -0.5500
vn -0.4931 -0.7167 -0.4931
vn -0.9571 -0.2049 -0.2050
vn -0.8152 -0.1819 -0.5499
vn -0.8151 -0.5500 -0.1819
vn -0.7166 -0.4931 -0.4932
vn -0.2049 -0.2050 -0.9571
vn -0.1818 -0.5500 -0.8152
vn -0.5500 -0.1819 -0.8151
vn -0.4931 -0.4931 -0.7167
vn -0.2049 0.9571 -0.2049
vn -0.1818 0.8152 -0.5500
vn -0.5499 0.8152 -0.1819
vn -0.4931 0.7167 -0.4931
vn -0.2049 0.2049 -0.9571
vn -0.5500 0.1819 -0.8151
vn -0.1818 0.5499 -0.8152
vn -0.4931 0.4931 -0.7167
vn -0.9571 0.2049 -0.2050
vn -0.8151 0.5500 -0.1818
vn -0.8152 0.1819 -0.5499
vn -0.7166 0.4931 -0.4933
vn 0.2049 -0.9571 0.2049
vn 0.5499 -0.8152 0.1819
vn 0.1818 -0.8152 0.5500
vn 0.4931 -0.7167 0.4931
vn 0.9571 -0.2049 0.2050
vn 0.8152 -0.1819 0.5499
vn 0.8151 -0.5500 0.1819
vn 0.7166 -0.4931 0.4932
vn 0.2049 -0.2050 0.9571
vn 0.1818 -0.5500 0.8152
vn 0.5500 -0.1819 0.8151
vn 0.4931 -0.4931 0.7167
vn 0.2049 0.9571 0.2049
vn 0.1818 0.8152 0.5500
vn 0.5499 0.8152 0.1819
vn 0.4931 0.7167 0.4931
vn 0.2049 0.2049 0.9571
vn 0.5500 0.1819 0.8151
vn 0.1818 0.5499 0.8152
vn 0.4931 0.4931 0.7167
vn 0.9571 0.2049 0.2050
vn 0.8151 0.5500 0.1818
vn 0.8152 0.1819 0.5499
vn 0.7166 0.4931 0.4933
vn 0.2049 -0.9571 -0.2049
vn 0.1818 -0.8152 -0.5500
vn 0.5499 -0.8152 -0.1819
vn 0.4931 -0.7167 -0.4931
vn 0.2049 -0.2049 -0.9571
vn 0.5500 -0.1819 -0.8151
vn 0.1818 -0.5499 -0.8152
vn 0.4931 -0.4931 -0.7167
vn 0.9571 -0.2049 -0.2050
vn 0.8151 -0.5500 -0.1818
vn 0.8152 -0.1819 -0.5499
vn 0.7166 -0.4931 -0.4933
vn 0.2049 0.9571 -0.2049
vn 0.5499 0.8152 -0.1819
vn 0.1818 0.8152 -0.5500
vn 0.4931 0.7167 -0.4931
vn 0.9571 0.2049 -0.2050
vn 0.8152 0.1819 -0.5499
vn 0.8151 0.5500 -0.1819
vn 0.7166 0.4931 -0.4932
vn 0.2049 0.2050 -0.9571
vn 0.1818 0.5500 -0.8152
vn 0.5500 0.1819 -0.8151
vn 0.4931 0.4931 -0.7167
vn -0.1951 -0.9808 -0.0000
vn -0.5556 -0.8315 -0.0000
vn -0.8315 -0.5556 -0.0000
vn -0.9808 -0.1950 -0.0000
vn -0.1950 -0.0000 0.9808
vn -0.5556 -0.0000 0.8315
vn -0.8315 -0.0000 0.5556
vn -0.9808 -0.0000 0.1949
vn -0.1951 0.9808 -0.0000
vn -0.5556 0.8315 -0.0000
vn -0.8315 0.5556 -0.0000
vn -0.9808 0.1950 -0.0000
vn -0.1950 -0.0000 -0.9808
vn -0.5556 -0.0000 -0.8315
vn -0.8315 -0.0000 -0.5556
vn -0.9808 -0.0000 -0.1949
vn -0.0000 -0.9808 -0.1951
vn -0.0000 -0.8315 -0.5556
vn -0.0000 -0.5556 -0.8315
vn -0.0000 -0.1951 -0.9808
vn -0.0000 0.9808 -0.1951
vn -0.0000 0.8315 -0.5556
vn -0.0000 0.5556 -0.8315
vn -0.0000 0.1951 -0.9808
vn 0.9808 -0.0000 -0.1949
vn 0.8315 -0.0000 -0.5556
vn 0.5556 -0.0000 -0.8315
vn 0.1950 -0.0000 -0.9808
vn 0.1951 -0.9808 -0.0000
vn 0.5556 -0.8315 -0.0000
vn 0.8315 -0.5556 -0.0000
vn 0.9808 -0.1950 -0.0000
vn 0.1951 0.9808 -0.0000
vn 0.5556 0.8315 -0.0000
vn 0.8315 0.5556 -0.0000
vn 0.9808 0.1950 -0.0000
vn 0.1950 -0.0000 0.9808
vn 0.5556 -0.0000 0.8315
vn 0.8315 -0.0000 0.5556
vn 0.9808 -0.0000 0.1949
vn -0.0000 -0.9808 0.1951
vn -0.0000 -0.8315 0.5556
vn -0.0000 -0.5556 0.8315
vn -0.0000 -0.1951 0.9808
vn -0.0000 0.9808 0.1951
vn -0.0000 0.8315 0.5556
vn -0.0000 0.5556 0.8315
vn -0.0000 0.1951 0.9808
vn -0.0000 -1.0000 -0.0000
vn -1.0000 -0.0000 -0.0000
vn -0.0000 -0.0000 1.0000
vn -0.0000 1.0000 -0.0000
vn -0.0000 -0.0000 -1.0000
vn 1.0000 -0.0000 -0.0000
vt 0.125250 0.745000
vt 0.125250 0.746913
vt 0.125152 0.746961
vt 0.125154 0.745000
vt 0.125250 0.750000
vt 0.125157 0.750000
vt 0.125000 0.746862
vt 0.125000 0.745000
vt 0.125106 0.750000
vt 0.400000 0.999750
vt 0.400000 0.999846
vt 0.390193 0.999848
vt 0.390433 0.999750
vt 0.400000 1.000000
vt 0.390691 1.000000
vt 0.375000 0.999843
vt 0.375000 0.999750
vt 0.385566 1.000000
vt 0.400000 0.005000
vt 0.390433 0.005000
vt 0.390193 0.003039
vt 0.400000 0.003087
vt 0.375000 0.005000
vt 0.375000 0.003138
vt 0.390691 0.000000
vt 0.400000 0.000000
vt 0.375000 0.002113
vt 0.600000 0.999750
vt 0.609567 0.999750
vt 0.609807 0.999848
vt 0.600000 0.999846
vt 0.625000 0.999750
vt 0.625000 0.999843
vt 0.609309 1.000000
vt 0.600000 1.000000
vt 0.625000 0.999894
vt 0.874750 0.745000
vt 0.874846 0.745000
vt 0.874848 0.746961
vt 0.874750 0.746913
vt 0.875000 0.745000
vt 0.875000 0.746862
vt 0.874843 0.750000
vt 0.874750 0.750000
vt 0.875000 0.747887
vt 0.600000 0.005000
vt 0.600000 0.003087
vt 0.609807 0.003039
vt 0.609567 0.005000
vt 0.600000 0.000000
vt 0.609309 0.000000
vt 0.625000 0.003138
vt 0.625000 0.005000
vt 0.614434 0.000000
vt 0.125250 0.505000
vt 0.125154 0.505000
vt 0.125152 0.503039
vt 0.125250 0.503087
vt 0.125000 0.505000
vt 0.125000 0.503138
vt 0.125157 0.500000
vt 0.125250 0.500000
vt 0.125000 0.502113
vt 0.400000 0.245000
vt 0.400000 0.246913
vt 0.390193 0.246961
vt 0.390433 0.245000
vt 0.400000 0.250000
vt 0.390691 0.250000
vt 0.375000 0.246862
vt 0.375000 0.245000
vt 0.380283 0.250053
vt 0.400000 0.250250
vt 0.390433 0.250250
vt 0.390193 0.250152
vt 0.400000 0.250154
vt 0.375000 0.250250
vt 0.375000 0.250157
vt 0.874750 0.505000
vt 0.874750 0.503087
vt 0.874848 0.503039
vt 0.874846 0.505000
vt 0.874750 0.500000
vt 0.874843 0.500000
vt 0.875000 0.503138
vt 0.875000 0.505000
vt 0.874894 0.500000
vt 0.600000 0.250250
vt 0.600000 0.250154
vt 0.609807 0.250152
vt 0.609567 0.250250
vt 0.600000 0.250000
vt 0.609309 0.250000
vt 0.625000 0.250157
vt 0.625000 0.250250
vt 0.619717 0.248943
vt 0.600000 0.245000
vt 0.609567 0.245000
vt 0.609807 0.246961
vt 0.600000 0.246913
vt 0.625000 0.245000
vt 0.625000 0.246862
vt 0.374750 0.745000
vt 0.374846 0.745000
vt 0.374848 0.746961
vt 0.374750 0.746913
vt 0.375000 0.745000
vt 0.375000 0.746862
vt 0.374922 0.750078
vt 0.374875 0.750125
vt 0.378522 0.749331
vt 0.400000 0.745000
vt 0.400000 0.746913
vt 0.390193 0.746961
vt 0.390433 0.745000
vt 0.400000 0.750000
vt 0.390691 0.750000
vt 0.400000 0.750250
vt 0.390433 0.750250
vt 0.390193 0.750152
vt 0.400000 0.750154
vt 0.625250 0.745000
vt 0.625250 0.746913
vt 0.625152 0.746961
vt 0.625154 0.745000
vt 0.625125 0.750125
vt 0.625078 0.750078
vt 0.625000 0.746862
vt 0.625000 0.745000
vt 0.621513 0.749296
vt 0.600000 0.750250
vt 0.600000 0.750154
vt 0.609807 0.750152
vt 0.609567 0.750250
vt 0.600000 0.750000
vt 0.609309 0.750000
vt 0.600000 0.745000
vt 0.609567 0.745000
vt 0.609807 0.746961
vt 0.600000 0.746913
vt 0.374750 0.505000
vt 0.374750 0.503087
vt 0.374848 0.503039
vt 0.374846 0.505000
vt 0.374875 0.499875
vt 0.374922 0.499922
vt 0.375000 0.503138
vt 0.375000 0.505000
vt 0.378487 0.500704
vt 0.400000 0.499750
vt 0.400000 0.499846
vt 0.390193 0.499848
vt 0.390433 0.499750
vt 0.400000 0.500000
vt 0.390691 0.500000
vt 0.400000 0.505000
vt 0.390433 0.505000
vt 0.390193 0.503039
vt 0.400000 0.503087
vt 0.625250 0.505000
vt 0.625154 0.505000
vt 0.625152 0.503039
vt 0.625250 0.503087
vt 0.625000 0.505000
vt 0.625000 0.503138
vt 0.625078 0.499922
vt 0.625125 0.499875
vt 0.621478 0.500669
vt 0.600000 0.505000
vt 0.600000 0.503087
vt 0.609807 0.503039
vt 0.609567 0.505000
vt 0.600000 0.500000
vt 0.609309 0.500000
vt 0.600000 0.499750
vt 0.609567 0.499750
vt 0.609807 0.499848
vt 0.600000 0.499846
s 0
usemtl Plastic
f 5897/7401/5557 5900/7402/5557 5903/7403/5557 5902/7404/5557
f 5900/7402/5558 5901/7405/5558 5904/7406/5558 5903/7403/5558
f 5902/7404/5559 5903/7403/5559 5915/7407/5559 5912/7408/5559
f 5903/7403/5560 5904/7406/5560 5905/7409/5560 5915/7407/5560
f 5898/7410/5561 5906/7411/5561 5909/7412/5561 5908/7413/5561
f 5906/7411/5562 5907/7414/5562 5910/7415/5562 5909/7412/5562
f 5908/7413/5563 5909/7412/5563 5904/7416/5563 5901/7417/5563
f 5909/7412/5564 5910/7415/5564 5905/7418/5564 5904/7416/5564
f 5899/7419/5565 5911/7420/5565 5914/7421/5565 5913/7422/5565
f 5911/7420/5566 5912/7423/5566 5915/7424/5566 5914/7421/5566
f 5913/7422/5567 5914/7421/5567 5910/7425/5567 5907/7426/5567
f 5914/7421/5568 5915/7424/5568 5905/7427/5568 5910/7425/5568
f 5916/7428/5569 5919/7429/5569 5922/7430/5569 5921/7431/5569
f 5919/7429/5570 5920/7432/5570 5923/7433/5570 5922/7430/5570
f 5921/7431/5571 5922/7430/5571 5934/7434/5571 5931/7435/5571
f 5922/7430/5572 5923/7433/5572 5924/7436/5572 5934/7434/5572
f 5917/7437/5573 5925/7438/5573 5928/7439/5573 5927/7440/5573
f 5925/7438/5574 5926/7441/5574 5929/7442/5574 5928/7439/5574
f 5927/7440/5575 5928/7439/5575 5923/7443/5575 5920/7444/5575
f 5928/7439/5576 5929/7442/5576 5924/7445/5576 5923/7443/5576
f 5918/7446/5577 5930/7447/5577 5933/7448/5577 5932/7449/5577
f 5930/7447/5578 5931/7450/5578 5934/7451/5578 5933/7448/5578
f 5932/7449/5579 5933/7448/5579 5929/7452/5579 5926/7453/5579
f 5933/7448/5580 5934/7451/5580 5924/7454/5580 5929/7452/5580
f 5935/7455/5581 5938/7456/5581 5941/7457/5581 5940/7458/5581
f 5938/7456/5582 5939/7459/5582 5942/7460/5582 5941/7457/5582
f 5940/7458/5583 5941/7457/5583 5953/7461/5583 5950/7462/5583
f 5941/7457/5584 5942/7460/5584 5943/7463/5584 5953/7461/5584
f 5936/7464/5585 5944/7465/5585 5947/7466/5585 5946/7467/5585
f 5944/7465/5586 5945/7468/5586 5948/7469/5586 5947/7466/5586
f 5946/7467/5587 5947/7466/5587 5942/7470/5587 5939/7471/5587
f 5947/7466/5588 5948/7469/5588 5943/7472/5588 5942/7470/5588
f 5937/7473/5589 5949/7474/5589 5952/7475/5589 5951/7476/5589
f 5949/7474/5590 5950/7477/5590 5953/7478/5590 5952/7475/5590
f 5951/7476/5591 5952/7475/5591 5948/7469/5591 5945/7468/5591
f 5952/7475/5592 5953/7478/5592 5943/7472/5592 5948/7469/5592
f 5954/7479/5593 5957/7480/5593 5960/7481/5593 5959/7482/5593
f 5957/7480/5594 5958/7483/5594 5961/7484/5594 5960/7481/5594
f 5959/7482/5595 5960/7481/5595 5972/7485/5595 5969/7486/5595
f 5960/7481/5596 5961/7484/5596 5962/7487/5596 5972/7485/5596
f 5955/7488/5597 5963/7489/5597 5966/7490/5597 5965/7491/5597
f 5963/7489/5598 5964/7492/5598 5967/7493/5598 5966/7490/5598
f 5965/7491/5599 5966/7490/5599 5961/7494/5599 5958/7495/5599
f 5966/7490/5600 5967/7493/5600 5962/7496/5600 5961/7494/5600
f 5956/7497/5601 5968/7498/5601 5971/7499/5601 5970/7500/5601
f 5968/7498/5602 5969/7501/5602 5972/7502/5602 5971/7499/5602
f 5970/7500/5603 5971/7499/5603 5967/7493/5603 5964/7492/5603
f 5971/7499/5604 5972/7502/5604 5962/7496/5604 5967/7493/5604
f 5973/7503/5605 5976/7504/5605 5979/7505/5605 5978/7506/5605
f 5976/7504/5606 5977/7507/5606 5980/7508/5606 5979/7505/5606
f 5978/7506/5607 5979/7505/5607 5991/7509/5607 5988/7510/5607
f 5979/7505/5608 5980/7508/5608 5981/7511/5608 5991/7509/5608
f 5974/7512/5609 5982/7513/5609 5985/7514/5609 5984/7515/5609
f 5982/7513/5610 5983/7516/5610 5986/7517/5610 5985/7514/5610
f 5984/7515/5611 5985/7514/5611 5980/7508/5611 5977/7507/5611
f 5985/7514/5612 5986/7517/5612 5981/7511/5612 5980/7508/5612
f 5975/7518/5613 5987/7519/5613 5990/7520/5613 5989/7521/5613
f 5987/7519/5614 5988/7510/5614 5991/7509/5614 5990/7520/5614
f 5989/7521/5615 5990/7520/5615 5986/7517/5615 5983/7516/5615
f 5990/7520/5616 5991/7509/5616 5981/7511/5616 5986/7517/5616
f 5992/7522/5617 5995/7523/5617 5998/7524/5617 5997/7525/5617
f 5995/7523/5618 5996/7526/5618 5999/7527/5618 5998/7524/5618
f 5997/7525/5619 5998/7524/5619 6010/7528/5619 6007/7529/5619
f 5998/7524/5620 5999/7527/5620 6000/7530/5620 6010/7528/5620
f 5993/7531/5621 6001/7532/5621 6004/7533/5621 6003/7534/5621
f 6001/7532/5622 6002/7535/5622 6005/7536/5622 6004/7533/5622
f 6003/7534/5623 6004/7533/5623 5999/7527/5623 5996/7526/5623
f 6004/7533/5624 6005/7536/5624 6000/7530/5624 5999/7527/5624
f 5994/7537/5625 6006/7538/5625 6009/7539/5625 6008/7540/5625
f 6006/7538/5626 6007/7529/5626 6010/7528/5626 6009/7539/5626
f 6008/7540/5627 6009/7539/5627 6005/7536/5627 6002/7535/5627
f 6009/7539/5628 6010/7528/5628 6000/7530/5628 6005/7536/5628
f 6011/7541/5629 6014/7542/5629 6017/7543/5629 6016/7544/5629
f 6014/7542/5630 6015/7545/5630 6018/7546/5630 6017/7543/5630
f 6016/7544/5631 6017/7543/5631 6029/7547/5631 6026/7548/5631
f 6017/7543/5632 6018/7546/5632 6019/7549/5632 6029/7547/5632
f 6012/7550/5633 6020/7551/5633 6023/7552/5633 6022/7553/5633
f 6020/7551/5634 6021/7554/5634 6024/7555/5634 6023/7552/5634
f 6022/7553/5635 6023/7552/5635 6018/7546/5635 6015/7545/5635
f 6023/7552/5636 6024/7555/5636 6019/7549/5636 6018/7546/5636
f 6013/7556/5637 6025/7557/5637 6028/7558/5637 6027/7559/5637
f 6025/7557/5638 6026/7548/5638 6029/7547/5638 6028/7558/5638
f 6027/7559/5639 6028/7558/5639 6024/7555/5639 6021/7554/5639
f 6028/7558/5640 6029/7547/5640 6019/7549/5640 6024/7555/5640
f 6030/7560/5641 6033/7561/5641 6036/7562/5641 6035/7563/5641
f 6033/7561/5642 6034/7564/5642 6037/7565/5642 6036/7562/5642
f 6035/7563/5643 6036/7562/5643 6048/7566/5643 6045/7567/5643
f 6036/7562/5644 6037/7565/5644 6038/7568/5644 6048/7566/5644
f 6031/7569/5645 6039/7570/5645 6042/7571/5645 6041/7572/5645
f 6039/7570/5646 6040/7573/5646 6043/7574/5646 6042/7571/5646
f 6041/7572/5647 6042/7571/5647 6037/7565/5647 6034/7564/5647
f 6042/7571/5648 6043/7574/5648 6038/7568/5648 6037/7565/5648
f 6032/7575/5649 6044/7576/5649 6047/7577/5649 6046/7578/5649
f 6044/7576/5650 6045/7567/5650 6048/7566/5650 6047/7577/5650
f 6046/7578/5651 6047/7577/5651 6043/7574/5651 6040/7573/5651
f 6047/7577/5652 6048/7566/5652 6038/7568/5652 6043/7574/5652
f 5935/7455/5653 5897/7401/5653 5902/7404/5653 5938/7456/5653
f 5938/7456/5654 5902/7404/5654 5912/7408/5654 5939/7459/5654
f 5939/7471/5655 5912/7423/5655 5911/7420/5655 5946/7467/5655
f 5946/7467/5656 5911/7420/5656 5899/7419/5656 5936/7464/5656
f 5898/7410/5657 5916/7428/5657 5921/7431/5657 5906/7411/5657
f 5906/7411/5658 5921/7431/5658 5931/7435/5658 5907/7414/5658
f 5907/7426/5659 5931/7450/5659 5930/7447/5659 5913/7422/5659
f 5913/7422/5660 5930/7447/5660 5918/7446/5660 5899/7419/5660
f 5917/7437/5661 5954/7479/5661 5959/7482/5661 5925/7438/5661
f 5925/7438/5662 5959/7482/5662 5969/7486/5662 5926/7441/5662
f 5926/7453/5663 5969/7501/5663 5968/7498/5663 5932/7449/5663
f 5932/7449/5664 5968/7498/5664 5956/7497/5664 5918/7446/5664
f 5955/7488/5665 5937/7473/5665 5951/7476/5665 5963/7489/5665
f 5963/7489/5666 5951/7476/5666 5945/7468/5666 5964/7492/5666
f 5964/7492/5667 5945/7468/5667 5944/7465/5667 5970/7500/5667
f 5970/7500/5668 5944/7465/5668 5936/7464/5668 5956/7497/5668
f 6011/7541/5669 5935/7455/5669 5940/7458/5669 6014/7542/5669
f 6014/7542/5670 5940/7458/5670 5950/7462/5670 6015/7545/5670
f 6015/7545/5671 5950/7477/5671 5949/7474/5671 6022/7553/5671
f 6022/7553/5672 5949/7474/5672 5937/7473/5672 6012/7550/5672
f 5954/7479/5673 6030/7560/5673 6035/7563/5673 5957/7480/5673
f 5957/7480/5674 6035/7563/5674 6045/7567/5674 5958/7483/5674
f 5958/7495/5675 6045/7567/5675 6044/7576/5675 5965/7491/5675
f 5965/7491/5676 6044/7576/5676 6032/7575/5676 5955/7488/5676
f 6031/7569/5677 6013/7556/5677 6027/7559/5677 6039/7570/5677
f 6039/7570/5678 6027/7559/5678 6021/7554/5678 6040/7573/5678
f 6040/7573/5679 6021/7554/5679 6020/7551/5679 6046/7578/5679
f 6046/7578/5680 6020/7551/5680 6012/7550/5680 6032/7575/5680
f 5973/7503/5681 6011/7541/5681 6016/7544/5681 5976/7504/5681
f 5976/7504/5682 6016/7544/5682 6026/7548/5682 5977/7507/5682
f 5977/7507/5683 6026/7548/5683 6025/7557/5683 5984/7515/5683
f 5984/7515/5684 6025/7557/5684 6013/7556/5684 5974/7512/5684
f 6030/7560/5685 5992/7522/5685 5997/7525/5685 6033/7561/5685
f 6033/7561/5686 5997/7525/5686 6007/7529/5686 6034/7564/5686
f 6034/7564/5687 6007/7529/5687 6006/7538/5687 6041/7572/5687
f 6041/7572/5688 6006/7538/5688 5994/7537/5688 6031/7569/5688
f 5993/7531/5689 5975/7518/5689 5989/7521/5689 6001/7532/5689
f 6001/7532/5690 5989/7521/5690 5983/7516/5690 6002/7535/5690
f 6002/7535/5691 5983/7516/5691 5982/7513/5691 6008/7540/5691
f 6008/7540/5692 5982/7513/5692 5974/7512/5692 5994/7537/5692
f 5897/7401/5693 5973/7503/5693 5978/7506/5693 5900/7402/5693
f 5900/7402/5694 5978/7506/5694 5988/7510/5694 5901/7405/5694
f 5901/7417/5695 5988/7510/5695 5987/7519/5695 5908/7413/5695
f 5908/7413/5696 5987/7519/5696 5975/7518/5696 5898/7410/5696
f 5992/7522/5697 5917/7437/5697 5927/7440/5697 5995/7523/5697
f 5995/7523/5698 5927/7440/5698 5920/7444/5698 5996/7526/5698
f 5996/7526/5699 5920/7432/5699 5919/7429/5699 6003/7534/5699
f 6003/7534/5700 5919/7429/5700 5916/7428/5700 5993/7531/5700
f 5935/7455/5701 6011/7541/5701 5973/7503/5701 5897/7401/5701
f 5899/7419/5702 5918/7446/5702 5956/7497/5702 5936/7464/5702
f 5975/7518/5703 5993/7531/5703 5916/7428/5703 5898/7410/5703
f 6030/7560/5704 5954/7479/5704 5917/7437/5704 5992/7522/5704
f 5937/7473/5705 5955/7488/5705 6032/7575/5705 6012/7550/5705
f 6013/7556/5706 6031/7569/5706 5994/7537/5706 5974/7512/5706
o 45_RibbonCables
v -0.024950 0.003625 0.059950
v -0.024950 0.003675 0.060000
v -0.025000 0.003675 0.059950
v -0.024950 0.003629 0.059969
v -0.024950 0.003640 0.059985
v -0.024969 0.003629 0.059950
v -0.024970 0.003633 0.059970
v -0.024969 0.003642 0.059983
v -0.024979 0.003646 0.059979
v -0.024969 0.003675 0.059996
v -0.024985 0.003675 0.059985
v -0.024950 0.003656 0.059996
v -0.024970 0.003655 0.059992
v -0.024983 0.003656 0.059983
v -0.024996 0.003656 0.059950
v -0.024985 0.003640 0.059950
v -0.024996 0.003675 0.059969
v -0.024992 0.003655 0.059970
v -0.024983 0.003642 0.059969
v -0.024950 0.004075 0.060000
v -0.024950 0.004125 0.059950
v -0.025000 0.004075 0.059950
v -0.024950 0.004094 0.059996
v -0.024950 0.004110 0.059985
v -0.024969 0.004075 0.059996
v -0.024970 0.004095 0.059992
v -0.024969 0.004108 0.059983
v -0.024979 0.004104 0.059979
v -0.024969 0.004121 0.059950
v -0.024985 0.004110 0.059950
v -0.024950 0.004121 0.059969
v -0.024970 0.004117 0.059970
v -0.024983 0.004108 0.059969
v -0.024996 0.004075 0.059969
v -0.024985 0.004075 0.059985
v -0.024996 0.004094 0.059950
v -0.024992 0.004095 0.059970
v -0.024983 0.004094 0.059983
v -0.024950 0.003625 0.040050
v -0.025000 0.003675 0.040050
v -0.024950 0.003675 0.040000
v -0.024969 0.003629 0.040050
v -0.024985 0.003640 0.040050
v -0.024950 0.003629 0.040031
v -0.024970 0.003633 0.040030
v -0.024983 0.003642 0.040031
v -0.024979 0.003646 0.040021
v -0.024996 0.003675 0.040031
v -0.024985 0.003675 0.040015
v -0.024996 0.003656 0.040050
v -0.024992 0.003655 0.040030
v -0.024983 0.003656 0.040017
v -0.024950 0.003656 0.040004
v -0.024950 0.003640 0.040015
v -0.024969 0.003675 0.040004
v -0.024970 0.003655 0.040008
v -0.024969 0.003642 0.040017
v -0.024950 0.004125 0.040050
v -0.024950 0.004075 0.040000
v -0.025000 0.004075 0.040050
v -0.024950 0.004121 0.040031
v -0.024950 0.004110 0.040015
v -0.024969 0.004121 0.040050
v -0.024970 0.004117 0.040030
v -0.024969 0.004108 0.040017
v -0.024979 0.004104 0.040021
v -0.024969 0.004075 0.040004
v -0.024985 0.004075 0.040015
v -0.024950 0.004094 0.040004
v -0.024970 0.004095 0.040008
v -0.024983 0.004094 0.040017
v -0.024996 0.004094 0.040050
v -0.024985 0.004110 0.040050
v -0.024996 0.004075 0.040031
v -0.024992 0.004095 0.040030
v -0.024983 0.004108 0.040031
v 0.024950 0.003625 0.059950
v 0.025000 0.003675 0.059950
v 0.024950 0.003675 0.060000
v 0.024969 0.003629 0.059950
v 0.024985 0.003640 0.059950
v 0.024950 0.003629 0.059969
v 0.024970 0.003633 0.059970
v 0.024983 0.003642 0.059969
v 0.024979 0.003646 0.059979
v 0.024996 0.003675 0.059969
v 0.024985 0.003675 0.059985
v 0.024996 0.003656 0.059950
v 0.024992 0.003655 0.059970
v 0.024983 0.003656 0.059983
v 0.024950 0.003656 0.059996
v 0.024950 0.003640 0.059985
v 0.024969 0.003675 0.059996
v 0.024970 0.003655 0.059992
v 0.024969 0.003642 0.059983
v 0.024950 0.004125 0.059950
v 0.024950 0.004075 0.060000
v 0.025000 0.004075 0.059950
v 0.024950 0.004121 0.059969
v 0.024950 0.004110 0.059985
v 0.024969 0.004121 0.059950
v 0.024970 0.004117 0.059970
v 0.024969 0.004108 0.059983
v 0.024979 0.004104 0.059979
v 0.024969 0.004075 0.059996
v 0.024985 0.004075 0.059985
v 0.024950 0.004094 0.059996
v 0.024970 0.004095 0.059992
v 0.024983 0.004094 0.059983
v 0.024996 0.004094 0.059950
v 0.024985 0.004110 0.059950
v 0.024996 0.004075 0.059969
v 0.024992 0.004095 0.059970
v 0.024983 0.004108 0.059969
v 0.024950 0.003625 0.040050
v 0.024950 0.003675 0.040000
v 0.025000 0.003675 0.040050
v 0.024950 0.003629 0.040031
v 0.024950 0.003640 0.040015
v 0.024969 0.003629 0.040050
v 0.024970 0.003633 0.040030
v 0.024969 0.003642 0.040017
v 0.024979 0.003646 0.040021
v 0.024969 0.003675 0.040004
v 0.024985 0.003675 0.040015
v 0.024950 0.003656 0.040004
v 0.024970 0.003655 0.040008
v 0.024983 0.003656 0.040017
v 0.024996 0.003656 0.040050
v 0.024985 0.003640 0.040050
v 0.024996 0.003675 0.040031
v 0.024992 0.003655 0.040030
v 0.024983 0.003642 0.040031
v 0.024950 0.004125 0.040050
v 0.025000 0.004075 0.040050
v 0.024950 0.004075 0.040000
v 0.024969 0.004121 0.040050
v 0.024985 0.004110 0.040050
v 0.024950 0.004121 0.040031
v 0.024970 0.004117 0.040030
v 0.024983 0.004108 0.040031
v 0.024979 0.004104 0.040021
v 0.024996 0.004075 0.040031
v 0.024985 0.004075 0.040015
v 0.024996 0.004094 0.040050
v 0.024992 0.004095 0.040030
v 0.024983 0.004094 0.040017
v 0.024950 0.004094 0.040004
v 0.024950 0.004110 0.040015
v 0.024969 0.004075 0.040004
v 0.024970 0.004095 0.040008
v 0.024969 0.004108 0.040017
vn -0.2049 -0.9571 0.2049
vn -0.1818 -0.8151 0.5500
vn -0.5500 -0.8152 0.1819
vn -0.4931 -0.7167 0.4931
vn -0.2049 -0.2049 0.9571
vn -0.5500 -0.1819 0.8151
vn -0.1818 -0.5500 0.8152
vn -0.4931 -0.4931 0.7167
vn -0.9571 -0.2049 0.2050
vn -0.8151 -0.5500 0.1818
vn -0.8152 -0.1819 0.5499
vn -0.7166 -0.4931 0.4933
vn -0.2049 0.2049 0.9571
vn -0.1818 0.5500 0.8152
vn -0.5500 0.1819 0.8151
vn -0.4931 0.4931 0.7167
vn -0.2049 0.9571 0.2049
vn -0.5500 0.8151 0.1819
vn -0.1818 0.8152 0.5500
vn -0.4931 0.7167 0.4931
vn -0.9571 0.2049 0.2050
vn -0.8152 0.1819 0.5499
vn -0.8151 0.5500 0.1819
vn -0.7166 0.4931 0.4932
vn -0.2049 -0.9571 -0.2049
vn -0.5500 -0.8151 -0.1819
vn -0.1818 -0.8152 -0.5500
vn -0.4931 -0.7167 -0.4931
vn -0.9571 -0.2049 -0.2050
vn -0.8152 -0.1819 -0.5499
vn -0.8151 -0.5500 -0.1819
vn -0.7166 -0.4931 -0.4932
vn -0.2049 -0.2049 -0.9571
vn -0.1818 -0.5500 -0.8152
vn -0.5500 -0.1819 -0.8151
vn -0.4931 -0.4931 -0.7167
vn -0.2049 0.9571 -0.2049
vn -0.1818 0.8151 -0.5500
vn -0.5500 0.8152 -0.1819
vn -0.4931 0.7167 -0.4931
vn -0.2049 0.2049 -0.9571
vn -0.5500 0.1819 -0.8151
vn -0.1818 0.5500 -0.8152
vn -0.4931 0.4931 -0.7167
vn -0.9571 0.2049 -0.2050
vn -0.8151 0.5500 -0.1818
vn -0.8152 0.1819 -0.5499
vn -0.7166 0.4931 -0.4933
vn 0.2049 -0.9571 0.2049
vn 0.5500 -0.8151 0.1819
vn 0.1818 -0.8152 0.5500
vn 0.4931 -0.7167 0.4931
vn 0.9571 -0.2049 0.2050
vn 0.8152 -0.1819 0.5499
vn 0.8151 -0.5500 0.1819
vn 0.7166 -0.4931 0.4932
vn 0.2049 -0.2049 0.9571
vn 0.1818 -0.5500 0.8152
vn 0.5500 -0.1819 0.8151
vn 0.4931 -0.4931 0.7167
vn 0.2049 0.9571 0.2049
vn 0.1818 0.8151 0.5500
vn 0.5500 0.8152 0.1819
vn 0.4931 0.7167 0.4931
vn 0.2049 0.2049 0.9571
vn 0.5500 0.1819 0.8151
vn 0.1818 0.5500 0.8152
vn 0.4931 0.4931 0.7167
vn 0.9571 0.2049 0.2050
vn 0.8151 0.5500 0.1818
vn 0.8152 0.1819 0.5499
vn 0.7166 0.4931 0.4933
vn 0.2049 -0.9571 -0.2049
vn 0.1818 -0.8151 -0.5500
vn 0.5500 -0.8152 -0.1819
vn 0.4931 -0.7167 -0.4931
vn 0.2049 -0.2049 -0.9571
vn 0.5500 -0.1819 -0.8151
vn 0.1818 -0.5500 -0.8152
vn 0.4931 -0.4931 -0.7167
vn 0.9571 -0.2049 -0.2050
vn 0.8151 -0.5500 -0.1818
vn 0.8152 -0.1819 -0.5499
vn 0.7166 -0.4931 -0.4933
vn 0.2049 0.9571 -0.2049
vn 0.5500 0.8151 -0.1819
vn 0.1818 0.8152 -0.5500
vn 0.4931 0.7167 -0.4931
vn 0.9571 0.2049 -0.2050
vn 0.8152 0.1819 -0.5499
vn 0.8151 0.5500 -0.1819
vn 0.7166 0.4931 -0.4932
vn 0.2049 0.2049 -0.9571
vn 0.1818 0.5500 -0.8152
vn 0.5500 0.1819 -0.8151
vn 0.4931 0.4931 -0.7167
vn -0.1951 -0.9808 -0.0000
vn -0.5556 -0.8315 -0.0000
vn -0.8315 -0.5556 -0.0000
vn -0.9808 -0.1950 -0.0000
vn -0.1950 -0.0000 0.9808
vn -0.5556 -0.0000 0.8315
vn -0.8315 -0.0000 0.5556
vn -0.9808 -0.0000 0.1949
vn -0.1951 0.9808 -0.0000
vn -0.5556 0.8315 -0.0000
vn -0.8315 0.5556 -0.0000
vn -0.9808 0.1950 -0.0000
vn -0.1950 -0.0000 -0.9808
vn -0.5556 -0.0000 -0.8315
vn -0.8315 -0.0000 -0.5556
vn -0.9808 -0.0000 -0.1949
vn -0.0000 -0.9808 -0.1951
vn -0.0000 -0.8315 -0.5556
vn -0.0000 -0.5556 -0.8315
vn -0.0000 -0.1950 -0.9808
vn -0.0000 0.9808 -0.1951
vn -0.0000 0.8315 -0.5556
vn -0.0000 0.5556 -0.8315
vn -0.0000 0.1950 -0.9808
vn 0.9808 -0.0000 -0.1949
vn 0.8315 -0.0000 -0.5556
vn 0.5556 -0.0000 -0.8315
vn 0.1950 -0.0000 -0.9808
vn 0.1951 -0.9808 -0.0000
vn 0.5556 -0.8315 -0.0000
vn 0.8315 -0.5556 -0.0000
vn 0.9808 -0.1950 -0.0000
vn 0.1951 0.9808 -0.0000
vn 0.5556 0.8315 -0.0000
vn 0.8315 0.5556 -0.0000
vn 0.9808 0.1950 -0.0000
vn 0.1950 -0.0000 0.9808
vn 0.5556 -0.0000 0.8315
vn 0.8315 -0.0000 0.5556
vn 0.9808 -0.0000 0.1949
vn -0.0000 -0.9808 0.1951
vn -0.0000 -0.8315 0.5556
vn -0.0000 -0.5556 0.8315
vn -0.0000 -0.1950 0.9808
vn -0.0000 0.9808 0.1951
vn -0.0000 0.8315 0.5556
vn -0.0000 0.5556 0.8315
vn -0.0000 0.1950 0.9808
vn -0.0000 -1.0000 -0.0000
vn -1.0000 -0.0000 -0.0000
vn -0.0000 -0.0000 1.0000
vn -0.0000 1.0000 -0.0000
vn -0.0000 -0.0000 -1.0000
vn 1.0000 -0.0000 -0.0000
vt 0.125250 0.749375
vt 0.125250 0.749614
vt 0.125152 0.749620
vt 0.125154 0.749375
vt 0.125250 0.750000
vt 0.125157 0.750000
vt 0.125000 0.749608
vt 0.125000 0.749375
vt 0.125106 0.750000
vt 0.400000 0.999750
vt 0.400000 0.999846
vt 0.390193 0.999848
vt 0.390433 0.999750
vt 0.400000 1.000000
vt 0.390691 1.000000
vt 0.375000 0.999843
vt 0.375000 0.999750
vt 0.385566 1.000000
vt 0.400000 0.000625
vt 0.390433 0.000625
vt 0.390193 0.000380
vt 0.400000 0.000386
vt 0.375000 0.000625
vt 0.375000 0.000392
vt 0.390691 0.000000
vt 0.400000 0.000000
vt 0.375000 0.000264
vt 0.600000 0.999750
vt 0.609567 0.999750
vt 0.609807 0.999848
vt 0.600000 0.999846
vt 0.625000 0.999750
vt 0.625000 0.999843
vt 0.609309 1.000000
vt 0.600000 1.000000
vt 0.625000 0.999894
vt 0.874750 0.749375
vt 0.874846 0.749375
vt 0.874848 0.749620
vt 0.874750 0.749614
vt 0.875000 0.749375
vt 0.875000 0.749608
vt 0.874843 0.750000
vt 0.874750 0.750000
vt 0.875000 0.749736
vt 0.600000 0.000625
vt 0.600000 0.000386
vt 0.609807 0.000380
vt 0.609567 0.000625
vt 0.600000 0.000000
vt 0.609309 0.000000
vt 0.625000 0.000392
vt 0.625000 0.000625
vt 0.614434 0.000000
vt 0.125250 0.500625
vt 0.125154 0.500625
vt 0.125152 0.500380
vt 0.125250 0.500386
vt 0.125000 0.500625
vt 0.125000 0.500392
vt 0.125157 0.500000
vt 0.125250 0.500000
vt 0.125000 0.500264
vt 0.400000 0.249375
vt 0.400000 0.249614
vt 0.390193 0.249620
vt 0.390433 0.249375
vt 0.400000 0.250000
vt 0.390691 0.250000
vt 0.375000 0.249608
vt 0.375000 0.249375
vt 0.380283 0.250053
vt 0.400000 0.250250
vt 0.390433 0.250250
vt 0.390193 0.250152
vt 0.400000 0.250154
vt 0.375000 0.250250
vt 0.375000 0.250157
vt 0.874750 0.500625
vt 0.874750 0.500386
vt 0.874848 0.500380
vt 0.874846 0.500625
vt 0.874750 0.500000
vt 0.874843 0.500000
vt 0.875000 0.500392
vt 0.875000 0.500625
vt 0.874894 0.500000
vt 0.600000 0.250250
vt 0.600000 0.250154
vt 0.609807 0.250152
vt 0.609567 0.250250
vt 0.600000 0.250000
vt 0.609309 0.250000
vt 0.625000 0.250157
vt 0.625000 0.250250
vt 0.619717 0.249868
vt 0.600000 0.249375
vt 0.609567 0.249375
vt 0.609807 0.249620
vt 0.600000 0.249614
vt 0.625000 0.249375
vt 0.625000 0.249608
vt 0.374750 0.749375
vt 0.374846 0.749375
vt 0.374848 0.749620
vt 0.374750 0.749614
vt 0.375000 0.749375
vt 0.375000 0.749608
vt 0.374922 0.750078
vt 0.374875 0.750125
vt 0.378522 0.749947
vt 0.400000 0.749375
vt 0.400000 0.749614
vt 0.390193 0.749620
vt 0.390433 0.749375
vt 0.400000 0.750000
vt 0.390691 0.750000
vt 0.400000 0.750250
vt 0.390433 0.750250
vt 0.390193 0.750152
vt 0.400000 0.750154
vt 0.625250 0.749375
vt 0.625250 0.749614
vt 0.625152 0.749620
vt 0.625154 0.749375
vt 0.625125 0.750125
vt 0.625078 0.750078
vt 0.625000 0.749608
vt 0.625000 0.749375
vt 0.621513 0.749912
vt 0.600000 0.750250
vt 0.600000 0.750154
vt 0.609807 0.750152
vt 0.609567 0.750250
vt 0.600000 0.750000
vt 0.609309 0.750000
vt 0.600000 0.749375
vt 0.609567 0.749375
vt 0.609807 0.749620
vt 0.600000 0.749614
vt 0.374750 0.500625
vt 0.374750 0.500386
vt 0.374848 0.500380
vt 0.374846 0.500625
vt 0.374875 0.499875
vt 0.374922 0.499922
vt 0.375000 0.500392
vt 0.375000 0.500625
vt 0.378487 0.500088
vt 0.400000 0.499750
vt 0.400000 0.499846
vt 0.390193 0.499848
vt 0.390433 0.499750
vt 0.400000 0.500000
vt 0.390691 0.500000
vt 0.400000 0.500625
vt 0.390433 0.500625
vt 0.390193 0.500380
vt 0.400000 0.500386
vt 0.625250 0.500625
vt 0.625154 0.500625
vt 0.625152 0.500380
vt 0.625250 0.500386
vt 0.625000 0.500625
vt 0.625000 0.500392
vt 0.625078 0.499922
vt 0.625125 0.499875
vt 0.621478 0.500053
vt 0.600000 0.500625
vt 0.600000 0.500386
vt 0.609807 0.500380
vt 0.609567 0.500625
vt 0.600000 0.500000
vt 0.609309 0.500000
vt 0.600000 0.499750
vt 0.609567 0.499750
vt 0.609807 0.499848
vt 0.600000 0.499846
s 0
usemtl Plastic
f 6049/7579/5707 6052/7580/5707 6055/7581/5707 6054/7582/5707
f 6052/7580/5708 6053/7583/5708 6056/7584/5708 6055/7581/5708
f 6054/7582/5709 6055/7581/5709 6067/7585/5709 6064/7586/5709
f 6055/7581/5710 6056/7584/5710 6057/7587/5710 6067/7585/5710
f 6050/7588/5711 6058/7589/5711 6061/7590/5711 6060/7591/5711
f 6058/7589/5712 6059/7592/5712 6062/7593/5712 6061/7590/5712
f 6060/7591/5713 6061/7590/5713 6056/7594/5713 6053/7595/5713
f 6061/7590/5714 6062/7593/5714 6057/7596/5714 6056/7594/5714
f 6051/7597/5715 6063/7598/5715 6066/7599/5715 6065/7600/5715
f 6063/7598/5716 6064/7601/5716 6067/7602/5716 6066/7599/5716
f 6065/7600/5717 6066/7599/5717 6062/7603/5717 6059/7604/5717
f 6066/7599/5718 6067/7602/5718 6057/7605/5718 6062/7603/5718
f 6068/7606/5719 6071/7607/5719 6074/7608/5719 6073/7609/5719
f 6071/7607/5720 6072/7610/5720 6075/7611/5720 6074/7608/5720
f 6073/7609/5721 6074/7608/5721 6086/7612/5721 6083/7613/5721
f 6074/7608/5722 6075/7611/5722 6076/7614/5722 6086/7612/5722
f 6069/7615/5723 6077/7616/5723 6080/7617/5723 6079/7618/5723
f 6077/7616/5724 6078/7619/5724 6081/7620/5724 6080/7617/5724
f 6079/7618/5725 6080/7617/5725 6075/7621/5725 6072/7622/5725
f 6080/7617/5726 6081/7620/5726 6076/7623/5726 6075/7621/5726
f 6070/7624/5727 6082/7625/5727 6085/7626/5727 6084/7627/5727
f 6082/7625/5728 6083/7628/5728 6086/7629/5728 6085/7626/5728
f 6084/7627/5729 6085/7626/5729 6081/7630/5729 6078/7631/5729
f 6085/7626/5730 6086/7629/5730 6076/7632/5730 6081/7630/5730
f 6087/7633/5731 6090/7634/5731 6093/7635/5731 6092/7636/5731
f 6090/7634/5732 6091/7637/5732 6094/7638/5732 6093/7635/5732
f 6092/7636/5733 6093/7635/5733 6105/7639/5733 6102/7640/5733
f 6093/7635/5734 6094/7638/5734 6095/7641/5734 6105/7639/5734
f 6088/7642/5735 6096/7643/5735 6099/7644/5735 6098/7645/5735
f 6096/7643/5736 6097/7646/5736 6100/7647/5736 6099/7644/5736
f 6098/7645/5737 6099/7644/5737 6094/7648/5737 6091/7649/5737
f 6099/7644/5738 6100/7647/5738 6095/7650/5738 6094/7648/5738
f 6089/7651/5739 6101/7652/5739 6104/7653/5739 6103/7654/5739
f 6101/7652/5740 6102/7655/5740 6105/7656/5740 6104/7653/5740
f 6103/7654/5741 6104/7653/5741 6100/7647/5741 6097/7646/5741
f 6104/7653/5742 6105/7656/5742 6095/7650/5742 6100/7647/5742
f 6106/7657/5743 6109/7658/5743 6112/7659/5743 6111/7660/5743
f 6109/7658/5744 6110/7661/5744 6113/7662/5744 6112/7659/5744
f 6111/7660/5745 6112/7659/5745 6124/7663/5745 6121/7664/5745
f 6112/7659/5746 6113/7662/5746 6114/7665/5746 6124/7663/5746
f 6107/7666/5747 6115/7667/5747 6118/7668/5747 6117/7669/5747
f 6115/7667/5748 6116/7670/5748 6119/7671/5748 6118/7668/5748
f 6117/7669/5749 6118/7668/5749 6113/7672/5749 6110/7673/5749
f 6118/7668/5750 6119/7671/5750 6114/7674/5750 6113/7672/5750
f 6108/7675/5751 6120/7676/5751 6123/7677/5751 6122/7678/5751
f 6120/7676/5752 6121/7679/5752 6124/7680/5752 6123/7677/5752
f 6122/7678/5753 6123/7677/5753 6119/7671/5753 6116/7670/5753
f 6123/7677/5754 6124/7680/5754 6114/7674/5754 6119/7671/5754
f 6125/7681/5755 6128/7682/5755 6131/7683/5755 6130/7684/5755
f 6128/7682/5756 6129/7685/5756 6132/7686/5756 6131/7683/5756
f 6130/7684/5757 6131/7683/5757 6143/7687/5757 6140/7688/5757
f 6131/7683/5758 6132/7686/5758 6133/7689/5758 6143/7687/5758
f 6126/7690/5759 6134/7691/5759 6137/7692/5759 6136/7693/5759
f 6134/7691/5760 6135/7694/5760 6138/7695/5760 6137/7692/5760
f 6136/7693/5761 6137/7692/5761 6132/7686/5761 6129/7685/5761
f 6137/7692/5762 6138/7695/5762 6133/7689/5762 6132/7686/5762
f 6127/7696/5763 6139/7697/5763 6142/7698/5763 6141/7699/5763
f 6139/7697/5764 6140/7688/5764 6143/7687/5764 6142/7698/5764
f 6141/7699/5765 6142/7698/5765 6138/7695/5765 6135/7694/5765
f 6142/7698/5766 6143/7687/5766 6133/7689/5766 6138/7695/5766
f 6144/7700/5767 6147/7701/5767 6150/7702/5767 6149/7703/5767
f 6147/7701/5768 6148/7704/5768 6151/7705/5768 6150/7702/5768
f 6149/7703/5769 6150/7702/5769 6162/7706/5769 6159/7707/5769
f 6150/7702/5770 6151/7705/5770 6152/7708/5770 6162/7706/5770
f 6145/7709/5771 6153/7710/5771 6156/7711/5771 6155/7712/5771
f 6153/7710/5772 6154/7713/5772 6157/7714/5772 6156/7711/5772
f 6155/7712/5773 6156/7711/5773 6151/7705/5773 6148/7704/5773
f 6156/7711/5774 6157/7714/5774 6152/7708/5774 6151/7705/5774
f 6146/7715/5775 6158/7716/5775 6161/7717/5775 6160/7718/5775
f 6158/7716/5776 6159/7707/5776 6162/7706/5776 6161/7717/5776
f 6160/7718/5777 6161/7717/5777 6157/7714/5777 6154/7713/5777
f 6161/7717/5778 6162/7706/5778 6152/7708/5778 6157/7714/5778
f 6163/7719/5779 6166/7720/5779 6169/7721/5779 6168/7722/5779
f 6166/7720/5780 6167/7723/5780 6170/7724/5780 6169/7721/5780
f 6168/7722/5781 6169/7721/5781 6181/7725/5781 6178/7726/5781
f 6169/7721/5782 6170/7724/5782 6171/7727/5782 6181/7725/5782
f 6164/7728/5783 6172/7729/5783 6175/7730/5783 6174/7731/5783
f 6172/7729/5784 6173/7732/5784 6176/7733/5784 6175/7730/5784
f 6174/7731/5785 6175/7730/5785 6170/7724/5785 6167/7723/5785
f 6175/7730/5786 6176/7733/5786 6171/7727/5786 6170/7724/5786
f 6165/7734/5787 6177/7735/5787 6180/7736/5787 6179/7737/5787
f 6177/7735/5788 6178/7726/5788 6181/7725/5788 6180/7736/5788
f 6179/7737/5789 6180/7736/5789 6176/7733/5789 6173/7732/5789
f 6180/7736/5790 6181/7725/5790 6171/7727/5790 6176/7733/5790
f 6182/7738/5791 6185/7739/5791 6188/7740/5791 6187/7741/5791
f 6185/7739/5792 6186/7742/5792 6189/7743/5792 6188/7740/5792
f 6187/7741/5793 6188/7740/5793 6200/7744/5793 6197/7745/5793
f 6188/7740/5794 6189/7743/5794 6190/7746/5794 6200/7744/5794
f 6183/7747/5795 6191/7748/5795 6194/7749/5795 6193/7750/5795
f 6191/7748/5796 6192/7751/5796 6195/7752/5796 6194/7749/5796
f 6193/7750/5797 6194/7749/5797 6189/7743/5797 6186/7742/5797
f 6194/7749/5798 6195/7752/5798 6190/7746/5798 6189/7743/5798
f 6184/7753/5799 6196/7754/5799 6199/7755/5799 6198/7756/5799
f 6196/7754/5800 6197/7745/5800 6200/7744/5800 6199/7755/5800
f 6198/7756/5801 6199/7755/5801 6195/7752/5801 6192/7751/5801
f 6199/7755/5802 6200/7744/5802 6190/7746/5802 6195/7752/5802
f 6087/7633/5803 6049/7579/5803 6054/7582/5803 6090/7634/5803
f 6090/7634/5804 6054/7582/5804 6064/7586/5804 6091/7637/5804
f 6091/7649/5805 6064/7601/5805 6063/7598/5805 6098/7645/5805
f 6098/7645/5806 6063/7598/5806 6051/7597/5806 6088/7642/5806
f 6050/7588/5807 6068/7606/5807 6073/7609/5807 6058/7589/5807
f 6058/7589/5808 6073/7609/5808 6083/7613/5808 6059/7592/5808
f 6059/7604/5809 6083/7628/5809 6082/7625/5809 6065/7600/5809
f 6065/7600/5810 6082/7625/5810 6070/7624/5810 6051/7597/5810
f 6069/7615/5811 6106/7657/5811 6111/7660/5811 6077/7616/5811
f 6077/7616/5812 6111/7660/5812 6121/7664/5812 6078/7619/5812
f 6078/7631/5813 6121/7679/5813 6120/7676/5813 6084/7627/5813
f 6084/7627/5814 6120/7676/5814 6108/7675/5814 6070/7624/5814
f 6107/7666/5815 6089/7651/5815 6103/7654/5815 6115/7667/5815
f 6115/7667/5816 6103/7654/5816 6097/7646/5816 6116/7670/5816
f 6116/7670/5817 6097/7646/5817 6096/7643/5817 6122/7678/5817
f 6122/7678/5818 6096/7643/5818 6088/7642/5818 6108/7675/5818
f 6163/7719/5819 6087/7633/5819 6092/7636/5819 6166/7720/5819
f 6166/7720/5820 6092/7636/5820 6102/7640/5820 6167/7723/5820
f 6167/7723/5821 6102/7655/5821 6101/7652/5821 6174/7731/5821
f 6174/7731/5822 6101/7652/5822 6089/7651/5822 6164/7728/5822
f 6106/7657/5823 6182/7738/5823 6187/7741/5823 6109/7658/5823
f 6109/7658/5824 6187/7741/5824 6197/7745/5824 6110/7661/5824
f 6110/7673/5825 6197/7745/5825 6196/7754/5825 6117/7669/5825
f 6117/7669/5826 6196/7754/5826 6184/7753/5826 6107/7666/5826
f 6183/7747/5827 6165/7734/5827 6179/7737/5827 6191/7748/5827
f 6191/7748/5828 6179/7737/5828 6173/7732/5828 6192/7751/5828
f 6192/7751/5829 6173/7732/5829 6172/7729/5829 6198/7756/5829
f 6198/7756/5830 6172/7729/5830 6164/7728/5830 6184/7753/5830
f 6125/7681/5831 6163/7719/5831 6168/7722/5831 6128/7682/5831
f 6128/7682/5832 6168/7722/5832 6178/7726/5832 6129/7685/5832
f 6129/7685/5833 6178/7726/5833 6177/7735/5833 6136/7693/5833
f 6136/7693/5834 6177/7735/5834 6165/7734/5834 6126/7690/5834
f 6182/7738/5835 6144/7700/5835 6149/7703/5835 6185/7739/5835
f 6185/7739/5836 6149/7703/5836 6159/7707/5836 6186/7742/5836
f 6186/7742/5837 6159/7707/5837 6158/7716/5837 6193/7750/5837
f 6193/7750/5838 6158/7716/5838 6146/7715/5838 6183/7747/5838
f 6145/7709/5839 6127/7696/5839 6141/7699/5839 6153/7710/5839
f 6153/7710/5840 6141/7699/5840 6135/7694/5840 6154/7713/5840
f 6154/7713/5841 6135/7694/5841 6134/7691/5841 6160/7718/5841
f 6160/7718/5842 6134/7691/5842 6126/7690/5842 6146/7715/5842
f 6049/7579/5843 6125/7681/5843 6130/7684/5843 6052/7580/5843
f 6052/7580/5844 6130/7684/5844 6140/7688/5844 6053/7583/5844
f 6053/7595/5845 6140/7688/5845 6139/7697/5845 6060/7591/5845
f 6060/7591/5846 6139/7697/5846 6127/7696/5846 6050/7588/5846
f 6144/7700/5847 6069/7615/5847 6079/7618/5847 6147/7701/5847
f 6147/7701/5848 6079/7618/5848 6072/7622/5848 6148/7704/5848
f 6148/7704/5849 6072/7610/5849 6071/7607/5849 6155/7712/5849
f 6155/7712/5850 6071/7607/5850 6068/7606/5850 6145/7709/5850
f 6087/7633/5851 6163/7719/5851 6125/7681/5851 6049/7579/5851
f 6051/7597/5852 6070/7624/5852 6108/7675/5852 6088/7642/5852
f 6127/7696/5853 6145/7709/5853 6068/7606/5853 6050/7588/5853
f 6182/7738/5854 6106/7657/5854 6069/7615/5854 6144/7700/5854
f 6089/7651/5855 6107/7666/5855 6184/7753/5855 6164/7728/5855
f 6165/7734/5856 6183/7747/5856 6146/7715/5856 6126/7690/5856
o 46_Connectors
v -0.002400 0.004375 0.042400
v -0.002400 0.004475 0.042500
v -0.002500 0.004475 0.042400
v -0.002400 0.004383 0.042438
v -0.002400 0.004404 0.042471
v -0.002438 0.004383 0.042400
v -0.002439 0.004392 0.042439
v -0.002437 0.004409 0.042466
v -0.002458 0.004417 0.042458
v -0.002438 0.004475 0.042492
v -0.002471 0.004475 0.042471
v -0.002400 0.004437 0.042492
v -0.002439 0.004436 0.042483
v -0.002466 0.004438 0.042466
v -0.002492 0.004437 0.042400
v -0.002471 0.004404 0.042400
v -0.002492 0.004475 0.042438
v -0.002483 0.004436 0.042439
v -0.002466 0.004409 0.042437
v -0.002400 0.005275 0.042500
v -0.002400 0.005375 0.042400
v -0.002500 0.005275 0.042400
v -0.002400 0.005313 0.042492
v -0.002400 0.005346 0.042471
v -0.002438 0.005275 0.042492
v -0.002439 0.005314 0.042483
v -0.002437 0.005341 0.042466
v -0.002458 0.005333 0.042458
v -0.002438 0.005367 0.042400
v -0.002471 0.005346 0.042400
v -0.002400 0.005367 0.042438
v -0.002439 0.005358 0.042439
v -0.002466 0.005341 0.042437
v -0.002492 0.005275 0.042438
v -0.002471 0.005275 0.042471
v -0.002492 0.005313 0.042400
v -0.002483 0.005314 0.042439
v -0.002466 0.005312 0.042466
v -0.002400 0.004375 0.037600
v -0.002500 0.004475 0.037600
v -0.002400 0.004475 0.037500
v -0.002438 0.004383 0.037600
v -0.002471 0.004404 0.037600
v -0.002400 0.004383 0.037562
v -0.002439 0.004392 0.037561
v -0.002466 0.004409 0.037563
v -0.002458 0.004417 0.037542
v -0.002492 0.004475 0.037562
v -0.002471 0.004475 0.037529
v -0.002492 0.004437 0.037600
v -0.002483 0.004436 0.037561
v -0.002466 0.004438 0.037534
v -0.002400 0.004437 0.037508
v -0.002400 0.004404 0.037529
v -0.002438 0.004475 0.037508
v -0.002439 0.004436 0.037517
v -0.002437 0.004409 0.037534
v -0.002400 0.005375 0.037600
v -0.002400 0.005275 0.037500
v -0.002500 0.005275 0.037600
v -0.002400 0.005367 0.037562
v -0.002400 0.005346 0.037529
v -0.002438 0.005367 0.037600
v -0.002439 0.005358 0.037561
v -0.002437 0.005341 0.037534
v -0.002458 0.005333 0.037542
v -0.002438 0.005275 0.037508
v -0.002471 0.005275 0.037529
v -0.002400 0.005313 0.037508
v -0.002439 0.005314 0.037517
v -0.002466 0.005312 0.037534
v -0.002492 0.005313 0.037600
v -0.002471 0.005346 0.037600
v -0.002492 0.005275 0.037562
v -0.002483 0.005314 0.037561
v -0.002466 0.005341 0.037563
v 0.002400 0.004375 0.042400
v 0.002500 0.004475 0.042400
v 0.002400 0.004475 0.042500
v 0.002438 0.004383 0.042400
v 0.002471 0.004404 0.042400
v 0.002400 0.004383 0.042438
v 0.002439 0.004392 0.042439
v 0.002466 0.004409 0.042437
v 0.002458 0.004417 0.042458
v 0.002492 0.004475 0.042438
v 0.002471 0.004475 0.042471
v 0.002492 0.004437 0.042400
v 0.002483 0.004436 0.042439
v 0.002466 0.004438 0.042466
v 0.002400 0.004437 0.042492
v 0.002400 0.004404 0.042471
v 0.002438 0.004475 0.042492
v 0.002439 0.004436 0.042483
v 0.002437 0.004409 0.042466
v 0.002400 0.005375 0.042400
v 0.002400 0.005275 0.042500
v 0.002500 0.005275 0.042400
v 0.002400 0.005367 0.042438
v 0.002400 0.005346 0.042471
v 0.002438 0.005367 0.042400
v 0.002439 0.005358 0.042439
v 0.002437 0.005341 0.042466
v 0.002458 0.005333 0.042458
v 0.002438 0.005275 0.042492
v 0.002471 0.005275 0.042471
v 0.002400 0.005313 0.042492
v 0.002439 0.005314 0.042483
v 0.002466 0.005312 0.042466
v 0.002492 0.005313 0.042400
v 0.002471 0.005346 0.042400
v 0.002492 0.005275 0.042438
v 0.002483 0.005314 0.042439
v 0.002466 0.005341 0.042437
v 0.002400 0.004375 0.037600
v 0.002400 0.004475 0.037500
v 0.002500 0.004475 0.037600
v 0.002400 0.004383 0.037562
v 0.002400 0.004404 0.037529
v 0.002438 0.004383 0.037600
v 0.002439 0.004392 0.037561
v 0.002437 0.004409 0.037534
v 0.002458 0.004417 0.037542
v 0.002438 0.004475 0.037508
v 0.002471 0.004475 0.037529
v 0.002400 0.004437 0.037508
v 0.002439 0.004436 0.037517
v 0.002466 0.004438 0.037534
v 0.002492 0.004437 0.037600
v 0.002471 0.004404 0.037600
v 0.002492 0.004475 0.037562
v 0.002483 0.004436 0.037561
v 0.002466 0.004409 0.037563
v 0.002400 0.005375 0.037600
v 0.002500 0.005275 0.037600
v 0.002400 0.005275 0.037500
v 0.002438 0.005367 0.037600
v 0.002471 0.005346 0.037600
v 0.002400 0.005367 0.037562
v 0.002439 0.005358 0.037561
v 0.002466 0.005341 0.037563
v 0.002458 0.005333 0.037542
v 0.002492 0.005275 0.037562
v 0.002471 0.005275 0.037529
v 0.002492 0.005313 0.037600
v 0.002483 0.005314 0.037561
v 0.002466 0.005312 0.037534
v 0.002400 0.005313 0.037508
v 0.002400 0.005346 0.037529
v 0.002438 0.005275 0.037508
v 0.002439 0.005314 0.037517
v 0.002437 0.005341 0.037534
vn -0.2049 -0.9571 0.2049
vn -0.1818 -0.8152 0.5500
vn -0.5500 -0.8152 0.1818
vn -0.4931 -0.7167 0.4931
vn -0.2049 -0.2049 0.9571
vn -0.5500 -0.1818 0.8152
vn -0.1818 -0.5500 0.8152
vn -0.4931 -0.4931 0.7167
vn -0.9571 -0.2049 0.2049
vn -0.8152 -0.5500 0.1818
vn -0.8152 -0.1818 0.5500
vn -0.7167 -0.4931 0.4931
vn -0.2049 0.2049 0.9571
vn -0.1818 0.5500 0.8152
vn -0.5500 0.1818 0.8152
vn -0.4931 0.4931 0.7167
vn -0.2049 0.9571 0.2049
vn -0.5500 0.8152 0.1818
vn -0.1818 0.8152 0.5500
vn -0.4931 0.7167 0.4931
vn -0.9571 0.2049 0.2049
vn -0.8152 0.1818 0.5500
vn -0.8152 0.5500 0.1818
vn -0.7167 0.4931 0.4931
vn -0.2049 -0.9571 -0.2049
vn -0.5500 -0.8152 -0.1818
vn -0.1818 -0.8152 -0.5500
vn -0.4931 -0.7167 -0.4931
vn -0.9571 -0.2049 -0.2049
vn -0.8152 -0.1818 -0.5500
vn -0.8152 -0.5500 -0.1818
vn -0.7167 -0.4931 -0.4931
vn -0.2049 -0.2049 -0.9571
vn -0.1818 -0.5500 -0.8152
vn -0.5500 -0.1818 -0.8152
vn -0.4931 -0.4931 -0.7167
vn -0.2049 0.9571 -0.2049
vn -0.1818 0.8152 -0.5500
vn -0.5500 0.8152 -0.1818
vn -0.4931 0.7167 -0.4931
vn -0.2049 0.2049 -0.9571
vn -0.5500 0.1818 -0.8152
vn -0.1818 0.5500 -0.8152
vn -0.4931 0.4931 -0.7167
vn -0.9571 0.2049 -0.2049
vn -0.8152 0.5500 -0.1818
vn -0.8152 0.1818 -0.5500
vn -0.7167 0.4931 -0.4931
vn 0.2049 -0.9571 0.2049
vn 0.5500 -0.8152 0.1818
vn 0.1818 -0.8152 0.5500
vn 0.4931 -0.7167 0.4931
vn 0.9571 -0.2049 0.2049
vn 0.8152 -0.1818 0.5500
vn 0.8152 -0.5500 0.1818
vn 0.7167 -0.4931 0.4931
vn 0.2049 -0.2049 0.9571
vn 0.1818 -0.5500 0.8152
vn 0.5500 -0.1818 0.8152
vn 0.4931 -0.4931 0.7167
vn 0.2049 0.9571 0.2049
vn 0.1818 0.8152 0.5500
vn 0.5500 0.8152 0.1818
vn 0.4931 0.7167 0.4931
vn 0.2049 0.2049 0.9571
vn 0.5500 0.1818 0.8152
vn 0.1818 0.5500 0.8152
vn 0.4931 0.4931 0.7167
vn 0.9571 0.2049 0.2049
vn 0.8152 0.5500 0.1818
vn 0.8152 0.1818 0.5500
vn 0.7167 0.4931 0.4931
vn 0.2049 -0.9571 -0.2049
vn 0.1818 -0.8152 -0.5500
vn 0.5500 -0.8152 -0.1818
vn 0.4931 -0.7167 -0.4931
vn 0.2049 -0.2049 -0.9571
vn 0.5500 -0.1818 -0.8152
vn 0.1818 -0.5500 -0.8152
vn 0.4931 -0.4931 -0.7167
vn 0.9571 -0.2049 -0.2049
vn 0.8152 -0.5500 -0.1818
vn 0.8152 -0.1818 -0.5500
vn 0.7167 -0.4931 -0.4931
vn 0.2049 0.9571 -0.2049
vn 0.5500 0.8152 -0.1818
vn 0.1818 0.8152 -0.5500
vn 0.4931 0.7167 -0.4931
vn 0.9571 0.2049 -0.2049
vn 0.8152 0.1818 -0.5500
vn 0.8152 0.5500 -0.1818
vn 0.7167 0.4931 -0.4931
vn 0.2049 0.2049 -0.9571
vn 0.1818 0.5500 -0.8152
vn 0.5500 0.1818 -0.8152
vn 0.4931 0.4931 -0.7167
vn -0.1951 -0.9808 -0.0000
vn -0.5556 -0.8315 -0.0000
vn -0.8315 -0.5556 -0.0000
vn -0.9808 -0.1951 -0.0000
vn -0.1951 -0.0000 0.9808
vn -0.5556 -0.0000 0.8315
vn -0.8315 -0.0000 0.5556
vn -0.9808 -0.0000 0.1951
vn -0.1951 0.9808 -0.0000
vn -0.5556 0.8315 -0.0000
vn -0.8315 0.5556 -0.0000
vn -0.9808 0.1951 -0.0000
vn -0.1951 -0.0000 -0.9808
vn -0.5556 -0.0000 -0.8315
vn -0.8315 -0.0000 -0.5556
vn -0.9808 -0.0000 -0.1951
vn -0.0000 -0.9808 -0.1951
vn -0.0000 -0.8315 -0.5556
vn -0.0000 -0.5556 -0.8315
vn -0.0000 -0.1951 -0.9808
vn -0.0000 0.9808 -0.1951
vn -0.0000 0.8315 -0.5556
vn -0.0000 0.5556 -0.8315
vn -0.0000 0.1951 -0.9808
vn 0.9808 -0.0000 -0.1951
vn 0.8315 -0.0000 -0.5556
vn 0.5556 -0.0000 -0.8315
vn 0.1951 -0.0000 -0.9808
vn 0.1951 -0.9808 -0.0000
vn 0.5556 -0.8315 -0.0000
vn 0.8315 -0.5556 -0.0000
vn 0.9808 -0.1951 -0.0000
vn 0.1951 0.9808 -0.0000
vn 0.5556 0.8315 -0.0000
vn 0.8315 0.5556 -0.0000
vn 0.9808 0.1951 -0.0000
vn 0.1951 -0.0000 0.9808
vn 0.5556 -0.0000 0.8315
vn 0.8315 -0.0000 0.5556
vn 0.9808 -0.0000 0.1951
vn -0.0000 -0.9808 0.1951
vn -0.0000 -0.8315 0.5556
vn -0.0000 -0.5556 0.8315
vn -0.0000 -0.1951 0.9808
vn -0.0000 0.9808 0.1951
vn -0.0000 0.8315 0.5556
vn -0.0000 0.5556 0.8315
vn -0.0000 0.1951 0.9808
vn -0.0000 -1.0000 -0.0000
vn -1.0000 -0.0000 -0.0000
vn -0.0000 -0.0000 1.0000
vn -0.0000 1.0000 -0.0000
vn -0.0000 -0.0000 -1.0000
vn 1.0000 -0.0000 -0.0000
vt 0.130000 0.745000
vt 0.130000 0.746913
vt 0.128039 0.746961
vt 0.128087 0.745000
vt 0.130000 0.750000
vt 0.128138 0.750000
vt 0.125000 0.746862
vt 0.125000 0.745000
vt 0.127113 0.750000
vt 0.400000 0.995000
vt 0.400000 0.996913
vt 0.390193 0.996961
vt 0.390433 0.995000
vt 0.400000 1.000000
vt 0.390691 1.000000
vt 0.375000 0.996862
vt 0.375000 0.995000
vt 0.385566 1.000000
vt 0.400000 0.005000
vt 0.390433 0.005000
vt 0.390193 0.003039
vt 0.400000 0.003087
vt 0.375000 0.005000
vt 0.375000 0.003138
vt 0.390691 0.000000
vt 0.400000 0.000000
vt 0.375000 0.002113
vt 0.600000 0.995000
vt 0.609567 0.995000
vt 0.609807 0.996961
vt 0.600000 0.996913
vt 0.625000 0.995000
vt 0.625000 0.996862
vt 0.609309 1.000000
vt 0.600000 1.000000
vt 0.625000 0.997887
vt 0.870000 0.745000
vt 0.871913 0.745000
vt 0.871961 0.746961
vt 0.870000 0.746913
vt 0.875000 0.745000
vt 0.875000 0.746862
vt 0.871862 0.750000
vt 0.870000 0.750000
vt 0.875000 0.747887
vt 0.600000 0.005000
vt 0.600000 0.003087
vt 0.609807 0.003039
vt 0.609567 0.005000
vt 0.600000 0.000000
vt 0.609309 0.000000
vt 0.625000 0.003138
vt 0.625000 0.005000
vt 0.614434 0.000000
vt 0.130000 0.505000
vt 0.128087 0.505000
vt 0.128039 0.503039
vt 0.130000 0.503087
vt 0.125000 0.505000
vt 0.125000 0.503138
vt 0.128138 0.500000
vt 0.130000 0.500000
vt 0.125000 0.502113
vt 0.400000 0.245000
vt 0.400000 0.246913
vt 0.390193 0.246961
vt 0.390433 0.245000
vt 0.400000 0.250000
vt 0.390691 0.250000
vt 0.375000 0.246862
vt 0.375000 0.245000
vt 0.380283 0.251057
vt 0.400000 0.255000
vt 0.390433 0.255000
vt 0.390193 0.253039
vt 0.400000 0.253087
vt 0.375000 0.255000
vt 0.375000 0.253138
vt 0.870000 0.505000
vt 0.870000 0.503087
vt 0.871961 0.503039
vt 0.871913 0.505000
vt 0.870000 0.500000
vt 0.871862 0.500000
vt 0.875000 0.503138
vt 0.875000 0.505000
vt 0.872887 0.500000
vt 0.600000 0.255000
vt 0.600000 0.253087
vt 0.609807 0.253039
vt 0.609567 0.255000
vt 0.600000 0.250000
vt 0.609309 0.250000
vt 0.625000 0.253138
vt 0.625000 0.255000
vt 0.619717 0.248943
vt 0.600000 0.245000
vt 0.609567 0.245000
vt 0.609807 0.246961
vt 0.600000 0.246913
vt 0.625000 0.245000
vt 0.625000 0.246862
vt 0.370000 0.745000
vt 0.371913 0.745000
vt 0.371961 0.746961
vt 0.370000 0.746913
vt 0.375000 0.745000
vt 0.375000 0.746862
vt 0.373431 0.751569
vt 0.372500 0.752500
vt 0.378522 0.750000
vt 0.400000 0.745000
vt 0.400000 0.746913
vt 0.390193 0.746961
vt 0.390433 0.745000
vt 0.400000 0.750000
vt 0.390691 0.750000
vt 0.400000 0.755000
vt 0.390433 0.755000
vt 0.390193 0.753039
vt 0.400000 0.753087
vt 0.630000 0.745000
vt 0.630000 0.746913
vt 0.628039 0.746961
vt 0.628087 0.745000
vt 0.627500 0.752500
vt 0.626569 0.751569
vt 0.625000 0.746862
vt 0.625000 0.745000
vt 0.622182 0.749296
vt 0.600000 0.755000
vt 0.600000 0.753087
vt 0.609807 0.753039
vt 0.609567 0.755000
vt 0.600000 0.750000
vt 0.609309 0.750000
vt 0.600000 0.745000
vt 0.609567 0.745000
vt 0.609807 0.746961
vt 0.600000 0.746913
vt 0.370000 0.505000
vt 0.370000 0.503087
vt 0.371961 0.503039
vt 0.371913 0.505000
vt 0.372500 0.497500
vt 0.373431 0.498431
vt 0.375000 0.503138
vt 0.375000 0.505000
vt 0.377818 0.500704
vt 0.400000 0.495000
vt 0.400000 0.496913
vt 0.390193 0.496961
vt 0.390433 0.495000
vt 0.400000 0.500000
vt 0.390691 0.500000
vt 0.400000 0.505000
vt 0.390433 0.505000
vt 0.390193 0.503039
vt 0.400000 0.503087
vt 0.630000 0.505000
vt 0.628087 0.505000
vt 0.628039 0.503039
vt 0.630000 0.503087
vt 0.625000 0.505000
vt 0.625000 0.503138
vt 0.626569 0.498431
vt 0.627500 0.497500
vt 0.621478 0.500000
vt 0.600000 0.505000
vt 0.600000 0.503087
vt 0.609807 0.503039
vt 0.609567 0.505000
vt 0.600000 0.500000
vt 0.609309 0.500000
vt 0.600000 0.495000
vt 0.609567 0.495000
vt 0.609807 0.496961
vt 0.600000 0.496913
s 0
usemtl Steel
f 6201/7757/5857 6204/7758/5857 6207/7759/5857 6206/7760/5857
f 6204/7758/5858 6205/7761/5858 6208/7762/5858 6207/7759/5858
f 6206/7760/5859 6207/7759/5859 6219/7763/5859 6216/7764/5859
f 6207/7759/5860 6208/7762/5860 6209/7765/5860 6219/7763/5860
f 6202/7766/5861 6210/7767/5861 6213/7768/5861 6212/7769/5861
f 6210/7767/5862 6211/7770/5862 6214/7771/5862 6213/7768/5862
f 6212/7769/5863 6213/7768/5863 6208/7772/5863 6205/7773/5863
f 6213/7768/5864 6214/7771/5864 6209/7774/5864 6208/7772/5864
f 6203/7775/5865 6215/7776/5865 6218/7777/5865 6217/7778/5865
f 6215/7776/5866 6216/7779/5866 6219/7780/5866 6218/7777/5866
f 6217/7778/5867 6218/7777/5867 6214/7781/5867 6211/7782/5867
f 6218/7777/5868 6219/7780/5868 6209/7783/5868 6214/7781/5868
f 6220/7784/5869 6223/7785/5869 6226/7786/5869 6225/7787/5869
f 6223/7785/5870 6224/7788/5870 6227/7789/5870 6226/7786/5870
f 6225/7787/5871 6226/7786/5871 6238/7790/5871 6235/7791/5871
f 6226/7786/5872 6227/7789/5872 6228/7792/5872 6238/7790/5872
f 6221/7793/5873 6229/7794/5873 6232/7795/5873 6231/7796/5873
f 6229/7794/5874 6230/7797/5874 6233/7798/5874 6232/7795/5874
f 6231/7796/5875 6232/7795/5875 6227/7799/5875 6224/7800/5875
f 6232/7795/5876 6233/7798/5876 6228/7801/5876 6227/7799/5876
f 6222/7802/5877 6234/7803/5877 6237/7804/5877 6236/7805/5877
f 6234/7803/5878 6235/7806/5878 6238/7807/5878 6237/7804/5878
f 6236/7805/5879 6237/7804/5879 6233/7808/5879 6230/7809/5879
f 6237/7804/5880 6238/7807/5880 6228/7810/5880 6233/7808/5880
f 6239/7811/5881 6242/7812/5881 6245/7813/5881 6244/7814/5881
f 6242/7812/5882 6243/7815/5882 6246/7816/5882 6245/7813/5882
f 6244/7814/5883 6245/7813/5883 6257/7817/5883 6254/7818/5883
f 6245/7813/5884 6246/7816/5884 6247/7819/5884 6257/7817/5884
f 6240/7820/5885 6248/7821/5885 6251/7822/5885 6250/7823/5885
f 6248/7821/5886 6249/7824/5886 6252/7825/5886 6251/7822/5886
f 6250/7823/5887 6251/7822/5887 6246/7826/5887 6243/7827/5887
f 6251/7822/5888 6252/7825/5888 6247/7828/5888 6246/7826/5888
f 6241/7829/5889 6253/7830/5889 6256/7831/5889 6255/7832/5889
f 6253/7830/5890 6254/7833/5890 6257/7834/5890 6256/7831/5890
f 6255/7832/5891 6256/7831/5891 6252/7825/5891 6249/7824/5891
f 6256/7831/5892 6257/7834/5892 6247/7828/5892 6252/7825/5892
f 6258/7835/5893 6261/7836/5893 6264/7837/5893 6263/7838/5893
f 6261/7836/5894 6262/7839/5894 6265/7840/5894 6264/7837/5894
f 6263/7838/5895 6264/7837/5895 6276/7841/5895 6273/7842/5895
f 6264/7837/5896 6265/7840/5896 6266/7843/5896 6276/7841/5896
f 6259/7844/5897 6267/7845/5897 6270/7846/5897 6269/7847/5897
f 6267/7845/5898 6268/7848/5898 6271/7849/5898 6270/7846/5898
f 6269/7847/5899 6270/7846/5899 6265/7850/5899 6262/7851/5899
f 6270/7846/5900 6271/7849/5900 6266/7852/5900 6265/7850/5900
f 6260/7853/5901 6272/7854/5901 6275/7855/5901 6274/7856/5901
f 6272/7854/5902 6273/7857/5902 6276/7858/5902 6275/7855/5902
f 6274/7856/5903 6275/7855/5903 6271/7849/5903 6268/7848/5903
f 6275/7855/5904 6276/7858/5904 6266/7852/5904 6271/7849/5904
f 6277/7859/5905 6280/7860/5905 6283/7861/5905 6282/7862/5905
f 6280/7860/5906 6281/7863/5906 6284/7864/5906 6283/7861/5906
f 6282/7862/5907 6283/7861/5907 6295/7865/5907 6292/7866/5907
f 6283/7861/5908 6284/7864/5908 6285/7867/5908 6295/7865/5908
f 6278/7868/5909 6286/7869/5909 6289/7870/5909 6288/7871/5909
f 6286/7869/5910 6287/7872/5910 6290/7873/5910 6289/7870/5910
f 6288/7871/5911 6289/7870/5911 6284/7864/5911 6281/7863/5911
f 6289/7870/5912 6290/7873/5912 6285/7867/5912 6284/7864/5912
f 6279/7874/5913 6291/7875/5913 6294/7876/5913 6293/7877/5913
f 6291/7875/5914 6292/7866/5914 6295/7865/5914 6294/7876/5914
f 6293/7877/5915 6294/7876/5915 6290/7873/5915 6287/7872/5915
f 6294/7876/5916 6295/7865/5916 6285/7867/5916 6290/7873/5916
f 6296/7878/5917 6299/7879/5917 6302/7880/5917 6301/7881/5917
f 6299/7879/5918 6300/7882/5918 6303/7883/5918 6302/7880/5918
f 6301/7881/5919 6302/7880/5919 6314/7884/5919 6311/7885/5919
f 6302/7880/5920 6303/7883/5920 6304/7886/5920 6314/7884/5920
f 6297/7887/5921 6305/7888/5921 6308/7889/5921 6307/7890/5921
f 6305/7888/5922 6306/7891/5922 6309/7892/5922 6308/7889/5922
f 6307/7890/5923 6308/7889/5923 6303/7883/5923 6300/7882/5923
f 6308/7889/5924 6309/7892/5924 6304/7886/5924 6303/7883/5924
f 6298/7893/5925 6310/7894/5925 6313/7895/5925 6312/7896/5925
f 6310/7894/5926 6311/7885/5926 6314/7884/5926 6313/7895/5926
f 6312/7896/5927 6313/7895/5927 6309/7892/5927 6306/7891/5927
f 6313/7895/5928 6314/7884/5928 6304/7886/5928 6309/7892/5928
f 6315/7897/5929 6318/7898/5929 6321/7899/5929 6320/7900/5929
f 6318/7898/5930 6319/7901/5930 6322/7902/5930 6321/7899/5930
f 6320/7900/5931 6321/7899/5931 6333/7903/5931 6330/7904/5931
f 6321/7899/5932 6322/7902/5932 6323/7905/5932 6333/7903/5932
f 6316/7906/5933 6324/7907/5933 6327/7908/5933 6326/7909/5933
f 6324/7907/5934 6325/7910/5934 6328/7911/5934 6327/7908/5934
f 6326/7909/5935 6327/7908/5935 6322/7902/5935 6319/7901/5935
f 6327/7908/5936 6328/7911/5936 6323/7905/5936 6322/7902/5936
f 6317/7912/5937 6329/7913/5937 6332/7914/5937 6331/7915/5937
f 6329/7913/5938 6330/7904/5938 6333/7903/5938 6332/7914/5938
f 6331/7915/5939 6332/7914/5939 6328/7911/5939 6325/7910/5939
f 6332/7914/5940 6333/7903/5940 6323/7905/5940 6328/7911/5940
f 6334/7916/5941 6337/7917/5941 6340/7918/5941 6339/7919/5941
f 6337/7917/5942 6338/7920/5942 6341/7921/5942 6340/7918/5942
f 6339/7919/5943 6340/7918/5943 6352/7922/5943 6349/7923/5943
f 6340/7918/5944 6341/7921/5944 6342/7924/5944 6352/7922/5944
f 6335/7925/5945 6343/7926/5945 6346/7927/5945 6345/7928/5945
f 6343/7926/5946 6344/7929/5946 6347/7930/5946 6346/7927/5946
f 6345/7928/5947 6346/7927/5947 6341/7921/5947 6338/7920/5947
f 6346/7927/5948 6347/7930/5948 6342/7924/5948 6341/7921/5948
f 6336/7931/5949 6348/7932/5949 6351/7933/5949 6350/7934/5949
f 6348/7932/5950 6349/7923/5950 6352/7922/5950 6351/7933/5950
f 6350/7934/5951 6351/7933/5951 6347/7930/5951 6344/7929/5951
f 6351/7933/5952 6352/7922/5952 6342/7924/5952 6347/7930/5952
f 6239/7811/5953 6201/7757/5953 6206/7760/5953 6242/7812/5953
f 6242/7812/5954 6206/7760/5954 6216/7764/5954 6243/7815/5954
f 6243/7827/5955 6216/7779/5955 6215/7776/5955 6250/7823/5955
f 6250/7823/5956 6215/7776/5956 6203/7775/5956 6240/7820/5956
f 6202/7766/5957 6220/7784/5957 6225/7787/5957 6210/7767/5957
f 6210/7767/5958 6225/7787/5958 6235/7791/5958 6211/7770/5958
f 6211/7782/5959 6235/7806/5959 6234/7803/5959 6217/7778/5959
f 6217/7778/5960 6234/7803/5960 6222/7802/5960 6203/7775/5960
f 6221/7793/5961 6258/7835/5961 6263/7838/5961 6229/7794/5961
f 6229/7794/5962 6263/7838/5962 6273/7842/5962 6230/7797/5962
f 6230/7809/5963 6273/7857/5963 6272/7854/5963 6236/7805/5963
f 6236/7805/5964 6272/7854/5964 6260/7853/5964 6222/7802/5964
f 6259/7844/5965 6241/7829/5965 6255/7832/5965 6267/7845/5965
f 6267/7845/5966 6255/7832/5966 6249/7824/5966 6268/7848/5966
f 6268/7848/5967 6249/7824/5967 6248/7821/5967 6274/7856/5967
f 6274/7856/5968 6248/7821/5968 6240/7820/5968 6260/7853/5968
f 6315/7897/5969 6239/7811/5969 6244/7814/5969 6318/7898/5969
f 6318/7898/5970 6244/7814/5970 6254/7818/5970 6319/7901/5970
f 6319/7901/5971 6254/7833/5971 6253/7830/5971 6326/7909/5971
f 6326/7909/5972 6253/7830/5972 6241/7829/5972 6316/7906/5972
f 6258/7835/5973 6334/7916/5973 6339/7919/5973 6261/7836/5973
f 6261/7836/5974 6339/7919/5974 6349/7923/5974 6262/7839/5974
f 6262/7851/5975 6349/7923/5975 6348/7932/5975 6269/7847/5975
f 6269/7847/5976 6348/7932/5976 6336/7931/5976 6259/7844/5976
f 6335/7925/5977 6317/7912/5977 6331/7915/5977 6343/7926/5977
f 6343/7926/5978 6331/7915/5978 6325/7910/5978 6344/7929/5978
f 6344/7929/5979 6325/7910/5979 6324/7907/5979 6350/7934/5979
f 6350/7934/5980 6324/7907/5980 6316/7906/5980 6336/7931/5980
f 6277/7859/5981 6315/7897/5981 6320/7900/5981 6280/7860/5981
f 6280/7860/5982 6320/7900/5982 6330/7904/5982 6281/7863/5982
f 6281/7863/5983 6330/7904/5983 6329/7913/5983 6288/7871/5983
f 6288/7871/5984 6329/7913/5984 6317/7912/5984 6278/7868/5984
f 6334/7916/5985 6296/7878/5985 6301/7881/5985 6337/7917/5985
f 6337/7917/5986 6301/7881/5986 6311/7885/5986 6338/7920/5986
f 6338/7920/5987 6311/7885/5987 6310/7894/5987 6345/7928/5987
f 6345/7928/5988 6310/7894/5988 6298/7893/5988 6335/7925/5988
f 6297/7887/5989 6279/7874/5989 6293/7877/5989 6305/7888/5989
f 6305/7888/5990 6293/7877/5990 6287/7872/5990 6306/7891/5990
f 6306/7891/5991 6287/7872/5991 6286/7869/5991 6312/7896/5991
f 6312/7896/5992 6286/7869/5992 6278/7868/5992 6298/7893/5992
f 6201/7757/5993 6277/7859/5993 6282/7862/5993 6204/7758/5993
f 6204/7758/5994 6282/7862/5994 6292/7866/5994 6205/7761/5994
f 6205/7773/5995 6292/7866/5995 6291/7875/5995 6212/7769/5995
f 6212/7769/5996 6291/7875/5996 6279/7874/5996 6202/7766/5996
f 6296/7878/5997 6221/7793/5997 6231/7796/5997 6299/7879/5997
f 6299/7879/5998 6231/7796/5998 6224/7800/5998 6300/7882/5998
f 6300/7882/5999 6224/7788/5999 6223/7785/5999 6307/7890/5999
f 6307/7890/6000 6223/7785/6000 6220/7784/6000 6297/7887/6000
f 6239/7811/6001 6315/7897/6001 6277/7859/6001 6201/7757/6001
f 6203/7775/6002 6222/7802/6002 6260/7853/6002 6240/7820/6002
f 6279/7874/6003 6297/7887/6003 6220/7784/6003 6202/7766/6003
f 6334/7916/6004 6258/7835/6004 6221/7793/6004 6296/7878/6004
f 6241/7829/6005 6259/7844/6005 6336/7931/6005 6316/7906/6005
f 6317/7912/6006 6335/7925/6006 6298/7893/6006 6278/7868/6006
o 47_DisplayFlexCables
v -0.009950 0.003625 -0.065650
v -0.009950 0.003675 -0.065600
v -0.010000 0.003675 -0.065650
v -0.009950 0.003629 -0.065631
v -0.009950 0.003640 -0.065615
v -0.009969 0.003629 -0.065650
v -0.009970 0.003633 -0.065630
v -0.009969 0.003642 -0.065617
v -0.009979 0.003646 -0.065621
v -0.009969 0.003675 -0.065604
v -0.009985 0.003675 -0.065615
v -0.009950 0.003656 -0.065604
v -0.009970 0.003655 -0.065608
v -0.009983 0.003656 -0.065617
v -0.009996 0.003656 -0.065650
v -0.009985 0.003640 -0.065650
v -0.009996 0.003675 -0.065631
v -0.009992 0.003655 -0.065630
v -0.009983 0.003642 -0.065631
v -0.009950 0.004075 -0.065600
v -0.009950 0.004125 -0.065650
v -0.010000 0.004075 -0.065650
v -0.009950 0.004094 -0.065604
v -0.009950 0.004110 -0.065615
v -0.009969 0.004075 -0.065604
v -0.009970 0.004095 -0.065608
v -0.009969 0.004108 -0.065617
v -0.009979 0.004104 -0.065621
v -0.009969 0.004121 -0.065650
v -0.009985 0.004110 -0.065650
v -0.009950 0.004121 -0.065631
v -0.009970 0.004117 -0.065630
v -0.009983 0.004108 -0.065631
v -0.009996 0.004075 -0.065631
v -0.009985 0.004075 -0.065615
v -0.009996 0.004094 -0.065650
v -0.009992 0.004095 -0.065630
v -0.009983 0.004094 -0.065617
v -0.009950 0.003625 -0.115550
v -0.010000 0.003675 -0.115550
v -0.009950 0.003675 -0.115600
v -0.009969 0.003629 -0.115550
v -0.009985 0.003640 -0.115550
v -0.009950 0.003629 -0.115569
v -0.009970 0.003633 -0.115570
v -0.009983 0.003642 -0.115569
v -0.009979 0.003646 -0.115579
v -0.009996 0.003675 -0.115569
v -0.009985 0.003675 -0.115585
v -0.009996 0.003656 -0.115550
v -0.009992 0.003655 -0.115570
v -0.009983 0.003656 -0.115583
v -0.009950 0.003656 -0.115596
v -0.009950 0.003640 -0.115585
v -0.009969 0.003675 -0.115596
v -0.009970 0.003655 -0.115592
v -0.009969 0.003642 -0.115583
v -0.009950 0.004125 -0.115550
v -0.009950 0.004075 -0.115600
v -0.010000 0.004075 -0.115550
v -0.009950 0.004121 -0.115569
v -0.009950 0.004110 -0.115585
v -0.009969 0.004121 -0.115550
v -0.009970 0.004117 -0.115570
v -0.009969 0.004108 -0.115583
v -0.009979 0.004104 -0.115579
v -0.009969 0.004075 -0.115596
v -0.009985 0.004075 -0.115585
v -0.009950 0.004094 -0.115596
v -0.009970 0.004095 -0.115592
v -0.009983 0.004094 -0.115583
v -0.009996 0.004094 -0.115550
v -0.009985 0.004110 -0.115550
v -0.009996 0.004075 -0.115569
v -0.009992 0.004095 -0.115570
v -0.009983 0.004108 -0.115569
v 0.009950 0.003625 -0.065650
v 0.010000 0.003675 -0.065650
v 0.009950 0.003675 -0.065600
v 0.009969 0.003629 -0.065650
v 0.009985 0.003640 -0.065650
v 0.009950 0.003629 -0.065631
v 0.009970 0.003633 -0.065630
v 0.009983 0.003642 -0.065631
v 0.009979 0.003646 -0.065621
v 0.009996 0.003675 -0.065631
v 0.009985 0.003675 -0.065615
v 0.009996 0.003656 -0.065650
v 0.009992 0.003655 -0.065630
v 0.009983 0.003656 -0.065617
v 0.009950 0.003656 -0.065604
v 0.009950 0.003640 -0.065615
v 0.009969 0.003675 -0.065604
v 0.009970 0.003655 -0.065608
v 0.009969 0.003642 -0.065617
v 0.009950 0.004125 -0.065650
v 0.009950 0.004075 -0.065600
v 0.010000 0.004075 -0.065650
v 0.009950 0.004121 -0.065631
v 0.009950 0.004110 -0.065615
v 0.009969 0.004121 -0.065650
v 0.009970 0.004117 -0.065630
v 0.009969 0.004108 -0.065617
v 0.009979 0.004104 -0.065621
v 0.009969 0.004075 -0.065604
v 0.009985 0.004075 -0.065615
v 0.009950 0.004094 -0.065604
v 0.009970 0.004095 -0.065608
v 0.009983 0.004094 -0.065617
v 0.009996 0.004094 -0.065650
v 0.009985 0.004110 -0.065650
v 0.009996 0.004075 -0.065631
v 0.009992 0.004095 -0.065630
v 0.009983 0.004108 -0.065631
v 0.009950 0.003625 -0.115550
v 0.009950 0.003675 -0.115600
v 0.010000 0.003675 -0.115550
v 0.009950 0.003629 -0.115569
v 0.009950 0.003640 -0.115585
v 0.009969 0.003629 -0.115550
v 0.009970 0.003633 -0.115570
v 0.009969 0.003642 -0.115583
v 0.009979 0.003646 -0.115579
v 0.009969 0.003675 -0.115596
v 0.009985 0.003675 -0.115585
v 0.009950 0.003656 -0.115596
v 0.009970 0.003655 -0.115592
v 0.009983 0.003656 -0.115583
v 0.009996 0.003656 -0.115550
v 0.009985 0.003640 -0.115550
v 0.009996 0.003675 -0.115569
v 0.009992 0.003655 -0.115570
v 0.009983 0.003642 -0.115569
v 0.009950 0.004125 -0.115550
v 0.010000 0.004075 -0.115550
v 0.009950 0.004075 -0.115600
v 0.009969 0.004121 -0.115550
v 0.009985 0.004110 -0.115550
v 0.009950 0.004121 -0.115569
v 0.009970 0.004117 -0.115570
v 0.009983 0.004108 -0.115569
v 0.009979 0.004104 -0.115579
v 0.009996 0.004075 -0.115569
v 0.009985 0.004075 -0.115585
v 0.009996 0.004094 -0.115550
v 0.009992 0.004095 -0.115570
v 0.009983 0.004094 -0.115583
v 0.009950 0.004094 -0.115596
v 0.009950 0.004110 -0.115585
v 0.009969 0.004075 -0.115596
v 0.009970 0.004095 -0.115592
v 0.009969 0.004108 -0.115583
vn -0.2049 -0.9571 0.2049
vn -0.1819 -0.8152 0.5499
vn -0.5500 -0.8152 0.1818
vn -0.4931 -0.7167 0.4932
vn -0.2049 -0.2050 0.9571
vn -0.5500 -0.1818 0.8151
vn -0.1819 -0.5500 0.8151
vn -0.4931 -0.4932 0.7167
vn -0.9571 -0.2049 0.2049
vn -0.8151 -0.5500 0.1818
vn -0.8151 -0.1819 0.5500
vn -0.7168 -0.4931 0.4931
vn -0.2049 0.2049 0.9571
vn -0.1819 0.5500 0.8151
vn -0.5500 0.1818 0.8151
vn -0.4931 0.4933 0.7166
vn -0.2049 0.9571 0.2049
vn -0.5499 0.8152 0.1818
vn -0.1819 0.8152 0.5499
vn -0.4931 0.7167 0.4932
vn -0.9571 0.2049 0.2049
vn -0.8151 0.1819 0.5500
vn -0.8151 0.5500 0.1818
vn -0.7168 0.4931 0.4931
vn -0.2049 -0.9571 -0.2049
vn -0.5499 -0.8152 -0.1818
vn -0.1819 -0.8152 -0.5499
vn -0.4931 -0.7167 -0.4932
vn -0.9571 -0.2049 -0.2049
vn -0.8151 -0.1819 -0.5500
vn -0.8151 -0.5500 -0.1818
vn -0.7168 -0.4931 -0.4931
vn -0.2049 -0.2049 -0.9571
vn -0.1819 -0.5500 -0.8151
vn -0.5500 -0.1818 -0.8151
vn -0.4931 -0.4933 -0.7166
vn -0.2049 0.9571 -0.2049
vn -0.1819 0.8152 -0.5499
vn -0.5500 0.8152 -0.1818
vn -0.4931 0.7167 -0.4932
vn -0.2049 0.2050 -0.9571
vn -0.5500 0.1818 -0.8151
vn -0.1819 0.5500 -0.8151
vn -0.4931 0.4932 -0.7167
vn -0.9571 0.2049 -0.2049
vn -0.8151 0.5500 -0.1818
vn -0.8151 0.1819 -0.5500
vn -0.7168 0.4931 -0.4931
vn 0.2049 -0.9571 0.2049
vn 0.5499 -0.8152 0.1818
vn 0.1819 -0.8152 0.5499
vn 0.4931 -0.7167 0.4932
vn 0.9571 -0.2049 0.2049
vn 0.8151 -0.1819 0.5500
vn 0.8151 -0.5500 0.1818
vn 0.7168 -0.4931 0.4931
vn 0.2049 -0.2049 0.9571
vn 0.1819 -0.5500 0.8151
vn 0.5500 -0.1818 0.8151
vn 0.4931 -0.4933 0.7166
vn 0.2049 0.9571 0.2049
vn 0.1819 0.8152 0.5499
vn 0.5500 0.8152 0.1818
vn 0.4931 0.7167 0.4932
vn 0.2049 0.2050 0.9571
vn 0.5500 0.1818 0.8151
vn 0.1819 0.5500 0.8151
vn 0.4931 0.4932 0.7167
vn 0.9571 0.2049 0.2049
vn 0.8151 0.5500 0.1818
vn 0.8151 0.1819 0.5500
vn 0.7168 0.4931 0.4931
vn 0.2049 -0.9571 -0.2049
vn 0.1819 -0.8152 -0.5499
vn 0.5500 -0.8152 -0.1818
vn 0.4931 -0.7167 -0.4932
vn 0.2049 -0.2050 -0.9571
vn 0.5500 -0.1818 -0.8151
vn 0.1819 -0.5500 -0.8151
vn 0.4931 -0.4932 -0.7167
vn 0.9571 -0.2049 -0.2049
vn 0.8151 -0.5500 -0.1818
vn 0.8151 -0.1819 -0.5500
vn 0.7168 -0.4931 -0.4931
vn 0.2049 0.9571 -0.2049
vn 0.5499 0.8152 -0.1818
vn 0.1819 0.8152 -0.5499
vn 0.4931 0.7167 -0.4932
vn 0.9571 0.2049 -0.2049
vn 0.8151 0.1819 -0.5500
vn 0.8151 0.5500 -0.1818
vn 0.7168 0.4931 -0.4931
vn 0.2049 0.2049 -0.9571
vn 0.1819 0.5500 -0.8151
vn 0.5500 0.1818 -0.8151
vn 0.4931 0.4933 -0.7166
vn -0.1951 -0.9808 -0.0000
vn -0.5556 -0.8315 -0.0000
vn -0.8315 -0.5556 -0.0000
vn -0.9808 -0.1951 -0.0000
vn -0.1950 -0.0000 0.9808
vn -0.5556 -0.0000 0.8315
vn -0.8315 -0.0000 0.5556
vn -0.9808 -0.0000 0.1950
vn -0.1951 0.9808 -0.0000
vn -0.5556 0.8315 -0.0000
vn -0.8315 0.5556 -0.0000
vn -0.9808 0.1951 -0.0000
vn -0.1950 -0.0000 -0.9808
vn -0.5556 -0.0000 -0.8315
vn -0.8315 -0.0000 -0.5556
vn -0.9808 -0.0000 -0.1950
vn -0.0000 -0.9808 -0.1951
vn -0.0000 -0.8315 -0.5555
vn -0.0000 -0.5556 -0.8314
vn -0.0000 -0.1949 -0.9808
vn -0.0000 0.9808 -0.1951
vn -0.0000 0.8315 -0.5555
vn -0.0000 0.5556 -0.8314
vn -0.0000 0.1949 -0.9808
vn 0.9808 -0.0000 -0.1950
vn 0.8315 -0.0000 -0.5556
vn 0.5556 -0.0000 -0.8315
vn 0.1950 -0.0000 -0.9808
vn 0.1951 -0.9808 -0.0000
vn 0.5556 -0.8315 -0.0000
vn 0.8315 -0.5556 -0.0000
vn 0.9808 -0.1951 -0.0000
vn 0.1951 0.9808 -0.0000
vn 0.5556 0.8315 -0.0000
vn 0.8315 0.5556 -0.0000
vn 0.9808 0.1951 -0.0000
vn 0.1950 -0.0000 0.9808
vn 0.5556 -0.0000 0.8315
vn 0.8315 -0.0000 0.5556
vn 0.9808 -0.0000 0.1950
vn -0.0000 -0.9808 0.1951
vn -0.0000 -0.8315 0.5555
vn -0.0000 -0.5556 0.8314
vn -0.0000 -0.1949 0.9808
vn -0.0000 0.9808 0.1951
vn -0.0000 0.8315 0.5555
vn -0.0000 0.5556 0.8314
vn -0.0000 0.1949 0.9808
vn -0.0000 -1.0000 -0.0000
vn -1.0000 -0.0000 -0.0000
vn -0.0000 -0.0000 1.0000
vn -0.0000 1.0000 -0.0000
vn -0.0000 -0.0000 -1.0000
vn 1.0000 -0.0000 -0.0000
vt 0.125625 0.749750
vt 0.125625 0.749846
vt 0.125380 0.749848
vt 0.125386 0.749750
vt 0.125625 0.750000
vt 0.125392 0.750000
vt 0.125000 0.749843
vt 0.125000 0.749750
vt 0.125264 0.750000
vt 0.400000 0.999375
vt 0.400000 0.999614
vt 0.390193 0.999620
vt 0.390433 0.999375
vt 0.400000 1.000000
vt 0.390691 1.000000
vt 0.375000 0.999608
vt 0.375000 0.999375
vt 0.385566 1.000000
vt 0.400000 0.000250
vt 0.390433 0.000250
vt 0.390193 0.000152
vt 0.400000 0.000154
vt 0.375000 0.000250
vt 0.375000 0.000157
vt 0.390691 0.000000
vt 0.400000 0.000000
vt 0.375000 0.000106
vt 0.600000 0.999375
vt 0.609567 0.999375
vt 0.609807 0.999620
vt 0.600000 0.999614
vt 0.625000 0.999375
vt 0.625000 0.999608
vt 0.609309 1.000000
vt 0.600000 1.000000
vt 0.625000 0.999736
vt 0.874375 0.749750
vt 0.874614 0.749750
vt 0.874620 0.749848
vt 0.874375 0.749846
vt 0.875000 0.749750
vt 0.875000 0.749843
vt 0.874608 0.750000
vt 0.874375 0.750000
vt 0.875000 0.749894
vt 0.600000 0.000250
vt 0.600000 0.000154
vt 0.609807 0.000152
vt 0.609567 0.000250
vt 0.600000 0.000000
vt 0.609309 0.000000
vt 0.625000 0.000157
vt 0.625000 0.000250
vt 0.614434 0.000000
vt 0.125625 0.500250
vt 0.125386 0.500250
vt 0.125380 0.500152
vt 0.125625 0.500154
vt 0.125000 0.500250
vt 0.125000 0.500157
vt 0.125392 0.500000
vt 0.125625 0.500000
vt 0.125000 0.500106
vt 0.400000 0.249750
vt 0.400000 0.249846
vt 0.390193 0.249848
vt 0.390433 0.249750
vt 0.400000 0.250000
vt 0.390691 0.250000
vt 0.375000 0.249843
vt 0.375000 0.249750
vt 0.380283 0.250132
vt 0.400000 0.250625
vt 0.390433 0.250625
vt 0.390193 0.250380
vt 0.400000 0.250386
vt 0.375000 0.250625
vt 0.375000 0.250392
vt 0.874375 0.500250
vt 0.874375 0.500154
vt 0.874620 0.500152
vt 0.874614 0.500250
vt 0.874375 0.500000
vt 0.874608 0.500000
vt 0.875000 0.500157
vt 0.875000 0.500250
vt 0.874736 0.500000
vt 0.600000 0.250625
vt 0.600000 0.250386
vt 0.609807 0.250380
vt 0.609567 0.250625
vt 0.600000 0.250000
vt 0.609309 0.250000
vt 0.625000 0.250392
vt 0.625000 0.250625
vt 0.619717 0.249947
vt 0.600000 0.249750
vt 0.609567 0.249750
vt 0.609807 0.249848
vt 0.600000 0.249846
vt 0.625000 0.249750
vt 0.625000 0.249843
vt 0.374375 0.749750
vt 0.374614 0.749750
vt 0.374620 0.749848
vt 0.374375 0.749846
vt 0.375000 0.749750
vt 0.375000 0.749843
vt 0.374804 0.750196
vt 0.374687 0.750313
vt 0.378522 0.750053
vt 0.400000 0.749750
vt 0.400000 0.749846
vt 0.390193 0.749848
vt 0.390433 0.749750
vt 0.400000 0.750000
vt 0.390691 0.750000
vt 0.400000 0.750625
vt 0.390433 0.750625
vt 0.390193 0.750380
vt 0.400000 0.750386
vt 0.625625 0.749750
vt 0.625625 0.749846
vt 0.625380 0.749848
vt 0.625386 0.749750
vt 0.625313 0.750313
vt 0.625196 0.750196
vt 0.625000 0.749843
vt 0.625000 0.749750
vt 0.621566 0.749965
vt 0.600000 0.750625
vt 0.600000 0.750386
vt 0.609807 0.750380
vt 0.609567 0.750625
vt 0.600000 0.750000
vt 0.609309 0.750000
vt 0.600000 0.749750
vt 0.609567 0.749750
vt 0.609807 0.749848
vt 0.600000 0.749846
vt 0.374375 0.500250
vt 0.374375 0.500154
vt 0.374620 0.500152
vt 0.374614 0.500250
vt 0.374687 0.499687
vt 0.374804 0.499804
vt 0.375000 0.500157
vt 0.375000 0.500250
vt 0.378434 0.500035
vt 0.400000 0.499375
vt 0.400000 0.499614
vt 0.390193 0.499620
vt 0.390433 0.499375
vt 0.400000 0.500000
vt 0.390691 0.500000
vt 0.400000 0.500250
vt 0.390433 0.500250
vt 0.390193 0.500152
vt 0.400000 0.500154
vt 0.625625 0.500250
vt 0.625386 0.500250
vt 0.625380 0.500152
vt 0.625625 0.500154
vt 0.625000 0.500250
vt 0.625000 0.500157
vt 0.625196 0.499804
vt 0.625313 0.499687
vt 0.621478 0.499947
vt 0.600000 0.500250
vt 0.600000 0.500154
vt 0.609807 0.500152
vt 0.609567 0.500250
vt 0.600000 0.500000
vt 0.609309 0.500000
vt 0.600000 0.499375
vt 0.609567 0.499375
vt 0.609807 0.499620
vt 0.600000 0.499614
s 0
usemtl Plastic
f 6353/7935/6007 6356/7936/6007 6359/7937/6007 6358/7938/6007
f 6356/7936/6008 6357/7939/6008 6360/7940/6008 6359/7937/6008
f 6358/7938/6009 6359/7937/6009 6371/7941/6009 6368/7942/6009
f 6359/7937/6010 6360/7940/6010 6361/7943/6010 6371/7941/6010
f 6354/7944/6011 6362/7945/6011 6365/7946/6011 6364/7947/6011
f 6362/7945/6012 6363/7948/6012 6366/7949/6012 6365/7946/6012
f 6364/7947/6013 6365/7946/6013 6360/7950/6013 6357/7951/6013
f 6365/7946/6014 6366/7949/6014 6361/7952/6014 6360/7950/6014
f 6355/7953/6015 6367/7954/6015 6370/7955/6015 6369/7956/6015
f 6367/7954/6016 6368/7957/6016 6371/7958/6016 6370/7955/6016
f 6369/7956/6017 6370/7955/6017 6366/7959/6017 6363/7960/6017
f 6370/7955/6018 6371/7958/6018 6361/7961/6018 6366/7959/6018
f 6372/7962/6019 6375/7963/6019 6378/7964/6019 6377/7965/6019
f 6375/7963/6020 6376/7966/6020 6379/7967/6020 6378/7964/6020
f 6377/7965/6021 6378/7964/6021 6390/7968/6021 6387/7969/6021
f 6378/7964/6022 6379/7967/6022 6380/7970/6022 6390/7968/6022
f 6373/7971/6023 6381/7972/6023 6384/7973/6023 6383/7974/6023
f 6381/7972/6024 6382/7975/6024 6385/7976/6024 6384/7973/6024
f 6383/7974/6025 6384/7973/6025 6379/7977/6025 6376/7978/6025
f 6384/7973/6026 6385/7976/6026 6380/7979/6026 6379/7977/6026
f 6374/7980/6027 6386/7981/6027 6389/7982/6027 6388/7983/6027
f 6386/7981/6028 6387/7984/6028 6390/7985/6028 6389/7982/6028
f 6388/7983/6029 6389/7982/6029 6385/7986/6029 6382/7987/6029
f 6389/7982/6030 6390/7985/6030 6380/7988/6030 6385/7986/6030
f 6391/7989/6031 6394/7990/6031 6397/7991/6031 6396/7992/6031
f 6394/7990/6032 6395/7993/6032 6398/7994/6032 6397/7991/6032
f 6396/7992/6033 6397/7991/6033 6409/7995/6033 6406/7996/6033
f 6397/7991/6034 6398/7994/6034 6399/7997/6034 6409/7995/6034
f 6392/7998/6035 6400/7999/6035 6403/8000/6035 6402/8001/6035
f 6400/7999/6036 6401/8002/6036 6404/8003/6036 6403/8000/6036
f 6402/8001/6037 6403/8000/6037 6398/8004/6037 6395/8005/6037
f 6403/8000/6038 6404/8003/6038 6399/8006/6038 6398/8004/6038
f 6393/8007/6039 6405/8008/6039 6408/8009/6039 6407/8010/6039
f 6405/8008/6040 6406/8011/6040 6409/8012/6040 6408/8009/6040
f 6407/8010/6041 6408/8009/6041 6404/8003/6041 6401/8002/6041
f 6408/8009/6042 6409/8012/6042 6399/8006/6042 6404/8003/6042
f 6410/8013/6043 6413/8014/6043 6416/8015/6043 6415/8016/6043
f 6413/8014/6044 6414/8017/6044 6417/8018/6044 6416/8015/6044
f 6415/8016/6045 6416/8015/6045 6428/8019/6045 6425/8020/6045
f 6416/8015/6046 6417/8018/6046 6418/8021/6046 6428/8019/6046
f 6411/8022/6047 6419/8023/6047 6422/8024/6047 6421/8025/6047
f 6419/8023/6048 6420/8026/6048 6423/8027/6048 6422/8024/6048
f 6421/8025/6049 6422/8024/6049 6417/8028/6049 6414/8029/6049
f 6422/8024/6050 6423/8027/6050 6418/8030/6050 6417/8028/6050
f 6412/8031/6051 6424/8032/6051 6427/8033/6051 6426/8034/6051
f 6424/8032/6052 6425/8035/6052 6428/8036/6052 6427/8033/6052
f 6426/8034/6053 6427/8033/6053 6423/8027/6053 6420/8026/6053
f 6427/8033/6054 6428/8036/6054 6418/8030/6054 6423/8027/6054
f 6429/8037/6055 6432/8038/6055 6435/8039/6055 6434/8040/6055
f 6432/8038/6056 6433/8041/6056 6436/8042/6056 6435/8039/6056
f 6434/8040/6057 6435/8039/6057 6447/8043/6057 6444/8044/6057
f 6435/8039/6058 6436/8042/6058 6437/8045/6058 6447/8043/6058
f 6430/8046/6059 6438/8047/6059 6441/8048/6059 6440/8049/6059
f 6438/8047/6060 6439/8050/6060 6442/8051/6060 6441/8048/6060
f 6440/8049/6061 6441/8048/6061 6436/8042/6061 6433/8041/6061
f 6441/8048/6062 6442/8051/6062 6437/8045/6062 6436/8042/6062
f 6431/8052/6063 6443/8053/6063 6446/8054/6063 6445/8055/6063
f 6443/8053/6064 6444/8044/6064 6447/8043/6064 6446/8054/6064
f 6445/8055/6065 6446/8054/6065 6442/8051/6065 6439/8050/6065
f 6446/8054/6066 6447/8043/6066 6437/8045/6066 6442/8051/6066
f 6448/8056/6067 6451/8057/6067 6454/8058/6067 6453/8059/6067
f 6451/8057/6068 6452/8060/6068 6455/8061/6068 6454/8058/6068
f 6453/8059/6069 6454/8058/6069 6466/8062/6069 6463/8063/6069
f 6454/8058/6070 6455/8061/6070 6456/8064/6070 6466/8062/6070
f 6449/8065/6071 6457/8066/6071 6460/8067/6071 6459/8068/6071
f 6457/8066/6072 6458/8069/6072 6461/8070/6072 6460/8067/6072
f 6459/8068/6073 6460/8067/6073 6455/8061/6073 6452/8060/6073
f 6460/8067/6074 6461/8070/6074 6456/8064/6074 6455/8061/6074
f 6450/8071/6075 6462/8072/6075 6465/8073/6075 6464/8074/6075
f 6462/8072/6076 6463/8063/6076 6466/8062/6076 6465/8073/6076
f 6464/8074/6077 6465/8073/6077 6461/8070/6077 6458/8069/6077
f 6465/8073/6078 6466/8062/6078 6456/8064/6078 6461/8070/6078
f 6467/8075/6079 6470/8076/6079 6473/8077/6079 6472/8078/6079
f 6470/8076/6080 6471/8079/6080 6474/8080/6080 6473/8077/6080
f 6472/8078/6081 6473/8077/6081 6485/8081/6081 6482/8082/6081
f 6473/8077/6082 6474/8080/6082 6475/8083/6082 6485/8081/6082
f 6468/8084/6083 6476/8085/6083 6479/8086/6083 6478/8087/6083
f 6476/8085/6084 6477/8088/6084 6480/8089/6084 6479/8086/6084
f 6478/8087/6085 6479/8086/6085 6474/8080/6085 6471/8079/6085
f 6479/8086/6086 6480/8089/6086 6475/8083/6086 6474/8080/6086
f 6469/8090/6087 6481/8091/6087 6484/8092/6087 6483/8093/6087
f 6481/8091/6088 6482/8082/6088 6485/8081/6088 6484/8092/6088
f 6483/8093/6089 6484/8092/6089 6480/8089/6089 6477/8088/6089
f 6484/8092/6090 6485/8081/6090 6475/8083/6090 6480/8089/6090
f 6486/8094/6091 6489/8095/6091 6492/8096/6091 6491/8097/6091
f 6489/8095/6092 6490/8098/6092 6493/8099/6092 6492/8096/6092
f 6491/8097/6093 6492/8096/6093 6504/8100/6093 6501/8101/6093
f 6492/8096/6094 6493/8099/6094 6494/8102/6094 6504/8100/6094
f 6487/8103/6095 6495/8104/6095 6498/8105/6095 6497/8106/6095
f 6495/8104/6096 6496/8107/6096 6499/8108/6096 6498/8105/6096
f 6497/8106/6097 6498/8105/6097 6493/8099/6097 6490/8098/6097
f 6498/8105/6098 6499/8108/6098 6494/8102/6098 6493/8099/6098
f 6488/8109/6099 6500/8110/6099 6503/8111/6099 6502/8112/6099
f 6500/8110/6100 6501/8101/6100 6504/8100/6100 6503/8111/6100
f 6502/8112/6101 6503/8111/6101 6499/8108/6101 6496/8107/6101
f 6503/8111/6102 6504/8100/6102 6494/8102/6102 6499/8108/6102
f 6391/7989/6103 6353/7935/6103 6358/7938/6103 6394/7990/6103
f 6394/7990/6104 6358/7938/6104 6368/7942/6104 6395/7993/6104
f 6395/8005/6105 6368/7957/6105 6367/7954/6105 6402/8001/6105
f 6402/8001/6106 6367/7954/6106 6355/7953/6106 6392/7998/6106
f 6354/7944/6107 6372/7962/6107 6377/7965/6107 6362/7945/6107
f 6362/7945/6108 6377/7965/6108 6387/7969/6108 6363/7948/6108
f 6363/7960/6109 6387/7984/6109 6386/7981/6109 6369/7956/6109
f 6369/7956/6110 6386/7981/6110 6374/7980/6110 6355/7953/6110
f 6373/7971/6111 6410/8013/6111 6415/8016/6111 6381/7972/6111
f 6381/7972/6112 6415/8016/6112 6425/8020/6112 6382/7975/6112
f 6382/7987/6113 6425/8035/6113 6424/8032/6113 6388/7983/6113
f 6388/7983/6114 6424/8032/6114 6412/8031/6114 6374/7980/6114
f 6411/8022/6115 6393/8007/6115 6407/8010/6115 6419/8023/6115
f 6419/8023/6116 6407/8010/6116 6401/8002/6116 6420/8026/6116
f 6420/8026/6117 6401/8002/6117 6400/7999/6117 6426/8034/6117
f 6426/8034/6118 6400/7999/6118 6392/7998/6118 6412/8031/6118
f 6467/8075/6119 6391/7989/6119 6396/7992/6119 6470/8076/6119
f 6470/8076/6120 6396/7992/6120 6406/7996/6120 6471/8079/6120
f 6471/8079/6121 6406/8011/6121 6405/8008/6121 6478/8087/6121
f 6478/8087/6122 6405/8008/6122 6393/8007/6122 6468/8084/6122
f 6410/8013/6123 6486/8094/6123 6491/8097/6123 6413/8014/6123
f 6413/8014/6124 6491/8097/6124 6501/8101/6124 6414/8017/6124
f 6414/8029/6125 6501/8101/6125 6500/8110/6125 6421/8025/6125
f 6421/8025/6126 6500/8110/6126 6488/8109/6126 6411/8022/6126
f 6487/8103/6127 6469/8090/6127 6483/8093/6127 6495/8104/6127
f 6495/8104/6128 6483/8093/6128 6477/8088/6128 6496/8107/6128
f 6496/8107/6129 6477/8088/6129 6476/8085/6129 6502/8112/6129
f 6502/8112/6130 6476/8085/6130 6468/8084/6130 6488/8109/6130
f 6429/8037/6131 6467/8075/6131 6472/8078/6131 6432/8038/6131
f 6432/8038/6132 6472/8078/6132 6482/8082/6132 6433/8041/6132
f 6433/8041/6133 6482/8082/6133 6481/8091/6133 6440/8049/6133
f 6440/8049/6134 6481/8091/6134 6469/8090/6134 6430/8046/6134
f 6486/8094/6135 6448/8056/6135 6453/8059/6135 6489/8095/6135
f 6489/8095/6136 6453/8059/6136 6463/8063/6136 6490/8098/6136
f 6490/8098/6137 6463/8063/6137 6462/8072/6137 6497/8106/6137
f 6497/8106/6138 6462/8072/6138 6450/8071/6138 6487/8103/6138
f 6449/8065/6139 6431/8052/6139 6445/8055/6139 6457/8066/6139
f 6457/8066/6140 6445/8055/6140 6439/8050/6140 6458/8069/6140
f 6458/8069/6141 6439/8050/6141 6438/8047/6141 6464/8074/6141
f 6464/8074/6142 6438/8047/6142 6430/8046/6142 6450/8071/6142
f 6353/7935/6143 6429/8037/6143 6434/8040/6143 6356/7936/6143
f 6356/7936/6144 6434/8040/6144 6444/8044/6144 6357/7939/6144
f 6357/7951/6145 6444/8044/6145 6443/8053/6145 6364/7947/6145
f 6364/7947/6146 6443/8053/6146 6431/8052/6146 6354/7944/6146
f 6448/8056/6147 6373/7971/6147 6383/7974/6147 6451/8057/6147
f 6451/8057/6148 6383/7974/6148 6376/7978/6148 6452/8060/6148
f 6452/8060/6149 6376/7966/6149 6375/7963/6149 6459/8068/6149
f 6459/8068/6150 6375/7963/6150 6372/7962/6150 6449/8065/6150
f 6391/7989/6151 6467/8075/6151 6429/8037/6151 6353/7935/6151
f 6355/7953/6152 6374/7980/6152 6412/8031/6152 6392/7998/6152
f 6431/8052/6153 6449/8065/6153 6372/7962/6153 6354/7944/6153
f 6486/8094/6154 6410/8013/6154 6373/7971/6154 6448/8056/6154
f 6393/8007/6155 6411/8022/6155 6488/8109/6155 6468/8084/6155
f 6469/8090/6156 6487/8103/6156 6450/8071/6156 6430/8046/6156
o 48_InternalShields
v -0.078050 0.007375 -0.016920
v -0.078050 0.007475 -0.016820
v -0.078150 0.007475 -0.016920
v -0.078050 0.007383 -0.016882
v -0.078050 0.007404 -0.016849
v -0.078088 0.007383 -0.016920
v -0.078089 0.007392 -0.016881
v -0.078087 0.007409 -0.016854
v -0.078108 0.007417 -0.016862
v -0.078088 0.007475 -0.016828
v -0.078121 0.007475 -0.016849
v -0.078050 0.007437 -0.016828
v -0.078089 0.007436 -0.016837
v -0.078116 0.007438 -0.016854
v -0.078142 0.007437 -0.016920
v -0.078121 0.007404 -0.016920
v -0.078142 0.007475 -0.016882
v -0.078133 0.007436 -0.016881
v -0.078116 0.007409 -0.016883
v -0.078050 0.008275 -0.016820
v -0.078050 0.008375 -0.016920
v -0.078150 0.008275 -0.016920
v -0.078050 0.008313 -0.016828
v -0.078050 0.008346 -0.016849
v -0.078088 0.008275 -0.016828
v -0.078089 0.008314 -0.016837
v -0.078087 0.008341 -0.016854
v -0.078108 0.008333 -0.016862
v -0.078088 0.008367 -0.016920
v -0.078121 0.008346 -0.016920
v -0.078050 0.008367 -0.016882
v -0.078089 0.008358 -0.016881
v -0.078116 0.008341 -0.016883
v -0.078142 0.008275 -0.016882
v -0.078121 0.008275 -0.016849
v -0.078142 0.008313 -0.016920
v -0.078133 0.008314 -0.016881
v -0.078116 0.008312 -0.016854
v -0.078050 0.007375 -0.083080
v -0.078150 0.007475 -0.083080
v -0.078050 0.007475 -0.083180
v -0.078088 0.007383 -0.083080
v -0.078121 0.007404 -0.083080
v -0.078050 0.007383 -0.083118
v -0.078089 0.007392 -0.083119
v -0.078116 0.007409 -0.083117
v -0.078108 0.007417 -0.083138
v -0.078142 0.007475 -0.083118
v -0.078121 0.007475 -0.083151
v -0.078142 0.007437 -0.083080
v -0.078133 0.007436 -0.083119
v -0.078116 0.007438 -0.083146
v -0.078050 0.007437 -0.083172
v -0.078050 0.007404 -0.083151
v -0.078088 0.007475 -0.083172
v -0.078089 0.007436 -0.083163
v -0.078087 0.007409 -0.083146
v -0.078050 0.008375 -0.083080
v -0.078050 0.008275 -0.083180
v -0.078150 0.008275 -0.083080
v -0.078050 0.008367 -0.083118
v -0.078050 0.008346 -0.083151
v -0.078088 0.008367 -0.083080
v -0.078089 0.008358 -0.083119
v -0.078087 0.008341 -0.083146
v -0.078108 0.008333 -0.083138
v -0.078088 0.008275 -0.083172
v -0.078121 0.008275 -0.083151
v -0.078050 0.008313 -0.083172
v -0.078089 0.008314 -0.083163
v -0.078116 0.008312 -0.083146
v -0.078142 0.008313 -0.083080
v -0.078121 0.008346 -0.083080
v -0.078142 0.008275 -0.083118
v -0.078133 0.008314 -0.083119
v -0.078116 0.008341 -0.083117
v 0.078050 0.007375 -0.016920
v 0.078150 0.007475 -0.016920
v 0.078050 0.007475 -0.016820
v 0.078088 0.007383 -0.016920
v 0.078121 0.007404 -0.016920
v 0.078050 0.007383 -0.016882
v 0.078089 0.007392 -0.016881
v 0.078116 0.007409 -0.016883
v 0.078108 0.007417 -0.016862
v 0.078142 0.007475 -0.016882
v 0.078121 0.007475 -0.016849
v 0.078142 0.007437 -0.016920
v 0.078133 0.007436 -0.016881
v 0.078116 0.007438 -0.016854
v 0.078050 0.007437 -0.016828
v 0.078050 0.007404 -0.016849
v 0.078088 0.007475 -0.016828
v 0.078089 0.007436 -0.016837
v 0.078087 0.007409 -0.016854
v 0.078050 0.008375 -0.016920
v 0.078050 0.008275 -0.016820
v 0.078150 0.008275 -0.016920
v 0.078050 0.008367 -0.016882
v 0.078050 0.008346 -0.016849
v 0.078088 0.008367 -0.016920
v 0.078089 0.008358 -0.016881
v 0.078087 0.008341 -0.016854
v 0.078108 0.008333 -0.016862
v 0.078088 0.008275 -0.016828
v 0.078121 0.008275 -0.016849
v 0.078050 0.008313 -0.016828
v 0.078089 0.008314 -0.016837
v 0.078116 0.008312 -0.016854
v 0.078142 0.008313 -0.016920
v 0.078121 0.008346 -0.016920
v 0.078142 0.008275 -0.016882
v 0.078133 0.008314 -0.016881
v 0.078116 0.008341 -0.016883
v 0.078050 0.007375 -0.083080
v 0.078050 0.007475 -0.083180
v 0.078150 0.007475 -0.083080
v 0.078050 0.007383 -0.083118
v 0.078050 0.007404 -0.083151
v 0.078088 0.007383 -0.083080
v 0.078089 0.007392 -0.083119
v 0.078087 0.007409 -0.083146
v 0.078108 0.007417 -0.083138
v 0.078088 0.007475 -0.083172
v 0.078121 0.007475 -0.083151
v 0.078050 0.007437 -0.083172
v 0.078089 0.007436 -0.083163
v 0.078116 0.007438 -0.083146
v 0.078142 0.007437 -0.083080
v 0.078121 0.007404 -0.083080
v 0.078142 0.007475 -0.083118
v 0.078133 0.007436 -0.083119
v 0.078116 0.007409 -0.083117
v 0.078050 0.008375 -0.083080
v 0.078150 0.008275 -0.083080
v 0.078050 0.008275 -0.083180
v 0.078088 0.008367 -0.083080
v 0.078121 0.008346 -0.083080
v 0.078050 0.008367 -0.083118
v 0.078089 0.008358 -0.083119
v 0.078116 0.008341 -0.083117
v 0.078108 0.008333 -0.083138
v 0.078142 0.008275 -0.083118
v 0.078121 0.008275 -0.083151
v 0.078142 0.008313 -0.083080
v 0.078133 0.008314 -0.083119
v 0.078116 0.008312 -0.083146
v 0.078050 0.008313 -0.083172
v 0.078050 0.008346 -0.083151
v 0.078088 0.008275 -0.083172
v 0.078089 0.008314 -0.083163
v 0.078087 0.008341 -0.083146
vn -0.2049 -0.9571 0.2049
vn -0.1819 -0.8151 0.5500
vn -0.5499 -0.8152 0.1820
vn -0.4932 -0.7168 0.4929
vn -0.2049 -0.2049 0.9571
vn -0.5499 -0.1818 0.8152
vn -0.1819 -0.5500 0.8151
vn -0.4931 -0.4932 0.7166
vn -0.9571 -0.2050 0.2050
vn -0.8152 -0.5499 0.1818
vn -0.8152 -0.1819 0.5499
vn -0.7165 -0.4930 0.4935
vn -0.2049 0.2049 0.9571
vn -0.1819 0.5500 0.8151
vn -0.5499 0.1818 0.8152
vn -0.4932 0.4932 0.7166
vn -0.2049 0.9571 0.2049
vn -0.5499 0.8152 0.1820
vn -0.1819 0.8151 0.5500
vn -0.4932 0.7169 0.4929
vn -0.9571 0.2050 0.2050
vn -0.8152 0.1819 0.5499
vn -0.8152 0.5499 0.1818
vn -0.7166 0.4930 0.4935
vn -0.2049 -0.9571 -0.2049
vn -0.5499 -0.8152 -0.1820
vn -0.1819 -0.8151 -0.5500
vn -0.4932 -0.7169 -0.4929
vn -0.9571 -0.2050 -0.2050
vn -0.8152 -0.1819 -0.5499
vn -0.8152 -0.5499 -0.1818
vn -0.7166 -0.4930 -0.4935
vn -0.2049 -0.2049 -0.9571
vn -0.1819 -0.5500 -0.8151
vn -0.5499 -0.1818 -0.8152
vn -0.4932 -0.4932 -0.7166
vn -0.2049 0.9571 -0.2049
vn -0.1819 0.8151 -0.5500
vn -0.5499 0.8152 -0.1820
vn -0.4932 0.7168 -0.4929
vn -0.2049 0.2049 -0.9571
vn -0.5499 0.1818 -0.8152
vn -0.1819 0.5500 -0.8151
vn -0.4931 0.4932 -0.7166
vn -0.9571 0.2050 -0.2050
vn -0.8152 0.5499 -0.1818
vn -0.8152 0.1819 -0.5499
vn -0.7165 0.4930 -0.4935
vn 0.2049 -0.9571 0.2049
vn 0.5499 -0.8152 0.1820
vn 0.1819 -0.8151 0.5500
vn 0.4932 -0.7169 0.4929
vn 0.9571 -0.2050 0.2050
vn 0.8152 -0.1819 0.5499
vn 0.8152 -0.5499 0.1818
vn 0.7166 -0.4930 0.4935
vn 0.2049 -0.2049 0.9571
vn 0.1819 -0.5500 0.8151
vn 0.5499 -0.1818 0.8152
vn 0.4932 -0.4932 0.7166
vn 0.2049 0.9571 0.2049
vn 0.1819 0.8151 0.5500
vn 0.5499 0.8152 0.1820
vn 0.4932 0.7168 0.4929
vn 0.2049 0.2049 0.9571
vn 0.5499 0.1818 0.8152
vn 0.1819 0.5500 0.8151
vn 0.4931 0.4932 0.7166
vn 0.9571 0.2050 0.2050
vn 0.8152 0.5499 0.1818
vn 0.8152 0.1819 0.5499
vn 0.7165 0.4930 0.4935
vn 0.2049 -0.9571 -0.2049
vn 0.1819 -0.8151 -0.5500
vn 0.5499 -0.8152 -0.1820
vn 0.4932 -0.7168 -0.4929
vn 0.2049 -0.2049 -0.9571
vn 0.5499 -0.1818 -0.8152
vn 0.1819 -0.5500 -0.8151
vn 0.4931 -0.4932 -0.7166
vn 0.9571 -0.2050 -0.2050
vn 0.8152 -0.5499 -0.1818
vn 0.8152 -0.1819 -0.5499
vn 0.7165 -0.4930 -0.4935
vn 0.2049 0.9571 -0.2049
vn 0.5499 0.8152 -0.1820
vn 0.1819 0.8151 -0.5500
vn 0.4932 0.7169 -0.4929
vn 0.9571 0.2050 -0.2050
vn 0.8152 0.1819 -0.5499
vn 0.8152 0.5499 -0.1818
vn 0.7166 0.4930 -0.4935
vn 0.2049 0.2049 -0.9571
vn 0.1819 0.5500 -0.8151
vn 0.5499 0.1818 -0.8152
vn 0.4932 0.4932 -0.7166
vn -0.1951 -0.9808 -0.0000
vn -0.5555 -0.8315 -0.0000
vn -0.8315 -0.5555 -0.0000
vn -0.9807 -0.1953 -0.0000
vn -0.1951 -0.0000 0.9808
vn -0.5555 -0.0000 0.8315
vn -0.8315 -0.0000 0.5555
vn -0.9808 -0.0000 0.1951
vn -0.1951 0.9808 -0.0000
vn -0.5555 0.8315 -0.0000
vn -0.8315 0.5555 -0.0000
vn -0.9807 0.1953 -0.0000
vn -0.1951 -0.0000 -0.9808
vn -0.5555 -0.0000 -0.8315
vn -0.8315 -0.0000 -0.5555
vn -0.9808 -0.0000 -0.1951
vn -0.0000 -0.9808 -0.1951
vn -0.0000 -0.8315 -0.5555
vn -0.0000 -0.5556 -0.8315
vn -0.0000 -0.1950 -0.9808
vn -0.0000 0.9808 -0.1951
vn -0.0000 0.8315 -0.5555
vn -0.0000 0.5556 -0.8315
vn -0.0000 0.1950 -0.9808
vn 0.9808 -0.0000 -0.1951
vn 0.8315 -0.0000 -0.5555
vn 0.5555 -0.0000 -0.8315
vn 0.1951 -0.0000 -0.9808
vn 0.1951 -0.9808 -0.0000
vn 0.5555 -0.8315 -0.0000
vn 0.8315 -0.5555 -0.0000
vn 0.9807 -0.1953 -0.0000
vn 0.1951 0.9808 -0.0000
vn 0.5555 0.8315 -0.0000
vn 0.8315 0.5555 -0.0000
vn 0.9807 0.1953 -0.0000
vn 0.1951 -0.0000 0.9808
vn 0.5555 -0.0000 0.8315
vn 0.8315 -0.0000 0.5555
vn 0.9808 -0.0000 0.1951
vn -0.0000 -0.9808 0.1951
vn -0.0000 -0.8315 0.5555
vn -0.0000 -0.5556 0.8315
vn -0.0000 -0.1950 0.9808
vn -0.0000 0.9808 0.1951
vn -0.0000 0.8315 0.5555
vn -0.0000 0.5556 0.8315
vn -0.0000 0.1950 0.9808
vn -0.0000 -1.0000 -0.0000
vn -1.0000 -0.0000 -0.0000
vn -0.0000 -0.0000 1.0000
vn -0.0000 1.0000 -0.0000
vn -0.0000 -0.0000 -1.0000
vn 1.0000 -0.0000 -0.0000
vt 0.125160 0.749623
vt 0.125160 0.749767
vt 0.125097 0.749771
vt 0.125099 0.749623
vt 0.125160 0.750000
vt 0.125100 0.750000
vt 0.125000 0.749764
vt 0.125000 0.749623
vt 0.125068 0.750000
vt 0.400000 0.999840
vt 0.400000 0.999901
vt 0.390193 0.999903
vt 0.390433 0.999840
vt 0.400000 1.000000
vt 0.390691 1.000000
vt 0.375000 0.999900
vt 0.375000 0.999840
vt 0.385566 1.000000
vt 0.400000 0.000377
vt 0.390433 0.000377
vt 0.390193 0.000229
vt 0.400000 0.000233
vt 0.375000 0.000377
vt 0.375000 0.000236
vt 0.390691 0.000000
vt 0.400000 0.000000
vt 0.375000 0.000159
vt 0.600000 0.999840
vt 0.609567 0.999840
vt 0.609807 0.999903
vt 0.600000 0.999901
vt 0.625000 0.999840
vt 0.625000 0.999900
vt 0.609309 1.000000
vt 0.600000 1.000000
vt 0.625000 0.999932
vt 0.874840 0.749623
vt 0.874901 0.749623
vt 0.874903 0.749771
vt 0.874840 0.749767
vt 0.875000 0.749623
vt 0.875000 0.749763
vt 0.874900 0.750000
vt 0.874840 0.750000
vt 0.875000 0.749841
vt 0.600000 0.000377
vt 0.600000 0.000233
vt 0.609807 0.000229
vt 0.609567 0.000377
vt 0.600000 0.000000
vt 0.609309 0.000000
vt 0.625000 0.000236
vt 0.625000 0.000377
vt 0.614434 0.000000
vt 0.125160 0.500377
vt 0.125099 0.500377
vt 0.125097 0.500229
vt 0.125160 0.500233
vt 0.125000 0.500377
vt 0.125000 0.500236
vt 0.125100 0.500000
vt 0.125160 0.500000
vt 0.125000 0.500159
vt 0.400000 0.249623
vt 0.400000 0.249767
vt 0.390193 0.249771
vt 0.390433 0.249623
vt 0.400000 0.250000
vt 0.390691 0.250000
vt 0.375000 0.249764
vt 0.375000 0.249623
vt 0.380283 0.250034
vt 0.400000 0.250160
vt 0.390433 0.250160
vt 0.390193 0.250097
vt 0.400000 0.250099
vt 0.375000 0.250160
vt 0.375000 0.250100
vt 0.874840 0.500377
vt 0.874840 0.500233
vt 0.874903 0.500229
vt 0.874901 0.500377
vt 0.874840 0.500000
vt 0.874900 0.500000
vt 0.875000 0.500236
vt 0.875000 0.500377
vt 0.874932 0.500000
vt 0.600000 0.250160
vt 0.600000 0.250099
vt 0.609807 0.250097
vt 0.609567 0.250160
vt 0.600000 0.250000
vt 0.609309 0.250000
vt 0.625000 0.250100
vt 0.625000 0.250160
vt 0.619717 0.249920
vt 0.600000 0.249623
vt 0.609567 0.249623
vt 0.609807 0.249771
vt 0.600000 0.249767
vt 0.625000 0.249623
vt 0.625000 0.249764
vt 0.374840 0.749623
vt 0.374901 0.749623
vt 0.374903 0.749771
vt 0.374840 0.749767
vt 0.375000 0.749623
vt 0.375000 0.749763
vt 0.374950 0.750050
vt 0.374920 0.750080
vt 0.378522 0.749969
vt 0.400000 0.749623
vt 0.400000 0.749767
vt 0.390193 0.749771
vt 0.390433 0.749623
vt 0.400000 0.750000
vt 0.390691 0.750000
vt 0.400000 0.750160
vt 0.390433 0.750160
vt 0.390193 0.750097
vt 0.400000 0.750099
vt 0.625160 0.749623
vt 0.625160 0.749767
vt 0.625097 0.749771
vt 0.625099 0.749623
vt 0.625080 0.750080
vt 0.625050 0.750050
vt 0.625000 0.749763
vt 0.625000 0.749623
vt 0.621500 0.749947
vt 0.600000 0.750160
vt 0.600000 0.750099
vt 0.609807 0.750097
vt 0.609567 0.750160
vt 0.600000 0.750000
vt 0.609309 0.750000
vt 0.600000 0.749623
vt 0.609567 0.749623
vt 0.609807 0.749771
vt 0.600000 0.749767
vt 0.374840 0.500377
vt 0.374840 0.500233
vt 0.374903 0.500229
vt 0.374901 0.500377
vt 0.374920 0.499920
vt 0.374950 0.499950
vt 0.375000 0.500237
vt 0.375000 0.500377
vt 0.378500 0.500053
vt 0.400000 0.499840
vt 0.400000 0.499901
vt 0.390193 0.499903
vt 0.390433 0.499840
vt 0.400000 0.500000
vt 0.390691 0.500000
vt 0.400000 0.500377
vt 0.390433 0.500377
vt 0.390193 0.500229
vt 0.400000 0.500233
vt 0.625160 0.500377
vt 0.625099 0.500377
vt 0.625097 0.500229
vt 0.625160 0.500233
vt 0.625000 0.500377
vt 0.625000 0.500236
vt 0.625050 0.499950
vt 0.625080 0.499920
vt 0.621478 0.500031
vt 0.600000 0.500377
vt 0.600000 0.500233
vt 0.609807 0.500229
vt 0.609567 0.500377
vt 0.600000 0.500000
vt 0.609309 0.500000
vt 0.600000 0.499840
vt 0.609567 0.499840
vt 0.609807 0.499903
vt 0.600000 0.499901
s 0
usemtl Steel
f 6505/8113/6157 6508/8114/6157 6511/8115/6157 6510/8116/6157
f 6508/8114/6158 6509/8117/6158 6512/8118/6158 6511/8115/6158
f 6510/8116/6159 6511/8115/6159 6523/8119/6159 6520/8120/6159
f 6511/8115/6160 6512/8118/6160 6513/8121/6160 6523/8119/6160
f 6506/8122/6161 6514/8123/6161 6517/8124/6161 6516/8125/6161
f 6514/8123/6162 6515/8126/6162 6518/8127/6162 6517/8124/6162
f 6516/8125/6163 6517/8124/6163 6512/8128/6163 6509/8129/6163
f 6517/8124/6164 6518/8127/6164 6513/8130/6164 6512/8128/6164
f 6507/8131/6165 6519/8132/6165 6522/8133/6165 6521/8134/6165
f 6519/8132/6166 6520/8135/6166 6523/8136/6166 6522/8133/6166
f 6521/8134/6167 6522/8133/6167 6518/8137/6167 6515/8138/6167
f 6522/8133/6168 6523/8136/6168 6513/8139/6168 6518/8137/6168
f 6524/8140/6169 6527/8141/6169 6530/8142/6169 6529/8143/6169
f 6527/8141/6170 6528/8144/6170 6531/8145/6170 6530/8142/6170
f 6529/8143/6171 6530/8142/6171 6542/8146/6171 6539/8147/6171
f 6530/8142/6172 6531/8145/6172 6532/8148/6172 6542/8146/6172
f 6525/8149/6173 6533/8150/6173 6536/8151/6173 6535/8152/6173
f 6533/8150/6174 6534/8153/6174 6537/8154/6174 6536/8151/6174
f 6535/8152/6175 6536/8151/6175 6531/8155/6175 6528/8156/6175
f 6536/8151/6176 6537/8154/6176 6532/8157/6176 6531/8155/6176
f 6526/8158/6177 6538/8159/6177 6541/8160/6177 6540/8161/6177
f 6538/8159/6178 6539/8162/6178 6542/8163/6178 6541/8160/6178
f 6540/8161/6179 6541/8160/6179 6537/8164/6179 6534/8165/6179
f 6541/8160/6180 6542/8163/6180 6532/8166/6180 6537/8164/6180
f 6543/8167/6181 6546/8168/6181 6549/8169/6181 6548/8170/6181
f 6546/8168/6182 6547/8171/6182 6550/8172/6182 6549/8169/6182
f 6548/8170/6183 6549/8169/6183 6561/8173/6183 6558/8174/6183
f 6549/8169/6184 6550/8172/6184 6551/8175/6184 6561/8173/6184
f 6544/8176/6185 6552/8177/6185 6555/8178/6185 6554/8179/6185
f 6552/8177/6186 6553/8180/6186 6556/8181/6186 6555/8178/6186
f 6554/8179/6187 6555/8178/6187 6550/8182/6187 6547/8183/6187
f 6555/8178/6188 6556/8181/6188 6551/8184/6188 6550/8182/6188
f 6545/8185/6189 6557/8186/6189 6560/8187/6189 6559/8188/6189
f 6557/8186/6190 6558/8189/6190 6561/8190/6190 6560/8187/6190
f 6559/8188/6191 6560/8187/6191 6556/8181/6191 6553/8180/6191
f 6560/8187/6192 6561/8190/6192 6551/8184/6192 6556/8181/6192
f 6562/8191/6193 6565/8192/6193 6568/8193/6193 6567/8194/6193
f 6565/8192/6194 6566/8195/6194 6569/8196/6194 6568/8193/6194
f 6567/8194/6195 6568/8193/6195 6580/8197/6195 6577/8198/6195
f 6568/8193/6196 6569/8196/6196 6570/8199/6196 6580/8197/6196
f 6563/8200/6197 6571/8201/6197 6574/8202/6197 6573/8203/6197
f 6571/8201/6198 6572/8204/6198 6575/8205/6198 6574/8202/6198
f 6573/8203/6199 6574/8202/6199 6569/8206/6199 6566/8207/6199
f 6574/8202/6200 6575/8205/6200 6570/8208/6200 6569/8206/6200
f 6564/8209/6201 6576/8210/6201 6579/8211/6201 6578/8212/6201
f 6576/8210/6202 6577/8213/6202 6580/8214/6202 6579/8211/6202
f 6578/8212/6203 6579/8211/6203 6575/8205/6203 6572/8204/6203
f 6579/8211/6204 6580/8214/6204 6570/8208/6204 6575/8205/6204
f 6581/8215/6205 6584/8216/6205 6587/8217/6205 6586/8218/6205
f 6584/8216/6206 6585/8219/6206 6588/8220/6206 6587/8217/6206
f 6586/8218/6207 6587/8217/6207 6599/8221/6207 6596/8222/6207
f 6587/8217/6208 6588/8220/6208 6589/8223/6208 6599/8221/6208
f 6582/8224/6209 6590/8225/6209 6593/8226/6209 6592/8227/6209
f 6590/8225/6210 6591/8228/6210 6594/8229/6210 6593/8226/6210
f 6592/8227/6211 6593/8226/6211 6588/8220/6211 6585/8219/6211
f 6593/8226/6212 6594/8229/6212 6589/8223/6212 6588/8220/6212
f 6583/8230/6213 6595/8231/6213 6598/8232/6213 6597/8233/6213
f 6595/8231/6214 6596/8222/6214 6599/8221/6214 6598/8232/6214
f 6597/8233/6215 6598/8232/6215 6594/8229/6215 6591/8228/6215
f 6598/8232/6216 6599/8221/6216 6589/8223/6216 6594/8229/6216
f 6600/8234/6217 6603/8235/6217 6606/8236/6217 6605/8237/6217
f 6603/8235/6218 6604/8238/6218 6607/8239/6218 6606/8236/6218
f 6605/8237/6219 6606/8236/6219 6618/8240/6219 6615/8241/6219
f 6606/8236/6220 6607/8239/6220 6608/8242/6220 6618/8240/6220
f 6601/8243/6221 6609/8244/6221 6612/8245/6221 6611/8246/6221
f 6609/8244/6222 6610/8247/6222 6613/8248/6222 6612/8245/6222
f 6611/8246/6223 6612/8245/6223 6607/8239/6223 6604/8238/6223
f 6612/8245/6224 6613/8248/6224 6608/8242/6224 6607/8239/6224
f 6602/8249/6225 6614/8250/6225 6617/8251/6225 6616/8252/6225
f 6614/8250/6226 6615/8241/6226 6618/8240/6226 6617/8251/6226
f 6616/8252/6227 6617/8251/6227 6613/8248/6227 6610/8247/6227
f 6617/8251/6228 6618/8240/6228 6608/8242/6228 6613/8248/6228
f 6619/8253/6229 6622/8254/6229 6625/8255/6229 6624/8256/6229
f 6622/8254/6230 6623/8257/6230 6626/8258/6230 6625/8255/6230
f 6624/8256/6231 6625/8255/6231 6637/8259/6231 6634/8260/6231
f 6625/8255/6232 6626/8258/6232 6627/8261/6232 6637/8259/6232
f 6620/8262/6233 6628/8263/6233 6631/8264/6233 6630/8265/6233
f 6628/8263/6234 6629/8266/6234 6632/8267/6234 6631/8264/6234
f 6630/8265/6235 6631/8264/6235 6626/8258/6235 6623/8257/6235
f 6631/8264/6236 6632/8267/6236 6627/8261/6236 6626/8258/6236
f 6621/8268/6237 6633/8269/6237 6636/8270/6237 6635/8271/6237
f 6633/8269/6238 6634/8260/6238 6637/8259/6238 6636/8270/6238
f 6635/8271/6239 6636/8270/6239 6632/8267/6239 6629/8266/6239
f 6636/8270/6240 6637/8259/6240 6627/8261/6240 6632/8267/6240
f 6638/8272/6241 6641/8273/6241 6644/8274/6241 6643/8275/6241
f 6641/8273/6242 6642/8276/6242 6645/8277/6242 6644/8274/6242
f 6643/8275/6243 6644/8274/6243 6656/8278/6243 6653/8279/6243
f 6644/8274/6244 6645/8277/6244 6646/8280/6244 6656/8278/6244
f 6639/8281/6245 6647/8282/6245 6650/8283/6245 6649/8284/6245
f 6647/8282/6246 6648/8285/6246 6651/8286/6246 6650/8283/6246
f 6649/8284/6247 6650/8283/6247 6645/8277/6247 6642/8276/6247
f 6650/8283/6248 6651/8286/6248 6646/8280/6248 6645/8277/6248
f 6640/8287/6249 6652/8288/6249 6655/8289/6249 6654/8290/6249
f 6652/8288/6250 6653/8279/6250 6656/8278/6250 6655/8289/6250
f 6654/8290/6251 6655/8289/6251 6651/8286/6251 6648/8285/6251
f 6655/8289/6252 6656/8278/6252 6646/8280/6252 6651/8286/6252
f 6543/8167/6253 6505/8113/6253 6510/8116/6253 6546/8168/6253
f 6546/8168/6254 6510/8116/6254 6520/8120/6254 6547/8171/6254
f 6547/8183/6255 6520/8135/6255 6519/8132/6255 6554/8179/6255
f 6554/8179/6256 6519/8132/6256 6507/8131/6256 6544/8176/6256
f 6506/8122/6257 6524/8140/6257 6529/8143/6257 6514/8123/6257
f 6514/8123/6258 6529/8143/6258 6539/8147/6258 6515/8126/6258
f 6515/8138/6259 6539/8162/6259 6538/8159/6259 6521/8134/6259
f 6521/8134/6260 6538/8159/6260 6526/8158/6260 6507/8131/6260
f 6525/8149/6261 6562/8191/6261 6567/8194/6261 6533/8150/6261
f 6533/8150/6262 6567/8194/6262 6577/8198/6262 6534/8153/6262
f 6534/8165/6263 6577/8213/6263 6576/8210/6263 6540/8161/6263
f 6540/8161/6264 6576/8210/6264 6564/8209/6264 6526/8158/6264
f 6563/8200/6265 6545/8185/6265 6559/8188/6265 6571/8201/6265
f 6571/8201/6266 6559/8188/6266 6553/8180/6266 6572/8204/6266
f 6572/8204/6267 6553/8180/6267 6552/8177/6267 6578/8212/6267
f 6578/8212/6268 6552/8177/6268 6544/8176/6268 6564/8209/6268
f 6619/8253/6269 6543/8167/6269 6548/8170/6269 6622/8254/6269
f 6622/8254/6270 6548/8170/6270 6558/8174/6270 6623/8257/6270
f 6623/8257/6271 6558/8189/6271 6557/8186/6271 6630/8265/6271
f 6630/8265/6272 6557/8186/6272 6545/8185/6272 6620/8262/6272
f 6562/8191/6273 6638/8272/6273 6643/8275/6273 6565/8192/6273
f 6565/8192/6274 6643/8275/6274 6653/8279/6274 6566/8195/6274
f 6566/8207/6275 6653/8279/6275 6652/8288/6275 6573/8203/6275
f 6573/8203/6276 6652/8288/6276 6640/8287/6276 6563/8200/6276
f 6639/8281/6277 6621/8268/6277 6635/8271/6277 6647/8282/6277
f 6647/8282/6278 6635/8271/6278 6629/8266/6278 6648/8285/6278
f 6648/8285/6279 6629/8266/6279 6628/8263/6279 6654/8290/6279
f 6654/8290/6280 6628/8263/6280 6620/8262/6280 6640/8287/6280
f 6581/8215/6281 6619/8253/6281 6624/8256/6281 6584/8216/6281
f 6584/8216/6282 6624/8256/6282 6634/8260/6282 6585/8219/6282
f 6585/8219/6283 6634/8260/6283 6633/8269/6283 6592/8227/6283
f 6592/8227/6284 6633/8269/6284 6621/8268/6284 6582/8224/6284
f 6638/8272/6285 6600/8234/6285 6605/8237/6285 6641/8273/6285
f 6641/8273/6286 6605/8237/6286 6615/8241/6286 6642/8276/6286
f 6642/8276/6287 6615/8241/6287 6614/8250/6287 6649/8284/6287
f 6649/8284/6288 6614/8250/6288 6602/8249/6288 6639/8281/6288
f 6601/8243/6289 6583/8230/6289 6597/8233/6289 6609/8244/6289
f 6609/8244/6290 6597/8233/6290 6591/8228/6290 6610/8247/6290
f 6610/8247/6291 6591/8228/6291 6590/8225/6291 6616/8252/6291
f 6616/8252/6292 6590/8225/6292 6582/8224/6292 6602/8249/6292
f 6505/8113/6293 6581/8215/6293 6586/8218/6293 6508/8114/6293
f 6508/8114/6294 6586/8218/6294 6596/8222/6294 6509/8117/6294
f 6509/8129/6295 6596/8222/6295 6595/8231/6295 6516/8125/6295
f 6516/8125/6296 6595/8231/6296 6583/8230/6296 6506/8122/6296
f 6600/8234/6297 6525/8149/6297 6535/8152/6297 6603/8235/6297
f 6603/8235/6298 6535/8152/6298 6528/8156/6298 6604/8238/6298
f 6604/8238/6299 6528/8144/6299 6527/8141/6299 6611/8246/6299
f 6611/8246/6300 6527/8141/6300 6524/8140/6300 6601/8243/6300
f 6543/8167/6301 6619/8253/6301 6581/8215/6301 6505/8113/6301
f 6507/8131/6302 6526/8158/6302 6564/8209/6302 6544/8176/6302
f 6583/8230/6303 6601/8243/6303 6524/8140/6303 6506/8122/6303
f 6638/8272/6304 6562/8191/6304 6525/8149/6304 6600/8234/6304
f 6545/8185/6305 6563/8200/6305 6640/8287/6305 6620/8262/6305
f 6621/8268/6306 6639/8281/6306 6602/8249/6306 6582/8224/6306
o 49_ThermalPads
v -0.024900 0.007875 -0.025100
v -0.024900 0.007975 -0.025000
v -0.025000 0.007975 -0.025100
v -0.024900 0.007883 -0.025062
v -0.024900 0.007904 -0.025029
v -0.024938 0.007883 -0.025100
v -0.024939 0.007892 -0.025061
v -0.024937 0.007909 -0.025034
v -0.024958 0.007917 -0.025042
v -0.024938 0.007975 -0.025008
v -0.024971 0.007975 -0.025029
v -0.024900 0.007937 -0.025008
v -0.024939 0.007936 -0.025017
v -0.024966 0.007938 -0.025034
v -0.024992 0.007937 -0.025100
v -0.024971 0.007904 -0.025100
v -0.024992 0.007975 -0.025062
v -0.024983 0.007936 -0.025061
v -0.024966 0.007909 -0.025063
v -0.024900 0.008775 -0.025000
v -0.024900 0.008875 -0.025100
v -0.025000 0.008775 -0.025100
v -0.024900 0.008813 -0.025008
v -0.024900 0.008846 -0.025029
v -0.024938 0.008775 -0.025008
v -0.024939 0.008814 -0.025017
v -0.024937 0.008841 -0.025034
v -0.024958 0.008833 -0.025042
v -0.024938 0.008867 -0.025100
v -0.024971 0.008846 -0.025100
v -0.024900 0.008867 -0.025062
v -0.024939 0.008858 -0.025061
v -0.024966 0.008841 -0.025063
v -0.024992 0.008775 -0.025062
v -0.024971 0.008775 -0.025029
v -0.024992 0.008813 -0.025100
v -0.024983 0.008814 -0.025061
v -0.024966 0.008812 -0.025034
v -0.024900 0.007875 -0.074900
v -0.025000 0.007975 -0.074900
v -0.024900 0.007975 -0.075000
v -0.024938 0.007883 -0.074900
v -0.024971 0.007904 -0.074900
v -0.024900 0.007883 -0.074938
v -0.024939 0.007892 -0.074939
v -0.024966 0.007909 -0.074937
v -0.024958 0.007917 -0.074958
v -0.024992 0.007975 -0.074938
v -0.024971 0.007975 -0.074971
v -0.024992 0.007937 -0.074900
v -0.024983 0.007936 -0.074939
v -0.024966 0.007938 -0.074966
v -0.024900 0.007937 -0.074992
v -0.024900 0.007904 -0.074971
v -0.024938 0.007975 -0.074992
v -0.024939 0.007936 -0.074983
v -0.024937 0.007909 -0.074966
v -0.024900 0.008875 -0.074900
v -0.024900 0.008775 -0.075000
v -0.025000 0.008775 -0.074900
v -0.024900 0.008867 -0.074938
v -0.024900 0.008846 -0.074971
v -0.024938 0.008867 -0.074900
v -0.024939 0.008858 -0.074939
v -0.024937 0.008841 -0.074966
v -0.024958 0.008833 -0.074958
v -0.024938 0.008775 -0.074992
v -0.024971 0.008775 -0.074971
v -0.024900 0.008813 -0.074992
v -0.024939 0.008814 -0.074983
v -0.024966 0.008812 -0.074966
v -0.024992 0.008813 -0.074900
v -0.024971 0.008846 -0.074900
v -0.024992 0.008775 -0.074938
v -0.024983 0.008814 -0.074939
v -0.024966 0.008841 -0.074937
v 0.024900 0.007875 -0.025100
v 0.025000 0.007975 -0.025100
v 0.024900 0.007975 -0.025000
v 0.024938 0.007883 -0.025100
v 0.024971 0.007904 -0.025100
v 0.024900 0.007883 -0.025062
v 0.024939 0.007892 -0.025061
v 0.024966 0.007909 -0.025063
v 0.024958 0.007917 -0.025042
v 0.024992 0.007975 -0.025062
v 0.024971 0.007975 -0.025029
v 0.024992 0.007937 -0.025100
v 0.024983 0.007936 -0.025061
v 0.024966 0.007938 -0.025034
v 0.024900 0.007937 -0.025008
v 0.024900 0.007904 -0.025029
v 0.024938 0.007975 -0.025008
v 0.024939 0.007936 -0.025017
v 0.024937 0.007909 -0.025034
v 0.024900 0.008875 -0.025100
v 0.024900 0.008775 -0.025000
v 0.025000 0.008775 -0.025100
v 0.024900 0.008867 -0.025062
v 0.024900 0.008846 -0.025029
v 0.024938 0.008867 -0.025100
v 0.024939 0.008858 -0.025061
v 0.024937 0.008841 -0.025034
v 0.024958 0.008833 -0.025042
v 0.024938 0.008775 -0.025008
v 0.024971 0.008775 -0.025029
v 0.024900 0.008813 -0.025008
v 0.024939 0.008814 -0.025017
v 0.024966 0.008812 -0.025034
v 0.024992 0.008813 -0.025100
v 0.024971 0.008846 -0.025100
v 0.024992 0.008775 -0.025062
v 0.024983 0.008814 -0.025061
v 0.024966 0.008841 -0.025063
v 0.024900 0.007875 -0.074900
v 0.024900 0.007975 -0.075000
v 0.025000 0.007975 -0.074900
v 0.024900 0.007883 -0.074938
v 0.024900 0.007904 -0.074971
v 0.024938 0.007883 -0.074900
v 0.024939 0.007892 -0.074939
v 0.024937 0.007909 -0.074966
v 0.024958 0.007917 -0.074958
v 0.024938 0.007975 -0.074992
v 0.024971 0.007975 -0.074971
v 0.024900 0.007937 -0.074992
v 0.024939 0.007936 -0.074983
v 0.024966 0.007938 -0.074966
v 0.024992 0.007937 -0.074900
v 0.024971 0.007904 -0.074900
v 0.024992 0.007975 -0.074938
v 0.024983 0.007936 -0.074939
v 0.024966 0.007909 -0.074937
v 0.024900 0.008875 -0.074900
v 0.025000 0.008775 -0.074900
v 0.024900 0.008775 -0.075000
v 0.024938 0.008867 -0.074900
v 0.024971 0.008846 -0.074900
v 0.024900 0.008867 -0.074938
v 0.024939 0.008858 -0.074939
v 0.024966 0.008841 -0.074937
v 0.024958 0.008833 -0.074958
v 0.024992 0.008775 -0.074938
v 0.024971 0.008775 -0.074971
v 0.024992 0.008813 -0.074900
v 0.024983 0.008814 -0.074939
v 0.024966 0.008812 -0.074966
v 0.024900 0.008813 -0.074992
v 0.024900 0.008846 -0.074971
v 0.024938 0.008775 -0.074992
v 0.024939 0.008814 -0.074983
v 0.024937 0.008841 -0.074966
vn -0.2049 -0.9571 0.2049
vn -0.1818 -0.8152 0.5500
vn -0.5500 -0.8152 0.1819
vn -0.4931 -0.7167 0.4931
vn -0.2049 -0.2049 0.9571
vn -0.5500 -0.1818 0.8152
vn -0.1818 -0.5500 0.8151
vn -0.4932 -0.4931 0.7167
vn -0.9571 -0.2049 0.2050
vn -0.8152 -0.5500 0.1818
vn -0.8151 -0.1818 0.5500
vn -0.7167 -0.4931 0.4932
vn -0.2049 0.2049 0.9571
vn -0.1818 0.5500 0.8152
vn -0.5499 0.1818 0.8152
vn -0.4932 0.4931 0.7167
vn -0.2049 0.9571 0.2049
vn -0.5500 0.8152 0.1819
vn -0.1818 0.8151 0.5500
vn -0.4931 0.7167 0.4931
vn -0.9571 0.2049 0.2050
vn -0.8151 0.1818 0.5500
vn -0.8152 0.5500 0.1818
vn -0.7167 0.4931 0.4931
vn -0.2049 -0.9571 -0.2049
vn -0.5500 -0.8152 -0.1819
vn -0.1818 -0.8151 -0.5500
vn -0.4931 -0.7167 -0.4931
vn -0.9571 -0.2049 -0.2050
vn -0.8151 -0.1818 -0.5500
vn -0.8152 -0.5500 -0.1818
vn -0.7167 -0.4931 -0.4931
vn -0.2049 -0.2049 -0.9571
vn -0.1818 -0.5500 -0.8152
vn -0.5499 -0.1818 -0.8152
vn -0.4932 -0.4931 -0.7167
vn -0.2049 0.9571 -0.2049
vn -0.1818 0.8152 -0.5500
vn -0.5500 0.8152 -0.1819
vn -0.4931 0.7167 -0.4931
vn -0.2049 0.2049 -0.9571
vn -0.5500 0.1818 -0.8152
vn -0.1818 0.5500 -0.8151
vn -0.4932 0.4931 -0.7167
vn -0.9571 0.2049 -0.2050
vn -0.8152 0.5500 -0.1818
vn -0.8151 0.1818 -0.5500
vn -0.7167 0.4931 -0.4932
vn 0.2049 -0.9571 0.2049
vn 0.5500 -0.8152 0.1819
vn 0.1818 -0.8151 0.5500
vn 0.4931 -0.7167 0.4931
vn 0.9571 -0.2049 0.2050
vn 0.8151 -0.1818 0.5500
vn 0.8152 -0.5500 0.1818
vn 0.7167 -0.4931 0.4931
vn 0.2049 -0.2049 0.9571
vn 0.1818 -0.5500 0.8152
vn 0.5499 -0.1818 0.8152
vn 0.4932 -0.4931 0.7167
vn 0.2049 0.9571 0.2049
vn 0.1818 0.8152 0.5500
vn 0.5500 0.8152 0.1819
vn 0.4931 0.7167 0.4931
vn 0.2049 0.2049 0.9571
vn 0.5500 0.1818 0.8152
vn 0.1818 0.5500 0.8151
vn 0.4932 0.4931 0.7167
vn 0.9571 0.2049 0.2050
vn 0.8152 0.5500 0.1818
vn 0.8151 0.1818 0.5500
vn 0.7167 0.4931 0.4932
vn 0.2049 -0.9571 -0.2049
vn 0.1818 -0.8152 -0.5500
vn 0.5500 -0.8152 -0.1819
vn 0.4931 -0.7167 -0.4931
vn 0.2049 -0.2049 -0.9571
vn 0.5500 -0.1818 -0.8152
vn 0.1818 -0.5500 -0.8151
vn 0.4932 -0.4931 -0.7167
vn 0.9571 -0.2049 -0.2050
vn 0.8152 -0.5500 -0.1818
vn 0.8151 -0.1818 -0.5500
vn 0.7167 -0.4931 -0.4932
vn 0.2049 0.9571 -0.2049
vn 0.5500 0.8152 -0.1819
vn 0.1818 0.8151 -0.5500
vn 0.4931 0.7167 -0.4931
vn 0.9571 0.2049 -0.2050
vn 0.8151 0.1818 -0.5500
vn 0.8152 0.5500 -0.1818
vn 0.7167 0.4931 -0.4931
vn 0.2049 0.2049 -0.9571
vn 0.1818 0.5500 -0.8152
vn 0.5499 0.1818 -0.8152
vn 0.4932 0.4931 -0.7167
vn -0.1951 -0.9808 -0.0000
vn -0.5556 -0.8315 -0.0000
vn -0.8315 -0.5556 -0.0000
vn -0.9808 -0.1951 -0.0000
vn -0.1951 -0.0000 0.9808
vn -0.5556 -0.0000 0.8315
vn -0.8315 -0.0000 0.5556
vn -0.9808 -0.0000 0.1950
vn -0.1951 0.9808 -0.0000
vn -0.5556 0.8315 -0.0000
vn -0.8315 0.5556 -0.0000
vn -0.9808 0.1951 -0.0000
vn -0.1951 -0.0000 -0.9808
vn -0.5556 -0.0000 -0.8315
vn -0.8315 -0.0000 -0.5556
vn -0.9808 -0.0000 -0.1950
vn -0.0000 -0.9808 -0.1951
vn -0.0000 -0.8315 -0.5556
vn -0.0000 -0.5556 -0.8315
vn -0.0000 -0.1951 -0.9808
vn -0.0000 0.9808 -0.1951
vn -0.0000 0.8315 -0.5556
vn -0.0000 0.5556 -0.8315
vn -0.0000 0.1951 -0.9808
vn 0.9808 -0.0000 -0.1950
vn 0.8315 -0.0000 -0.5556
vn 0.5556 -0.0000 -0.8315
vn 0.1951 -0.0000 -0.9808
vn 0.1951 -0.9808 -0.0000
vn 0.5556 -0.8315 -0.0000
vn 0.8315 -0.5556 -0.0000
vn 0.9808 -0.1951 -0.0000
vn 0.1951 0.9808 -0.0000
vn 0.5556 0.8315 -0.0000
vn 0.8315 0.5556 -0.0000
vn 0.9808 0.1951 -0.0000
vn 0.1951 -0.0000 0.9808
vn 0.5556 -0.0000 0.8315
vn 0.8315 -0.0000 0.5556
vn 0.9808 -0.0000 0.1950
vn -0.0000 -0.9808 0.1951
vn -0.0000 -0.8315 0.5556
vn -0.0000 -0.5556 0.8315
vn -0.0000 -0.1951 0.9808
vn -0.0000 0.9808 0.1951
vn -0.0000 0.8315 0.5556
vn -0.0000 0.5556 0.8315
vn -0.0000 0.1951 0.9808
vn -0.0000 -1.0000 -0.0000
vn -1.0000 -0.0000 -0.0000
vn -0.0000 -0.0000 1.0000
vn -0.0000 1.0000 -0.0000
vn -0.0000 -0.0000 -1.0000
vn 1.0000 -0.0000 -0.0000
vt 0.125500 0.749500
vt 0.125500 0.749691
vt 0.125304 0.749696
vt 0.125309 0.749500
vt 0.125500 0.750000
vt 0.125314 0.750000
vt 0.125000 0.749686
vt 0.125000 0.749500
vt 0.125211 0.750000
vt 0.400000 0.999500
vt 0.400000 0.999691
vt 0.390193 0.999696
vt 0.390433 0.999500
vt 0.400000 1.000000
vt 0.390691 1.000000
vt 0.375000 0.999686
vt 0.375000 0.999500
vt 0.385566 1.000000
vt 0.400000 0.000500
vt 0.390433 0.000500
vt 0.390193 0.000304
vt 0.400000 0.000309
vt 0.375000 0.000500
vt 0.375000 0.000314
vt 0.390691 0.000000
vt 0.400000 0.000000
vt 0.375000 0.000211
vt 0.600000 0.999500
vt 0.609567 0.999500
vt 0.609807 0.999696
vt 0.600000 0.999691
vt 0.625000 0.999500
vt 0.625000 0.999686
vt 0.609309 1.000000
vt 0.600000 1.000000
vt 0.625000 0.999789
vt 0.874500 0.749500
vt 0.874691 0.749500
vt 0.874696 0.749696
vt 0.874500 0.749691
vt 0.875000 0.749500
vt 0.875000 0.749686
vt 0.874686 0.750000
vt 0.874500 0.750000
vt 0.875000 0.749789
vt 0.600000 0.000500
vt 0.600000 0.000309
vt 0.609807 0.000304
vt 0.609567 0.000500
vt 0.600000 0.000000
vt 0.609309 0.000000
vt 0.625000 0.000314
vt 0.625000 0.000500
vt 0.614434 0.000000
vt 0.125500 0.500500
vt 0.125309 0.500500
vt 0.125304 0.500304
vt 0.125500 0.500309
vt 0.125000 0.500500
vt 0.125000 0.500314
vt 0.125314 0.500000
vt 0.125500 0.500000
vt 0.125000 0.500211
vt 0.400000 0.249500
vt 0.400000 0.249691
vt 0.390193 0.249696
vt 0.390433 0.249500
vt 0.400000 0.250000
vt 0.390691 0.250000
vt 0.375000 0.249686
vt 0.375000 0.249500
vt 0.380283 0.250106
vt 0.400000 0.250500
vt 0.390433 0.250500
vt 0.390193 0.250304
vt 0.400000 0.250309
vt 0.375000 0.250500
vt 0.375000 0.250314
vt 0.874500 0.500500
vt 0.874500 0.500309
vt 0.874696 0.500304
vt 0.874691 0.500500
vt 0.874500 0.500000
vt 0.874686 0.500000
vt 0.875000 0.500314
vt 0.875000 0.500500
vt 0.874789 0.500000
vt 0.600000 0.250500
vt 0.600000 0.250309
vt 0.609807 0.250304
vt 0.609567 0.250500
vt 0.600000 0.250000
vt 0.609309 0.250000
vt 0.625000 0.250314
vt 0.625000 0.250500
vt 0.619717 0.249894
vt 0.600000 0.249500
vt 0.609567 0.249500
vt 0.609807 0.249696
vt 0.600000 0.249691
vt 0.625000 0.249500
vt 0.625000 0.249686
vt 0.374500 0.749500
vt 0.374691 0.749500
vt 0.374696 0.749696
vt 0.374500 0.749691
vt 0.375000 0.749500
vt 0.375000 0.749686
vt 0.374843 0.750157
vt 0.374750 0.750250
vt 0.378522 0.750000
vt 0.400000 0.749500
vt 0.400000 0.749691
vt 0.390193 0.749696
vt 0.390433 0.749500
vt 0.400000 0.750000
vt 0.390691 0.750000
vt 0.400000 0.750500
vt 0.390433 0.750500
vt 0.390193 0.750304
vt 0.400000 0.750309
vt 0.625500 0.749500
vt 0.625500 0.749691
vt 0.625304 0.749696
vt 0.625309 0.749500
vt 0.625250 0.750250
vt 0.625157 0.750157
vt 0.625000 0.749686
vt 0.625000 0.749500
vt 0.621548 0.749930
vt 0.600000 0.750500
vt 0.600000 0.750309
vt 0.609807 0.750304
vt 0.609567 0.750500
vt 0.600000 0.750000
vt 0.609309 0.750000
vt 0.600000 0.749500
vt 0.609567 0.749500
vt 0.609807 0.749696
vt 0.600000 0.749691
vt 0.374500 0.500500
vt 0.374500 0.500309
vt 0.374696 0.500304
vt 0.374691 0.500500
vt 0.374750 0.499750
vt 0.374843 0.499843
vt 0.375000 0.500314
vt 0.375000 0.500500
vt 0.378452 0.500070
vt 0.400000 0.499500
vt 0.400000 0.499691
vt 0.390193 0.499696
vt 0.390433 0.499500
vt 0.400000 0.500000
vt 0.390691 0.500000
vt 0.400000 0.500500
vt 0.390433 0.500500
vt 0.390193 0.500304
vt 0.400000 0.500309
vt 0.625500 0.500500
vt 0.625309 0.500500
vt 0.625304 0.500304
vt 0.625500 0.500309
vt 0.625000 0.500500
vt 0.625000 0.500314
vt 0.625157 0.499843
vt 0.625250 0.499750
vt 0.621478 0.500000
vt 0.600000 0.500500
vt 0.600000 0.500309
vt 0.609807 0.500304
vt 0.609567 0.500500
vt 0.600000 0.500000
vt 0.609309 0.500000
vt 0.600000 0.499500
vt 0.609567 0.499500
vt 0.609807 0.499696
vt 0.600000 0.499691
s 0
usemtl Rubber
f 6657/8291/6307 6660/8292/6307 6663/8293/6307 6662/8294/6307
f 6660/8292/6308 6661/8295/6308 6664/8296/6308 6663/8293/6308
f 6662/8294/6309 6663/8293/6309 6675/8297/6309 6672/8298/6309
f 6663/8293/6310 6664/8296/6310 6665/8299/6310 6675/8297/6310
f 6658/8300/6311 6666/8301/6311 6669/8302/6311 6668/8303/6311
f 6666/8301/6312 6667/8304/6312 6670/8305/6312 6669/8302/6312
f 6668/8303/6313 6669/8302/6313 6664/8306/6313 6661/8307/6313
f 6669/8302/6314 6670/8305/6314 6665/8308/6314 6664/8306/6314
f 6659/8309/6315 6671/8310/6315 6674/8311/6315 6673/8312/6315
f 6671/8310/6316 6672/8313/6316 6675/8314/6316 6674/8311/6316
f 6673/8312/6317 6674/8311/6317 6670/8315/6317 6667/8316/6317
f 6674/8311/6318 6675/8314/6318 6665/8317/6318 6670/8315/6318
f 6676/8318/6319 6679/8319/6319 6682/8320/6319 6681/8321/6319
f 6679/8319/6320 6680/8322/6320 6683/8323/6320 6682/8320/6320
f 6681/8321/6321 6682/8320/6321 6694/8324/6321 6691/8325/6321
f 6682/8320/6322 6683/8323/6322 6684/8326/6322 6694/8324/6322
f 6677/8327/6323 6685/8328/6323 6688/8329/6323 6687/8330/6323
f 6685/8328/6324 6686/8331/6324 6689/8332/6324 6688/8329/6324
f 6687/8330/6325 6688/8329/6325 6683/8333/6325 6680/8334/6325
f 6688/8329/6326 6689/8332/6326 6684/8335/6326 6683/8333/6326
f 6678/8336/6327 6690/8337/6327 6693/8338/6327 6692/8339/6327
f 6690/8337/6328 6691/8340/6328 6694/8341/6328 6693/8338/6328
f 6692/8339/6329 6693/8338/6329 6689/8342/6329 6686/8343/6329
f 6693/8338/6330 6694/8341/6330 6684/8344/6330 6689/8342/6330
f 6695/8345/6331 6698/8346/6331 6701/8347/6331 6700/8348/6331
f 6698/8346/6332 6699/8349/6332 6702/8350/6332 6701/8347/6332
f 6700/8348/6333 6701/8347/6333 6713/8351/6333 6710/8352/6333
f 6701/8347/6334 6702/8350/6334 6703/8353/6334 6713/8351/6334
f 6696/8354/6335 6704/8355/6335 6707/8356/6335 6706/8357/6335
f 6704/8355/6336 6705/8358/6336 6708/8359/6336 6707/8356/6336
f 6706/8357/6337 6707/8356/6337 6702/8360/6337 6699/8361/6337
f 6707/8356/6338 6708/8359/6338 6703/8362/6338 6702/8360/6338
f 6697/8363/6339 6709/8364/6339 6712/8365/6339 6711/8366/6339
f 6709/8364/6340 6710/8367/6340 6713/8368/6340 6712/8365/6340
f 6711/8366/6341 6712/8365/6341 6708/8359/6341 6705/8358/6341
f 6712/8365/6342 6713/8368/6342 6703/8362/6342 6708/8359/6342
f 6714/8369/6343 6717/8370/6343 6720/8371/6343 6719/8372/6343
f 6717/8370/6344 6718/8373/6344 6721/8374/6344 6720/8371/6344
f 6719/8372/6345 6720/8371/6345 6732/8375/6345 6729/8376/6345
f 6720/8371/6346 6721/8374/6346 6722/8377/6346 6732/8375/6346
f 6715/8378/6347 6723/8379/6347 6726/8380/6347 6725/8381/6347
f 6723/8379/6348 6724/8382/6348 6727/8383/6348 6726/8380/6348
f 6725/8381/6349 6726/8380/6349 6721/8384/6349 6718/8385/6349
f 6726/8380/6350 6727/8383/6350 6722/8386/6350 6721/8384/6350
f 6716/8387/6351 6728/8388/6351 6731/8389/6351 6730/8390/6351
f 6728/8388/6352 6729/8391/6352 6732/8392/6352 6731/8389/6352
f 6730/8390/6353 6731/8389/6353 6727/8383/6353 6724/8382/6353
f 6731/8389/6354 6732/8392/6354 6722/8386/6354 6727/8383/6354
f 6733/8393/6355 6736/8394/6355 6739/8395/6355 6738/8396/6355
f 6736/8394/6356 6737/8397/6356 6740/8398/6356 6739/8395/6356
f 6738/8396/6357 6739/8395/6357 6751/8399/6357 6748/8400/6357
f 6739/8395/6358 6740/8398/6358 6741/8401/6358 6751/8399/6358
f 6734/8402/6359 6742/8403/6359 6745/8404/6359 6744/8405/6359
f 6742/8403/6360 6743/8406/6360 6746/8407/6360 6745/8404/6360
f 6744/8405/6361 6745/8404/6361 6740/8398/6361 6737/8397/6361
f 6745/8404/6362 6746/8407/6362 6741/8401/6362 6740/8398/6362
f 6735/8408/6363 6747/8409/6363 6750/8410/6363 6749/8411/6363
f 6747/8409/6364 6748/8400/6364 6751/8399/6364 6750/8410/6364
f 6749/8411/6365 6750/8410/6365 6746/8407/6365 6743/8406/6365
f 6750/8410/6366 6751/8399/6366 6741/8401/6366 6746/8407/6366
f 6752/8412/6367 6755/8413/6367 6758/8414/6367 6757/8415/6367
f 6755/8413/6368 6756/8416/6368 6759/8417/6368 6758/8414/6368
f 6757/8415/6369 6758/8414/6369 6770/8418/6369 6767/8419/6369
f 6758/8414/6370 6759/8417/6370 6760/8420/6370 6770/8418/6370
f 6753/8421/6371 6761/8422/6371 6764/8423/6371 6763/8424/6371
f 6761/8422/6372 6762/8425/6372 6765/8426/6372 6764/8423/6372
f 6763/8424/6373 6764/8423/6373 6759/8417/6373 6756/8416/6373
f 6764/8423/6374 6765/8426/6374 6760/8420/6374 6759/8417/6374
f 6754/8427/6375 6766/8428/6375 6769/8429/6375 6768/8430/6375
f 6766/8428/6376 6767/8419/6376 6770/8418/6376 6769/8429/6376
f 6768/8430/6377 6769/8429/6377 6765/8426/6377 6762/8425/6377
f 6769/8429/6378 6770/8418/6378 6760/8420/6378 6765/8426/6378
f 6771/8431/6379 6774/8432/6379 6777/8433/6379 6776/8434/6379
f 6774/8432/6380 6775/8435/6380 6778/8436/6380 6777/8433/6380
f 6776/8434/6381 6777/8433/6381 6789/8437/6381 6786/8438/6381
f 6777/8433/6382 6778/8436/6382 6779/8439/6382 6789/8437/6382
f 6772/8440/6383 6780/8441/6383 6783/8442/6383 6782/8443/6383
f 6780/8441/6384 6781/8444/6384 6784/8445/6384 6783/8442/6384
f 6782/8443/6385 6783/8442/6385 6778/8436/6385 6775/8435/6385
f 6783/8442/6386 6784/8445/6386 6779/8439/6386 6778/8436/6386
f 6773/8446/6387 6785/8447/6387 6788/8448/6387 6787/8449/6387
f 6785/8447/6388 6786/8438/6388 6789/8437/6388 6788/8448/6388
f 6787/8449/6389 6788/8448/6389 6784/8445/6389 6781/8444/6389
f 6788/8448/6390 6789/8437/6390 6779/8439/6390 6784/8445/6390
f 6790/8450/6391 6793/8451/6391 6796/8452/6391 6795/8453/6391
f 6793/8451/6392 6794/8454/6392 6797/8455/6392 6796/8452/6392
f 6795/8453/6393 6796/8452/6393 6808/8456/6393 6805/8457/6393
f 6796/8452/6394 6797/8455/6394 6798/8458/6394 6808/8456/6394
f 6791/8459/6395 6799/8460/6395 6802/8461/6395 6801/8462/6395
f 6799/8460/6396 6800/8463/6396 6803/8464/6396 6802/8461/6396
f 6801/8462/6397 6802/8461/6397 6797/8455/6397 6794/8454/6397
f 6802/8461/6398 6803/8464/6398 6798/8458/6398 6797/8455/6398
f 6792/8465/6399 6804/8466/6399 6807/8467/6399 6806/8468/6399
f 6804/8466/6400 6805/8457/6400 6808/8456/6400 6807/8467/6400
f 6806/8468/6401 6807/8467/6401 6803/8464/6401 6800/8463/6401
f 6807/8467/6402 6808/8456/6402 6798/8458/6402 6803/8464/6402
f 6695/8345/6403 6657/8291/6403 6662/8294/6403 6698/8346/6403
f 6698/8346/6404 6662/8294/6404 6672/8298/6404 6699/8349/6404
f 6699/8361/6405 6672/8313/6405 6671/8310/6405 6706/8357/6405
f 6706/8357/6406 6671/8310/6406 6659/8309/6406 6696/8354/6406
f 6658/8300/6407 6676/8318/6407 6681/8321/6407 6666/8301/6407
f 6666/8301/6408 6681/8321/6408 6691/8325/6408 6667/8304/6408
f 6667/8316/6409 6691/8340/6409 6690/8337/6409 6673/8312/6409
f 6673/8312/6410 6690/8337/6410 6678/8336/6410 6659/8309/6410
f 6677/8327/6411 6714/8369/6411 6719/8372/6411 6685/8328/6411
f 6685/8328/6412 6719/8372/6412 6729/8376/6412 6686/8331/6412
f 6686/8343/6413 6729/8391/6413 6728/8388/6413 6692/8339/6413
f 6692/8339/6414 6728/8388/6414 6716/8387/6414 6678/8336/6414
f 6715/8378/6415 6697/8363/6415 6711/8366/6415 6723/8379/6415
f 6723/8379/6416 6711/8366/6416 6705/8358/6416 6724/8382/6416
f 6724/8382/6417 6705/8358/6417 6704/8355/6417 6730/8390/6417
f 6730/8390/6418 6704/8355/6418 6696/8354/6418 6716/8387/6418
f 6771/8431/6419 6695/8345/6419 6700/8348/6419 6774/8432/6419
f 6774/8432/6420 6700/8348/6420 6710/8352/6420 6775/8435/6420
f 6775/8435/6421 6710/8367/6421 6709/8364/6421 6782/8443/6421
f 6782/8443/6422 6709/8364/6422 6697/8363/6422 6772/8440/6422
f 6714/8369/6423 6790/8450/6423 6795/8453/6423 6717/8370/6423
f 6717/8370/6424 6795/8453/6424 6805/8457/6424 6718/8373/6424
f 6718/8385/6425 6805/8457/6425 6804/8466/6425 6725/8381/6425
f 6725/8381/6426 6804/8466/6426 6792/8465/6426 6715/8378/6426
f 6791/8459/6427 6773/8446/6427 6787/8449/6427 6799/8460/6427
f 6799/8460/6428 6787/8449/6428 6781/8444/6428 6800/8463/6428
f 6800/8463/6429 6781/8444/6429 6780/8441/6429 6806/8468/6429
f 6806/8468/6430 6780/8441/6430 6772/8440/6430 6792/8465/6430
f 6733/8393/6431 6771/8431/6431 6776/8434/6431 6736/8394/6431
f 6736/8394/6432 6776/8434/6432 6786/8438/6432 6737/8397/6432
f 6737/8397/6433 6786/8438/6433 6785/8447/6433 6744/8405/6433
f 6744/8405/6434 6785/8447/6434 6773/8446/6434 6734/8402/6434
f 6790/8450/6435 6752/8412/6435 6757/8415/6435 6793/8451/6435
f 6793/8451/6436 6757/8415/6436 6767/8419/6436 6794/8454/6436
f 6794/8454/6437 6767/8419/6437 6766/8428/6437 6801/8462/6437
f 6801/8462/6438 6766/8428/6438 6754/8427/6438 6791/8459/6438
f 6753/8421/6439 6735/8408/6439 6749/8411/6439 6761/8422/6439
f 6761/8422/6440 6749/8411/6440 6743/8406/6440 6762/8425/6440
f 6762/8425/6441 6743/8406/6441 6742/8403/6441 6768/8430/6441
f 6768/8430/6442 6742/8403/6442 6734/8402/6442 6754/8427/6442
f 6657/8291/6443 6733/8393/6443 6738/8396/6443 6660/8292/6443
f 6660/8292/6444 6738/8396/6444 6748/8400/6444 6661/8295/6444
f 6661/8307/6445 6748/8400/6445 6747/8409/6445 6668/8303/6445
f 6668/8303/6446 6747/8409/6446 6735/8408/6446 6658/8300/6446
f 6752/8412/6447 6677/8327/6447 6687/8330/6447 6755/8413/6447
f 6755/8413/6448 6687/8330/6448 6680/8334/6448 6756/8416/6448
f 6756/8416/6449 6680/8322/6449 6679/8319/6449 6763/8424/6449
f 6763/8424/6450 6679/8319/6450 6676/8318/6450 6753/8421/6450
f 6695/8345/6451 6771/8431/6451 6733/8393/6451 6657/8291/6451
f 6659/8309/6452 6678/8336/6452 6716/8387/6452 6696/8354/6452
f 6735/8408/6453 6753/8421/6453 6676/8318/6453 6658/8300/6453
f 6790/8450/6454 6714/8369/6454 6677/8327/6454 6752/8412/6454
f 6697/8363/6455 6715/8378/6455 6792/8465/6455 6772/8440/6455
f 6773/8446/6456 6791/8459/6456 6754/8427/6456 6734/8402/6456
